Date,Low,Open,Volume,High,Close,Adjusted Close
17-03-1980,0.10535000264644623,0.0,11391,0.10535000264644623,0.10535000264644623,0.0092522157356143
18-03-1980,0.09876500070095062,0.0,28477,0.10096000134944916,0.09876500070095062,0.008673902601003647
19-03-1980,0.10096000134944916,0.0,96820,0.10973899811506271,0.10973899811506271,0.009637679904699326
20-03-1980,0.10754500329494476,0.0,17086,0.10754500329494476,0.10754500329494476,0.00944499857723713
21-03-1980,0.10535000264644623,0.0,5695,0.10535000264644623,0.10535000264644623,0.0092522157356143
24-03-1980,0.10096000134944916,0.0,45563,0.10315500199794769,0.10096000134944916,0.00886667799204588
25-03-1980,0.09437599778175354,0.0,68344,0.09876500070095062,0.09437599778175354,0.008288455195724964
26-03-1980,0.092180997133255,0.0,5695,0.092180997133255,0.092180997133255,0.00809567328542471
27-03-1980,0.07901199907064438,0.0,74039,0.08998599648475647,0.07901199907064438,0.006939121522009373
28-03-1980,0.08340200036764145,0.0,130992,0.08559700101613998,0.08559700101613998,0.007517445366829634
31-03-1980,0.08340200036764145,0.0,153773,0.08779100328683853,0.08779100328683853,0.007710128556936979
01-04-1980,0.08779100328683853,0.08779100328683853,0,0.08779100328683853,0.08779100328683853,0.007710128556936979
02-04-1980,0.092180997133255,0.0,11391,0.092180997133255,0.092180997133255,0.00809567328542471
03-04-1980,0.08998599648475647,0.0,34172,0.092180997133255,0.092180997133255,0.00809567328542471
07-04-1980,0.092180997133255,0.092180997133255,0,0.092180997133255,0.092180997133255,0.00809567328542471
08-04-1980,0.08998599648475647,0.0,5695,0.08998599648475647,0.08998599648475647,0.007902898825705051
09-04-1980,0.08998599648475647,0.0,5695,0.08998599648475647,0.08998599648475647,0.007902898825705051
10-04-1980,0.092180997133255,0.0,68344,0.09657099843025208,0.09657099843025208,0.0084812231361866
11-04-1980,0.09876500070095062,0.0,28477,0.10096000134944916,0.09876500070095062,0.008673902601003647
14-04-1980,0.09657099843025208,0.0,56953,0.10096000134944916,0.09657099843025208,0.0084812231361866
15-04-1980,0.09437599778175354,0.0,113906,0.09876500070095062,0.09437599778175354,0.008288455195724964
16-04-1980,0.08998599648475647,0.0,5695,0.08998599648475647,0.08998599648475647,0.007902898825705051
17-04-1980,0.08779100328683853,0.0,68344,0.08998599648475647,0.08779100328683853,0.007710128556936979
18-04-1980,0.08779100328683853,0.0,56953,0.092180997133255,0.092180997133255,0.00809567328542471
21-04-1980,0.092180997133255,0.0,62648,0.09657099843025208,0.092180997133255,0.00809567328542471
22-04-1980,0.08998599648475647,0.0,392977,0.10535000264644623,0.10535000264644623,0.0092522157356143
23-04-1980,0.10754500329494476,0.0,51258,0.11193399876356125,0.11193399876356125,0.00983044970780611
24-04-1980,0.11193399876356125,0.0,239203,0.11851900070905685,0.11851900070905685,0.01040877029299736
25-04-1980,0.11412899941205978,0.0,79734,0.11632400006055832,0.11412899941205978,0.010023223236203194
28-04-1980,0.11412899941205978,0.0,91125,0.12290800362825394,0.12290800362825394,0.010794232599437237
29-04-1980,0.11632400006055832,0.0,62648,0.11851900070905685,0.11632400006055832,0.010215998627245426
30-04-1980,0.11193399876356125,0.0,45563,0.11632400006055832,0.11193399876356125,0.00983044970780611
01-05-1980,0.11193399876356125,0.0,56953,0.11193399876356125,0.11193399876356125,0.00983044970780611
02-05-1980,0.10754500329494476,0.0,68344,0.10973899811506271,0.10973899811506271,0.009637679904699326
05-05-1980,0.10973899811506271,0.0,28477,0.11412899941205978,0.11412899941205978,0.010023223236203194
06-05-1980,0.11412899941205978,0.0,108211,0.11851900070905685,0.11412899941205978,0.010023223236203194
07-05-1980,0.11412899941205978,0.0,17086,0.11632400006055832,0.11412899941205978,0.010023223236203194
08-05-1980,0.11193399876356125,0.0,28477,0.11193399876356125,0.11193399876356125,0.00983044970780611
09-05-1980,0.11193399876356125,0.0,5695,0.11193399876356125,0.11193399876356125,0.00983044970780611
12-05-1980,0.11412899941205978,0.0,17086,0.11632400006055832,0.11632400006055832,0.010215998627245426
13-05-1980,0.11412899941205978,0.0,5695,0.11412899941205978,0.11412899941205978,0.010023223236203194
14-05-1980,0.11412899941205978,0.0,22781,0.11632400006055832,0.11412899941205978,0.010023223236203194
15-05-1980,0.11412899941205978,0.11412899941205978,0,0.11412899941205978,0.11412899941205978,0.010023223236203194
16-05-1980,0.11412899941205978,0.0,17086,0.11412899941205978,0.11412899941205978,0.010023223236203194
19-05-1980,0.11193399876356125,0.0,17086,0.11412899941205978,0.11412899941205978,0.010023223236203194
20-05-1980,0.11412899941205978,0.0,39867,0.11632400006055832,0.11632400006055832,0.010215998627245426
21-05-1980,0.11632400006055832,0.11632400006055832,0,0.11632400006055832,0.11632400006055832,0.010215998627245426
22-05-1980,0.10973899811506271,0.0,74039,0.11412899941205978,0.11412899941205978,0.010023223236203194
23-05-1980,0.11193399876356125,0.0,5695,0.11193399876356125,0.11193399876356125,0.00983044970780611
27-05-1980,0.11412899941205978,0.0,108211,0.11632400006055832,0.11632400006055832,0.010215998627245426
28-05-1980,0.11193399876356125,0.0,34172,0.11412899941205978,0.11412899941205978,0.010023223236203194
29-05-1980,0.11193399876356125,0.0,113906,0.1207130029797554,0.1207130029797554,0.010601460933685303
30-05-1980,0.11412899941205978,0.0,51258,0.11632400006055832,0.11632400006055832,0.010215998627245426
02-06-1980,0.11412899941205978,0.0,39867,0.11632400006055832,0.11412899941205978,0.010023223236203194
03-06-1980,0.11412899941205978,0.0,28477,0.11412899941205978,0.11412899941205978,0.010023223236203194
04-06-1980,0.11412899941205978,0.0,159469,0.11851900070905685,0.11851900070905685,0.01040877029299736
05-06-1980,0.1207130029797554,0.0,467016,0.12510299682617188,0.12290800362825394,0.010794232599437237
06-06-1980,0.1207130029797554,0.0,11391,0.1207130029797554,0.1207130029797554,0.010601460933685303
09-06-1980,0.12290800362825394,0.0,85430,0.12290800362825394,0.12290800362825394,0.010794232599437237
10-06-1980,0.11851900070905685,0.0,51258,0.1207130029797554,0.11851900070905685,0.01040877029299736
11-06-1980,0.11412899941205978,0.0,17086,0.11632400006055832,0.11412899941205978,0.010023223236203194
12-06-1980,0.11412899941205978,0.0,85430,0.11632400006055832,0.11632400006055832,0.010215998627245426
13-06-1980,0.11193399876356125,0.0,68344,0.11412899941205978,0.11193399876356125,0.00983044970780611
16-06-1980,0.11193399876356125,0.11193399876356125,0,0.11193399876356125,0.11193399876356125,0.00983044970780611
17-06-1980,0.11193399876356125,0.0,28477,0.11193399876356125,0.11193399876356125,0.00983044970780611
18-06-1980,0.11193399876356125,0.0,74039,0.11412899941205978,0.11412899941205978,0.010023223236203194
19-06-1980,0.10973899811506271,0.0,51258,0.10973899811506271,0.10973899811506271,0.009637679904699326
20-06-1980,0.11193399876356125,0.0,11391,0.11193399876356125,0.11193399876356125,0.00983044970780611
23-06-1980,0.11193399876356125,0.0,56953,0.11193399876356125,0.11193399876356125,0.00983044970780611
24-06-1980,0.10973899811506271,0.0,62648,0.11193399876356125,0.11193399876356125,0.00983044970780611
25-06-1980,0.10535000264644623,0.0,28477,0.10973899811506271,0.10973899811506271,0.009637679904699326
26-06-1980,0.11412899941205978,0.0,284766,0.11851900070905685,0.11412899941205978,0.010023223236203194
27-06-1980,0.10973899811506271,0.0,39867,0.11193399876356125,0.10973899811506271,0.009637679904699326
30-06-1980,0.10973899811506271,0.0,68344,0.11193399876356125,0.10973899811506271,0.009637679904699326
01-07-1980,0.10973899811506271,0.10973899811506271,0,0.10973899811506271,0.10973899811506271,0.009637679904699326
02-07-1980,0.10973899811506271,0.10973899811506271,0,0.10973899811506271,0.10973899811506271,0.009637679904699326
03-07-1980,0.10973899811506271,0.0,91125,0.11412899941205978,0.11412899941205978,0.010023223236203194
07-07-1980,0.11412899941205978,0.0,91125,0.11632400006055832,0.11412899941205978,0.010023223236203194
08-07-1980,0.11193399876356125,0.0,56953,0.11412899941205978,0.11193399876356125,0.00983044970780611
09-07-1980,0.11412899941205978,0.0,239203,0.1272979974746704,0.12290800362825394,0.010794232599437237
10-07-1980,0.1272979974746704,0.0,313242,0.14046600461006165,0.1382720023393631,0.012143554165959358
11-07-1980,0.13388200104236603,0.0,142383,0.13607700169086456,0.13388200104236603,0.011758008040487766
14-07-1980,0.1382720023393631,0.0,387281,0.14485600590705872,0.14266100525856018,0.012529010884463787
15-07-1980,0.13607700169086456,0.0,250594,0.14705100655555725,0.1382720023393631,0.012143554165959358
16-07-1980,0.13388200104236603,0.0,102516,0.14046600461006165,0.1382720023393631,0.012143554165959358
17-07-1980,0.1382720023393631,0.0,74039,0.14046600461006165,0.1382720023393631,0.012143554165959358
18-07-1980,0.13607700169086456,0.0,85430,0.14046600461006165,0.13607700169086456,0.0119507797062397
21-07-1980,0.1316870003938675,0.0,398672,0.14266100525856018,0.14046600461006165,0.012336237356066704
22-07-1980,0.14046600461006165,0.0,216422,0.14485600590705872,0.14046600461006165,0.012336237356066704
23-07-1980,0.1382720023393631,0.0,56953,0.14266100525856018,0.1382720023393631,0.012143554165959358
24-07-1980,0.1382720023393631,0.0,39867,0.14046600461006165,0.14046600461006165,0.012336237356066704
25-07-1980,0.14046600461006165,0.0,68344,0.14046600461006165,0.14046600461006165,0.012336237356066704
28-07-1980,0.1382720023393631,0.0,74039,0.14046600461006165,0.1382720023393631,0.012143554165959358
29-07-1980,0.13607700169086456,0.0,506883,0.14266100525856018,0.13607700169086456,0.0119507797062397
30-07-1980,0.1382720023393631,0.0,68344,0.14046600461006165,0.1382720023393631,0.012143554165959358
31-07-1980,0.14046600461006165,0.0,119602,0.14266100525856018,0.14266100525856018,0.012529010884463787
01-08-1980,0.1382720023393631,0.0,142383,0.14485600590705872,0.14046600461006165,0.012336237356066704
04-08-1980,0.1382720023393631,0.0,125297,0.14485600590705872,0.1382720023393631,0.012143554165959358
05-08-1980,0.1382720023393631,0.0,85430,0.14046600461006165,0.14046600461006165,0.012336237356066704
06-08-1980,0.14266100525856018,0.0,330328,0.1492460072040558,0.14705100655555725,0.012914558872580528
07-08-1980,0.1492460072040558,0.0,518273,0.15802499651908875,0.15802499651908875,0.013878333382308483
08-08-1980,0.1492460072040558,0.0,222117,0.15802499651908875,0.1492460072040558,0.013107326813042164
11-08-1980,0.1492460072040558,0.0,330328,0.15802499651908875,0.15802499651908875,0.013878333382308483
12-08-1980,0.15802499651908875,0.0,660656,0.16899900138378143,0.16241399943828583,0.014263798482716084
13-08-1980,0.16241399943828583,0.16241399943828583,0,0.16241399943828583,0.16241399943828583,0.014263798482716084
14-08-1980,0.16241399943828583,0.16241399943828583,0,0.16241399943828583,0.16241399943828583,0.014263798482716084
15-08-1980,0.16241399943828583,0.16241399943828583,0,0.16241399943828583,0.16241399943828583,0.014263798482716084
18-08-1980,0.15143999457359314,0.0,626484,0.16460900008678436,0.15363499522209167,0.013492786325514317
19-08-1980,0.15363499522209167,0.0,102516,0.15802499651908875,0.1558299958705902,0.013685561716556549
20-08-1980,0.15363499522209167,0.0,153773,0.15802499651908875,0.15802499651908875,0.013878333382308483
21-08-1980,0.15143999457359314,0.0,347414,0.15802499651908875,0.15143999457359314,0.013300016522407532
22-08-1980,0.15363499522209167,0.0,370195,0.15802499651908875,0.15802499651908875,0.013878333382308483
25-08-1980,0.15143999457359314,0.0,153773,0.1558299958705902,0.15143999457359314,0.013300016522407532
26-08-1980,0.15143999457359314,0.0,227813,0.1558299958705902,0.1558299958705902,0.013685561716556549
27-08-1980,0.1492460072040558,0.0,108211,0.15363499522209167,0.15143999457359314,0.013300016522407532
28-08-1980,0.1492460072040558,0.0,119602,0.15363499522209167,0.1492460072040558,0.013107326813042164
29-08-1980,0.15143999457359314,0.0,62648,0.15363499522209167,0.15363499522209167,0.013492786325514317
02-09-1980,0.1492460072040558,0.0,17086,0.15143999457359314,0.1492460072040558,0.013107326813042164
03-09-1980,0.14266100525856018,0.0,170859,0.1492460072040558,0.14485600590705872,0.012721787206828594
04-09-1980,0.14485600590705872,0.0,91125,0.1492460072040558,0.14485600590705872,0.012721787206828594
05-09-1980,0.14485600590705872,0.0,267680,0.1492460072040558,0.1492460072040558,0.013107326813042164
08-09-1980,0.14485600590705872,0.0,227813,0.15143999457359314,0.14485600590705872,0.012721787206828594
09-09-1980,0.1316870003938675,0.0,233508,0.14485600590705872,0.14266100525856018,0.012529010884463787
10-09-1980,0.13388200104236603,0.0,170859,0.14046600461006165,0.13388200104236603,0.011758008040487766
11-09-1980,0.1382720023393631,0.0,216422,0.14705100655555725,0.14705100655555725,0.012914558872580528
12-09-1980,0.14705100655555725,0.0,239203,0.15363499522209167,0.15363499522209167,0.013492786325514317
15-09-1980,0.14705100655555725,0.0,415758,0.15363499522209167,0.1492460072040558,0.013107326813042164
16-09-1980,0.14705100655555725,0.0,296156,0.15143999457359314,0.1492460072040558,0.013107326813042164
17-09-1980,0.14705100655555725,0.0,153773,0.1492460072040558,0.14705100655555725,0.012914558872580528
18-09-1980,0.14485600590705872,0.0,187945,0.14705100655555725,0.14705100655555725,0.012914558872580528
19-09-1980,0.14485600590705872,0.0,210727,0.14705100655555725,0.14485600590705872,0.012721787206828594
22-09-1980,0.14485600590705872,0.0,370195,0.1558299958705902,0.1558299958705902,0.013685561716556549
23-09-1980,0.14705100655555725,0.0,501188,0.1558299958705902,0.1492460072040558,0.013107326813042164
24-09-1980,0.14485600590705872,0.0,136688,0.14705100655555725,0.14485600590705872,0.012721787206828594
25-09-1980,0.1492460072040558,0.0,159469,0.15143999457359314,0.15143999457359314,0.013300016522407532
26-09-1980,0.14046600461006165,0.0,165164,0.1492460072040558,0.14705100655555725,0.012914558872580528
29-09-1980,0.14485600590705872,0.0,142383,0.14485600590705872,0.14485600590705872,0.012721787206828594
30-09-1980,0.14266100525856018,0.0,239203,0.14485600590705872,0.14266100525856018,0.012529010884463787
01-10-1980,0.14046600461006165,0.0,130992,0.14266100525856018,0.14046600461006165,0.012336237356066704
02-10-1980,0.1382720023393631,0.0,113906,0.1492460072040558,0.1492460072040558,0.013107326813042164
03-10-1980,0.1492460072040558,0.0,193641,0.15363499522209167,0.15143999457359314,0.013300016522407532
06-10-1980,0.15143999457359314,0.0,51258,0.15363499522209167,0.15363499522209167,0.013492786325514317
07-10-1980,0.15143999457359314,0.0,51258,0.1558299958705902,0.15143999457359314,0.013300016522407532
08-10-1980,0.15143999457359314,0.0,96820,0.1558299958705902,0.1558299958705902,0.013685561716556549
09-10-1980,0.15363499522209167,0.0,159469,0.1558299958705902,0.15363499522209167,0.013492786325514317
10-10-1980,0.1558299958705902,0.0,34172,0.1558299958705902,0.1558299958705902,0.013685561716556549
13-10-1980,0.15363499522209167,0.0,17086,0.1558299958705902,0.1558299958705902,0.013685561716556549
14-10-1980,0.15363499522209167,0.0,11391,0.15363499522209167,0.15363499522209167,0.013492786325514317
15-10-1980,0.15143999457359314,0.0,187945,0.1558299958705902,0.1558299958705902,0.013685561716556549
16-10-1980,0.1558299958705902,0.0,706219,0.16241399943828583,0.1558299958705902,0.013685561716556549
17-10-1980,0.15143999457359314,0.0,56953,0.1558299958705902,0.1558299958705902,0.013685561716556549
20-10-1980,0.15143999457359314,0.0,216422,0.15802499651908875,0.15802499651908875,0.013878333382308483
21-10-1980,0.15363499522209167,0.0,34172,0.1558299958705902,0.1558299958705902,0.013685561716556549
22-10-1980,0.1492460072040558,0.0,62648,0.15143999457359314,0.1492460072040558,0.013107326813042164
23-10-1980,0.14485600590705872,0.0,301852,0.1492460072040558,0.14485600590705872,0.012721787206828594
24-10-1980,0.14705100655555725,0.0,102516,0.1492460072040558,0.14705100655555725,0.012914558872580528
27-10-1980,0.14705100655555725,0.0,17086,0.1492460072040558,0.1492460072040558,0.013107326813042164
28-10-1980,0.14705100655555725,0.0,279070,0.15143999457359314,0.15143999457359314,0.013300016522407532
29-10-1980,0.15143999457359314,0.0,68344,0.1558299958705902,0.15143999457359314,0.013300016522407532
30-10-1980,0.15363499522209167,0.0,85430,0.1558299958705902,0.15363499522209167,0.013492786325514317
31-10-1980,0.1492460072040558,0.0,91125,0.1558299958705902,0.1492460072040558,0.013107326813042164
03-11-1980,0.1492460072040558,0.1492460072040558,0,0.1492460072040558,0.1492460072040558,0.013107326813042164
05-11-1980,0.1492460072040558,0.0,119602,0.15363499522209167,0.15363499522209167,0.013492786325514317
06-11-1980,0.1492460072040558,0.0,17086,0.1492460072040558,0.1492460072040558,0.013107326813042164
07-11-1980,0.14485600590705872,0.0,108211,0.1492460072040558,0.1492460072040558,0.013107326813042164
10-11-1980,0.14705100655555725,0.0,39867,0.14705100655555725,0.14705100655555725,0.012914558872580528
11-11-1980,0.14705100655555725,0.0,85430,0.15143999457359314,0.1492460072040558,0.013107326813042164
12-11-1980,0.1492460072040558,0.0,210727,0.15143999457359314,0.1492460072040558,0.013107326813042164
13-11-1980,0.15363499522209167,0.0,136688,0.15802499651908875,0.15802499651908875,0.013878333382308483
14-11-1980,0.15363499522209167,0.0,56953,0.1558299958705902,0.15363499522209167,0.013492786325514317
17-11-1980,0.15143999457359314,0.0,85430,0.15363499522209167,0.15363499522209167,0.013492786325514317
18-11-1980,0.15363499522209167,0.0,96820,0.15802499651908875,0.15802499651908875,0.013878333382308483
19-11-1980,0.15363499522209167,0.0,193641,0.15802499651908875,0.1558299958705902,0.013685561716556549
20-11-1980,0.15363499522209167,0.0,79734,0.1558299958705902,0.15363499522209167,0.013492786325514317
21-11-1980,0.15363499522209167,0.0,170859,0.1602189987897873,0.1558299958705902,0.013685561716556549
24-11-1980,0.1602189987897873,0.0,79734,0.16241399943828583,0.1602189987897873,0.014071021229028702
25-11-1980,0.16241399943828583,0.0,125297,0.1668040007352829,0.1668040007352829,0.014649336226284504
26-11-1980,0.16899900138378143,0.0,1224492,0.19314099848270416,0.18436199426651,0.01619134657084942
28-11-1980,0.16241399943828583,0.0,797344,0.17997300624847412,0.17997300624847412,0.015805892646312714
01-12-1980,0.17119300365447998,0.0,205031,0.17997300624847412,0.17119300365447998,0.015034794807434082
02-12-1980,0.17338800430297852,0.0,113906,0.17777800559997559,0.17338800430297852,0.015227564610540867
03-12-1980,0.17119300365447998,0.0,193641,0.17558300495147705,0.17558300495147705,0.0154203400015831
04-12-1980,0.17558300495147705,0.0,108211,0.18216699361801147,0.17997300624847412,0.015805892646312714
05-12-1980,0.17558300495147705,0.0,74039,0.17777800559997559,0.17558300495147705,0.0154203400015831
08-12-1980,0.15802499651908875,0.0,148078,0.17558300495147705,0.15802499651908875,0.013878333382308483
09-12-1980,0.15802499651908875,0.0,290461,0.16241399943828583,0.16241399943828583,0.014263798482716084
10-12-1980,0.16241399943828583,0.0,96820,0.17119300365447998,0.16241399943828583,0.014263798482716084
11-12-1980,0.15363499522209167,0.0,187945,0.15802499651908875,0.15363499522209167,0.013492786325514317
12-12-1980,0.15363499522209167,0.0,74039,0.15802499651908875,0.15802499651908875,0.013878333382308483
15-12-1980,0.1558299958705902,0.0,17086,0.15802499651908875,0.1558299958705902,0.013685561716556549
16-12-1980,0.1558299958705902,0.0,22781,0.1602189987897873,0.1602189987897873,0.014071021229028702
17-12-1980,0.1558299958705902,0.0,34172,0.1602189987897873,0.15802499651908875,0.013878333382308483
18-12-1980,0.15802499651908875,0.0,119602,0.16241399943828583,0.15802499651908875,0.013878333382308483
19-12-1980,0.15802499651908875,0.0,62648,0.16241399943828583,0.1602189987897873,0.014071021229028702
22-12-1980,0.1602189987897873,0.0,267680,0.16241399943828583,0.16241399943828583,0.014263798482716084
23-12-1980,0.16241399943828583,0.0,113906,0.16899900138378143,0.16460900008678436,0.014456561766564846
24-12-1980,0.1668040007352829,0.0,182250,0.17119300365447998,0.17119300365447998,0.015034794807434082
26-12-1980,0.17119300365447998,0.17119300365447998,0,0.17119300365447998,0.17119300365447998,0.015034794807434082
29-12-1980,0.16899900138378143,0.0,5695,0.16899900138378143,0.16899900138378143,0.014842106960713863
30-12-1980,0.16241399943828583,0.0,85430,0.16460900008678436,0.16460900008678436,0.014456561766564846
31-12-1980,0.16460900008678436,0.0,130992,0.17558300495147705,0.17558300495147705,0.0154203400015831
02-01-1981,0.17338800430297852,0.0,5695,0.17338800430297852,0.17338800430297852,0.015227564610540867
05-01-1981,0.1668040007352829,0.0,148078,0.17119300365447998,0.16899900138378143,0.014842106960713863
06-01-1981,0.1668040007352829,0.0,170859,0.17119300365447998,0.17119300365447998,0.015034794807434082
07-01-1981,0.16460900008678436,0.0,375891,0.16899900138378143,0.16899900138378143,0.014842106960713863
08-01-1981,0.16460900008678436,0.0,165164,0.17119300365447998,0.17119300365447998,0.015034794807434082
09-01-1981,0.16460900008678436,0.0,284766,0.16899900138378143,0.16460900008678436,0.014456561766564846
12-01-1981,0.1602189987897873,0.0,45563,0.16241399943828583,0.1602189987897873,0.014071021229028702
13-01-1981,0.16241399943828583,0.0,85430,0.1668040007352829,0.16460900008678436,0.014456561766564846
14-01-1981,0.16241399943828583,0.0,28477,0.16460900008678436,0.16241399943828583,0.014263798482716084
15-01-1981,0.16241399943828583,0.0,34172,0.16241399943828583,0.16241399943828583,0.014263798482716084
16-01-1981,0.16460900008678436,0.0,28477,0.16460900008678436,0.16460900008678436,0.014456561766564846
19-01-1981,0.1668040007352829,0.0,62648,0.16899900138378143,0.1668040007352829,0.014649336226284504
20-01-1981,0.1668040007352829,0.0,11391,0.1668040007352829,0.1668040007352829,0.014649336226284504
21-01-1981,0.1668040007352829,0.1668040007352829,0,0.1668040007352829,0.1668040007352829,0.014649336226284504
22-01-1981,0.1602189987897873,0.0,68344,0.16241399943828583,0.1602189987897873,0.014071021229028702
23-01-1981,0.1558299958705902,0.0,102516,0.15802499651908875,0.15802499651908875,0.013878333382308483
26-01-1981,0.15143999457359314,0.0,79734,0.15363499522209167,0.15363499522209167,0.013492786325514317
27-01-1981,0.15802499651908875,0.0,102516,0.15802499651908875,0.15802499651908875,0.013878333382308483
28-01-1981,0.15802499651908875,0.0,22781,0.15802499651908875,0.15802499651908875,0.013878333382308483
29-01-1981,0.15363499522209167,0.0,56953,0.15363499522209167,0.15363499522209167,0.013492786325514317
30-01-1981,0.1492460072040558,0.0,478406,0.16241399943828583,0.16241399943828583,0.014263798482716084
02-02-1981,0.1558299958705902,0.0,74039,0.15802499651908875,0.1558299958705902,0.013685561716556549
03-02-1981,0.15363499522209167,0.0,5695,0.15363499522209167,0.15363499522209167,0.013492786325514317
04-02-1981,0.15363499522209167,0.0,296156,0.15802499651908875,0.15802499651908875,0.013878333382308483
05-02-1981,0.15363499522209167,0.0,113906,0.1558299958705902,0.15363499522209167,0.013492786325514317
06-02-1981,0.1558299958705902,0.0,358805,0.15802499651908875,0.15802499651908875,0.013878333382308483
09-02-1981,0.15802499651908875,0.15802499651908875,0,0.15802499651908875,0.15802499651908875,0.013878333382308483
10-02-1981,0.16241399943828583,0.0,159469,0.17338800430297852,0.17338800430297852,0.015227564610540867
11-02-1981,0.17119300365447998,0.0,336023,0.18216699361801147,0.17558300495147705,0.0154203400015831
12-02-1981,0.17338800430297852,0.0,11391,0.17338800430297852,0.17338800430297852,0.015227564610540867
13-02-1981,0.17338800430297852,0.0,22781,0.17338800430297852,0.17338800430297852,0.015227564610540867
17-02-1981,0.17777800559997559,0.0,364500,0.18875199556350708,0.18655699491500854,0.01638411544263363
18-02-1981,0.18655699491500854,0.0,68344,0.18875199556350708,0.18655699491500854,0.01638411544263363
19-02-1981,0.17558300495147705,0.0,159469,0.18436199426651,0.18216699361801147,0.01599857583642006
20-02-1981,0.1953359991312027,0.0,899859,0.21728399395942688,0.2128939926624298,0.018697142601013184
23-02-1981,0.20631000399589539,0.0,814430,0.21508899331092834,0.20631000399589539,0.018118903040885925
24-02-1981,0.20192000269889832,0.0,119602,0.20411500334739685,0.20192000269889832,0.01773335598409176
25-02-1981,0.18875199556350708,0.0,239203,0.20411500334739685,0.1953359991312027,0.0171551164239645
26-02-1981,0.19753099977970123,0.0,108211,0.20411500334739685,0.20411500334739685,0.017926130443811417
27-02-1981,0.20411500334739685,0.0,489797,0.22606299817562103,0.2238679975271225,0.01966089941561222
02-03-1981,0.21070000529289246,0.0,301852,0.22167399525642395,0.22167399525642395,0.019468214362859726
03-03-1981,0.21728399395942688,0.0,472711,0.22825799882411957,0.22606299817562103,0.019853681325912476
04-03-1981,0.22167399525642395,0.0,199336,0.22606299817562103,0.22606299817562103,0.019853681325912476
05-03-1981,0.21728399395942688,0.0,318938,0.22606299817562103,0.21947899460792542,0.019275445491075516
06-03-1981,0.21947899460792542,0.0,136688,0.22606299817562103,0.21947899460792542,0.019275445491075516
09-03-1981,0.22167399525642395,0.0,233508,0.22825799882411957,0.22825799882411957,0.020046446472406387
10-03-1981,0.2238679975271225,0.0,142383,0.22825799882411957,0.22606299817562103,0.019853681325912476
11-03-1981,0.22167399525642395,0.0,56953,0.22606299817562103,0.22167399525642395,0.019468214362859726
12-03-1981,0.22167399525642395,0.22167399525642395,0,0.22167399525642395,0.22167399525642395,0.019468214362859726
13-03-1981,0.22167399525642395,0.0,205031,0.22606299817562103,0.2238679975271225,0.01966089941561222
16-03-1981,0.22167399525642395,0.0,239203,0.22825799882411957,0.22825799882411957,0.020046446472406387
17-03-1981,0.2238679975271225,0.0,364500,0.2304529994726181,0.2238679975271225,0.01966089941561222
18-03-1981,0.22167399525642395,0.0,85430,0.23264700174331665,0.23264700174331665,0.020431915298104286
19-03-1981,0.23264700174331665,0.0,176555,0.25020599365234375,0.25020599365234375,0.021974004805088043
20-03-1981,0.24362100660800934,0.0,79734,0.25020599365234375,0.25020599365234375,0.021974004805088043
23-03-1981,0.24581600725650787,0.0,79734,0.25020599365234375,0.24581600725650787,0.021588465198874474
24-03-1981,0.24581600725650787,0.0,45563,0.24801099300384521,0.24801099300384521,0.02178122289478779
25-03-1981,0.23703700304031372,0.0,56953,0.24581600725650787,0.23703700304031372,0.020817436277866364
26-03-1981,0.23703700304031372,0.0,136688,0.2414270043373108,0.23703700304031372,0.020817436277866364
27-03-1981,0.23923200368881226,0.0,125297,0.2414270043373108,0.2414270043373108,0.02120300568640232
30-03-1981,0.23484200239181519,0.0,39867,0.23923200368881226,0.23923200368881226,0.021010223776102066
31-03-1981,0.23264700174331665,0.0,96820,0.23703700304031372,0.23484200239181519,0.020624680444598198
01-04-1981,0.23484200239181519,0.0,34172,0.23923200368881226,0.23484200239181519,0.020624680444598198
02-04-1981,0.2238679975271225,0.0,148078,0.23264700174331665,0.22825799882411957,0.020046446472406387
03-04-1981,0.22606299817562103,0.0,45563,0.23264700174331665,0.23264700174331665,0.020431915298104286
06-04-1981,0.2238679975271225,0.0,79734,0.22825799882411957,0.2238679975271225,0.01966089941561222
07-04-1981,0.22825799882411957,0.0,34172,0.23264700174331665,0.2304529994726181,0.0202392116189003
08-04-1981,0.22606299817562103,0.0,74039,0.23264700174331665,0.23264700174331665,0.020431915298104286
09-04-1981,0.22825799882411957,0.0,28477,0.22825799882411957,0.22825799882411957,0.020046446472406387
10-04-1981,0.23264700174331665,0.0,187945,0.25020599365234375,0.24581600725650787,0.021588465198874474
13-04-1981,0.24801099300384521,0.0,56953,0.254595011472702,0.254595011472702,0.022359469905495644
14-04-1981,0.24581600725650787,0.0,119602,0.25020599365234375,0.24801099300384521,0.02178122289478779
15-04-1981,0.25020599365234375,0.0,592313,0.2721540033817291,0.2655690014362335,0.023323234170675278
16-04-1981,0.2655690014362335,0.0,187945,0.2721540033817291,0.2721540033817291,0.0239015594124794
20-04-1981,0.2655690014362335,0.0,170859,0.2721540033817291,0.26776400208473206,0.023516016080975533
21-04-1981,0.23923200368881226,0.0,432844,0.263374000787735,0.26118001341819763,0.022937795147299767
22-04-1981,0.263374000787735,0.0,313242,0.2743479907512665,0.263374000787735,0.023130469024181366
23-04-1981,0.254595011472702,0.0,148078,0.26776400208473206,0.254595011472702,0.022359469905495644
24-04-1981,0.25020599365234375,0.0,22781,0.2524009943008423,0.25020599365234375,0.021974004805088043
27-04-1981,0.24581600725650787,0.0,11391,0.24581600725650787,0.24581600725650787,0.021588465198874474
28-04-1981,0.2414270043373108,0.0,136688,0.24581600725650787,0.24362100660800934,0.021395687013864517
29-04-1981,0.24801099300384521,0.0,56953,0.25020599365234375,0.25020599365234375,0.021974004805088043
30-04-1981,0.25020599365234375,0.0,102516,0.2524009943008423,0.25020599365234375,0.021974004805088043
01-05-1981,0.25020599365234375,0.0,34172,0.254595011472702,0.254595011472702,0.022359469905495644
04-05-1981,0.25020599365234375,0.0,85430,0.25679001212120056,0.25679001212120056,0.022552231326699257
05-05-1981,0.2524009943008423,0.0,170859,0.2743479907512665,0.2743479907512665,0.024094250053167343
06-05-1981,0.2699590027332306,0.0,296156,0.28532201051712036,0.2743479907512665,0.024094250053167343
07-05-1981,0.2699590027332306,0.0,51258,0.2743479907512665,0.2743479907512665,0.024094250053167343
08-05-1981,0.2721540033817291,0.0,22781,0.2721540033817291,0.2721540033817291,0.0239015594124794
11-05-1981,0.2655690014362335,0.0,119602,0.276542991399765,0.26776400208473206,0.023516016080975533
12-05-1981,0.26118001341819763,0.0,142383,0.2743479907512665,0.263374000787735,0.023130469024181366
13-05-1981,0.263374000787735,0.0,74039,0.2699590027332306,0.2655690014362335,0.023323234170675278
14-05-1981,0.2655690014362335,0.0,56953,0.2721540033817291,0.2721540033817291,0.0239015594124794
15-05-1981,0.2655690014362335,0.0,79734,0.2699590027332306,0.2655690014362335,0.023323234170675278
18-05-1981,0.26776400208473206,0.0,45563,0.2721540033817291,0.2699590027332306,0.023708777502179146
19-05-1981,0.263374000787735,0.0,28477,0.2655690014362335,0.263374000787735,0.023130469024181366
20-05-1981,0.2589850127696991,0.0,56953,0.26776400208473206,0.26118001341819763,0.022937795147299767
21-05-1981,0.25679001212120056,0.0,22781,0.26118001341819763,0.26118001341819763,0.022937795147299767
22-05-1981,0.26118001341819763,0.0,11391,0.26118001341819763,0.26118001341819763,0.022937795147299767
26-05-1981,0.254595011472702,0.0,45563,0.26118001341819763,0.26118001341819763,0.022937795147299767
27-05-1981,0.2589850127696991,0.0,62648,0.2655690014362335,0.2589850127696991,0.022745007649064064
28-05-1981,0.25679001212120056,0.0,17086,0.2589850127696991,0.2589850127696991,0.022745007649064064
29-05-1981,0.26118001341819763,0.0,170859,0.2831279933452606,0.276542991399765,0.024287015199661255
01-06-1981,0.2743479907512665,0.0,28477,0.2809329926967621,0.2743479907512665,0.024094250053167343
02-06-1981,0.26776400208473206,0.0,51258,0.27873799204826355,0.2699590027332306,0.023708777502179146
03-06-1981,0.2699590027332306,0.2699590027332306,0,0.2699590027332306,0.2699590027332306,0.023708777502179146
04-06-1981,0.263374000787735,0.0,17086,0.2655690014362335,0.263374000787735,0.023130469024181366
05-06-1981,0.2589850127696991,0.0,28477,0.26118001341819763,0.26118001341819763,0.022937795147299767
08-06-1981,0.263374000787735,0.0,307547,0.276542991399765,0.2721540033817291,0.0239015594124794
09-06-1981,0.2721540033817291,0.0,28477,0.2721540033817291,0.2721540033817291,0.0239015594124794
10-06-1981,0.2699590027332306,0.0,45563,0.276542991399765,0.276542991399765,0.024287015199661255
11-06-1981,0.2743479907512665,0.0,96820,0.2809329926967621,0.2809329926967621,0.024672556668519974
12-06-1981,0.2809329926967621,0.0,56953,0.28532201051712036,0.2831279933452606,0.02486533112823963
15-06-1981,0.2809329926967621,0.0,22781,0.28532201051712036,0.2809329926967621,0.024672556668519974
16-06-1981,0.27873799204826355,0.0,5695,0.27873799204826355,0.27873799204826355,0.024479787796735764
17-06-1981,0.27873799204826355,0.0,28477,0.27873799204826355,0.27873799204826355,0.024479787796735764
18-06-1981,0.2743479907512665,0.0,22781,0.27873799204826355,0.27873799204826355,0.024479787796735764
19-06-1981,0.276542991399765,0.0,102516,0.2809329926967621,0.27873799204826355,0.024479787796735764
22-06-1981,0.27873799204826355,0.0,11391,0.27873799204826355,0.27873799204826355,0.024479787796735764
23-06-1981,0.27873799204826355,0.0,125297,0.2941020131111145,0.29190701246261597,0.025636333972215652
24-06-1981,0.29629600048065186,0.0,28477,0.2984910011291504,0.2984910011291504,0.02621457166969776
25-06-1981,0.2941020131111145,0.0,51258,0.2941020131111145,0.2941020131111145,0.025829117745161057
26-06-1981,0.29190701246261597,0.0,56953,0.2984910011291504,0.29190701246261597,0.025636333972215652
29-06-1981,0.2941020131111145,0.0,11391,0.2941020131111145,0.2941020131111145,0.025829117745161057
30-06-1981,0.2941020131111145,0.2941020131111145,0,0.2941020131111145,0.2941020131111145,0.025829117745161057
01-07-1981,0.2941020131111145,0.0,96820,0.2941020131111145,0.2941020131111145,0.025829117745161057
02-07-1981,0.28971201181411743,0.0,79734,0.2941020131111145,0.28971201181411743,0.02544357441365719
06-07-1981,0.2809329926967621,0.0,159469,0.2941020131111145,0.2809329926967621,0.024672556668519974
07-07-1981,0.2809329926967621,0.2809329926967621,0,0.2809329926967621,0.2809329926967621,0.024672556668519974
08-07-1981,0.2809329926967621,0.2809329926967621,0,0.2809329926967621,0.2809329926967621,0.024672556668519974
09-07-1981,0.2809329926967621,0.0,22781,0.2831279933452606,0.2831279933452606,0.02486533112823963
10-07-1981,0.28532201051712036,0.0,17086,0.28532201051712036,0.28532201051712036,0.025058021768927574
13-07-1981,0.276542991399765,0.0,34172,0.2809329926967621,0.276542991399765,0.024287015199661255
14-07-1981,0.2721540033817291,0.0,62648,0.27873799204826355,0.27873799204826355,0.024479787796735764
15-07-1981,0.2721540033817291,0.0,17086,0.2743479907512665,0.2721540033817291,0.0239015594124794
16-07-1981,0.2699590027332306,0.0,17086,0.2721540033817291,0.2721540033817291,0.0239015594124794
17-07-1981,0.2721540033817291,0.2721540033817291,0,0.2721540033817291,0.2721540033817291,0.0239015594124794
20-07-1981,0.2655690014362335,0.0,28477,0.26776400208473206,0.2655690014362335,0.023323234170675278
21-07-1981,0.2655690014362335,0.0,102516,0.2721540033817291,0.2721540033817291,0.0239015594124794
22-07-1981,0.2699590027332306,0.0,45563,0.276542991399765,0.276542991399765,0.024287015199661255
23-07-1981,0.2721540033817291,0.0,22781,0.2743479907512665,0.2743479907512665,0.024094250053167343
24-07-1981,0.2699590027332306,0.0,39867,0.2743479907512665,0.2743479907512665,0.024094250053167343
27-07-1981,0.26776400208473206,0.0,216422,0.27873799204826355,0.26776400208473206,0.023516016080975533
28-07-1981,0.2589850127696991,0.0,56953,0.263374000787735,0.2589850127696991,0.022745007649064064
29-07-1981,0.2589850127696991,0.2589850127696991,0,0.2589850127696991,0.2589850127696991,0.022745007649064064
30-07-1981,0.2589850127696991,0.2589850127696991,0,0.2589850127696991,0.2589850127696991,0.022745007649064064
31-07-1981,0.2589850127696991,0.2589850127696991,0,0.2589850127696991,0.2589850127696991,0.022745007649064064
03-08-1981,0.254595011472702,0.0,74039,0.2589850127696991,0.2589850127696991,0.022745007649064064
04-08-1981,0.2589850127696991,0.2589850127696991,0,0.2589850127696991,0.2589850127696991,0.022745007649064064
05-08-1981,0.254595011472702,0.0,11391,0.254595011472702,0.254595011472702,0.022359469905495644
06-08-1981,0.24362100660800934,0.0,91125,0.25020599365234375,0.24362100660800934,0.021395687013864517
07-08-1981,0.22825799882411957,0.0,79734,0.23923200368881226,0.22825799882411957,0.020046446472406387
10-08-1981,0.22606299817562103,0.0,39867,0.2304529994726181,0.22606299817562103,0.019853681325912476
11-08-1981,0.2238679975271225,0.0,96820,0.23923200368881226,0.23923200368881226,0.021010223776102066
12-08-1981,0.2414270043373108,0.0,125297,0.24801099300384521,0.2414270043373108,0.02120300568640232
13-08-1981,0.2414270043373108,0.2414270043373108,0,0.2414270043373108,0.2414270043373108,0.02120300568640232
14-08-1981,0.2414270043373108,0.2414270043373108,0,0.2414270043373108,0.2414270043373108,0.02120300568640232
17-08-1981,0.23703700304031372,0.0,17086,0.23923200368881226,0.23703700304031372,0.020817436277866364
18-08-1981,0.23264700174331665,0.0,182250,0.23484200239181519,0.23264700174331665,0.020431915298104286
19-08-1981,0.23264700174331665,0.0,22781,0.23264700174331665,0.23264700174331665,0.020431915298104286
20-08-1981,0.23264700174331665,0.0,22781,0.23264700174331665,0.23264700174331665,0.020431915298104286
21-08-1981,0.23264700174331665,0.0,34172,0.23703700304031372,0.23703700304031372,0.020817436277866364
24-08-1981,0.23264700174331665,0.0,5695,0.23264700174331665,0.23264700174331665,0.020431915298104286
25-08-1981,0.2238679975271225,0.0,113906,0.2304529994726181,0.2238679975271225,0.01966089941561222
26-08-1981,0.2238679975271225,0.2238679975271225,0,0.2238679975271225,0.2238679975271225,0.01966089941561222
27-08-1981,0.22606299817562103,0.0,11391,0.22606299817562103,0.22606299817562103,0.019853681325912476
28-08-1981,0.2238679975271225,0.0,68344,0.22606299817562103,0.22606299817562103,0.019853681325912476
31-08-1981,0.2238679975271225,0.0,34172,0.2238679975271225,0.2238679975271225,0.01966089941561222
01-09-1981,0.2238679975271225,0.0,28477,0.22606299817562103,0.2238679975271225,0.01966089941561222
02-09-1981,0.22606299817562103,0.0,17086,0.22825799882411957,0.22606299817562103,0.019853681325912476
03-09-1981,0.2238679975271225,0.0,22781,0.2238679975271225,0.2238679975271225,0.01966089941561222
04-09-1981,0.2238679975271225,0.0,68344,0.2238679975271225,0.2238679975271225,0.01966089941561222
08-09-1981,0.2238679975271225,0.0,108211,0.2238679975271225,0.2238679975271225,0.01966089941561222
09-09-1981,0.2238679975271225,0.0,56953,0.2238679975271225,0.2238679975271225,0.01966089941561222
10-09-1981,0.2238679975271225,0.2238679975271225,0,0.2238679975271225,0.2238679975271225,0.01966089941561222
11-09-1981,0.2238679975271225,0.0,5695,0.2238679975271225,0.2238679975271225,0.01966089941561222
14-09-1981,0.21508899331092834,0.0,96820,0.2238679975271225,0.21508899331092834,0.0188899002969265
15-09-1981,0.21508899331092834,0.0,5695,0.21508899331092834,0.21508899331092834,0.0188899002969265
16-09-1981,0.21508899331092834,0.0,79734,0.21508899331092834,0.21508899331092834,0.0188899002969265
17-09-1981,0.21508899331092834,0.21508899331092834,0,0.21508899331092834,0.21508899331092834,0.0188899002969265
18-09-1981,0.21508899331092834,0.21508899331092834,0,0.21508899331092834,0.21508899331092834,0.0188899002969265
21-09-1981,0.21508899331092834,0.0,62648,0.21508899331092834,0.21508899331092834,0.0188899002969265
22-09-1981,0.21508899331092834,0.21508899331092834,0,0.21508899331092834,0.21508899331092834,0.0188899002969265
23-09-1981,0.21508899331092834,0.0,5695,0.21508899331092834,0.21508899331092834,0.0188899002969265
24-09-1981,0.21508899331092834,0.0,91125,0.22167399525642395,0.21508899331092834,0.0188899002969265
25-09-1981,0.21508899331092834,0.0,17086,0.21508899331092834,0.21508899331092834,0.0188899002969265
28-09-1981,0.21508899331092834,0.0,17086,0.21508899331092834,0.21508899331092834,0.0188899002969265
29-09-1981,0.22167399525642395,0.0,68344,0.2238679975271225,0.22167399525642395,0.019468214362859726
30-09-1981,0.21947899460792542,0.0,5695,0.21947899460792542,0.21947899460792542,0.019275445491075516
01-10-1981,0.21947899460792542,0.21947899460792542,0,0.21947899460792542,0.21947899460792542,0.019275445491075516
02-10-1981,0.2238679975271225,0.0,51258,0.2238679975271225,0.2238679975271225,0.01966089941561222
05-10-1981,0.22167399525642395,0.0,11391,0.22606299817562103,0.22606299817562103,0.019853681325912476
06-10-1981,0.2238679975271225,0.0,22781,0.2238679975271225,0.2238679975271225,0.01966089941561222
07-10-1981,0.22606299817562103,0.0,5695,0.22606299817562103,0.22606299817562103,0.019853681325912476
08-10-1981,0.22606299817562103,0.0,5695,0.22606299817562103,0.22606299817562103,0.019853681325912476
09-10-1981,0.2238679975271225,0.0,28477,0.22606299817562103,0.22606299817562103,0.019853681325912476
12-10-1981,0.22606299817562103,0.22606299817562103,0,0.22606299817562103,0.22606299817562103,0.019853681325912476
13-10-1981,0.22606299817562103,0.22606299817562103,0,0.22606299817562103,0.22606299817562103,0.019853681325912476
14-10-1981,0.2238679975271225,0.0,307547,0.22825799882411957,0.2238679975271225,0.01966089941561222
15-10-1981,0.22606299817562103,0.0,176555,0.23264700174331665,0.22606299817562103,0.019853681325912476
16-10-1981,0.22825799882411957,0.0,11391,0.22825799882411957,0.22825799882411957,0.020046446472406387
19-10-1981,0.23264700174331665,0.0,56953,0.25020599365234375,0.25020599365234375,0.021974004805088043
20-10-1981,0.254595011472702,0.0,108211,0.263374000787735,0.2589850127696991,0.022745007649064064
21-10-1981,0.25679001212120056,0.0,79734,0.263374000787735,0.25679001212120056,0.022552231326699257
22-10-1981,0.24362100660800934,0.0,96820,0.254595011472702,0.24581600725650787,0.021588465198874474
23-10-1981,0.23484200239181519,0.0,85430,0.2414270043373108,0.23484200239181519,0.020624680444598198
26-10-1981,0.23484200239181519,0.0,62648,0.23923200368881226,0.23484200239181519,0.020624680444598198
27-10-1981,0.22825799882411957,0.0,45563,0.23264700174331665,0.23264700174331665,0.020431915298104286
28-10-1981,0.23484200239181519,0.0,17086,0.23703700304031372,0.23703700304031372,0.020817436277866364
29-10-1981,0.23923200368881226,0.0,5695,0.23923200368881226,0.23923200368881226,0.021010223776102066
30-10-1981,0.23923200368881226,0.0,5695,0.23923200368881226,0.23923200368881226,0.021010223776102066
02-11-1981,0.23923200368881226,0.0,68344,0.24581600725650787,0.24581600725650787,0.021588465198874474
03-11-1981,0.24581600725650787,0.0,51258,0.24581600725650787,0.24581600725650787,0.021588465198874474
04-11-1981,0.24581600725650787,0.24581600725650787,0,0.24581600725650787,0.24581600725650787,0.021588465198874474
05-11-1981,0.2414270043373108,0.0,5695,0.2414270043373108,0.2414270043373108,0.02120300568640232
06-11-1981,0.24362100660800934,0.0,5695,0.24362100660800934,0.24362100660800934,0.021395687013864517
09-11-1981,0.24581600725650787,0.0,74039,0.2524009943008423,0.2524009943008423,0.022166771814227104
10-11-1981,0.25020599365234375,0.0,22781,0.254595011472702,0.25020599365234375,0.021974004805088043
11-11-1981,0.24801099300384521,0.0,5695,0.24801099300384521,0.24801099300384521,0.02178122289478779
12-11-1981,0.24801099300384521,0.24801099300384521,0,0.24801099300384521,0.24801099300384521,0.02178122289478779
13-11-1981,0.24581600725650787,0.0,56953,0.24581600725650787,0.24581600725650787,0.021588465198874474
16-11-1981,0.24581600725650787,0.0,17086,0.24581600725650787,0.24581600725650787,0.021588465198874474
17-11-1981,0.24581600725650787,0.0,22781,0.24581600725650787,0.24581600725650787,0.021588465198874474
18-11-1981,0.24581600725650787,0.24581600725650787,0,0.24581600725650787,0.24581600725650787,0.021588465198874474
19-11-1981,0.24581600725650787,0.0,5695,0.24581600725650787,0.24581600725650787,0.021588465198874474
20-11-1981,0.24581600725650787,0.0,5695,0.24581600725650787,0.24581600725650787,0.021588465198874474
23-11-1981,0.25020599365234375,0.0,5695,0.25020599365234375,0.25020599365234375,0.021974004805088043
24-11-1981,0.254595011472702,0.0,28477,0.25679001212120056,0.254595011472702,0.022359469905495644
25-11-1981,0.254595011472702,0.0,39867,0.2589850127696991,0.2589850127696991,0.022745007649064064
27-11-1981,0.26118001341819763,0.0,11391,0.26118001341819763,0.26118001341819763,0.022937795147299767
30-11-1981,0.26118001341819763,0.0,5695,0.26118001341819763,0.26118001341819763,0.022937795147299767
01-12-1981,0.263374000787735,0.0,5695,0.263374000787735,0.263374000787735,0.023130469024181366
02-12-1981,0.263374000787735,0.0,5695,0.263374000787735,0.263374000787735,0.023130469024181366
03-12-1981,0.26118001341819763,0.0,34172,0.26118001341819763,0.26118001341819763,0.022937795147299767
04-12-1981,0.263374000787735,0.0,22781,0.263374000787735,0.263374000787735,0.023130469024181366
07-12-1981,0.2655690014362335,0.0,51258,0.26776400208473206,0.26776400208473206,0.023516016080975533
08-12-1981,0.2699590027332306,0.0,5695,0.2699590027332306,0.2699590027332306,0.023708777502179146
09-12-1981,0.2655690014362335,0.0,56953,0.2655690014362335,0.2655690014362335,0.023323234170675278
10-12-1981,0.2721540033817291,0.0,91125,0.2743479907512665,0.2743479907512665,0.024094250053167343
11-12-1981,0.2743479907512665,0.0,142383,0.2809329926967621,0.2743479907512665,0.024094250053167343
14-12-1981,0.2743479907512665,0.0,17086,0.27873799204826355,0.2743479907512665,0.024094250053167343
15-12-1981,0.2743479907512665,0.0,5695,0.2743479907512665,0.2743479907512665,0.024094250053167343
16-12-1981,0.2743479907512665,0.0,22781,0.2743479907512665,0.2743479907512665,0.024094250053167343
17-12-1981,0.2721540033817291,0.0,22781,0.2721540033817291,0.2721540033817291,0.0239015594124794
18-12-1981,0.2721540033817291,0.0,62648,0.2721540033817291,0.2721540033817291,0.0239015594124794
21-12-1981,0.2721540033817291,0.2721540033817291,0,0.2721540033817291,0.2721540033817291,0.0239015594124794
22-12-1981,0.2743479907512665,0.0,5695,0.2743479907512665,0.2743479907512665,0.024094250053167343
23-12-1981,0.2589850127696991,0.0,108211,0.2699590027332306,0.263374000787735,0.023130469024181366
24-12-1981,0.2589850127696991,0.0,56953,0.2589850127696991,0.2589850127696991,0.022745007649064064
28-12-1981,0.2589850127696991,0.0,5695,0.2589850127696991,0.2589850127696991,0.022745007649064064
29-12-1981,0.254595011472702,0.0,398672,0.2589850127696991,0.254595011472702,0.022359469905495644
30-12-1981,0.254595011472702,0.254595011472702,0,0.254595011472702,0.254595011472702,0.022359469905495644
31-12-1981,0.24801099300384521,0.0,51258,0.2524009943008423,0.24801099300384521,0.02178122289478779
04-01-1982,0.24581600725650787,0.0,11391,0.24581600725650787,0.24581600725650787,0.021588465198874474
05-01-1982,0.24581600725650787,0.24581600725650787,0,0.24581600725650787,0.24581600725650787,0.021588465198874474
06-01-1982,0.24581600725650787,0.24581600725650787,0,0.24581600725650787,0.24581600725650787,0.021588465198874474
07-01-1982,0.24581600725650787,0.24581600725650787,0,0.24581600725650787,0.24581600725650787,0.021588465198874474
08-01-1982,0.2414270043373108,0.0,22781,0.2414270043373108,0.2414270043373108,0.02120300568640232
11-01-1982,0.2304529994726181,0.0,56953,0.23703700304031372,0.2304529994726181,0.0202392116189003
12-01-1982,0.2238679975271225,0.0,74039,0.22825799882411957,0.22825799882411957,0.020046446472406387
13-01-1982,0.23703700304031372,0.0,142383,0.24581600725650787,0.24581600725650787,0.021588465198874474
14-01-1982,0.23703700304031372,0.0,28477,0.2414270043373108,0.23703700304031372,0.020817436277866364
15-01-1982,0.23703700304031372,0.0,34172,0.23703700304031372,0.23703700304031372,0.020817436277866364
18-01-1982,0.23703700304031372,0.0,68344,0.23703700304031372,0.23703700304031372,0.020817436277866364
19-01-1982,0.23703700304031372,0.23703700304031372,0,0.23703700304031372,0.23703700304031372,0.020817436277866364
20-01-1982,0.23703700304031372,0.0,11391,0.23703700304031372,0.23703700304031372,0.0360085591673851
21-01-1982,0.23703700304031372,0.0,34172,0.24581600725650787,0.24581600725650787,0.03734221309423447
22-01-1982,0.24581600725650787,0.0,22781,0.24581600725650787,0.24581600725650787,0.03734221309423447
25-01-1982,0.24801099300384521,0.0,11391,0.2524009943008423,0.2524009943008423,0.03834253549575806
26-01-1982,0.25020599365234375,0.0,74039,0.2589850127696991,0.25020599365234375,0.03800908103585243
27-01-1982,0.24581600725650787,0.0,56953,0.24801099300384521,0.24801099300384521,0.037675630301237106
28-01-1982,0.2414270043373108,0.0,85430,0.24581600725650787,0.24581600725650787,0.03734221309423447
29-01-1982,0.24581600725650787,0.0,256289,0.254595011472702,0.254595011472702,0.038675833493471146
01-02-1982,0.254595011472702,0.254595011472702,0,0.254595011472702,0.254595011472702,0.038675833493471146
02-02-1982,0.25020599365234375,0.0,11391,0.2524009943008423,0.2524009943008423,0.03834253549575806
03-02-1982,0.2524009943008423,0.2524009943008423,0,0.2524009943008423,0.2524009943008423,0.03834253549575806
04-02-1982,0.2524009943008423,0.2524009943008423,0,0.2524009943008423,0.2524009943008423,0.03834253549575806
05-02-1982,0.24362100660800934,0.0,68344,0.24801099300384521,0.24362100660800934,0.03700875863432884
08-02-1982,0.24362100660800934,0.0,11391,0.24801099300384521,0.24362100660800934,0.03700875863432884
09-02-1982,0.2414270043373108,0.0,17086,0.2414270043373108,0.2414270043373108,0.03667547553777695
10-02-1982,0.23703700304031372,0.0,17086,0.23703700304031372,0.23703700304031372,0.0360085591673851
11-02-1982,0.23484200239181519,0.0,22781,0.23703700304031372,0.23703700304031372,0.0360085591673851
12-02-1982,0.23923200368881226,0.0,22781,0.23923200368881226,0.23923200368881226,0.036342017352581024
16-02-1982,0.2524009943008423,0.0,176555,0.254595011472702,0.2524009943008423,0.03834253549575806
17-02-1982,0.2524009943008423,0.0,28477,0.2524009943008423,0.2524009943008423,0.03834253549575806
18-02-1982,0.25020599365234375,0.0,387281,0.2524009943008423,0.2524009943008423,0.03834253549575806
19-02-1982,0.25020599365234375,0.0,398672,0.2524009943008423,0.2524009943008423,0.03834253549575806
22-02-1982,0.2524009943008423,0.2524009943008423,0,0.2524009943008423,0.2524009943008423,0.03834253549575806
23-02-1982,0.2524009943008423,0.2524009943008423,0,0.2524009943008423,0.2524009943008423,0.03834253549575806
24-02-1982,0.2524009943008423,0.0,227813,0.2524009943008423,0.2524009943008423,0.03834253549575806
25-02-1982,0.254595011472702,0.0,56953,0.254595011472702,0.254595011472702,0.038675833493471146
26-02-1982,0.25020599365234375,0.0,11391,0.25020599365234375,0.25020599365234375,0.03800908103585243
01-03-1982,0.254595011472702,0.0,216422,0.26118001341819763,0.26118001341819763,0.03967619314789772
02-03-1982,0.254595011472702,0.0,102516,0.26118001341819763,0.254595011472702,0.038675833493471146
03-03-1982,0.254595011472702,0.254595011472702,0,0.254595011472702,0.254595011472702,0.038675833493471146
04-03-1982,0.254595011472702,0.254595011472702,0,0.254595011472702,0.254595011472702,0.038675833493471146
05-03-1982,0.254595011472702,0.254595011472702,0,0.254595011472702,0.254595011472702,0.038675833493471146
08-03-1982,0.24362100660800934,0.0,56953,0.2524009943008423,0.24362100660800934,0.03700875863432884
09-03-1982,0.24362100660800934,0.24362100660800934,0,0.24362100660800934,0.24362100660800934,0.03700875863432884
10-03-1982,0.24362100660800934,0.24362100660800934,0,0.24362100660800934,0.24362100660800934,0.03700875863432884
11-03-1982,0.2414270043373108,0.0,28477,0.24362100660800934,0.24362100660800934,0.03700875863432884
12-03-1982,0.24362100660800934,0.24362100660800934,0,0.24362100660800934,0.24362100660800934,0.03700875863432884
15-03-1982,0.23703700304031372,0.0,28477,0.23923200368881226,0.23703700304031372,0.0360085591673851
16-03-1982,0.23703700304031372,0.23703700304031372,0,0.23703700304031372,0.23703700304031372,0.0360085591673851
17-03-1982,0.23703700304031372,0.23703700304031372,0,0.23703700304031372,0.23703700304031372,0.0360085591673851
18-03-1982,0.23703700304031372,0.23703700304031372,0,0.23703700304031372,0.23703700304031372,0.0360085591673851
19-03-1982,0.23484200239181519,0.0,11391,0.23484200239181519,0.23484200239181519,0.03567511960864067
22-03-1982,0.23264700174331665,0.0,56953,0.23264700174331665,0.23264700174331665,0.035341691225767136
23-03-1982,0.23484200239181519,0.0,62648,0.2414270043373108,0.2414270043373108,0.03667547553777695
24-03-1982,0.2414270043373108,0.2414270043373108,0,0.2414270043373108,0.2414270043373108,0.03667547553777695
25-03-1982,0.23923200368881226,0.0,68344,0.23923200368881226,0.23923200368881226,0.036342017352581024
26-03-1982,0.23923200368881226,0.0,17086,0.23923200368881226,0.23923200368881226,0.036342017352581024
29-03-1982,0.23923200368881226,0.23923200368881226,0,0.23923200368881226,0.23923200368881226,0.036342017352581024
30-03-1982,0.23923200368881226,0.0,28477,0.23923200368881226,0.23923200368881226,0.036342017352581024
31-03-1982,0.2414270043373108,0.0,125297,0.25020599365234375,0.25020599365234375,0.03800908103585243
01-04-1982,0.24581600725650787,0.0,17086,0.25020599365234375,0.24581600725650787,0.03734221309423447
02-04-1982,0.25020599365234375,0.0,11391,0.25020599365234375,0.25020599365234375,0.03800908103585243
05-04-1982,0.25020599365234375,0.0,182250,0.263374000787735,0.263374000787735,0.04000945761799812
06-04-1982,0.25679001212120056,0.0,28477,0.26118001341819763,0.25679001212120056,0.039009276777505875
07-04-1982,0.26118001341819763,0.0,28477,0.26118001341819763,0.26118001341819763,0.03967619314789772
08-04-1982,0.2589850127696991,0.0,5695,0.2589850127696991,0.2589850127696991,0.039342716336250305
12-04-1982,0.2589850127696991,0.2589850127696991,0,0.2589850127696991,0.2589850127696991,0.039342716336250305
13-04-1982,0.2589850127696991,0.0,51258,0.26118001341819763,0.2589850127696991,0.039342716336250305
14-04-1982,0.2589850127696991,0.0,951117,0.263374000787735,0.26118001341819763,0.03967619314789772
15-04-1982,0.263374000787735,0.0,427148,0.28532201051712036,0.28532201051712036,0.04334361478686333
16-04-1982,0.2809329926967621,0.0,216422,0.28532201051712036,0.2809329926967621,0.042676858603954315
19-04-1982,0.2809329926967621,0.0,91125,0.29190701246261597,0.28971201181411743,0.04401049017906189
20-04-1982,0.28971201181411743,0.0,125297,0.2941020131111145,0.29190701246261597,0.04434395581483841
21-04-1982,0.2984910011291504,0.0,91125,0.3050749897956848,0.3006860017776489,0.06947949528694153
22-04-1982,0.3050749897956848,0.0,125297,0.31824401021003723,0.31824401021003723,0.07353662699460983
23-04-1982,0.32043901085853577,0.0,364500,0.33141300082206726,0.33141300082206726,0.07657958567142487
26-04-1982,0.3270229995250702,0.0,244898,0.3401919901371002,0.3270229995250702,0.0755651518702507
27-04-1982,0.32043901085853577,0.0,216422,0.3270229995250702,0.32482901215553284,0.0750582367181778
28-04-1982,0.3226340115070343,0.0,85430,0.32482901215553284,0.3226340115070343,0.07455093413591385
29-04-1982,0.32043901085853577,0.0,28477,0.32482901215553284,0.32482901215553284,0.0750582367181778
30-04-1982,0.32482901215553284,0.32482901215553284,0,0.32482901215553284,0.32482901215553284,0.0750582367181778
03-05-1982,0.3226340115070343,0.0,5695,0.3226340115070343,0.3226340115070343,0.07455093413591385
04-05-1982,0.3226340115070343,0.3226340115070343,0,0.3226340115070343,0.3226340115070343,0.07455093413591385
05-05-1982,0.32043901085853577,0.0,62648,0.3270229995250702,0.3270229995250702,0.0755651518702507
06-05-1982,0.3270229995250702,0.0,153773,0.3336080014705658,0.3270229995250702,0.0755651518702507
07-05-1982,0.3292180001735687,0.0,28477,0.3336080014705658,0.3336080014705658,0.07708676904439926
10-05-1982,0.3336080014705658,0.0,17086,0.3336080014705658,0.3336080014705658,0.07708676904439926
11-05-1982,0.3292180001735687,0.0,187945,0.3379969894886017,0.3336080014705658,0.07708676904439926
12-05-1982,0.3292180001735687,0.0,626484,0.35994499921798706,0.35336101055145264,0.08165113627910614
13-05-1982,0.34677600860595703,0.0,1002375,0.3731139898300171,0.34677600860595703,0.08012950420379639
14-05-1982,0.34677600860595703,0.0,5695,0.34677600860595703,0.34677600860595703,0.08012950420379639
17-05-1982,0.3336080014705658,0.0,142383,0.34238699078559875,0.3336080014705658,0.07708676904439926
18-05-1982,0.32482901215553284,0.0,341719,0.33141300082206726,0.33141300082206726,0.07657958567142487
19-05-1982,0.3292180001735687,0.0,62648,0.3336080014705658,0.3292180001735687,0.07607239484786987
20-05-1982,0.3292180001735687,0.0,56953,0.3336080014705658,0.3292180001735687,0.07607239484786987
21-05-1982,0.32043901085853577,0.0,56953,0.32482901215553284,0.32043901085853577,0.07404380291700363
24-05-1982,0.31824401021003723,0.0,68344,0.3226340115070343,0.31824401021003723,0.07353662699460983
25-05-1982,0.2941020131111145,0.0,205031,0.3160490095615387,0.2941020131111145,0.06795813143253326
26-05-1982,0.29629600048065186,0.0,176555,0.2984910011291504,0.29629600048065186,0.06846509128808975
27-05-1982,0.2875170111656189,0.0,136688,0.29190701246261597,0.28971201181411743,0.06694374233484268
28-05-1982,0.276542991399765,0.0,182250,0.28532201051712036,0.28532201051712036,0.0659293681383133
01-06-1982,0.28532201051712036,0.0,79734,0.28971201181411743,0.28532201051712036,0.0659293681383133
02-06-1982,0.28532201051712036,0.0,62648,0.28532201051712036,0.28532201051712036,0.0659293681383133
03-06-1982,0.2831279933452606,0.0,165164,0.28971201181411743,0.2831279933452606,0.06542235612869263
04-06-1982,0.2831279933452606,0.0,222117,0.2875170111656189,0.2875170111656189,0.06643655151128769
07-06-1982,0.28971201181411743,0.0,45563,0.29190701246261597,0.29190701246261597,0.06745094805955887
08-06-1982,0.29629600048065186,0.0,91125,0.3006860017776489,0.3006860017776489,0.06947949528694153
09-06-1982,0.2984910011291504,0.0,28477,0.3006860017776489,0.2984910011291504,0.06897229701280594
10-06-1982,0.30288100242614746,0.0,17086,0.30288100242614746,0.30288100242614746,0.06998667865991592
11-06-1982,0.3050749897956848,0.0,28477,0.30726999044418335,0.30726999044418335,0.07100088149309158
14-06-1982,0.30726999044418335,0.0,62648,0.3160490095615387,0.3160490095615387,0.07302942872047424
15-06-1982,0.31385499238967896,0.0,79734,0.31824401021003723,0.3160490095615387,0.07302942872047424
16-06-1982,0.32043901085853577,0.0,5695,0.32043901085853577,0.32043901085853577,0.07404380291700363
17-06-1982,0.3160490095615387,0.0,5695,0.3160490095615387,0.3160490095615387,0.07302942872047424
18-06-1982,0.30288100242614746,0.0,85430,0.30726999044418335,0.3050749897956848,0.0704936534166336
21-06-1982,0.3050749897956848,0.3050749897956848,0,0.3050749897956848,0.3050749897956848,0.0704936534166336
22-06-1982,0.3050749897956848,0.0,113906,0.32043901085853577,0.32043901085853577,0.07404380291700363
23-06-1982,0.32043901085853577,0.0,5695,0.32043901085853577,0.32043901085853577,0.07404380291700363
24-06-1982,0.32043901085853577,0.0,17086,0.32043901085853577,0.32043901085853577,0.07404380291700363
25-06-1982,0.3116599917411804,0.0,79734,0.3160490095615387,0.31385499238967896,0.07252245396375656
28-06-1982,0.3094649910926819,0.0,17086,0.3094649910926819,0.3094649910926819,0.07150804251432419
29-06-1982,0.3094649910926819,0.0,22781,0.3116599917411804,0.3116599917411804,0.07201524823904037
30-06-1982,0.31385499238967896,0.0,148078,0.32482901215553284,0.32482901215553284,0.0750582367181778
01-07-1982,0.32043901085853577,0.0,62648,0.32482901215553284,0.32043901085853577,0.07404380291700363
02-07-1982,0.31824401021003723,0.0,56953,0.3226340115070343,0.3226340115070343,0.07455093413591385
06-07-1982,0.31824401021003723,0.0,11391,0.32043901085853577,0.32043901085853577,0.07404380291700363
07-07-1982,0.3160490095615387,0.0,34172,0.32043901085853577,0.3160490095615387,0.07302942872047424
08-07-1982,0.3116599917411804,0.0,22781,0.3160490095615387,0.3160490095615387,0.07302942872047424
09-07-1982,0.3116599917411804,0.0,68344,0.3160490095615387,0.3160490095615387,0.07302942872047424
12-07-1982,0.3094649910926819,0.0,199336,0.32043901085853577,0.3094649910926819,0.07150804251432419
13-07-1982,0.3116599917411804,0.0,74039,0.31385499238967896,0.3116599917411804,0.07201524823904037
14-07-1982,0.31385499238967896,0.0,415758,0.33141300082206726,0.3292180001735687,0.07607239484786987
15-07-1982,0.33580198884010315,0.0,267680,0.34897100925445557,0.34677600860595703,0.08012950420379639
16-07-1982,0.33580198884010315,0.0,267680,0.3577499985694885,0.33580198884010315,0.07759367674589157
19-07-1982,0.34238699078559875,0.0,848602,0.3577499985694885,0.34238699078559875,0.07911534607410431
20-07-1982,0.3379969894886017,0.0,381586,0.34897100925445557,0.34238699078559875,0.07911534607410431
21-07-1982,0.34897100925445557,0.0,706219,0.3665289878845215,0.3621399998664856,0.08367966115474701
22-07-1982,0.3665289878845215,0.0,598008,0.3862830102443695,0.3862830102443695,0.08925839513540268
23-07-1982,0.38847699761390686,0.0,364500,0.39506199955940247,0.38847699761390686,0.08976534754037857
26-07-1982,0.37750300765037537,0.0,261984,0.38847699761390686,0.37750300765037537,0.0872296392917633
27-07-1982,0.35555601119995117,0.0,193641,0.3731139898300171,0.3577499985694885,0.08266528695821762
28-07-1982,0.35994499921798706,0.0,56953,0.3665289878845215,0.3665289878845215,0.11755265295505524
29-07-1982,0.35994499921798706,0.0,34172,0.36433500051498413,0.3621399998664856,0.11614508926868439
30-07-1982,0.3621399998664856,0.0,39867,0.3665289878845215,0.3621399998664856,0.11614508926868439
02-08-1982,0.3577499985694885,0.0,68344,0.36433500051498413,0.35994499921798706,0.11544111371040344
03-08-1982,0.36433500051498413,0.0,34172,0.36433500051498413,0.36433500051498413,0.11684906482696533
04-08-1982,0.35994499921798706,0.0,176555,0.3731139898300171,0.3731139898300171,0.11966466903686523
05-08-1982,0.3577499985694885,0.0,159469,0.37091898918151855,0.3577499985694885,0.11473718285560608
06-08-1982,0.35555601119995117,0.0,62648,0.35994499921798706,0.35555601119995117,0.11403349786996841
09-08-1982,0.34677600860595703,0.0,296156,0.35336101055145264,0.34677600860595703,0.11121750622987747
10-08-1982,0.34677600860595703,0.0,170859,0.3511660099029541,0.34677600860595703,0.11121750622987747
11-08-1982,0.3379969894886017,0.0,51258,0.3445819914340973,0.3379969894886017,0.10840202867984772
12-08-1982,0.32482901215553284,0.0,85430,0.3336080014705658,0.32482901215553284,0.104178786277771
13-08-1982,0.3160490095615387,0.0,136688,0.3270229995250702,0.3270229995250702,0.10488241165876389
16-08-1982,0.3292180001735687,0.0,187945,0.3511660099029541,0.3511660099029541,0.11262553930282593
17-08-1982,0.3577499985694885,0.0,916945,0.39286699891090393,0.39286699891090393,0.1259998083114624
18-08-1982,0.36872398853302,0.0,222117,0.39506199955940247,0.36872398853302,0.11825668066740036
19-08-1982,0.36433500051498413,0.0,130992,0.36872398853302,0.36872398853302,0.11825668066740036
20-08-1982,0.3720160126686096,0.0,15188,0.3786010146141052,0.3786010146141052,0.12142445892095566
23-08-1982,0.38518500328063965,0.0,261984,0.4082300066947937,0.4016459882259369,0.1288154125213623
24-08-1982,0.38189300894737244,0.0,121500,0.39506199955940247,0.38847699761390686,0.12459180504083633
25-08-1982,0.3753089904785156,0.0,53156,0.38847699761390686,0.3753089904785156,0.12036862969398499
26-08-1982,0.3720160126686096,0.0,178453,0.38518500328063965,0.38518500328063965,0.12353606522083282
27-08-1982,0.38518500328063965,0.0,7594,0.38847699761390686,0.38847699761390686,0.12459180504083633
30-08-1982,0.39177000522613525,0.0,49359,0.39506199955940247,0.39506199955940247,0.12670381367206573
31-08-1982,0.38847699761390686,0.0,83531,0.39177000522613525,0.38847699761390686,0.12459180504083633
01-09-1982,0.38518500328063965,0.0,64547,0.38847699761390686,0.38847699761390686,0.12459180504083633
02-09-1982,0.38847699761390686,0.0,273375,0.39177000522613525,0.39177000522613525,0.12564805150032043
03-09-1982,0.39177000522613525,0.0,136688,0.3983539938926697,0.3983539938926697,0.12775960564613342
07-09-1982,0.39177000522613525,0.0,94922,0.3983539938926697,0.39177000522613525,0.12564805150032043
08-09-1982,0.38847699761390686,0.0,159469,0.39506199955940247,0.39177000522613525,0.12564805150032043
09-09-1982,0.38847699761390686,0.0,132891,0.4016459882259369,0.4016459882259369,0.1288154125213623
10-09-1982,0.39506199955940247,0.0,170859,0.4049380123615265,0.4049380123615265,0.12987130880355835
13-09-1982,0.3983539938926697,0.0,34172,0.4049380123615265,0.4049380123615265,0.12987130880355835
14-09-1982,0.4049380123615265,0.0,34172,0.4049380123615265,0.4049380123615265,0.12987130880355835
15-09-1982,0.4016459882259369,0.0,163266,0.4082300066947937,0.4082300066947937,0.13092701137065887
16-09-1982,0.39506199955940247,0.0,75938,0.4082300066947937,0.39506199955940247,0.12670381367206573
17-09-1982,0.39506199955940247,0.0,7594,0.39506199955940247,0.39506199955940247,0.12670381367206573
20-09-1982,0.4016459882259369,0.0,372094,0.42798399925231934,0.42798399925231934,0.1372624635696411
21-09-1982,0.42139899730682373,0.0,246797,0.42798399925231934,0.42798399925231934,0.1372624635696411
22-09-1982,0.4148150086402893,0.0,265781,0.43127599358558655,0.4148150086402893,0.13303889334201813
23-09-1982,0.4016459882259369,0.0,60750,0.4181070029735565,0.4016459882259369,0.1288154125213623
24-09-1982,0.4049380123615265,0.0,30375,0.4148150086402893,0.4148150086402893,0.13303889334201813
27-09-1982,0.4181070029735565,0.0,64547,0.43127599358558655,0.43127599358558655,0.1383182555437088
28-09-1982,0.43456798791885376,0.0,159469,0.4510290026664734,0.4510290026664734,0.14465345442295074
29-09-1982,0.4477370083332062,0.0,292359,0.47736600041389465,0.47407400608062744,0.15204443037509918
30-09-1982,0.460904985666275,0.0,113906,0.47407400608062744,0.460904985666275,0.14782080054283142
01-10-1982,0.460904985666275,0.0,482203,0.48395100235939026,0.47407400608062744,0.15204443037509918
04-10-1982,0.47407400608062744,0.0,87328,0.47736600041389465,0.47736600041389465,0.15310020744800568
05-10-1982,0.48065799474716187,0.0,72141,0.4938269853591919,0.4938269853591919,0.1583796739578247
06-10-1982,0.5004119873046875,0.0,136688,0.5135800242424011,0.5069959759712219,0.16260311007499695
07-10-1982,0.5004119873046875,0.0,167063,0.516871988773346,0.5004119873046875,0.16049152612686157
08-10-1982,0.4971190094947815,0.0,72141,0.5004119873046875,0.4971190094947815,0.1594354510307312
11-10-1982,0.46748998761177063,0.0,288563,0.5004119873046875,0.46748998761177063,0.14993278682231903
12-10-1982,0.4576129913330078,0.0,189844,0.48065799474716187,0.48065799474716187,0.15415610373020172
13-10-1982,0.47407400608062744,0.0,144281,0.4905349910259247,0.4905349910259247,0.15732383728027344
14-10-1982,0.48395100235939026,0.0,30375,0.4905349910259247,0.4905349910259247,0.15732383728027344
15-10-1982,0.4938269853591919,0.0,261984,0.5201650261878967,0.5135800242424011,0.16471470892429352
18-10-1982,0.5069959759712219,0.0,83531,0.516871988773346,0.516871988773346,0.16577060520648956
19-10-1982,0.5234569907188416,0.0,766969,0.5563790202140808,0.5497940182685852,0.17632928490638733
20-10-1982,0.5497940182685852,0.0,432844,0.5761319994926453,0.5761319994926453,0.18477635085582733
21-10-1982,0.5761319994926453,0.0,489797,0.6057609915733337,0.5860080122947693,0.21824926137924194
22-10-1982,0.5629630088806152,0.0,387281,0.5925930142402649,0.5827159881591797,0.21702316403388977
25-10-1982,0.5399180054664612,0.0,224016,0.5892999768257141,0.5563790202140808,0.20721447467803955
26-10-1982,0.5366259813308716,0.0,197438,0.5497940182685852,0.5399180054664612,0.20108383893966675
27-10-1982,0.5399180054664612,0.0,318938,0.5629630088806152,0.5629630088806152,0.2096666693687439
28-10-1982,0.5497940182685852,0.0,110109,0.5596709847450256,0.5563790202140808,0.20721447467803955
29-10-1982,0.5497940182685852,0.0,178453,0.5596709847450256,0.5596709847450256,0.20844028890132904
01-11-1982,0.5497940182685852,0.0,83531,0.5629630088806152,0.5629630088806152,0.2096666693687439
02-11-1982,0.5629630088806152,0.0,182250,0.5761319994926453,0.5761319994926453,0.21457107365131378
03-11-1982,0.5827159881591797,0.0,368297,0.6189299821853638,0.6189299821853638,0.23051045835018158
04-11-1982,0.6320989727973938,0.0,596109,0.6584360003471375,0.6320989727973938,0.2354150116443634
05-11-1982,0.6189299821853638,0.0,193641,0.6320989727973938,0.628807008266449,0.23418906331062317
08-11-1982,0.6255139708518982,0.0,212625,0.6452670097351074,0.6452670097351074,0.240319162607193
09-11-1982,0.6485599875450134,0.0,596109,0.6946499943733215,0.6880660057067871,0.2562592625617981
10-11-1982,0.6979420185089111,0.0,1750359,0.7374489903450012,0.7374489903450012,0.2746509611606598
11-11-1982,0.7176949977874756,0.0,588516,0.7440329790115356,0.7374489903450012,0.2746509611606598
12-11-1982,0.7111110091209412,0.0,375891,0.7407410144805908,0.7209879755973816,0.2685204744338989
15-11-1982,0.6781889796257019,0.0,432844,0.7111110091209412,0.7078189849853516,0.2636156976222992
16-11-1982,0.661728024482727,0.0,235406,0.6979420185089111,0.6683130264282227,0.24890242516994476
17-11-1982,0.6683130264282227,0.0,558141,0.7407410144805908,0.7341560125350952,0.27342456579208374
18-11-1982,0.7440329790115356,0.0,1021359,0.8164610266685486,0.8065840005874634,0.3003990650177002
19-11-1982,0.7934160232543945,0.0,482203,0.8065840005874634,0.7967079877853394,0.2967210114002228
22-11-1982,0.7604939937591553,0.0,349313,0.7934160232543945,0.7604939937591553,0.2832338809967041
23-11-1982,0.7341560125350952,0.0,565734,0.8164610266685486,0.8164610266685486,0.30407777428627014
24-11-1982,0.7572020292282104,0.0,831516,0.8065840005874634,0.7835389971733093,0.2918165922164917
26-11-1982,0.7769550085067749,0.0,440438,0.7868310213088989,0.7802469730377197,0.29059046506881714
29-11-1982,0.7176949977874756,0.0,512578,0.7637860178947449,0.7308639883995056,0.272198349237442
30-11-1982,0.6913579702377319,0.0,489797,0.7506170272827148,0.7506170272827148,0.2795552611351013
01-12-1982,0.7572020292282104,0.0,417656,0.7802469730377197,0.7802469730377197,0.29059046506881714
02-12-1982,0.7736629843711853,0.0,87328,0.7835389971733093,0.7802469730377197,0.29059046506881714
03-12-1982,0.7440329790115356,0.0,178453,0.7835389971733093,0.7440329790115356,0.2771029770374298
06-12-1982,0.7506170272827148,0.0,140484,0.7670779824256897,0.7637860178947449,0.2844599187374115
07-12-1982,0.7703700065612793,0.0,356906,0.7901229858398438,0.7835389971733093,0.2918165922164917
08-12-1982,0.7111110091209412,0.0,322734,0.7769550085067749,0.7111110091209412,0.26484182476997375
09-12-1982,0.661728024482727,0.0,546750,0.7111110091209412,0.6946499943733215,0.2587112784385681
10-12-1982,0.6584360003471375,0.0,227813,0.6946499943733215,0.6584360003471375,0.24522368609905243
13-12-1982,0.6057609915733337,0.0,607500,0.6847739815711975,0.6847739815711975,0.25503307580947876
14-12-1982,0.6584360003471375,0.0,318938,0.7045270204544067,0.6584360003471375,0.24522368609905243
15-12-1982,0.6419749855995178,0.0,98719,0.6584360003471375,0.6452670097351074,0.240319162607193
16-12-1982,0.638683021068573,0.0,22781,0.6419749855995178,0.6419749855995178,0.23909327387809753
17-12-1982,0.6452670097351074,0.0,3797,0.6452670097351074,0.6452670097351074,0.240319162607193
20-12-1982,0.6485599875450134,0.0,15188,0.6485599875450134,0.6485599875450134,0.2415456622838974
21-12-1982,0.6452670097351074,0.0,64547,0.6485599875450134,0.6485599875450134,0.2415456622838974
22-12-1982,0.6584360003471375,0.0,64547,0.661728024482727,0.661728024482727,0.246449813246727
23-12-1982,0.6781889796257019,0.0,75938,0.7012349963188171,0.6946499943733215,0.2587112784385681
27-12-1982,0.6880660057067871,0.0,60750,0.6913579702377319,0.6913579702377319,0.2574852406978607
28-12-1982,0.651852011680603,0.0,224016,0.6847739815711975,0.6551439762115479,0.2439977526664734
29-12-1982,0.6584360003471375,0.0,18984,0.661728024482727,0.661728024482727,0.246449813246727
30-12-1982,0.6485599875450134,0.0,56953,0.6683130264282227,0.6485599875450134,0.2415456622838974
31-12-1982,0.638683021068573,0.0,53156,0.6485599875450134,0.638683021068573,0.23786704242229462
03-01-1983,0.638683021068573,0.0,26578,0.638683021068573,0.638683021068573,0.23786704242229462
04-01-1983,0.628807008266449,0.0,159469,0.638683021068573,0.638683021068573,0.23786704242229462
05-01-1983,0.6452670097351074,0.0,68344,0.6551439762115479,0.6485599875450134,0.2415456622838974
06-01-1983,0.6551439762115479,0.0,18984,0.6584360003471375,0.6551439762115479,0.2439977526664734
07-01-1983,0.6584360003471375,0.0,83531,0.6748970150947571,0.6683130264282227,0.24890242516994476
10-01-1983,0.661728024482727,0.0,75938,0.6650210022926331,0.661728024482727,0.246449813246727
11-01-1983,0.6650210022926331,0.0,3797,0.6650210022926331,0.6650210022926331,0.247676283121109
12-01-1983,0.6584360003471375,0.0,64547,0.6650210022926331,0.6584360003471375,0.24522368609905243
13-01-1983,0.651852011680603,0.0,129094,0.6650210022926331,0.661728024482727,0.246449813246727
14-01-1983,0.6781889796257019,0.0,448031,0.7506170272827148,0.7440329790115356,0.2771029770374298
17-01-1983,0.7407410144805908,0.0,235406,0.7572020292282104,0.7440329790115356,0.2771029770374298
18-01-1983,0.7374489903450012,0.0,132891,0.7473250031471252,0.7473250031471252,0.2783292233943939
19-01-1983,0.7374489903450012,0.0,91125,0.7473250031471252,0.7473250031471252,0.2783292233943939
20-01-1983,0.7374489903450012,0.0,53156,0.7506170272827148,0.7374489903450012,0.2746509611606598
21-01-1983,0.7374489903450012,0.7374489903450012,0,0.7374489903450012,0.7374489903450012,0.2746509611606598
24-01-1983,0.7111110091209412,0.0,117703,0.7242799997329712,0.7242799997329712,0.269746333360672
25-01-1983,0.7111110091209412,0.0,41766,0.7209879755973816,0.7176949977874756,0.29589104652404785
26-01-1983,0.7242799997329712,0.0,56953,0.7374489903450012,0.7374489903450012,0.30403536558151245
27-01-1983,0.7341560125350952,0.0,26578,0.7407410144805908,0.7407410144805908,0.3053925931453705
28-01-1983,0.7473250031471252,0.0,22781,0.7506170272827148,0.7506170272827148,0.3094642758369446
31-01-1983,0.7506170272827148,0.0,68344,0.7604939937591553,0.7506170272827148,0.3094642758369446
01-02-1983,0.7407410144805908,0.0,106313,0.7506170272827148,0.7407410144805908,0.3053925931453705
02-02-1983,0.7407410144805908,0.7407410144805908,0,0.7407410144805908,0.7407410144805908,0.3053925931453705
03-02-1983,0.7473250031471252,0.0,15188,0.7506170272827148,0.7506170272827148,0.3094642758369446
04-02-1983,0.7407410144805908,0.0,117703,0.7572020292282104,0.7440329790115356,0.30674949288368225
07-02-1983,0.7407410144805908,0.0,49359,0.7506170272827148,0.7440329790115356,0.30674949288368225
08-02-1983,0.7506170272827148,0.0,106313,0.7703700065612793,0.7572020292282104,0.3121790885925293
09-02-1983,0.7637860178947449,0.0,356906,0.823045015335083,0.823045015335083,0.3393250107765198
10-02-1983,0.7967079877853394,0.0,113906,0.8164610266685486,0.7967079877853394,0.32846659421920776
11-02-1983,0.7802469730377197,0.0,227813,0.8032919764518738,0.7901229858398438,0.3257516920566559
14-02-1983,0.7934160232543945,0.0,64547,0.8032919764518738,0.800000011920929,0.3298237919807434
15-02-1983,0.7901229858398438,0.0,254391,0.8032919764518738,0.800000011920929,0.3298237919807434
16-02-1983,0.8032919764518738,0.0,79734,0.8263369798660278,0.8197529911994934,0.33796772360801697
17-02-1983,0.8098769783973694,0.0,144281,0.8263369798660278,0.8263369798660278,0.3406819701194763
18-02-1983,0.8263369798660278,0.0,94922,0.836214005947113,0.836214005947113,0.3447541296482086
22-02-1983,0.8543210029602051,0.0,87328,0.8839510083198547,0.8543210029602051,0.35221919417381287
23-02-1983,0.8444439768791199,0.0,111375,0.8938270211219788,0.8839510083198547,0.36443525552749634
24-02-1983,0.8740739822387695,0.0,260719,0.9481480121612549,0.9481480121612549,0.39090219140052795
25-02-1983,0.9234570264816284,0.0,129094,0.9580249786376953,0.9234570264816284,0.3807225823402405
28-02-1983,0.9135800004005432,0.0,55688,0.9283949732780457,0.9135800004005432,0.3766506016254425
01-03-1983,0.8592590093612671,0.0,225281,0.8938270211219788,0.8641980290412903,0.3562913239002228
02-03-1983,0.8493829965591431,0.0,65813,0.8691359758377075,0.8691359758377075,0.35832712054252625
03-03-1983,0.8740739822387695,0.0,116438,0.9333329796791077,0.9185190200805664,0.37868690490722656
04-03-1983,0.9185190200805664,0.0,65813,0.9333329796791077,0.9234570264816284,0.3807225823402405
07-03-1983,0.9037039875984192,0.0,58219,0.9086419939994812,0.9086419939994812,0.3746148347854614
08-03-1983,0.8987650275230408,0.0,81000,0.9086419939994812,0.9037039875984192,0.37257879972457886
09-03-1983,0.8888890147209167,0.0,45563,0.9037039875984192,0.8888890147209167,0.36647093296051025
10-03-1983,0.8938270211219788,0.0,12656,0.9037039875984192,0.8938270211219788,0.36850666999816895
11-03-1983,0.8691359758377075,0.0,121500,0.9086419939994812,0.8938270211219788,0.36850666999816895
14-03-1983,0.8938270211219788,0.0,15188,0.9037039875984192,0.8938270211219788,0.36850666999816895
15-03-1983,0.8839510083198547,0.0,10125,0.8839510083198547,0.8839510083198547,0.36443525552749634
16-03-1983,0.8543210029602051,0.0,30375,0.8740739822387695,0.8543210029602051,0.35221919417381287
17-03-1983,0.8641980290412903,0.0,5063,0.8641980290412903,0.8641980290412903,0.3562913239002228
18-03-1983,0.8691359758377075,0.0,5063,0.8691359758377075,0.8691359758377075,0.35832712054252625
21-03-1983,0.8592590093612671,0.0,12656,0.8691359758377075,0.8691359758377075,0.35832712054252625
22-03-1983,0.8641980290412903,0.0,32906,0.8740739822387695,0.8641980290412903,0.3562913239002228
23-03-1983,0.8691359758377075,0.0,22781,0.8740739822387695,0.8691359758377075,0.35832712054252625
24-03-1983,0.8592590093612671,0.0,60750,0.8790119886398315,0.8790119886398315,0.36239883303642273
25-03-1983,0.8888890147209167,0.0,45563,0.8938270211219788,0.8938270211219788,0.36850666999816895
28-03-1983,0.8888890147209167,0.0,48094,0.9086419939994812,0.9037039875984192,0.37257879972457886
29-03-1983,0.8987650275230408,0.0,12656,0.9086419939994812,0.9086419939994812,0.3746148347854614
30-03-1983,0.9234570264816284,0.0,197438,0.9432100057601929,0.9432100057601929,0.3888664245605469
31-03-1983,0.9481480121612549,0.0,73406,0.9777780175209045,0.9679009914398193,0.3990459442138672
04-04-1983,0.9580249786376953,0.0,273375,1.0172840356826782,1.0172840356826782,0.41940563917160034
05-04-1983,1.0074069499969482,0.0,151875,1.0419750213623047,1.0419750213623047,0.42958536744117737
06-04-1983,1.0419750213623047,0.0,225281,1.101235032081604,1.0864200592041016,0.4479089081287384
07-04-1983,1.096295952796936,0.0,162000,1.11604905128479,1.096295952796936,0.4519806206226349
08-04-1983,1.0765429735183716,0.0,20250,1.101235032081604,1.0765429735183716,0.4438367784023285
11-04-1983,1.0666669607162476,0.0,48094,1.0814809799194336,1.0666669607162476,0.4397652745246887
12-04-1983,1.0666669607162476,0.0,25313,1.0814809799194336,1.0765429735183716,0.4438367784023285
13-04-1983,1.0666669607162476,0.0,73406,1.0814809799194336,1.0666669607162476,0.4397652745246887
14-04-1983,1.0716049671173096,0.0,2531,1.0716049671173096,1.0716049671173096,0.441800981760025
15-04-1983,1.0666669607162476,0.0,205031,1.0864200592041016,1.0864200592041016,0.4479089081287384
18-04-1983,1.0617280006408691,0.0,75938,1.0765429735183716,1.0617280006408691,0.4377288818359375
19-04-1983,1.0567899942398071,0.0,48094,1.0765429735183716,1.0716049671173096,0.441800981760025
20-04-1983,1.0765429735183716,0.0,30375,1.096295952796936,1.096295952796936,0.48356857895851135
21-04-1983,1.1209880113601685,0.0,81000,1.1308640241622925,1.1259260177612305,0.49663853645324707
22-04-1983,1.1259260177612305,0.0,32906,1.145678997039795,1.145678997039795,0.5053511261940002
25-04-1983,1.1358020305633545,0.0,40500,1.150617003440857,1.145678997039795,0.5053511261940002
26-04-1983,1.1259260177612305,0.0,20250,1.1358020305633545,1.1259260177612305,0.49663853645324707
27-04-1983,1.0271600484848022,0.0,192375,1.0864200592041016,1.046913981437683,0.4617865979671478
28-04-1983,1.0271600484848022,0.0,86063,1.0567899942398071,1.0320990085601807,0.4552518129348755
29-04-1983,1.0271600484848022,0.0,43031,1.0518519878387451,1.0271600484848022,0.45307329297065735
02-05-1983,1.0024689435958862,0.0,111375,1.0271600484848022,1.0024689435958862,0.44218209385871887
03-05-1983,0.9728400111198425,0.0,35438,0.997530996799469,0.9728400111198425,0.42911335825920105
04-05-1983,0.9580249786376953,0.0,116438,0.9728400111198425,0.9629629850387573,0.4247559607028961
05-05-1983,0.9629629850387573,0.0,131625,0.9777780175209045,0.9777780175209045,0.43129128217697144
06-05-1983,0.9728400111198425,0.0,136688,0.9827160239219666,0.9728400111198425,0.42911335825920105
09-05-1983,0.9629629850387573,0.0,278438,1.0419750213623047,1.0419750213623047,0.4596080482006073
10-05-1983,1.0271600484848022,0.0,32906,1.0419750213623047,1.0419750213623047,0.4596080482006073
11-05-1983,1.0518519878387451,0.0,73406,1.0814809799194336,1.0518519878387451,0.4639647305011749
12-05-1983,1.0567899942398071,0.0,45563,1.0716049671173096,1.0567899942398071,0.46614280343055725
13-05-1983,1.046913981437683,0.0,146813,1.106173038482666,1.106173038482666,0.48792538046836853
16-05-1983,1.096295952796936,0.0,55688,1.106173038482666,1.096295952796936,0.48356857895851135
17-05-1983,1.106173038482666,0.0,30375,1.106173038482666,1.106173038482666,0.48792538046836853
18-05-1983,1.111111044883728,0.0,32906,1.111111044883728,1.111111044883728,0.49010324478149414
19-05-1983,1.111111044883728,0.0,116438,1.1358020305633545,1.1308640241622925,0.49881595373153687
20-05-1983,1.111111044883728,0.0,179719,1.1358020305633545,1.1209880113601685,0.49446022510528564
23-05-1983,1.111111044883728,0.0,50625,1.140740990638733,1.111111044883728,0.49010324478149414
24-05-1983,1.096295952796936,0.0,15188,1.101235032081604,1.096295952796936,0.48356857895851135
25-05-1983,1.0864200592041016,0.0,22781,1.0864200592041016,1.0864200592041016,0.47921234369277954
26-05-1983,1.0765429735183716,0.0,58219,1.0864200592041016,1.0864200592041016,0.47921234369277954
27-05-1983,1.0864200592041016,0.0,20250,1.101235032081604,1.101235032081604,0.48574718832969666
31-05-1983,1.101235032081604,1.101235032081604,0,1.101235032081604,1.101235032081604,0.48574718832969666
01-06-1983,1.0864200592041016,0.0,108844,1.091357946395874,1.091357946395874,0.4813903272151947
02-06-1983,1.0567899942398071,0.0,86063,1.096295952796936,1.0617280006408691,0.4683210849761963
03-06-1983,1.0617280006408691,0.0,37969,1.0666669607162476,1.0666669607162476,0.4704993963241577
06-06-1983,1.046913981437683,0.0,15188,1.0666669607162476,1.046913981437683,0.4617865979671478
07-06-1983,1.0320990085601807,0.0,17719,1.0518519878387451,1.0370370149612427,0.4574296772480011
08-06-1983,1.0222220420837402,0.0,22781,1.0320990085601807,1.0222220420837402,0.4508951008319855
09-06-1983,1.0172840356826782,0.0,78469,1.0271600484848022,1.0172840356826782,0.4487168788909912
10-06-1983,1.0271600484848022,0.0,55688,1.0370370149612427,1.0320990085601807,0.4552518129348755
13-06-1983,1.0419750213623047,0.0,22781,1.046913981437683,1.046913981437683,0.4617865979671478
14-06-1983,1.0567899942398071,0.0,63281,1.106173038482666,1.106173038482666,0.48792538046836853
15-06-1983,1.101235032081604,0.0,70875,1.1209880113601685,1.101235032081604,0.48574718832969666
16-06-1983,1.091357946395874,0.0,65813,1.106173038482666,1.106173038482666,0.48792538046836853
17-06-1983,1.096295952796936,0.0,27844,1.111111044883728,1.096295952796936,0.48356857895851135
20-06-1983,1.096295952796936,0.0,20250,1.11604905128479,1.11604905128479,0.49228155612945557
21-06-1983,1.106173038482666,0.0,22781,1.1259260177612305,1.106173038482666,0.48792538046836853
22-06-1983,1.0814809799194336,0.0,35438,1.096295952796936,1.096295952796936,0.48356857895851135
23-06-1983,1.111111044883728,0.0,30375,1.11604905128479,1.11604905128479,0.49228155612945557
24-06-1983,1.145678997039795,0.0,73406,1.1555559635162354,1.145678997039795,0.5053511261940002
27-06-1983,1.1604939699172974,0.0,68344,1.1753089427947998,1.1753089427947998,0.5184206962585449
28-06-1983,1.1851849555969238,0.0,134156,1.2395060062408447,1.2246910333633423,0.5402027368545532
29-06-1983,1.2049380540847778,0.0,131625,1.2345679998397827,1.2345679998397827,0.5445595979690552
30-06-1983,1.2345679998397827,0.0,63281,1.2740739583969116,1.2740739583969116,0.5619852542877197
01-07-1983,1.303704023361206,0.0,58219,1.3333330154418945,1.3333330154418945,0.58812415599823
05-07-1983,1.353085994720459,0.0,27844,1.3580249547958374,1.3580249547958374,0.5990151762962341
06-07-1983,1.3234570026397705,0.0,182250,1.343209981918335,1.338271975517273,0.5903024673461914
07-07-1983,1.343209981918335,0.0,27844,1.353085994720459,1.353085994720459,0.5968366265296936
08-07-1983,1.338271975517273,0.0,10125,1.348147988319397,1.348147988319397,0.5946592688560486
11-07-1983,1.353085994720459,0.0,10125,1.353085994720459,1.353085994720459,0.5968366265296936
12-07-1983,1.353085994720459,0.0,40500,1.3728400468826294,1.353085994720459,0.5968366265296936
13-07-1983,1.31358003616333,0.0,78469,1.343209981918335,1.338271975517273,0.5903024673461914
14-07-1983,1.3580249547958374,0.0,296156,1.4617279767990112,1.4617279767990112,0.6447577476501465
15-07-1983,1.4469139575958252,0.0,225281,1.4716049432754517,1.4567899703979492,0.6425797343254089
18-07-1983,1.4419749975204468,0.0,22781,1.4518519639968872,1.4419749975204468,0.6360452771186829
19-07-1983,1.4419749975204468,0.0,27844,1.4518519639968872,1.4469139575958252,0.6382238864898682
20-07-1983,1.4123460054397583,0.0,60750,1.4370369911193848,1.4222220182418823,0.6273327469825745
21-07-1983,1.3827159404754639,0.0,60750,1.4222220182418823,1.3876539468765259,0.612084686756134
22-07-1983,1.3728400468826294,0.0,45563,1.3925930261611938,1.3728400468826294,0.6055505871772766
25-07-1983,1.343209981918335,0.0,60750,1.3580249547958374,1.3580249547958374,0.5990151762962341
26-07-1983,1.348147988319397,0.0,2531,1.348147988319397,1.348147988319397,0.5946592688560486
27-07-1983,1.348147988319397,0.0,35438,1.3629629611968994,1.3629629611968994,0.6291961669921875
28-07-1983,1.3629629611968994,0.0,91125,1.3728400468826294,1.3629629611968994,0.6291961669921875
29-07-1983,1.353085994720459,0.0,27844,1.3580249547958374,1.3580249547958374,0.626916229724884
01-08-1983,1.3234570026397705,0.0,37969,1.343209981918335,1.3234570026397705,0.6109585165977478
02-08-1983,1.2641979455947876,0.0,65813,1.31358003616333,1.2740739583969116,0.5881617069244385
03-08-1983,1.2345679998397827,0.0,113906,1.2790119647979736,1.2790119647979736,0.5904412865638733
04-08-1983,1.2444440126419067,0.0,43031,1.2691359519958496,1.2444440126419067,0.5744833946228027
05-08-1983,1.2543209791183472,0.0,15188,1.2543209791183472,1.2543209791183472,0.5790426731109619
08-08-1983,1.2444440126419067,0.0,40500,1.2641979455947876,1.2543209791183472,0.5790426731109619
09-08-1983,1.2444440126419067,0.0,15188,1.2493829727172852,1.2444440126419067,0.5744833946228027
10-08-1983,1.2543209791183472,0.0,10125,1.2592589855194092,1.2592589855194092,0.5813223123550415
11-08-1983,1.2592589855194092,0.0,17719,1.2691359519958496,1.2691359519958496,0.5858821272850037
12-08-1983,1.2740739583969116,0.0,50625,1.303704023361206,1.303704023361206,0.6018399596214294
15-08-1983,1.2938270568847656,0.0,15188,1.303704023361206,1.2938270568847656,0.5972804427146912
16-08-1983,1.2938270568847656,0.0,10125,1.303704023361206,1.303704023361206,0.6018399596214294
17-08-1983,1.308642029762268,0.0,12656,1.31358003616333,1.31358003616333,0.6063989400863647
18-08-1983,1.31358003616333,0.0,22781,1.3234570026397705,1.3185189962387085,0.6086790561676025
19-08-1983,1.2888890504837036,0.0,30375,1.298764944076538,1.2938270568847656,0.5972804427146912
22-08-1983,1.3111109733581543,0.0,62438,1.4074070453643799,1.3925930261611938,0.6428745985031128
23-08-1983,1.399999976158142,0.0,15188,1.4222220182418823,1.4222220182418823,0.6565526723861694
24-08-1983,1.4296300411224365,0.0,50625,1.459259033203125,1.4370369911193848,0.6633915901184082
25-08-1983,1.4296300411224365,0.0,11813,1.4518519639968872,1.4296300411224365,0.659972071647644
26-08-1983,1.3925930261611938,0.0,52313,1.4148149490356445,1.4148149490356445,0.6531329154968262
29-08-1983,1.4222220182418823,0.0,96188,1.4370369911193848,1.4370369911193848,0.6633915901184082
30-08-1983,1.4518519639968872,0.0,10125,1.4666670560836792,1.459259033203125,0.6736503839492798
31-08-1983,1.4740740060806274,0.0,37125,1.4814809560775757,1.4814809560775757,0.6839086413383484
01-09-1983,1.459259033203125,0.0,10125,1.4814809560775757,1.459259033203125,0.6736503839492798
02-09-1983,1.4740740060806274,0.0,25313,1.4814809560775757,1.4814809560775757,0.6839086413383484
06-09-1983,1.4370369911193848,0.0,87750,1.4814809560775757,1.444443941116333,0.6668111085891724
07-09-1983,1.4222220182418823,0.0,121500,1.4518519639968872,1.4296300411224365,0.659972071647644
08-09-1983,1.4222220182418823,0.0,59063,1.4370369911193848,1.4370369911193848,0.6633915901184082
09-09-1983,1.4222220182418823,0.0,92813,1.4518519639968872,1.4222220182418823,0.6565526723861694
12-09-1983,1.4296300411224365,0.0,15188,1.444443941116333,1.4296300411224365,0.659972071647644
13-09-1983,1.4370369911193848,0.0,1688,1.4370369911193848,1.4370369911193848,0.6633915901184082
14-09-1983,1.4370369911193848,0.0,3375,1.4370369911193848,1.4370369911193848,0.6633915901184082
15-09-1983,1.4222220182418823,0.0,5063,1.4370369911193848,1.4222220182418823,0.6565526723861694
16-09-1983,1.4296300411224365,0.0,21938,1.4518519639968872,1.4518519639968872,0.6702308654785156
19-09-1983,1.459259033203125,0.0,91125,1.4814809560775757,1.4814809560775757,0.6839086413383484
20-09-1983,1.4962960481643677,0.0,54000,1.5703699588775635,1.5703699588775635,0.7249431610107422
21-09-1983,1.5851850509643555,0.0,197438,1.651852011680603,1.5851850509643555,0.7317825555801392
22-09-1983,1.5777779817581177,0.0,27000,1.5925929546356201,1.5851850509643555,0.7317825555801392
23-09-1983,1.5703699588775635,0.0,32063,1.5925929546356201,1.5925929546356201,0.7352020144462585
26-09-1983,1.5703699588775635,0.0,25313,1.5925929546356201,1.5703699588775635,0.7249431610107422
27-09-1983,1.5703699588775635,0.0,21938,1.5777779817581177,1.5703699588775635,0.7249431610107422
28-09-1983,1.540740966796875,0.0,32063,1.555556058883667,1.540740966796875,0.711265504360199
29-09-1983,1.540740966796875,0.0,20250,1.5481480360031128,1.5481480360031128,0.7146846055984497
30-09-1983,1.540740966796875,0.0,10125,1.555556058883667,1.555556058883667,0.7181046009063721
03-10-1983,1.5259259939193726,0.0,10125,1.5333329439163208,1.5259259939193726,0.7044258713722229
04-10-1983,1.5259259939193726,0.0,11813,1.5259259939193726,1.5259259939193726,0.7044258713722229
05-10-1983,1.5111110210418701,0.0,13500,1.5259259939193726,1.5111110210418701,0.6975868940353394
06-10-1983,1.4814809560775757,0.0,25313,1.5185190439224243,1.4814809560775757,0.6839086413383484
07-10-1983,1.4222220182418823,0.0,560250,1.4296300411224365,1.4222220182418823,0.6565526723861694
10-10-1983,1.4296300411224365,0.0,82688,1.4296300411224365,1.4296300411224365,0.659972071647644
11-10-1983,1.3555560111999512,0.0,102938,1.4296300411224365,1.3629629611968994,0.6291961669921875
12-10-1983,1.303704023361206,0.0,264938,1.3629629611968994,1.303704023361206,0.6018399596214294
13-10-1983,1.2444440126419067,0.0,286875,1.3185189962387085,1.3185189962387085,0.6086790561676025
14-10-1983,1.348147988319397,0.0,119813,1.4074070453643799,1.4074070453643799,0.6497131586074829
17-10-1983,1.399999976158142,0.0,113063,1.4296300411224365,1.4074070453643799,0.6497131586074829
18-10-1983,1.3925930261611938,0.0,55688,1.4370369911193848,1.4370369911193848,0.6633915901184082
19-10-1983,1.3925930261611938,0.0,70875,1.4296300411224365,1.3925930261611938,0.6428745985031128
20-10-1983,1.3777780532836914,0.0,94500,1.4222220182418823,1.3777780532836914,0.6360353827476501
21-10-1983,1.3777780532836914,0.0,38813,1.4148149490356445,1.3777780532836914,0.6360353827476501
24-10-1983,1.348147988319397,0.0,37125,1.3777780532836914,1.348147988319397,0.6223574876785278
25-10-1983,1.3259259462356567,0.0,104625,1.3925930261611938,1.3629629611968994,0.6291961669921875
26-10-1983,1.3629629611968994,0.0,101250,1.3925930261611938,1.3777780532836914,0.6653240323066711
27-10-1983,1.3333330154418945,0.0,77625,1.3777780532836914,1.3333330154418945,0.6438618898391724
28-10-1983,1.3851850032806396,0.0,48938,1.3925930261611938,1.3851850032806396,0.668900728225708
31-10-1983,1.3777780532836914,0.0,121500,1.3925930261611938,1.3777780532836914,0.6653240323066711
01-11-1983,1.3703700304031372,0.0,8438,1.3777780532836914,1.3777780532836914,0.6653240323066711
02-11-1983,1.3777780532836914,0.0,74250,1.3851850032806396,1.3851850032806396,0.668900728225708
03-11-1983,1.3925930261611938,0.0,59063,1.3925930261611938,1.3925930261611938,0.672478437423706
04-11-1983,1.3925930261611938,0.0,173813,1.3925930261611938,1.3925930261611938,0.672478437423706
07-11-1983,1.3851850032806396,0.0,16875,1.399999976158142,1.3851850032806396,0.668900728225708
08-11-1983,1.3925930261611938,0.0,204188,1.4148149490356445,1.3925930261611938,0.672478437423706
09-11-1983,1.4222220182418823,0.0,86063,1.4296300411224365,1.4296300411224365,0.6903632879257202
10-11-1983,1.4370369911193848,0.0,37125,1.4370369911193848,1.4370369911193848,0.6939398050308228
11-11-1983,1.4222220182418823,0.0,54000,1.4518519639968872,1.4222220182418823,0.6867862939834595
14-11-1983,1.399999976158142,0.0,96188,1.4074070453643799,1.4074070453643799,0.679631769657135
15-11-1983,1.3925930261611938,0.0,50625,1.4074070453643799,1.3925930261611938,0.672478437423706
16-11-1983,1.3777780532836914,0.0,175500,1.4074070453643799,1.3777780532836914,0.6653240323066711
17-11-1983,1.3629629611968994,0.0,32063,1.3703700304031372,1.3629629611968994,0.6581698656082153
18-11-1983,1.3629629611968994,0.0,18563,1.3851850032806396,1.3851850032806396,0.668900728225708
21-11-1983,1.3851850032806396,0.0,77625,1.4222220182418823,1.4074070453643799,0.679631769657135
22-11-1983,1.3777780532836914,0.0,25313,1.399999976158142,1.3777780532836914,0.6653240323066711
23-11-1983,1.3851850032806396,0.0,280125,1.4074070453643799,1.4074070453643799,0.679631769657135
25-11-1983,1.3925930261611938,0.0,15188,1.4074070453643799,1.399999976158142,0.6760550737380981
28-11-1983,1.4074070453643799,0.0,129938,1.4222220182418823,1.4148149490356445,0.6832093596458435
29-11-1983,1.4074070453643799,0.0,32063,1.4296300411224365,1.4074070453643799,0.679631769657135
30-11-1983,1.3925930261611938,0.0,55688,1.4222220182418823,1.4074070453643799,0.679631769657135
01-12-1983,1.3851850032806396,0.0,69188,1.399999976158142,1.399999976158142,0.6760550737380981
02-12-1983,1.399999976158142,0.0,38813,1.4074070453643799,1.4074070453643799,0.679631769657135
05-12-1983,1.3851850032806396,0.0,48938,1.4074070453643799,1.3851850032806396,0.668900728225708
06-12-1983,1.4074070453643799,0.0,119813,1.4148149490356445,1.4148149490356445,0.6832093596458435
07-12-1983,1.3925930261611938,0.0,28688,1.4222220182418823,1.3925930261611938,0.672478437423706
08-12-1983,1.4074070453643799,0.0,28688,1.4148149490356445,1.4148149490356445,0.6832093596458435
09-12-1983,1.4370369911193848,0.0,205875,1.4740740060806274,1.4666670560836792,0.7082487344741821
12-12-1983,1.5333329439163208,0.0,371250,1.5925929546356201,1.5481480360031128,0.7475951313972473
13-12-1983,1.5629630088806152,0.0,320625,1.5925929546356201,1.5851850509643555,0.7654803395271301
14-12-1983,1.5259259939193726,0.0,202500,1.5703699588775635,1.540740966796875,0.7440184354782104
15-12-1983,1.5111110210418701,0.0,81000,1.540740966796875,1.540740966796875,0.7440184354782104
16-12-1983,1.540740966796875,0.0,173813,1.5851850509643555,1.5851850509643555,0.7654803395271301
19-12-1983,1.5703699588775635,0.0,124875,1.600000023841858,1.600000023841858,0.7726346254348755
20-12-1983,1.600000023841858,0.0,96188,1.6222219467163086,1.6222219467163086,0.7833651304244995
21-12-1983,1.600000023841858,0.0,79313,1.6222219467163086,1.600000023841858,0.7726346254348755
22-12-1983,1.5777779817581177,0.0,128250,1.600000023841858,1.5851850509643555,0.7654803395271301
23-12-1983,1.600000023841858,0.0,65813,1.6222219467163086,1.6148149967193604,0.7797888517379761
27-12-1983,1.600000023841858,0.0,82688,1.6592589616775513,1.6444439888000488,0.7940966486930847
28-12-1983,1.6592589616775513,0.0,67500,1.6666669845581055,1.6592589616775513,0.8012503981590271
29-12-1983,1.6444439888000488,0.0,37125,1.6592589616775513,1.6444439888000488,0.7940966486930847
30-12-1983,1.600000023841858,0.0,59063,1.6444439888000488,1.600000023841858,0.7726346254348755
03-01-1984,1.5851850509643555,0.0,47250,1.600000023841858,1.600000023841858,0.7726346254348755
04-01-1984,1.5851850509643555,0.0,32063,1.600000023841858,1.5925929546356201,0.7690575122833252
05-01-1984,1.540740966796875,0.0,114750,1.6222219467163086,1.540740966796875,0.7440184354782104
06-01-1984,1.540740966796875,0.0,217688,1.5703699588775635,1.540740966796875,0.7440184354782104
09-01-1984,1.5333329439163208,0.0,33750,1.5481480360031128,1.5333329439163208,0.740440845489502
10-01-1984,1.5333329439163208,0.0,43875,1.540740966796875,1.540740966796875,0.7440184354782104
11-01-1984,1.5037039518356323,0.0,23625,1.5259259939193726,1.5037039518356323,0.726133406162262
12-01-1984,1.4222220182418823,0.0,207563,1.4962960481643677,1.4222220182418823,0.6867862939834595
13-01-1984,1.3629629611968994,0.0,210938,1.4296300411224365,1.4074070453643799,0.679631769657135
16-01-1984,1.3777780532836914,0.0,128250,1.5259259939193726,1.5259259939193726,0.7368646264076233
17-01-1984,1.5481480360031128,0.0,124875,1.6222219467163086,1.5925929546356201,0.7690575122833252
18-01-1984,1.600000023841858,0.0,156938,1.6222219467163086,1.6074069738388062,0.7762113213539124
19-01-1984,1.540740966796875,0.0,111375,1.6148149967193604,1.540740966796875,0.7440184354782104
20-01-1984,1.459259033203125,0.0,55688,1.5111110210418701,1.4740740060806274,0.7118251919746399
23-01-1984,1.5259259939193726,0.0,153563,1.5481480360031128,1.540740966796875,0.7440184354782104
24-01-1984,1.540740966796875,0.0,64125,1.555556058883667,1.540740966796875,0.7741663455963135
25-01-1984,1.5481480360031128,0.0,25313,1.5703699588775635,1.555556058883667,0.7816097736358643
26-01-1984,1.540740966796875,0.0,146813,1.5703699588775635,1.540740966796875,0.7741663455963135
27-01-1984,1.5481480360031128,0.0,15188,1.555556058883667,1.5481480360031128,0.7778878808021545
30-01-1984,1.540740966796875,0.0,391500,1.5777779817581177,1.540740966796875,0.7741663455963135
31-01-1984,1.4814809560775757,0.0,102938,1.5185190439224243,1.4962960481643677,0.7518338561058044
01-02-1984,1.4814809560775757,0.0,23625,1.4814809560775757,1.4814809560775757,0.7443901896476746
02-02-1984,1.4222220182418823,0.0,175500,1.4740740060806274,1.4740740060806274,0.7406685948371887
03-02-1984,1.4666670560836792,0.0,81000,1.540740966796875,1.540740966796875,0.7741663455963135
06-02-1984,1.4888889789581299,0.0,62438,1.5185190439224243,1.5037039518356323,0.7555561661720276
07-02-1984,1.4888889789581299,0.0,84375,1.5185190439224243,1.4888889789581299,0.7481123805046082
08-02-1984,1.4666670560836792,0.0,55688,1.5037039518356323,1.4666670560836792,0.7369468212127686
09-02-1984,1.444443941116333,0.0,113063,1.4962960481643677,1.4814809560775757,0.7443901896476746
10-02-1984,1.4962960481643677,0.0,131625,1.540740966796875,1.540740966796875,0.7741663455963135
13-02-1984,1.5259259939193726,0.0,151875,1.5703699588775635,1.5333329439163208,0.7704437971115112
14-02-1984,1.4814809560775757,0.0,283500,1.540740966796875,1.5185190439224243,0.7630004286766052
15-02-1984,1.4888889789581299,0.0,69188,1.5185190439224243,1.4962960481643677,0.7518338561058044
16-02-1984,1.4888889789581299,0.0,116438,1.5111110210418701,1.5037039518356323,0.7555561661720276
17-02-1984,1.4962960481643677,0.0,75938,1.5111110210418701,1.4962960481643677,0.7518338561058044
21-02-1984,1.4814809560775757,0.0,194063,1.5037039518356323,1.5037039518356323,0.7555561661720276
22-02-1984,1.4814809560775757,0.0,124875,1.4962960481643677,1.4888889789581299,0.7481123805046082
23-02-1984,1.4666670560836792,0.0,91125,1.4962960481643677,1.4740740060806274,0.7406685948371887
24-02-1984,1.4518519639968872,0.0,43875,1.4740740060806274,1.459259033203125,0.7332243919372559
27-02-1984,1.4222220182418823,0.0,219375,1.4740740060806274,1.4222220182418823,0.7146151065826416
28-02-1984,1.4148149490356445,0.0,67500,1.4370369911193848,1.4222220182418823,0.7146151065826416
29-02-1984,1.4222220182418823,0.0,173813,1.4814809560775757,1.4814809560775757,0.7443901896476746
01-03-1984,1.4814809560775757,0.0,54000,1.4962960481643677,1.4814809560775757,0.7443901896476746
02-03-1984,1.4888889789581299,0.0,140063,1.5333329439163208,1.5333329439163208,0.7704437971115112
05-03-1984,1.5185190439224243,0.0,86063,1.5629630088806152,1.5629630088806152,0.7853320240974426
06-03-1984,1.5703699588775635,0.0,492750,1.5925929546356201,1.5851850509643555,0.7964979410171509
07-03-1984,1.555556058883667,0.0,167063,1.5851850509643555,1.5777779817581177,0.7927761077880859
08-03-1984,1.5481480360031128,0.0,202500,1.5629630088806152,1.5629630088806152,0.7853320240974426
09-03-1984,1.555556058883667,0.0,143438,1.5777779817581177,1.5703699588775635,0.7890539169311523
12-03-1984,1.5481480360031128,0.0,81000,1.5851850509643555,1.5629630088806152,0.7853320240974426
13-03-1984,1.5777779817581177,0.0,128250,1.5851850509643555,1.5777779817581177,0.7927761077880859
14-03-1984,1.5851850509643555,0.0,182250,1.5925929546356201,1.5925929546356201,0.8002198338508606
15-03-1984,1.5851850509643555,0.0,81000,1.600000023841858,1.600000023841858,0.8039418458938599
16-03-1984,1.6222219467163086,0.0,148500,1.6444439888000488,1.6296299695968628,0.8188300728797913
19-03-1984,1.6296299695968628,0.0,123188,1.651852011680603,1.6296299695968628,0.8188300728797913
20-03-1984,1.6370370388031006,0.0,32063,1.651852011680603,1.651852011680603,0.8299953937530518
21-03-1984,1.651852011680603,0.0,187313,1.7259260416030884,1.7185189723968506,0.8634933233261108
22-03-1984,1.6888890266418457,0.0,320625,1.748147964477539,1.7185189723968506,0.8634933233261108
23-03-1984,1.748147964477539,0.0,475875,1.8370369672775269,1.8370369672775269,0.923043966293335
26-03-1984,1.888888955116272,0.0,433688,1.955556035041809,1.9185190200805664,0.9639865159988403
27-03-1984,1.903704047203064,0.0,261563,1.9481480121612549,1.9185190200805664,0.9639865159988403
28-03-1984,1.807407021522522,0.0,621000,1.8814810514450073,1.8370369672775269,0.923043966293335
29-03-1984,1.807407021522522,0.0,62438,1.8370369672775269,1.8222219944000244,0.9155994653701782
30-03-1984,1.8296300172805786,0.0,141750,1.8814810514450073,1.8740739822387695,0.941653847694397
02-04-1984,1.8814810514450073,0.0,131625,1.9185190200805664,1.9185190200805664,0.9639865159988403
03-04-1984,1.9111109972000122,0.0,145125,1.940740942955017,1.9111109972000122,0.9602635502815247
04-04-1984,1.8962960243225098,0.0,75938,1.9333330392837524,1.9333330392837524,0.9714292287826538
05-04-1984,1.940740942955017,0.0,189000,1.9851850271224976,1.940740942955017,0.9751517176628113
06-04-1984,1.8814810514450073,0.0,119813,1.9703700542449951,1.888888955116272,0.9490980505943298
09-04-1984,1.8148150444030762,0.0,210938,1.888888955116272,1.8518520593643188,0.9304881691932678
10-04-1984,1.8296300172805786,0.0,74250,1.8740739822387695,1.8296300172805786,0.9193223118782043
11-04-1984,1.8370369672775269,0.0,594000,1.859259009361267,1.859259009361267,0.9342103600502014
12-04-1984,1.8814810514450073,0.0,52313,1.888888955116272,1.888888955116272,0.9490980505943298
13-04-1984,1.8740739822387695,0.0,35438,1.888888955116272,1.8814810514450073,0.945375382900238
16-04-1984,1.8740739822387695,0.0,261563,1.955556035041809,1.955556035041809,0.982595682144165
17-04-1984,1.9481480121612549,0.0,118125,1.9851850271224976,1.9703700542449951,0.9900385737419128
18-04-1984,1.9629629850387573,0.0,59063,2.014815092086792,2.014815092086792,1.0123711824417114
19-04-1984,2.0,0.0,121500,2.0592589378356934,2.0444440841674805,1.0587888956069946
23-04-1984,2.066667079925537,0.0,695250,2.1481480598449707,2.0888888835906982,1.0818060636520386
24-04-1984,2.0962960720062256,0.0,128250,2.1111109256744385,2.1111109256744385,1.0933146476745605
25-04-1984,2.1037039756774902,0.0,214313,2.1259260177612305,2.1185190677642822,1.0971516370773315
26-04-1984,2.1333329677581787,0.0,219375,2.1777780055999756,2.1407411098480225,1.1086598634719849
27-04-1984,2.1185190677642822,0.0,182250,2.1407411098480225,2.1333329677581787,1.1048234701156616
30-04-1984,2.1185190677642822,0.0,239625,2.1333329677581787,2.1333329677581787,1.1048234701156616
01-05-1984,2.0962960720062256,0.0,285188,2.1407411098480225,2.0962960720062256,1.0856419801712036
02-05-1984,2.0962960720062256,0.0,546750,2.170370101928711,2.1037039756774902,1.0894789695739746
03-05-1984,2.0888888835906982,0.0,151875,2.1333329677581787,2.1333329677581787,1.1048234701156616
04-05-1984,2.0962960720062256,0.0,688500,2.200000047683716,2.200000047683716,1.1393487453460693
07-05-1984,2.266666889190674,0.0,551813,2.3481481075286865,2.318519115447998,1.2007282972335815
08-05-1984,2.259258985519409,0.0,523125,2.3111109733581543,2.274074077606201,1.177711009979248
09-05-1984,2.1407411098480225,0.0,443813,2.2296299934387207,2.1777780055999756,1.1278408765792847
10-05-1984,2.1481480598449707,0.0,167063,2.200000047683716,2.1629629135131836,1.12016761302948
11-05-1984,2.1555559635162354,0.0,183938,2.1925930976867676,2.1629629135131836,1.12016761302948
14-05-1984,2.1629629135131836,0.0,82688,2.1925930976867676,2.1925930976867676,1.1355128288269043
15-05-1984,2.185184955596924,0.0,43875,2.1925930976867676,2.185184955596924,1.1316765546798706
16-05-1984,2.185184955596924,0.0,40500,2.1925930976867676,2.1925930976867676,1.1355128288269043
17-05-1984,2.185184955596924,0.0,185625,2.1925930976867676,2.1925930976867676,1.1355128288269043
18-05-1984,2.1037039756774902,0.0,158625,2.1925930976867676,2.1111109256744385,1.0933146476745605
21-05-1984,2.1037039756774902,0.0,145125,2.1185190677642822,2.1185190677642822,1.0971516370773315
22-05-1984,2.1111109256744385,0.0,28688,2.1111109256744385,2.1111109256744385,1.0933146476745605
23-05-1984,1.940740942955017,0.0,302063,2.1111109256744385,1.9851850271224976,1.0280991792678833
24-05-1984,1.9777779579162598,0.0,189000,2.0444440841674805,2.0444440841674805,1.0587888956069946
25-05-1984,2.0222220420837402,0.0,123188,2.0592589378356934,2.0222220420837402,1.0472805500030518
29-05-1984,1.9851850271224976,0.0,79313,2.014815092086792,1.9851850271224976,1.0280991792678833
30-05-1984,1.9851850271224976,0.0,116438,2.029629945755005,2.0222220420837402,1.0472805500030518
31-05-1984,2.0740740299224854,0.0,111375,2.1111109256744385,2.1111109256744385,1.0933146476745605
01-06-1984,2.0962960720062256,0.0,45563,2.1111109256744385,2.1037039756774902,1.0894789695739746
04-06-1984,2.1185190677642822,0.0,197438,2.2296299934387207,2.2296299934387207,1.1546934843063354
05-06-1984,2.200000047683716,0.0,87750,2.2296299934387207,2.200000047683716,1.1393487453460693
06-06-1984,2.200000047683716,0.0,20250,2.207406997680664,2.207406997680664,1.1431852579116821
07-06-1984,2.1481480598449707,0.0,65813,2.207406997680664,2.1481480598449707,1.1124954223632812
08-06-1984,2.1185190677642822,0.0,48938,2.1333329677581787,2.1185190677642822,1.0971516370773315
11-06-1984,2.1185190677642822,0.0,86063,2.1259260177612305,2.1259260177612305,1.100987434387207
12-06-1984,2.1111109256744385,0.0,82688,2.1259260177612305,2.1185190677642822,1.0971516370773315
13-06-1984,2.0740740299224854,0.0,145125,2.1037039756774902,2.0814809799194336,1.0779699087142944
14-06-1984,2.0740740299224854,0.0,769500,2.1555559635162354,2.1555559635162354,1.1163320541381836
15-06-1984,2.185184955596924,0.0,961875,2.40740704536438,2.3851850032806396,1.2352535724639893
18-06-1984,2.2962958812713623,0.0,226125,2.3851850032806396,2.3629629611968994,1.2237449884414673
19-06-1984,2.3629629611968994,0.0,496125,2.503704071044922,2.4666669368743896,1.277451753616333
20-06-1984,2.474073886871338,0.0,236250,2.6074070930480957,2.5851850509643555,1.3388311862945557
21-06-1984,2.6148149967193604,0.0,467438,2.740741014480591,2.6666669845581055,1.3810291290283203
22-06-1984,2.6296300888061523,0.0,102938,2.681480884552002,2.644443988800049,1.3695207834243774
25-06-1984,2.503704071044922,0.0,168750,2.6296300888061523,2.51111102104187,1.300468921661377
26-06-1984,2.4814810752868652,0.0,163688,2.51111102104187,2.496295928955078,1.2927964925765991
27-06-1984,2.51111102104187,0.0,77625,2.5333330631256104,2.525926113128662,1.308141827583313
28-06-1984,2.540740966796875,0.0,128250,2.644443988800049,2.6370370388031006,1.3656843900680542
29-06-1984,2.644443988800049,0.0,101250,2.7037041187286377,2.6518518924713135,1.3733563423156738
02-07-1984,2.6074070930480957,0.0,116438,2.6740739345550537,2.6370370388031006,1.3656843900680542
03-07-1984,2.6518518924713135,0.0,27000,2.659259080886841,2.659259080886841,1.3771930932998657
05-07-1984,2.6148149967193604,0.0,52313,2.659259080886841,2.6148149967193604,1.354176640510559
06-07-1984,2.6148149967193604,0.0,18563,2.6222219467163086,2.6222219467163086,1.3580118417739868
09-07-1984,2.6222219467163086,0.0,67500,2.6370370388031006,2.6222219467163086,1.3580118417739868
10-07-1984,2.6148149967193604,0.0,1515375,2.6666669845581055,2.6370370388031006,1.3656843900680542
11-07-1984,2.6222219467163086,0.0,133313,2.6518518924713135,2.6296300888061523,1.3618485927581787
12-07-1984,2.6222219467163086,0.0,37125,2.681480884552002,2.681480884552002,1.388701319694519
13-07-1984,2.6740739345550537,0.0,150188,2.755556106567383,2.740741014480591,1.4193915128707886
16-07-1984,2.755556106567383,0.0,77625,2.8370370864868164,2.8370370864868164,1.4692614078521729
17-07-1984,2.829629898071289,0.0,254813,2.9259259700775146,2.8962960243225098,1.4999511241912842
18-07-1984,2.9111111164093018,0.0,254813,2.985184907913208,2.9111111164093018,1.507623553276062
19-07-1984,2.8962960243225098,0.0,27000,2.9037039279937744,2.9037039279937744,1.5037872791290283
20-07-1984,2.733333110809326,0.0,239625,2.9037039279937744,2.762963056564331,1.4309002161026
23-07-1984,2.7185189723968506,0.0,249750,2.799999952316284,2.7703700065612793,1.434735655784607
24-07-1984,2.755556106567383,0.0,216000,2.792593002319336,2.792593002319336,1.4462449550628662
25-07-1984,2.799999952316284,0.0,84375,2.8444440364837646,2.8444440364837646,1.473097801208496
26-07-1984,2.8666670322418213,0.0,167063,2.9555559158325195,2.9037039279937744,1.5037872791290283
27-07-1984,2.9185190200805664,0.0,194063,2.9925930500030518,2.985184907913208,1.578604817390442
30-07-1984,2.9185190200805664,0.0,126563,2.985184907913208,2.933332920074463,1.551184058189392
31-07-1984,2.933332920074463,0.0,59063,2.948148012161255,2.9407410621643066,1.5551023483276367
01-08-1984,2.8740739822387695,0.0,91125,2.9259259700775146,2.9037039279937744,1.5355159044265747
02-08-1984,2.8962960243225098,0.0,52313,2.9111111164093018,2.8962960243225098,1.531598687171936
03-08-1984,2.9037039279937744,0.0,383063,3.0074069499969482,2.9925930500030518,1.582521915435791
06-08-1984,3.1037039756774902,0.0,465750,3.2148149013519287,3.1777780055999756,1.6804511547088623
07-08-1984,3.222222089767456,0.0,3191063,3.525926113128662,3.4370369911193848,1.8175491094589233
08-08-1984,3.288888931274414,0.0,413438,3.4222218990325928,3.3259260654449463,1.7587924003601074
09-08-1984,3.2962958812713623,0.0,418500,3.5629630088806152,3.555556058883667,1.880223274230957
10-08-1984,3.444443941116333,0.0,293625,3.59259295463562,3.444443941116333,1.8214664459228516
13-08-1984,3.4222218990325928,0.0,140063,3.496295928955078,3.4666669368743896,1.8332185745239258
14-08-1984,3.4370369911193848,0.0,92813,3.4814810752868652,3.4370369911193848,1.8175491094589233
15-08-1984,3.4222218990325928,0.0,55688,3.4370369911193848,3.4222218990325928,1.809714913368225
16-08-1984,3.237036943435669,0.0,266625,3.40740704536438,3.259258985519409,1.723539113998413
17-08-1984,3.1185190677642822,0.0,447188,3.237036943435669,3.200000047683716,1.6922014951705933
20-08-1984,3.0222220420837402,0.0,599063,3.1925930976867676,3.0814809799194336,1.629526972770691
21-08-1984,3.066667079925537,0.0,371250,3.1407411098480225,3.1407411098480225,1.6608637571334839
22-08-1984,3.1259260177612305,0.0,345938,3.170370101928711,3.1555559635162354,1.6686991453170776
23-08-1984,3.1111109256744385,0.0,141750,3.1407411098480225,3.1111109256744385,1.6451956033706665
24-08-1984,3.1111109256744385,0.0,229500,3.1185190677642822,3.1185190677642822,1.6491130590438843
27-08-1984,3.1111109256744385,0.0,136688,3.1185190677642822,3.1111109256744385,1.6451956033706665
28-08-1984,3.1111109256744385,0.0,126563,3.1111109256744385,3.1111109256744385,1.6451956033706665
29-08-1984,3.1111109256744385,0.0,114750,3.1111109256744385,3.1111109256744385,1.6451956033706665
30-08-1984,3.1111109256744385,0.0,99563,3.1111109256744385,3.1111109256744385,1.6451956033706665
31-08-1984,3.1111109256744385,0.0,437063,3.1111109256744385,3.1111109256744385,1.6451956033706665
04-09-1984,3.1111109256744385,0.0,47250,3.1111109256744385,3.1111109256744385,1.6451956033706665
05-09-1984,3.0814809799194336,0.0,708750,3.1111109256744385,3.0814809799194336,1.629526972770691
06-09-1984,3.0814809799194336,0.0,32063,3.0814809799194336,3.0814809799194336,1.629526972770691
07-09-1984,3.0814809799194336,0.0,96188,3.0814809799194336,3.0814809799194336,1.629526972770691
10-09-1984,2.814815044403076,0.0,4151250,2.8814809322357178,2.8444440364837646,1.5041786432266235
11-09-1984,2.8518519401550293,0.0,1206563,2.8740739822387695,2.8666670322418213,1.5159296989440918
12-09-1984,2.829629898071289,0.0,1155938,2.8592588901519775,2.8518519401550293,1.5080955028533936
13-09-1984,2.8592588901519775,0.0,1579500,2.9925930500030518,2.9925930500030518,1.582521915435791
14-09-1984,2.9925930500030518,0.0,2210625,3.0444440841674805,2.9925930500030518,1.582521915435791
17-09-1984,2.9037039279937744,0.0,610875,3.0,2.9259259700775146,1.547267198562622
18-09-1984,2.9259259700775146,0.0,703688,2.962963104248047,2.9407410621643066,1.5551023483276367
19-09-1984,2.9185190200805664,0.0,560250,2.9407410621643066,2.933332920074463,1.551184058189392
20-09-1984,2.9407410621643066,0.0,1132313,2.962963104248047,2.9555559158325195,1.5629370212554932
21-09-1984,2.9555559158325195,0.0,1090125,2.9777779579162598,2.962963104248047,1.5668532848358154
24-09-1984,2.948148012161255,0.0,195750,2.9777779579162598,2.962963104248047,1.5668532848358154
25-09-1984,2.948148012161255,0.0,777938,2.9777779579162598,2.962963104248047,1.5668532848358154
26-09-1984,2.948148012161255,0.0,641250,2.9777779579162598,2.962963104248047,1.5668532848358154
27-09-1984,2.985184907913208,0.0,626063,3.0,2.9925930500030518,1.582521915435791
28-09-1984,2.962963104248047,0.0,337500,2.9925930500030518,2.985184907913208,1.578604817390442
01-10-1984,2.962963104248047,0.0,371250,2.9925930500030518,2.985184907913208,1.578604817390442
02-10-1984,2.962963104248047,0.0,210938,2.985184907913208,2.970370054244995,1.5707694292068481
03-10-1984,2.962963104248047,0.0,253125,2.985184907913208,2.985184907913208,1.578604817390442
04-10-1984,2.9777779579162598,0.0,696938,3.037036895751953,3.0222220420837402,1.5981903076171875
05-10-1984,3.0222220420837402,0.0,541688,3.0444440841674805,3.0444440841674805,1.6099414825439453
08-10-1984,3.0222220420837402,0.0,64125,3.0444440841674805,3.029629945755005,1.602107048034668
09-10-1984,3.014815092086792,0.0,448875,3.037036895751953,3.0222220420837402,1.5981903076171875
10-10-1984,3.0222220420837402,0.0,396563,3.0444440841674805,3.037036895751953,1.6060235500335693
11-10-1984,3.037036895751953,0.0,978750,3.0814809799194336,3.066667079925537,1.6216936111450195
12-10-1984,3.0740740299224854,0.0,1091813,3.1111109256744385,3.1037039756774902,1.6412792205810547
15-10-1984,3.0814809799194336,0.0,850500,3.1481480598449707,3.1407411098480225,1.6608637571334839
16-10-1984,3.1259260177612305,0.0,1120500,3.1555559635162354,3.1407411098480225,1.6608637571334839
17-10-1984,3.1333329677581787,0.0,722250,3.1481480598449707,3.1333329677581787,1.6569488048553467
18-10-1984,3.1259260177612305,0.0,1685813,3.244443893432617,3.2148149013519287,1.7000360488891602
19-10-1984,3.2148149013519287,0.0,695250,3.274074077606201,3.222222089767456,1.7039520740509033
22-10-1984,3.200000047683716,0.0,293625,3.244443893432617,3.2296299934387207,1.7078697681427002
23-10-1984,3.200000047683716,0.0,1037813,3.288888931274414,3.288888931274414,1.7392059564590454
24-10-1984,3.266666889190674,0.0,1235250,3.3111109733581543,3.266666889190674,1.7274553775787354
25-10-1984,3.244443893432617,0.0,96188,3.2814810276031494,3.259258985519409,1.723539113998413
26-10-1984,3.259258985519409,0.0,673313,3.288888931274414,3.274074077606201,1.7313721179962158
29-10-1984,3.244443893432617,0.0,315563,3.2814810276031494,3.244443893432617,1.7157036066055298
30-10-1984,3.266666889190674,0.0,749250,3.355556011199951,3.3481481075286865,1.7705440521240234
31-10-1984,3.3777780532836914,0.0,1366875,3.474073886871338,3.3925929069519043,1.7940475940704346
01-11-1984,3.3925929069519043,0.0,972000,3.474073886871338,3.474073886871338,1.8371351957321167
02-11-1984,3.474073886871338,0.0,891000,3.5481479167938232,3.51111102104187,1.8567204475402832
05-11-1984,3.3925929069519043,0.0,734063,3.5481479167938232,3.4222218990325928,1.809714913368225
06-11-1984,3.4814810752868652,0.0,857250,3.525926113128662,3.51111102104187,1.8567204475402832
07-11-1984,3.48888897895813,0.0,588938,3.555556058883667,3.555556058883667,1.880223274230957
08-11-1984,3.5851850509643555,0.0,767813,3.6740739345550537,3.6740739345550537,1.9428972005844116
09-11-1984,3.5851850509643555,0.0,308813,3.6888890266418457,3.5851850509643555,1.8958913087844849
12-11-1984,3.525926113128662,0.0,200813,3.659259080886841,3.659259080886841,1.935063123703003
13-11-1984,3.644443988800049,0.0,190688,3.6888890266418457,3.659259080886841,1.935063123703003
14-11-1984,3.659259080886841,0.0,160313,3.6740739345550537,3.6740739345550537,1.9428972005844116
15-11-1984,3.5851850509643555,0.0,207563,3.6740739345550537,3.5851850509643555,1.8958913087844849
16-11-1984,3.5851850509643555,0.0,202500,3.644443988800049,3.6148149967193604,1.9115599393844604
19-11-1984,3.555556058883667,0.0,619313,3.6296300888061523,3.59259295463562,1.8998085260391235
20-11-1984,3.503704071044922,0.0,276750,3.6740739345550537,3.5851850509643555,1.8958913087844849
21-11-1984,3.525926113128662,0.0,102938,3.5629630088806152,3.540740966796875,1.8723912239074707
23-11-1984,3.4666669368743896,0.0,298688,3.5481479167938232,3.496295928955078,1.8488857746124268
26-11-1984,3.4222218990325928,0.0,337500,3.51111102104187,3.4370369911193848,1.8175491094589233
27-11-1984,3.3333330154418945,0.0,374625,3.4370369911193848,3.3703699111938477,1.7822948694229126
28-11-1984,3.4000000953674316,0.0,361125,3.4518520832061768,3.4148149490356445,1.8057986497879028
29-11-1984,3.4222218990325928,0.0,97875,3.4518520832061768,3.4370369911193848,1.8175491094589233
30-11-1984,3.4666669368743896,0.0,615938,3.525926113128662,3.496295928955078,1.8488857746124268
03-12-1984,3.3925929069519043,0.0,372938,3.51111102104187,3.4814810752868652,1.8410521745681763
04-12-1984,3.4814810752868652,0.0,234563,3.540740966796875,3.4814810752868652,1.8410521745681763
05-12-1984,3.4222218990325928,0.0,595688,3.555556058883667,3.4370369911193848,1.8175491094589233
06-12-1984,3.3925929069519043,0.0,194063,3.4666669368743896,3.4666669368743896,1.8332185745239258
07-12-1984,3.4370369911193848,0.0,177188,3.496295928955078,3.496295928955078,1.8488857746124268
10-12-1984,3.4814810752868652,0.0,460688,3.555556058883667,3.4814810752868652,1.8410521745681763
11-12-1984,3.496295928955078,0.0,313875,3.5333330631256104,3.503704071044922,1.8528037071228027
12-12-1984,3.496295928955078,0.0,91125,3.525926113128662,3.51111102104187,1.8567204475402832
13-12-1984,3.4814810752868652,0.0,200813,3.540740966796875,3.48888897895813,1.8449701070785522
14-12-1984,3.4666669368743896,0.0,649688,3.51111102104187,3.496295928955078,1.8488857746124268
17-12-1984,3.48888897895813,0.0,148500,3.5185189247131348,3.503704071044922,1.8528037071228027
18-12-1984,3.4814810752868652,3.525926113128662,467438,3.555556058883667,3.555556058883667,1.880223274230957
19-12-1984,3.555556058883667,3.555556058883667,430313,3.644443988800049,3.6148149967193604,1.9115599393844604
20-12-1984,3.5851850509643555,3.5999999046325684,398250,3.6148149967193604,3.6074070930480957,1.9076440334320068
21-12-1984,3.555556058883667,3.5851850509643555,259875,3.5999999046325684,3.555556058883667,1.880223274230957
24-12-1984,3.5851850509643555,3.5851850509643555,87750,3.6148149967193604,3.6148149967193604,1.9115599393844604
26-12-1984,3.6148149967193604,3.6296300888061523,204188,3.659259080886841,3.6296300888061523,1.9193949699401855
27-12-1984,3.318519115447998,3.6148149967193604,808313,3.644443988800049,3.318519115447998,1.754875659942627
28-12-1984,3.3481481075286865,3.3481481075286865,1923750,3.4370369911193848,3.3777780532836914,1.7862117290496826
31-12-1984,3.1407411098480225,3.3629629611968994,972000,3.3777780532836914,3.2148149013519287,1.7000360488891602
02-01-1985,3.237036943435669,3.237036943435669,742500,3.3777780532836914,3.3111109733581543,1.7509582042694092
03-01-1985,3.3333330154418945,3.3333330154418945,131625,3.3777780532836914,3.3777780532836914,1.7862117290496826
04-01-1985,3.3777780532836914,3.3925929069519043,293625,3.40740704536438,3.3925929069519043,1.7940475940704346
07-01-1985,3.318519115447998,3.3925929069519043,155250,3.3925929069519043,3.340740919113159,1.7666270732879639
08-01-1985,3.3333330154418945,3.3333330154418945,437063,3.3629629611968994,3.3481481075286865,1.7705440521240234
09-01-1985,3.3629629611968994,3.3629629611968994,342563,3.4296300411224365,3.4222218990325928,1.809714913368225
10-01-1985,3.4296300411224365,3.4296300411224365,185625,3.4296300411224365,3.4296300411224365,1.8136327266693115
11-01-1985,3.40740704536438,3.4370369911193848,315563,3.444443941116333,3.4222218990325928,1.809714913368225
14-01-1985,3.4222218990325928,3.4222218990325928,202500,3.4370369911193848,3.4370369911193848,1.8175491094589233
15-01-1985,3.4148149490356445,3.4518520832061768,384750,3.4666669368743896,3.444443941116333,1.8214664459228516
16-01-1985,3.40740704536438,3.40740704536438,467438,3.4370369911193848,3.4370369911193848,1.8175491094589233
17-01-1985,3.355556011199951,3.4222218990325928,352688,3.4296300411224365,3.4000000953674316,1.7979650497436523
18-01-1985,3.4148149490356445,3.4296300411224365,140063,3.4370369911193848,3.4296300411224365,1.8136327266693115
21-01-1985,3.4370369911193848,3.4370369911193848,384750,3.459259033203125,3.4518520832061768,1.8253837823867798
22-01-1985,3.3777780532836914,3.4370369911193848,320625,3.4370369911193848,3.4222218990325928,1.809714913368225
23-01-1985,3.40740704536438,3.4222218990325928,143438,3.4370369911193848,3.4222218990325928,1.809714913368225
24-01-1985,3.4370369911193848,3.4370369911193848,305438,3.474073886871338,3.4666669368743896,1.8332185745239258
25-01-1985,3.4296300411224365,3.4666669368743896,202500,3.474073886871338,3.4370369911193848,1.8175491094589233
28-01-1985,3.4259259700775146,3.4259259700775146,717525,3.6111109256744385,3.5740740299224854,1.8900172710418701
29-01-1985,3.6111109256744385,3.6296300888061523,1057725,3.685184955596924,3.6666669845581055,1.9389811754226685
30-01-1985,3.4814810752868652,3.555556058883667,783000,3.555556058883667,3.555556058883667,1.880223274230957
31-01-1985,3.5,3.555556058883667,338850,3.555556058883667,3.537036895751953,1.87043035030365
01-02-1985,3.5185189247131348,3.537036895751953,389475,3.6296300888061523,3.555556058883667,1.880223274230957
04-02-1985,3.59259295463562,3.59259295463562,506250,3.7037041187286377,3.7037041187286377,1.9585667848587036
05-02-1985,3.777777910232544,3.777777910232544,557550,3.8333330154418945,3.814815044403076,2.0173239707946777
06-02-1985,3.777777910232544,3.777777910232544,842400,4.0,3.9814810752868652,2.1054587364196777
07-02-1985,3.944443941116333,4.0,1616625,4.203703880310059,4.203703880310059,2.222972869873047
08-02-1985,4.037036895751953,4.074073791503906,1285200,4.148148059844971,4.074073791503906,2.1544225215911865
11-02-1985,3.9259259700775146,4.055555820465088,773550,4.055555820465088,4.0,2.1152520179748535
12-02-1985,3.962963104248047,4.0,830250,4.222221851348877,4.185184955596924,2.21317982673645
13-02-1985,4.111111164093018,4.259259223937988,897075,4.259259223937988,4.1666669845581055,2.2033889293670654
14-02-1985,4.1666669845581055,4.185184955596924,2052675,4.388888835906982,4.388888835906982,2.3209030628204346
15-02-1985,4.296296119689941,4.407406806945801,1038150,4.444444179534912,4.296296119689941,2.2719368934631348
19-02-1985,4.203703880310059,4.259259223937988,388125,4.407406806945801,4.407406806945801,2.3306939601898193
20-02-1985,4.407406806945801,4.444444179534912,964575,4.574073791503906,4.444444179534912,2.3502793312072754
21-02-1985,4.3333330154418945,4.425926208496094,420525,4.444444179534912,4.388888835906982,2.3209030628204346
22-02-1985,4.277778148651123,4.370369911193848,301725,4.388888835906982,4.296296119689941,2.2719368934631348
25-02-1985,4.111111164093018,4.259259223937988,341550,4.259259223937988,4.259259223937988,2.252351760864258
26-02-1985,4.259259223937988,4.259259223937988,571050,4.351851940155029,4.296296119689941,2.2719368934631348
27-02-1985,4.314815044403076,4.314815044403076,388800,4.370369911193848,4.351851940155029,2.3013155460357666
28-02-1985,4.351851940155029,4.388888835906982,573750,4.592593193054199,4.592593193054199,2.4286224842071533
01-03-1985,4.5,4.555555820465088,581175,4.574073791503906,4.555555820465088,2.409036636352539
04-03-1985,4.444444179534912,4.555555820465088,290925,4.555555820465088,4.518518924713135,2.389451265335083
05-03-1985,4.481481075286865,4.481481075286865,211950,4.592593193054199,4.555555820465088,2.409036636352539
06-03-1985,4.518518924713135,4.537036895751953,226125,4.537036895751953,4.537036895751953,2.399242639541626
07-03-1985,4.370369911193848,4.481481075286865,463725,4.5,4.481481075286865,2.369865894317627
08-03-1985,4.425926208496094,4.481481075286865,140400,4.481481075286865,4.444444179534912,2.3502793312072754
11-03-1985,4.222221851348877,4.296296119689941,247725,4.296296119689941,4.296296119689941,2.2719368934631348
12-03-1985,4.222221851348877,4.259259223937988,100575,4.296296119689941,4.296296119689941,2.2719368934631348
13-03-1985,4.129630088806152,4.259259223937988,152550,4.277778148651123,4.148148059844971,2.193593978881836
14-03-1985,4.111111164093018,4.129630088806152,127575,4.148148059844971,4.129630088806152,2.18380069732666
15-03-1985,4.111111164093018,4.129630088806152,79650,4.148148059844971,4.148148059844971,2.193593978881836
18-03-1985,4.111111164093018,4.148148059844971,122175,4.185184955596924,4.129630088806152,2.18380069732666
19-03-1985,4.037036895751953,4.129630088806152,624375,4.1666669845581055,4.111111164093018,2.1740095615386963
20-03-1985,4.092593193054199,4.129630088806152,425925,4.148148059844971,4.148148059844971,2.193593978881836
21-03-1985,4.129630088806152,4.129630088806152,170775,4.314815044403076,4.314815044403076,2.2817294597625732
22-03-1985,4.203703880310059,4.314815044403076,185625,4.351851940155029,4.203703880310059,2.222972869873047
25-03-1985,4.129630088806152,4.203703880310059,205200,4.240740776062012,4.148148059844971,2.193593978881836
26-03-1985,4.129630088806152,4.1666669845581055,523125,4.222221851348877,4.203703880310059,2.222972869873047
27-03-1985,4.111111164093018,4.148148059844971,363150,4.1666669845581055,4.148148059844971,2.193593978881836
28-03-1985,4.148148059844971,4.148148059844971,336825,4.240740776062012,4.1666669845581055,2.2033889293670654
29-03-1985,4.148148059844971,4.203703880310059,573750,4.222221851348877,4.185184955596924,2.21317982673645
01-04-1985,4.129630088806152,4.185184955596924,284175,4.203703880310059,4.1666669845581055,2.2033889293670654
02-04-1985,4.1666669845581055,4.1666669845581055,2362500,4.277778148651123,4.222221851348877,2.2327654361724854
03-04-1985,4.1666669845581055,4.240740776062012,1620000,4.240740776062012,4.185184955596924,2.21317982673645
04-04-1985,4.148148059844971,4.185184955596924,1293975,4.185184955596924,4.148148059844971,2.193593978881836
08-04-1985,4.148148059844971,4.148148059844971,479250,4.185184955596924,4.1666669845581055,2.2033889293670654
09-04-1985,4.148148059844971,4.1666669845581055,756000,4.222221851348877,4.203703880310059,2.222972869873047
10-04-1985,4.203703880310059,4.203703880310059,500850,4.296296119689941,4.259259223937988,2.252351760864258
11-04-1985,4.259259223937988,4.296296119689941,527175,4.314815044403076,4.296296119689941,2.2719368934631348
12-04-1985,4.259259223937988,4.3333330154418945,762750,4.351851940155029,4.3333330154418945,2.291522264480591
15-04-1985,4.3333330154418945,4.3333330154418945,405675,4.407406806945801,4.351851940155029,2.3013155460357666
16-04-1985,4.314815044403076,4.351851940155029,348300,4.370369911193848,4.370369911193848,2.311108350753784
17-04-1985,4.3333330154418945,4.370369911193848,314550,4.388888835906982,4.370369911193848,2.311108350753784
18-04-1985,4.370369911193848,4.388888835906982,812025,4.462963104248047,4.425926208496094,2.340486526489258
19-04-1985,4.407406806945801,4.425926208496094,708075,4.592593193054199,4.5,2.3796586990356445
22-04-1985,4.370369911193848,4.5,793125,4.5,4.462963104248047,2.360071897506714
23-04-1985,4.425926208496094,4.444444179534912,1639575,4.537036895751953,4.537036895751953,2.399242639541626
24-04-1985,4.425926208496094,4.537036895751953,654750,4.555555820465088,4.444444179534912,2.3502793312072754
25-04-1985,4.462963104248047,4.481481075286865,549450,4.611111164093018,4.592593193054199,2.4286224842071533
26-04-1985,4.629630088806152,4.629630088806152,358425,4.703703880310059,4.703703880310059,2.487379789352417
29-04-1985,4.592593193054199,4.685184955596924,371250,4.685184955596924,4.611111164093018,2.438415288925171
30-04-1985,4.518518924713135,4.555555820465088,326700,4.574073791503906,4.555555820465088,2.409036636352539
01-05-1985,4.462963104248047,4.555555820465088,598725,4.574073791503906,4.462963104248047,2.360071897506714
02-05-1985,4.388888835906982,4.407406806945801,627750,4.462963104248047,4.444444179534912,2.3502793312072754
03-05-1985,4.462963104248047,4.462963104248047,707400,4.537036895751953,4.5,2.3796586990356445
06-05-1985,4.425926208496094,4.518518924713135,256500,4.518518924713135,4.425926208496094,2.340486526489258
07-05-1985,4.388888835906982,4.425926208496094,263250,4.444444179534912,4.425926208496094,2.340486526489258
08-05-1985,4.407406806945801,4.407406806945801,422550,4.518518924713135,4.481481075286865,2.369865894317627
09-05-1985,4.518518924713135,4.518518924713135,697275,4.648148059844971,4.611111164093018,2.438415288925171
10-05-1985,4.6666669845581055,4.6666669845581055,768150,4.8333330154418945,4.740740776062012,2.506964921951294
13-05-1985,4.740740776062012,4.740740776062012,658125,4.888888835906982,4.814815044403076,2.5461361408233643
14-05-1985,4.796296119689941,4.796296119689941,342225,4.944444179534912,4.888888835906982,2.5853078365325928
15-05-1985,4.888888835906982,4.888888835906982,259200,4.944444179534912,4.925926208496094,2.6048941612243652
16-05-1985,4.925926208496094,4.962963104248047,476550,5.018518924713135,4.962963104248047,2.6244776248931885
17-05-1985,5.018518924713135,5.037036895751953,683775,5.129630088806152,5.074073791503906,2.6832354068756104
20-05-1985,5.055555820465088,5.148148059844971,697950,5.1666669845581055,5.055555820465088,2.67344331741333
21-05-1985,4.981481075286865,5.092593193054199,623700,5.185184955596924,5.185184955596924,2.7419919967651367
22-05-1985,5.185184955596924,5.222221851348877,618975,5.277778148651123,5.185184955596924,2.7419919967651367
23-05-1985,5.1666669845581055,5.203703880310059,162000,5.222221851348877,5.185184955596924,2.7419919967651367
24-05-1985,5.1666669845581055,5.1666669845581055,398250,5.296296119689941,5.296296119689941,2.800748825073242
28-05-1985,5.314815044403076,5.3333330154418945,589275,5.462963104248047,5.407406806945801,2.8595056533813477
29-05-1985,5.407406806945801,5.444444179534912,506250,5.629630088806152,5.629630088806152,2.9770212173461914
30-05-1985,5.388888835906982,5.6666669845581055,595350,5.703703880310059,5.481481075286865,2.898678779602051
31-05-1985,5.407406806945801,5.481481075286865,317250,5.555555820465088,5.5,2.908470869064331
03-06-1985,5.425926208496094,5.518518924713135,263250,5.537036895751953,5.444444179534912,2.8790929317474365
04-06-1985,5.481481075286865,5.518518924713135,349650,5.592593193054199,5.574073791503906,2.947641611099243
05-06-1985,5.574073791503906,5.629630088806152,729000,5.703703880310059,5.574073791503906,2.947641611099243
06-06-1985,5.407406806945801,5.555555820465088,425925,5.555555820465088,5.444444179534912,2.8790929317474365
07-06-1985,5.370369911193848,5.462963104248047,400275,5.481481075286865,5.425926208496094,2.869300127029419
10-06-1985,5.370369911193848,5.407406806945801,105975,5.407406806945801,5.407406806945801,2.8595056533813477
11-06-1985,5.407406806945801,5.407406806945801,364500,5.462963104248047,5.462963104248047,2.8888862133026123
12-06-1985,5.425926208496094,5.444444179534912,272700,5.462963104248047,5.425926208496094,2.869300127029419
13-06-1985,5.148148059844971,5.425926208496094,1149525,5.425926208496094,5.277778148651123,2.790957450866699
14-06-1985,5.1666669845581055,5.277778148651123,273375,5.296296119689941,5.203703880310059,2.7517876625061035
17-06-1985,5.203703880310059,5.240740776062012,313200,5.314815044403076,5.259259223937988,2.781165599822998
18-06-1985,5.203703880310059,5.259259223937988,83700,5.296296119689941,5.222221851348877,2.76157808303833
19-06-1985,5.111111164093018,5.222221851348877,542700,5.222221851348877,5.148148059844971,2.722407579421997
20-06-1985,4.944444179534912,5.185184955596924,1331100,5.462963104248047,5.0,2.644063949584961
21-06-1985,4.944444179534912,4.944444179534912,535275,5.111111164093018,5.074073791503906,2.6832354068756104
24-06-1985,5.111111164093018,5.129630088806152,444825,5.203703880310059,5.185184955596924,2.7419919967651367
25-06-1985,5.1666669845581055,5.185184955596924,583875,5.3333330154418945,5.277778148651123,2.790957450866699
26-06-1985,5.277778148651123,5.277778148651123,842400,5.444444179534912,5.444444179534912,2.8790929317474365
27-06-1985,5.462963104248047,5.462963104248047,637875,5.574073791503906,5.555555820465088,2.937849998474121
28-06-1985,5.592593193054199,5.629630088806152,1002375,5.759259223937988,5.740740776062012,3.035780191421509
01-07-1985,5.518518924713135,5.759259223937988,833625,5.759259223937988,5.629630088806152,2.9770212173461914
02-07-1985,5.555555820465088,5.648148059844971,491400,5.6666669845581055,5.555555820465088,2.937849998474121
03-07-1985,5.462963104248047,5.592593193054199,408375,5.629630088806152,5.481481075286865,2.898678779602051
05-07-1985,5.444444179534912,5.481481075286865,245025,5.5,5.5,2.908470869064331
08-07-1985,5.370369911193848,5.462963104248047,376650,5.518518924713135,5.407406806945801,2.8595056533813477
09-07-1985,5.3333330154418945,5.462963104248047,517050,5.462963104248047,5.462963104248047,2.8888862133026123
10-07-1985,5.425926208496094,5.481481075286865,355050,5.518518924713135,5.462963104248047,2.8888862133026123
11-07-1985,5.425926208496094,5.425926208496094,274725,5.537036895751953,5.5,2.908470869064331
12-07-1985,5.462963104248047,5.518518924713135,395550,5.574073791503906,5.537036895751953,2.9280552864074707
15-07-1985,5.574073791503906,5.611111164093018,444825,5.685184955596924,5.685184955596924,3.0064008235931396
16-07-1985,5.8333330154418945,5.8333330154418945,815400,5.851851940155029,5.8333330154418945,3.0847415924072266
17-07-1985,5.740740776062012,5.8333330154418945,767475,5.8333330154418945,5.740740776062012,3.035780191421509
18-07-1985,5.518518924713135,5.703703880310059,2249775,5.703703880310059,5.518518924713135,2.9182634353637695
19-07-1985,5.444444179534912,5.5,319275,5.537036895751953,5.518518924713135,2.9182634353637695
22-07-1985,5.537036895751953,5.537036895751953,845100,5.648148059844971,5.555555820465088,2.937849998474121
23-07-1985,5.537036895751953,5.574073791503906,749250,5.685184955596924,5.629630088806152,2.9770212173461914
24-07-1985,5.259259223937988,5.629630088806152,1640925,5.629630088806152,5.370369911193848,2.83992075920105
25-07-1985,5.0,5.351851940155029,3331125,5.370369911193848,5.037036895751953,2.663649797439575
26-07-1985,5.037036895751953,5.074073791503906,1768500,5.259259223937988,5.111111164093018,2.7028207778930664
29-07-1985,4.777778148651123,5.092593193054199,2031750,5.092593193054199,4.8333330154418945,2.5559263229370117
30-07-1985,4.759259223937988,4.796296119689941,1455300,4.888888835906982,4.870369911193848,2.575514078140259
31-07-1985,4.888888835906982,5.074073791503906,1840725,5.111111164093018,5.074073791503906,2.6832354068756104
01-08-1985,5.111111164093018,5.111111164093018,1790100,5.240740776062012,5.203703880310059,2.7517876625061035
02-08-1985,5.129630088806152,5.203703880310059,547425,5.222221851348877,5.148148059844971,2.722407579421997
05-08-1985,5.037036895751953,5.148148059844971,1082700,5.1666669845581055,5.092593193054199,2.6930270195007324
06-08-1985,4.851851940155029,5.092593193054199,888300,5.148148059844971,4.962963104248047,2.6244776248931885
07-08-1985,4.851851940155029,4.925926208496094,635850,4.962963104248047,4.925926208496094,2.6048941612243652
08-08-1985,4.888888835906982,4.888888835906982,1148175,5.0,5.0,2.644063949584961
09-08-1985,5.0,5.0,298350,5.018518924713135,5.0,2.644063949584961
12-08-1985,4.962963104248047,5.037036895751953,268650,5.037036895751953,4.962963104248047,2.6244776248931885
13-08-1985,4.907406806945801,4.962963104248047,158625,4.962963104248047,4.944444179534912,2.614687204360962
14-08-1985,4.925926208496094,4.981481075286865,178875,5.037036895751953,4.925926208496094,2.6048941612243652
15-08-1985,4.740740776062012,4.925926208496094,436725,4.925926208496094,4.796296119689941,2.5363430976867676
16-08-1985,4.685184955596924,4.740740776062012,374625,4.777778148651123,4.759259223937988,2.5167579650878906
19-08-1985,4.555555820465088,4.722221851348877,761400,4.722221851348877,4.574073791503906,2.4188272953033447
20-08-1985,4.537036895751953,4.555555820465088,1910925,4.740740776062012,4.722221851348877,2.49717116355896
21-08-1985,4.703703880310059,4.722221851348877,1152900,4.759259223937988,4.759259223937988,2.5167579650878906
22-08-1985,4.759259223937988,4.777778148651123,1599075,4.814815044403076,4.777778148651123,2.5265510082244873
23-08-1985,4.6666669845581055,4.740740776062012,427950,4.740740776062012,4.685184955596924,2.4775869846343994
26-08-1985,4.6666669845581055,4.703703880310059,396900,4.759259223937988,4.740740776062012,2.506964921951294
27-08-1985,4.740740776062012,4.740740776062012,390150,4.796296119689941,4.777778148651123,2.5265510082244873
28-08-1985,4.796296119689941,4.796296119689941,1011150,4.870369911193848,4.870369911193848,2.575514078140259
29-08-1985,4.759259223937988,4.907406806945801,639225,4.925926208496094,4.888888835906982,2.5853078365325928
30-08-1985,4.888888835906982,4.888888835906982,381375,4.907406806945801,4.888888835906982,2.5853078365325928
03-09-1985,4.870369911193848,4.888888835906982,311850,4.925926208496094,4.888888835906982,2.5853078365325928
04-09-1985,4.685184955596924,4.851851940155029,628425,4.851851940155029,4.740740776062012,2.506964921951294
05-09-1985,4.629630088806152,4.740740776062012,427275,4.740740776062012,4.685184955596924,2.4775869846343994
06-09-1985,4.685184955596924,4.685184955596924,288225,4.740740776062012,4.685184955596924,2.4775869846343994
09-09-1985,4.555555820465088,4.685184955596924,382725,4.722221851348877,4.555555820465088,2.409036636352539
10-09-1985,4.444444179534912,4.574073791503906,627075,4.629630088806152,4.481481075286865,2.369865894317627
11-09-1985,4.203703880310059,4.5,1042200,4.537036895751953,4.370369911193848,2.311108350753784
12-09-1985,4.370369911193848,4.370369911193848,1331775,4.592593193054199,4.481481075286865,2.369865894317627
13-09-1985,4.425926208496094,4.5,781650,4.555555820465088,4.444444179534912,2.3502793312072754
16-09-1985,4.351851940155029,4.407406806945801,276075,4.425926208496094,4.370369911193848,2.311108350753784
17-09-1985,4.240740776062012,4.370369911193848,481275,4.388888835906982,4.259259223937988,2.252351760864258
18-09-1985,4.111111164093018,4.240740776062012,1112400,4.259259223937988,4.148148059844971,2.193593978881836
19-09-1985,4.148148059844971,4.148148059844971,909225,4.222221851348877,4.185184955596924,2.21317982673645
20-09-1985,4.296296119689941,4.296296119689941,928800,4.481481075286865,4.351851940155029,2.3013155460357666
23-09-1985,4.462963104248047,4.462963104248047,609525,4.574073791503906,4.537036895751953,2.399242639541626
24-09-1985,4.462963104248047,4.574073791503906,465075,4.592593193054199,4.5,2.3796586990356445
25-09-1985,4.3333330154418945,4.481481075286865,340200,4.481481075286865,4.444444179534912,2.3502793312072754
26-09-1985,4.388888835906982,4.425926208496094,395550,4.481481075286865,4.444444179534912,2.3502793312072754
30-09-1985,4.425926208496094,4.425926208496094,334800,4.555555820465088,4.555555820465088,2.409036636352539
01-10-1985,4.592593193054199,4.629630088806152,282150,4.6666669845581055,4.648148059844971,2.4579999446868896
02-10-1985,4.648148059844971,4.648148059844971,240300,4.796296119689941,4.703703880310059,2.487379789352417
03-10-1985,4.611111164093018,4.6666669845581055,228150,4.6666669845581055,4.629630088806152,2.448207378387451
04-10-1985,4.388888835906982,4.592593193054199,372600,4.592593193054199,4.425926208496094,2.340486526489258
07-10-1985,4.370369911193848,4.425926208496094,236925,4.481481075286865,4.462963104248047,2.360071897506714
08-10-1985,4.444444179534912,4.444444179534912,236925,4.5,4.462963104248047,2.360071897506714
09-10-1985,4.481481075286865,4.5,1948725,4.888888835906982,4.888888835906982,2.5853078365325928
10-10-1985,4.8333330154418945,4.925926208496094,668250,4.962963104248047,4.870369911193848,2.575514078140259
11-10-1985,4.8333330154418945,4.851851940155029,1035450,4.981481075286865,4.925926208496094,2.6048941612243652
14-10-1985,4.944444179534912,4.944444179534912,646650,5.074073791503906,5.055555820465088,2.67344331741333
15-10-1985,4.962963104248047,5.037036895751953,1019250,5.092593193054199,5.0,2.644063949584961
16-10-1985,4.925926208496094,4.981481075286865,299700,5.0,5.0,2.644063949584961
17-10-1985,5.0,5.037036895751953,548775,5.074073791503906,5.018518924713135,2.6538589000701904
18-10-1985,5.0,5.037036895751953,255150,5.037036895751953,5.0,2.644063949584961
21-10-1985,4.981481075286865,5.018518924713135,310500,5.037036895751953,5.018518924713135,2.6538589000701904
22-10-1985,4.925926208496094,5.018518924713135,354375,5.055555820465088,4.944444179534912,2.614687204360962
23-10-1985,4.925926208496094,4.925926208496094,290925,5.0,4.962963104248047,2.6244776248931885
24-10-1985,4.907406806945801,5.0,549450,5.018518924713135,4.907406806945801,2.595099687576294
25-10-1985,4.6666669845581055,4.925926208496094,560250,4.925926208496094,4.740740776062012,2.506964921951294
28-10-1985,4.740740776062012,4.740740776062012,264600,5.018518924713135,4.944444179534912,2.614687204360962
29-10-1985,4.925926208496094,4.962963104248047,359775,5.037036895751953,4.962963104248047,2.6244776248931885
30-10-1985,4.944444179534912,4.944444179534912,321975,5.037036895751953,5.018518924713135,2.6538589000701904
31-10-1985,5.018518924713135,5.074073791503906,1408725,5.148148059844971,5.074073791503906,2.6832354068756104
01-11-1985,5.0,5.037036895751953,720900,5.1666669845581055,5.037036895751953,2.663649797439575
04-11-1985,4.981481075286865,5.0,332775,5.074073791503906,5.0,2.644063949584961
05-11-1985,4.981481075286865,5.0,289575,5.074073791503906,5.018518924713135,2.6538589000701904
06-11-1985,4.981481075286865,4.981481075286865,641925,5.055555820465088,5.018518924713135,2.6538589000701904
07-11-1985,4.981481075286865,5.037036895751953,228150,5.037036895751953,4.981481075286865,2.6342709064483643
08-11-1985,4.740740776062012,4.981481075286865,776250,5.0,4.814815044403076,2.5461361408233643
11-11-1985,4.814815044403076,4.870369911193848,548775,4.925926208496094,4.925926208496094,2.6048941612243652
12-11-1985,4.944444179534912,4.962963104248047,506250,5.018518924713135,4.981481075286865,2.6342709064483643
13-11-1985,4.962963104248047,5.0,338175,5.018518924713135,4.981481075286865,2.6342709064483643
14-11-1985,4.907406806945801,4.981481075286865,415125,5.0,5.0,2.644063949584961
15-11-1985,4.925926208496094,4.981481075286865,211950,5.0,4.962963104248047,2.6244776248931885
18-11-1985,4.944444179534912,4.962963104248047,913275,5.111111164093018,5.111111164093018,2.7028207778930664
19-11-1985,5.092593193054199,5.111111164093018,508950,5.1666669845581055,5.092593193054199,2.6930270195007324
20-11-1985,5.111111164093018,5.111111164093018,841050,5.240740776062012,5.240740776062012,2.771371603012085
21-11-1985,5.277778148651123,5.277778148651123,654075,5.388888835906982,5.3333330154418945,2.8203346729278564
22-11-1985,5.222221851348877,5.3333330154418945,2319975,5.351851940155029,5.240740776062012,2.771371603012085
25-11-1985,5.185184955596924,5.296296119689941,731025,5.296296119689941,5.277778148651123,2.790957450866699
26-11-1985,5.203703880310059,5.296296119689941,187650,5.296296119689941,5.222221851348877,2.76157808303833
27-11-1985,5.222221851348877,5.222221851348877,618300,5.351851940155029,5.3333330154418945,2.8203346729278564
29-11-1985,5.259259223937988,5.314815044403076,447525,5.314815044403076,5.277778148651123,2.790957450866699
02-12-1985,5.222221851348877,5.240740776062012,154575,5.277778148651123,5.259259223937988,2.781165599822998
03-12-1985,5.148148059844971,5.240740776062012,382050,5.277778148651123,5.277778148651123,2.790957450866699
04-12-1985,5.240740776062012,5.240740776062012,766125,5.388888835906982,5.370369911193848,2.83992075920105
05-12-1985,5.259259223937988,5.370369911193848,928125,5.481481075286865,5.259259223937988,2.781165599822998
06-12-1985,5.203703880310059,5.240740776062012,387450,5.314815044403076,5.314815044403076,2.8105430603027344
09-12-1985,5.259259223937988,5.314815044403076,456975,5.3333330154418945,5.259259223937988,2.781165599822998
10-12-1985,5.148148059844971,5.259259223937988,468450,5.259259223937988,5.185184955596924,2.7419919967651367
11-12-1985,5.185184955596924,5.185184955596924,677700,5.370369911193848,5.370369911193848,2.83992075920105
12-12-1985,5.351851940155029,5.351851940155029,449550,5.444444179534912,5.407406806945801,2.8595056533813477
13-12-1985,5.370369911193848,5.407406806945801,899100,5.444444179534912,5.370369911193848,2.83992075920105
16-12-1985,5.370369911193848,5.370369911193848,546750,5.407406806945801,5.407406806945801,2.8595056533813477
17-12-1985,5.296296119689941,5.370369911193848,725625,5.388888835906982,5.3333330154418945,2.8203346729278564
18-12-1985,5.296296119689941,5.314815044403076,454950,5.351851940155029,5.351851940155029,2.8301284313201904
19-12-1985,5.296296119689941,5.3333330154418945,443475,5.351851940155029,5.3333330154418945,2.8203346729278564
20-12-1985,5.314815044403076,5.370369911193848,676350,5.370369911193848,5.370369911193848,2.83992075920105
23-12-1985,5.259259223937988,5.407406806945801,416475,5.407406806945801,5.277778148651123,2.790957450866699
24-12-1985,5.092593193054199,5.259259223937988,521100,5.259259223937988,5.1666669845581055,2.7321999073028564
26-12-1985,5.074073791503906,5.1666669845581055,363825,5.185184955596924,5.129630088806152,2.7126142978668213
27-12-1985,5.092593193054199,5.148148059844971,434025,5.1666669845581055,5.092593193054199,2.6930270195007324
30-12-1985,4.981481075286865,5.092593193054199,544725,5.092593193054199,5.037036895751953,2.663649797439575
31-12-1985,5.037036895751953,5.037036895751953,443475,5.1666669845581055,5.148148059844971,2.722407579421997
02-01-1986,5.037036895751953,5.1666669845581055,462375,5.1666669845581055,5.037036895751953,2.663649797439575
03-01-1986,5.037036895751953,5.037036895751953,627075,5.203703880310059,5.111111164093018,2.7028207778930664
06-01-1986,5.074073791503906,5.074073791503906,1018575,5.259259223937988,5.259259223937988,2.781165599822998
07-01-1986,5.222221851348877,5.240740776062012,1871100,5.314815044403076,5.277778148651123,2.790957450866699
08-01-1986,5.111111164093018,5.222221851348877,849825,5.277778148651123,5.111111164093018,2.7028207778930664
09-01-1986,5.0,5.055555820465088,773550,5.148148059844971,5.055555820465088,2.67344331741333
10-01-1986,5.0,5.055555820465088,252450,5.074073791503906,5.018518924713135,2.6538589000701904
13-01-1986,4.925926208496094,5.018518924713135,534600,5.037036895751953,4.925926208496094,2.6048941612243652
14-01-1986,4.907406806945801,4.925926208496094,409725,5.0,4.962963104248047,2.6244776248931885
15-01-1986,4.981481075286865,5.0,535275,5.092593193054199,5.092593193054199,2.6930270195007324
16-01-1986,5.055555820465088,5.055555820465088,574425,5.259259223937988,5.259259223937988,2.781165599822998
17-01-1986,5.185184955596924,5.240740776062012,811350,5.259259223937988,5.222221851348877,2.76157808303833
20-01-1986,5.092593193054199,5.185184955596924,346950,5.203703880310059,5.092593193054199,2.6930270195007324
21-01-1986,5.018518924713135,5.111111164093018,475200,5.111111164093018,5.055555820465088,2.67344331741333
22-01-1986,5.018518924713135,5.055555820465088,706050,5.074073791503906,5.037036895751953,2.663649797439575
23-01-1986,5.0,5.092593193054199,456300,5.092593193054199,5.092593193054199,2.706327438354492
24-01-1986,5.074073791503906,5.129630088806152,1969650,5.222221851348877,5.222221851348877,2.775214433670044
27-01-1986,5.240740776062012,5.259259223937988,533925,5.351851940155029,5.3333330154418945,2.834260940551758
28-01-1986,5.296296119689941,5.296296119689941,1813725,5.611111164093018,5.518518924713135,2.9326727390289307
29-01-1986,5.388888835906982,5.555555820465088,292275,5.574073791503906,5.407406806945801,2.873626708984375
30-01-1986,5.370369911193848,5.407406806945801,1497150,5.518518924713135,5.444444179534912,2.8933093547821045
31-01-1986,5.370369911193848,5.407406806945801,543375,5.5,5.481481075286865,2.9129936695098877
03-02-1986,5.388888835906982,5.407406806945801,441450,5.555555820465088,5.555555820465088,2.952357530593872
04-02-1986,5.481481075286865,5.537036895751953,808650,5.592593193054199,5.555555820465088,2.952357530593872
05-02-1986,5.537036895751953,5.555555820465088,369900,5.592593193054199,5.592593193054199,2.972038984298706
06-02-1986,5.574073791503906,5.611111164093018,371925,5.703703880310059,5.592593193054199,2.972038984298706
07-02-1986,5.555555820465088,5.592593193054199,311175,5.703703880310059,5.703703880310059,3.031085729598999
10-02-1986,5.703703880310059,5.703703880310059,1025325,5.8333330154418945,5.8333330154418945,3.099973201751709
11-02-1986,5.796296119689941,5.814815044403076,1711125,6.222221851348877,6.111111164093018,3.2475922107696533
12-02-1986,6.1666669845581055,6.222221851348877,1721925,6.277778148651123,6.222221851348877,3.3066394329071045
13-02-1986,5.981481075286865,6.259259223937988,1415475,6.277778148651123,6.037036895751953,3.2082247734069824
14-02-1986,5.740740776062012,5.962963104248047,1497825,6.0,5.740740776062012,3.050769090652466
18-02-1986,5.648148059844971,5.759259223937988,498825,5.814815044403076,5.814815044403076,3.0901334285736084
19-02-1986,5.777778148651123,5.814815044403076,1621350,5.888888835906982,5.851851940155029,3.1098155975341797
20-02-1986,5.851851940155029,5.851851940155029,1315575,6.018518924713135,5.981481075286865,3.178704023361206
21-02-1986,6.018518924713135,6.037036895751953,1046925,6.111111164093018,6.092593193054199,3.2377519607543945
24-02-1986,6.037036895751953,6.055555820465088,1305450,6.203703880310059,6.148148059844971,3.2672765254974365
25-02-1986,6.092593193054199,6.111111164093018,627075,6.1666669845581055,6.1666669845581055,3.2771153450012207
26-02-1986,6.129630088806152,6.129630088806152,515025,6.277778148651123,6.277778148651123,3.3361620903015137
27-02-1986,6.296296119689941,6.296296119689941,440100,6.407406806945801,6.3333330154418945,3.36568546295166
28-02-1986,6.240740776062012,6.3333330154418945,698625,6.3333330154418945,6.259259223937988,3.3263204097747803
03-03-1986,6.222221851348877,6.296296119689941,554175,6.3333330154418945,6.259259223937988,3.3263204097747803
04-03-1986,6.240740776062012,6.259259223937988,417150,6.314815044403076,6.296296119689941,3.3460042476654053
05-03-1986,6.259259223937988,6.296296119689941,938250,6.3333330154418945,6.277778148651123,3.3361620903015137
06-03-1986,6.277778148651123,6.277778148651123,695250,6.407406806945801,6.407406806945801,3.4050509929656982
07-03-1986,6.425926208496094,6.444444179534912,301725,6.518518924713135,6.481481075286865,3.4444146156311035
10-03-1986,6.425926208496094,6.444444179534912,634500,6.648148059844971,6.648148059844971,3.5329861640930176
11-03-1986,6.6666669845581055,6.6666669845581055,1049625,6.814815044403076,6.814815044403076,3.621556520462036
12-03-1986,6.740740776062012,6.851851940155029,947700,6.851851940155029,6.796296119689941,3.611717462539673
13-03-1986,6.592593193054199,6.740740776062012,451575,6.740740776062012,6.629630088806152,3.523145914077759
14-03-1986,6.629630088806152,6.648148059844971,569025,6.759259223937988,6.759259223937988,3.592034101486206
17-03-1986,6.611111164093018,6.722221851348877,660825,6.759259223937988,6.685184955596924,3.5526695251464844
18-03-1986,6.703703880310059,6.722221851348877,830250,6.8333330154418945,6.796296119689941,3.611717462539673
19-03-1986,6.796296119689941,6.814815044403076,2146500,6.8333330154418945,6.814815044403076,3.621556520462036
20-03-1986,6.814815044403076,6.814815044403076,414450,6.925926208496094,6.888888835906982,3.660921573638916
21-03-1986,6.888888835906982,6.907406806945801,336150,6.944444179534912,6.925926208496094,3.680603504180908
24-03-1986,6.888888835906982,6.925926208496094,361125,6.962963104248047,6.944444179534912,3.690446376800537
25-03-1986,6.870369911193848,6.907406806945801,741150,6.944444179534912,6.944444179534912,3.690446376800537
26-03-1986,6.944444179534912,6.944444179534912,794475,7.074073791503906,7.0,3.7199671268463135
27-03-1986,6.981481075286865,7.037036895751953,493425,7.037036895751953,7.018518924713135,3.7298099994659424
31-03-1986,7.0,7.018518924713135,986175,7.111111164093018,7.092593193054199,3.7691750526428223
01-04-1986,7.092593193054199,7.111111164093018,1096875,7.185184955596924,7.148148059844971,3.798699378967285
02-04-1986,7.129630088806152,7.148148059844971,1190025,7.1666669845581055,7.1666669845581055,3.808542490005493
03-04-1986,7.055555820465088,7.1666669845581055,530550,7.1666669845581055,7.055555820465088,3.7494935989379883
04-04-1986,7.037036895751953,7.074073791503906,621675,7.129630088806152,7.037036895751953,3.7396509647369385
07-04-1986,6.962963104248047,7.0,216675,7.0,6.962963104248047,3.700287103652954
08-04-1986,6.962963104248047,6.962963104248047,753300,7.018518924713135,6.981481075286865,3.7101287841796875
09-04-1986,7.0,7.0,454275,7.037036895751953,7.018518924713135,3.7298099994659424
10-04-1986,6.907406806945801,7.0,345600,7.0,6.907406806945801,3.670762062072754
11-04-1986,6.907406806945801,6.944444179534912,776925,6.981481075286865,6.944444179534912,3.690446376800537
14-04-1986,6.870369911193848,6.888888835906982,552150,6.981481075286865,6.888888835906982,3.674015760421753
15-04-1986,6.888888835906982,6.888888835906982,369900,6.925926208496094,6.925926208496094,3.693769693374634
16-04-1986,6.925926208496094,6.962963104248047,386100,6.981481075286865,6.962963104248047,3.713520050048828
17-04-1986,6.944444179534912,6.981481075286865,202500,6.981481075286865,6.962963104248047,3.713520050048828
18-04-1986,6.888888835906982,6.981481075286865,280800,6.981481075286865,6.925926208496094,3.693769693374634
21-04-1986,6.925926208496094,6.944444179534912,126225,6.981481075286865,6.944444179534912,3.703646183013916
22-04-1986,6.907406806945801,6.925926208496094,573075,7.037036895751953,6.944444179534912,3.703646183013916
23-04-1986,6.611111164093018,6.925926208496094,1092825,6.962963104248047,6.740740776062012,3.5950050354003906
24-04-1986,6.740740776062012,6.759259223937988,992250,7.0,7.0,3.7332746982574463
25-04-1986,7.092593193054199,7.111111164093018,803250,7.314815044403076,7.296296119689941,3.891296863555908
28-04-1986,7.277778148651123,7.407406806945801,716175,7.425926208496094,7.388888835906982,3.940678596496582
29-04-1986,7.370369911193848,7.388888835906982,452250,7.518518924713135,7.425926208496094,3.9604318141937256
30-04-1986,7.240740776062012,7.407406806945801,688500,7.444444179534912,7.259259223937988,3.8715426921844482
01-05-1986,7.0,7.259259223937988,269325,7.259259223937988,7.129630088806152,3.8024094104766846
02-05-1986,7.055555820465088,7.129630088806152,792450,7.1666669845581055,7.111111164093018,3.7925326824188232
05-05-1986,7.129630088806152,7.148148059844971,156600,7.203703880310059,7.185184955596924,3.8320424556732178
06-05-1986,7.092593193054199,7.222221851348877,315900,7.222221851348877,7.111111164093018,3.7925326824188232
07-05-1986,7.074073791503906,7.111111164093018,225450,7.148148059844971,7.092593193054199,3.78265643119812
08-05-1986,7.111111164093018,7.111111164093018,318600,7.222221851348877,7.148148059844971,3.8122849464416504
09-05-1986,7.092593193054199,7.148148059844971,123525,7.185184955596924,7.129630088806152,3.8024094104766846
12-05-1986,7.055555820465088,7.148148059844971,320625,7.148148059844971,7.111111164093018,3.7925326824188232
13-05-1986,7.074073791503906,7.1666669845581055,504900,7.185184955596924,7.074073791503906,3.7727789878845215
14-05-1986,7.092593193054199,7.092593193054199,216000,7.185184955596924,7.129630088806152,3.8024094104766846
15-05-1986,7.092593193054199,7.1666669845581055,485325,7.185184955596924,7.111111164093018,3.7925326824188232
16-05-1986,7.111111164093018,7.129630088806152,421875,7.185184955596924,7.129630088806152,3.8024094104766846
19-05-1986,7.092593193054199,7.1666669845581055,190350,7.1666669845581055,7.148148059844971,3.8122849464416504
20-05-1986,7.111111164093018,7.129630088806152,691875,7.148148059844971,7.148148059844971,3.8122849464416504
21-05-1986,7.148148059844971,7.148148059844971,890325,7.259259223937988,7.222221851348877,3.8517913818359375
22-05-1986,7.148148059844971,7.222221851348877,658800,7.314815044403076,7.314815044403076,3.9011731147766113
23-05-1986,7.259259223937988,7.277778148651123,2961225,7.370369911193848,7.259259223937988,3.8715426921844482
27-05-1986,7.240740776062012,7.277778148651123,224775,7.277778148651123,7.240740776062012,3.8616690635681152
28-05-1986,7.3333330154418945,7.407406806945801,1599075,7.444444179534912,7.407406806945801,3.9505534172058105
29-05-1986,7.3333330154418945,7.388888835906982,456300,7.388888835906982,7.351851940155029,3.920926094055176
30-05-1986,7.277778148651123,7.351851940155029,727650,7.370369911193848,7.3333330154418945,3.9110498428344727
02-06-1986,7.296296119689941,7.296296119689941,673650,7.5,7.425926208496094,3.9604318141937256
03-06-1986,7.3333330154418945,7.388888835906982,413100,7.407406806945801,7.388888835906982,3.940678596496582
04-06-1986,7.351851940155029,7.425926208496094,207900,7.444444179534912,7.407406806945801,3.9505534172058105
05-06-1986,7.3333330154418945,7.444444179534912,267300,7.444444179534912,7.370369911193848,3.9308011531829834
06-06-1986,7.351851940155029,7.388888835906982,1034100,7.555555820465088,7.5,3.999934673309326
09-06-1986,7.518518924713135,7.574073791503906,1117125,7.814815044403076,7.6666669845581055,4.088824272155762
10-06-1986,7.629630088806152,7.629630088806152,190350,7.685184955596924,7.6666669845581055,4.088824272155762
11-06-1986,7.685184955596924,7.703703880310059,727650,7.888888835906982,7.870369911193848,4.197464942932129
12-06-1986,7.851851940155029,7.851851940155029,830925,8.11111068725586,8.018519401550293,4.276476860046387
13-06-1986,8.018519401550293,8.055556297302246,1381050,8.370369911193848,8.259259223937988,4.404869556427002
16-06-1986,8.203703880310059,8.259259223937988,766125,8.38888931274414,8.203703880310059,4.375239849090576
17-06-1986,8.11111068725586,8.240740776062012,281475,8.240740776062012,8.166666984558105,4.355487823486328
18-06-1986,8.0925931930542,8.203703880310059,294975,8.203703880310059,8.166666984558105,4.355487823486328
19-06-1986,8.203703880310059,8.203703880310059,825525,8.518519401550293,8.425926208496094,4.49375581741333
20-06-1986,8.537036895751953,8.574073791503906,1452600,8.981480598449707,8.870369911193848,4.730789661407471
23-06-1986,8.5,8.740740776062012,768150,8.814814567565918,8.574073791503906,4.5727667808532715
24-06-1986,8.5,8.555556297302246,768825,8.814814567565918,8.685185432434082,4.632026672363281
25-06-1986,8.685185432434082,8.685185432434082,890325,8.962963104248047,8.851852416992188,4.7209153175354
26-06-1986,8.185185432434082,8.925926208496094,4979475,9.148147583007812,8.518519401550293,4.543140411376953
27-06-1986,8.518519401550293,8.537036895751953,1154925,8.629630088806152,8.5925931930542,4.582643508911133
30-06-1986,8.537036895751953,8.5925931930542,554850,8.629630088806152,8.5925931930542,4.582643508911133
01-07-1986,8.555556297302246,8.555556297302246,563625,8.629630088806152,8.5925931930542,4.582643508911133
02-07-1986,8.444443702697754,8.61111068725586,1013850,8.629630088806152,8.574073791503906,4.5727667808532715
03-07-1986,8.518519401550293,8.574073791503906,1087425,8.61111068725586,8.5925931930542,4.582643508911133
07-07-1986,8.296296119689941,8.5925931930542,1219050,8.5925931930542,8.314814567565918,4.43449592590332
08-07-1986,7.777778148651123,8.240740776062012,942975,8.259259223937988,7.981481075286865,4.256721019744873
09-07-1986,7.8333330154418945,7.925926208496094,951075,7.981481075286865,7.925926208496094,4.22709321975708
10-07-1986,7.796296119689941,7.925926208496094,1073925,7.962963104248047,7.870369911193848,4.197464942932129
11-07-1986,7.925926208496094,7.925926208496094,781650,8.037036895751953,7.981481075286865,4.256721019744873
14-07-1986,7.629630088806152,8.018519401550293,1401975,8.037036895751953,7.740740776062012,4.128331661224365
15-07-1986,7.259259223937988,7.703703880310059,2534625,7.740740776062012,7.407406806945801,3.9505534172058105
16-07-1986,7.518518924713135,7.592593193054199,953100,7.703703880310059,7.629630088806152,4.069072723388672
17-07-1986,7.592593193054199,7.8333330154418945,616275,7.8333330154418945,7.8333330154418945,4.194288730621338
18-07-1986,7.6666669845581055,7.907406806945801,758700,7.907406806945801,7.777778148651123,4.164539337158203
21-07-1986,7.703703880310059,7.777778148651123,451575,8.0,8.0,4.283527374267578
22-07-1986,8.0,8.0,955800,8.222222328186035,8.203703880310059,4.392598628997803
23-07-1986,8.166666984558105,8.203703880310059,319275,8.370369911193848,8.296296119689941,4.442174911499023
24-07-1986,8.259259223937988,8.296296119689941,1707750,8.518519401550293,8.481480598449707,4.5413289070129395
25-07-1986,8.370369911193848,8.444443702697754,436050,8.481480598449707,8.4074068069458,4.501668453216553
28-07-1986,8.222222328186035,8.370369911193848,276075,8.4074068069458,8.351852416992188,4.471923351287842
29-07-1986,8.259259223937988,8.351852416992188,2595375,8.351852416992188,8.314814567565918,4.452088832855225
30-07-1986,8.185185432434082,8.277777671813965,756675,8.314814567565918,8.259259223937988,4.422344207763672
31-07-1986,8.074073791503906,8.222222328186035,702000,8.277777671813965,8.148147583007812,4.362851142883301
01-08-1986,8.11111068725586,8.148147583007812,270000,8.222222328186035,8.11111068725586,4.343019485473633
04-08-1986,7.962963104248047,8.074073791503906,323325,8.074073791503906,8.0,4.283527374267578
05-08-1986,7.925926208496094,8.0,465075,8.055556297302246,8.055556297302246,4.313275337219238
06-08-1986,7.962963104248047,8.055556297302246,415125,8.074073791503906,8.018519401550293,4.293442249298096
07-08-1986,7.962963104248047,8.018519401550293,288900,8.018519401550293,7.962963104248047,4.263694763183594
08-08-1986,7.888888835906982,7.925926208496094,330750,7.981481075286865,7.962963104248047,4.263694763183594
11-08-1986,8.0,8.0,207225,8.074073791503906,8.018519401550293,4.293442249298096
12-08-1986,8.0,8.018519401550293,437400,8.203703880310059,8.185185432434082,4.382682800292969
13-08-1986,8.222222328186035,8.222222328186035,360450,8.425926208496094,8.425926208496094,4.511585235595703
14-08-1986,8.38888931274414,8.38888931274414,1185300,8.629630088806152,8.5925931930542,4.60082483291626
15-08-1986,8.296296119689941,8.4074068069458,173813,8.814814567565918,8.4074068069458,4.501668453216553
18-08-1986,8.370369911193848,8.444443702697754,297675,8.629630088806152,8.629630088806152,4.620655536651611
19-08-1986,8.444443702697754,8.555556297302246,311175,8.666666984558105,8.5925931930542,4.60082483291626
20-08-1986,8.4074068069458,8.555556297302246,116100,8.5925931930542,8.518519401550293,4.561165809631348
21-08-1986,8.333333015441895,8.555556297302246,447525,8.555556297302246,8.444443702697754,4.52149772644043
22-08-1986,8.222222328186035,8.481480598449707,219375,8.481480598449707,8.370369911193848,4.481835842132568
25-08-1986,7.888888835906982,8.222222328186035,421875,8.444443702697754,8.370369911193848,4.481835842132568
26-08-1986,8.370369911193848,8.370369911193848,466425,8.4074068069458,8.370369911193848,4.481835842132568
27-08-1986,8.037036895751953,8.4074068069458,560925,8.4074068069458,8.11111068725586,4.343019485473633
28-08-1986,8.11111068725586,8.148147583007812,229838,8.222222328186035,8.222222328186035,4.4025139808654785
29-08-1986,8.074073791503906,8.11111068725586,198788,8.259259223937988,8.11111068725586,4.343019485473633
02-09-1986,7.962963104248047,8.148147583007812,449888,8.185185432434082,8.0,4.283527374267578
03-09-1986,7.962963104248047,8.0,375638,8.11111068725586,8.074073791503906,4.323187351226807
04-09-1986,8.0,8.11111068725586,429975,8.148147583007812,8.148147583007812,4.362851142883301
05-09-1986,7.814815044403076,8.222222328186035,845775,8.296296119689941,7.962963104248047,4.263694763183594
08-09-1986,7.777778148651123,7.851851940155029,220725,7.925926208496094,7.851851940155029,4.204202175140381
09-09-1986,7.814815044403076,7.925926208496094,130950,7.962963104248047,7.814815044403076,4.184369087219238
10-09-1986,7.777778148651123,7.851851940155029,258188,7.925926208496094,7.777778148651123,4.164539337158203
11-09-1986,7.185184955596924,7.777778148651123,1147163,7.777778148651123,7.444444179534912,3.9860596656799316
12-09-1986,7.222221851348877,7.444444179534912,750938,7.481481075286865,7.3333330154418945,3.926565170288086
15-09-1986,7.259259223937988,7.3333330154418945,523800,7.481481075286865,7.370369911193848,3.946394443511963
16-09-1986,7.185184955596924,7.3333330154418945,437063,7.518518924713135,7.481481075286865,4.0058913230896
17-09-1986,7.407406806945801,7.555555820465088,471825,7.6666669845581055,7.518518924713135,4.025722026824951
18-09-1986,7.407406806945801,7.555555820465088,813038,7.592593193054199,7.592593193054199,4.0653839111328125
19-09-1986,7.3333330154418945,7.592593193054199,472163,7.592593193054199,7.555555820465088,4.045554161071777
22-09-1986,7.444444179534912,7.629630088806152,228488,7.6666669845581055,7.592593193054199,4.0653839111328125
23-09-1986,7.6666669845581055,7.6666669845581055,314213,7.925926208496094,7.925926208496094,4.243865489959717
24-09-1986,7.888888835906982,7.962963104248047,266288,8.0,8.0,4.283527374267578
25-09-1986,7.703703880310059,7.962963104248047,518400,7.962963104248047,7.888888835906982,4.224032878875732
26-09-1986,7.925926208496094,7.925926208496094,422888,8.222222328186035,8.148147583007812,4.362851142883301
29-09-1986,7.777778148651123,8.074073791503906,252450,8.148147583007812,7.777778148651123,4.164539337158203
30-09-1986,7.777778148651123,7.777778148651123,361463,8.11111068725586,7.962963104248047,4.263694763183594
01-10-1986,7.777778148651123,7.925926208496094,362475,8.222222328186035,8.037036895751953,4.3033599853515625
02-10-1986,7.925926208496094,8.0,181913,8.222222328186035,8.222222328186035,4.4025139808654785
03-10-1986,8.037036895751953,8.148147583007812,213638,8.222222328186035,8.185185432434082,4.382682800292969
06-10-1986,7.259259223937988,8.11111068725586,6176250,8.11111068725586,7.370369911193848,3.946394443511963
07-10-1986,7.3333330154418945,7.370369911193848,1035450,7.481481075286865,7.407406806945801,3.966226816177368
08-10-1986,7.370369911193848,7.370369911193848,499500,7.703703880310059,7.6666669845581055,4.105043888092041
09-10-1986,7.481481075286865,7.629630088806152,306788,7.629630088806152,7.518518924713135,4.025722026824951
10-10-1986,7.407406806945801,7.481481075286865,135675,7.481481075286865,7.481481075286865,4.0058913230896
13-10-1986,7.444444179534912,7.481481075286865,56025,7.518518924713135,7.518518924713135,4.025722026824951
14-10-1986,7.3333330154418945,7.555555820465088,416813,7.555555820465088,7.444444179534912,3.9860596656799316
15-10-1986,7.407406806945801,7.444444179534912,598388,7.518518924713135,7.518518924713135,4.025722026824951
16-10-1986,7.407406806945801,7.518518924713135,403650,7.555555820465088,7.444444179534912,3.9860596656799316
17-10-1986,7.370369911193848,7.481481075286865,1187325,7.481481075286865,7.444444179534912,3.9860596656799316
20-10-1986,6.444444179534912,6.481481075286865,1259213,7.185184955596924,6.481481075286865,3.4774935245513916
21-10-1986,5.851851940155029,6.037036895751953,4083750,6.185184955596924,6.037036895751953,3.239037036895752
22-10-1986,6.037036895751953,6.074073791503906,1570388,6.259259223937988,6.185184955596924,3.318523406982422
23-10-1986,6.148148059844971,6.222221851348877,580838,6.296296119689941,6.185184955596924,3.318523406982422
24-10-1986,6.148148059844971,6.185184955596924,984825,6.296296119689941,6.148148059844971,3.298651695251465
27-10-1986,6.259259223937988,6.296296119689941,780975,6.3333330154418945,6.3333330154418945,3.398005962371826
28-10-1986,6.222221851348877,6.3333330154418945,481950,6.3333330154418945,6.296296119689941,3.378135919570923
29-10-1986,6.074073791503906,6.222221851348877,1196438,6.296296119689941,6.222221851348877,3.3383946418762207
30-10-1986,6.259259223937988,6.259259223937988,1345613,6.592593193054199,6.444444179534912,3.457622766494751
31-10-1986,6.481481075286865,6.481481075286865,797850,6.740740776062012,6.629630088806152,3.5569794178009033
03-11-1986,6.629630088806152,6.6666669845581055,654750,6.851851940155029,6.703703880310059,3.5967226028442383
04-11-1986,6.629630088806152,6.703703880310059,1129275,6.777778148651123,6.703703880310059,3.5967226028442383
05-11-1986,6.703703880310059,6.703703880310059,978750,6.925926208496094,6.851851940155029,3.6762099266052246
06-11-1986,6.740740776062012,6.851851940155029,691200,6.925926208496094,6.777778148651123,3.636464834213257
07-11-1986,6.740740776062012,6.740740776062012,759713,6.962963104248047,6.925926208496094,3.7159504890441895
10-11-1986,6.888888835906982,6.925926208496094,353700,6.962963104248047,6.925926208496094,3.7159504890441895
11-11-1986,6.925926208496094,6.962963104248047,358763,7.0,7.0,3.7556943893432617
12-11-1986,6.851851940155029,6.925926208496094,287888,7.0,7.0,3.7556943893432617
13-11-1986,6.925926208496094,6.925926208496094,481275,7.074073791503906,6.962963104248047,3.7358217239379883
14-11-1986,6.888888835906982,6.962963104248047,318600,7.111111164093018,7.074073791503906,3.795438766479492
17-11-1986,6.962963104248047,7.074073791503906,220725,7.111111164093018,7.0,3.7556943893432617
18-11-1986,6.740740776062012,6.888888835906982,508275,6.962963104248047,6.888888835906982,3.696077346801758
19-11-1986,6.814815044403076,6.851851940155029,990225,6.962963104248047,6.925926208496094,3.7159504890441895
20-11-1986,6.962963104248047,6.962963104248047,660825,7.037036895751953,7.037036895751953,3.7755656242370605
21-11-1986,6.962963104248047,6.962963104248047,443138,7.074073791503906,7.074073791503906,3.795438766479492
24-11-1986,7.0,7.074073791503906,856913,7.185184955596924,7.111111164093018,3.815307855606079
25-11-1986,7.037036895751953,7.185184955596924,760388,7.222221851348877,7.111111164093018,3.815307855606079
26-11-1986,7.037036895751953,7.111111164093018,183600,7.148148059844971,7.111111164093018,3.815307855606079
28-11-1986,6.740740776062012,7.037036895751953,363488,7.074073791503906,7.0,3.7556943893432617
01-12-1986,6.814815044403076,7.037036895751953,341550,7.037036895751953,7.037036895751953,3.7755656242370605
02-12-1986,7.074073791503906,7.074073791503906,367538,7.185184955596924,7.111111164093018,3.815307855606079
03-12-1986,7.037036895751953,7.111111164093018,633825,7.185184955596924,7.037036895751953,3.7755656242370605
04-12-1986,6.851851940155029,7.037036895751953,1608525,7.037036895751953,6.851851940155029,3.6762099266052246
05-12-1986,6.296296119689941,6.851851940155029,1908563,6.851851940155029,6.629630088806152,3.5569794178009033
08-12-1986,6.481481075286865,6.592593193054199,409050,6.592593193054199,6.555555820465088,3.517237663269043
09-12-1986,6.370369911193848,6.481481075286865,284175,6.555555820465088,6.444444179534912,3.457622766494751
10-12-1986,6.296296119689941,6.444444179534912,447525,6.518518924713135,6.444444179534912,3.457622766494751
11-12-1986,6.074073791503906,6.3333330154418945,798863,6.3333330154418945,6.074073791503906,3.258908748626709
12-12-1986,5.962963104248047,6.111111164093018,586575,6.185184955596924,6.185184955596924,3.318523406982422
15-12-1986,6.074073791503906,6.111111164093018,612225,6.259259223937988,6.222221851348877,3.3383946418762207
16-12-1986,6.148148059844971,6.370369911193848,670950,6.370369911193848,6.296296119689941,3.378135919570923
17-12-1986,6.0,6.148148059844971,505575,6.222221851348877,6.0,3.2191660404205322
18-12-1986,5.962963104248047,6.037036895751953,340538,6.185184955596924,6.037036895751953,3.239037036895752
19-12-1986,5.962963104248047,5.962963104248047,719888,6.185184955596924,6.185184955596924,3.318523406982422
22-12-1986,6.037036895751953,6.074073791503906,782325,6.185184955596924,6.148148059844971,3.298651695251465
23-12-1986,6.037036895751953,6.185184955596924,914625,6.185184955596924,6.037036895751953,3.239037036895752
24-12-1986,6.0,6.037036895751953,276075,6.074073791503906,6.0,3.2191660404205322
26-12-1986,5.925926208496094,6.037036895751953,105638,6.037036895751953,5.925926208496094,3.1794204711914062
29-12-1986,5.888888835906982,5.925926208496094,459675,6.037036895751953,5.925926208496094,3.1794204711914062
30-12-1986,5.629630088806152,5.851851940155029,1039838,5.851851940155029,5.6666669845581055,3.040322780609131
31-12-1986,5.592593193054199,5.629630088806152,440775,5.814815044403076,5.777778148651123,3.099937915802002
02-01-1987,5.592593193054199,5.777778148651123,322988,5.777778148651123,5.740740776062012,3.0800669193267822
05-01-1987,5.814815044403076,5.814815044403076,1029713,6.111111164093018,6.111111164093018,3.278780221939087
06-01-1987,6.037036895751953,6.074073791503906,966938,6.185184955596924,6.074073791503906,3.258908748626709
07-01-1987,6.074073791503906,6.111111164093018,1138388,6.185184955596924,6.148148059844971,3.298651695251465
08-01-1987,5.962963104248047,6.148148059844971,810338,6.148148059844971,6.037036895751953,3.239037036895752
09-01-1987,6.037036895751953,6.074073791503906,618300,6.296296119689941,6.296296119689941,3.378135919570923
12-01-1987,6.259259223937988,6.296296119689941,663863,6.555555820465088,6.3333330154418945,3.398005962371826
13-01-1987,6.259259223937988,6.259259223937988,339525,6.481481075286865,6.407406806945801,3.4377527236938477
14-01-1987,6.296296119689941,6.407406806945801,492075,6.407406806945801,6.296296119689941,3.378135919570923
15-01-1987,6.296296119689941,6.370369911193848,946013,6.407406806945801,6.370369911193848,3.4178802967071533
16-01-1987,6.148148059844971,6.148148059844971,707063,6.3333330154418945,6.148148059844971,3.3064792156219482
19-01-1987,6.0,6.074073791503906,299363,6.185184955596924,6.0,3.226804256439209
20-01-1987,5.925926208496094,6.074073791503906,578813,6.222221851348877,6.222221851348877,3.346315860748291
21-01-1987,6.111111164093018,6.148148059844971,1143113,6.370369911193848,6.222221851348877,3.346315860748291
22-01-1987,6.185184955596924,6.222221851348877,557550,6.3333330154418945,6.3333330154418945,3.4060699939727783
23-01-1987,6.296296119689941,6.370369911193848,1246388,6.518518924713135,6.518518924713135,3.505664825439453
26-01-1987,6.370369911193848,6.518518924713135,242663,6.518518924713135,6.518518924713135,3.505664825439453
27-01-1987,6.444444179534912,6.518518924713135,474863,6.592593193054199,6.592593193054199,3.5455002784729004
28-01-1987,6.518518924713135,6.555555820465088,232875,6.592593193054199,6.592593193054199,3.5455002784729004
29-01-1987,6.555555820465088,6.592593193054199,519413,6.888888835906982,6.740740776062012,3.6251745223999023
30-01-1987,6.555555820465088,6.6666669845581055,327038,6.6666669845581055,6.592593193054199,3.5455002784729004
02-02-1987,6.481481075286865,6.592593193054199,771525,6.629630088806152,6.518518924713135,3.505664825439453
03-02-1987,6.444444179534912,6.518518924713135,542700,6.592593193054199,6.444444179534912,3.465827465057373
04-02-1987,6.296296119689941,6.481481075286865,682425,6.555555820465088,6.444444179534912,3.465827465057373
05-02-1987,6.407406806945801,6.518518924713135,1423575,6.962963104248047,6.888888835906982,3.7048468589782715
06-02-1987,6.6666669845581055,6.888888835906982,1117125,6.888888835906982,6.740740776062012,3.6251745223999023
09-02-1987,6.555555820465088,6.740740776062012,799200,7.0,6.888888835906982,3.7048468589782715
10-02-1987,6.740740776062012,6.962963104248047,568688,6.962963104248047,6.777778148651123,3.645092725753784
11-02-1987,6.518518924713135,6.703703880310059,1030388,6.814815044403076,6.629630088806152,3.565418243408203
12-02-1987,6.703703880310059,6.703703880310059,707400,7.074073791503906,6.962963104248047,3.7446863651275635
13-02-1987,6.814815044403076,6.814815044403076,1014863,7.185184955596924,7.185184955596924,3.8641984462738037
17-02-1987,7.037036895751953,7.259259223937988,477225,7.259259223937988,7.185184955596924,3.8641984462738037
18-02-1987,7.148148059844971,7.222221851348877,603113,7.3333330154418945,7.259259223937988,3.9040334224700928
19-02-1987,7.111111164093018,7.185184955596924,301725,7.3333330154418945,7.148148059844971,3.8442769050598145
20-02-1987,6.925926208496094,7.185184955596924,311513,7.185184955596924,7.0,3.76460599899292
23-02-1987,6.814815044403076,6.962963104248047,394538,7.148148059844971,7.111111164093018,3.8243589401245117
24-02-1987,7.074073791503906,7.111111164093018,488025,7.444444179534912,7.3333330154418945,3.9438729286193848
25-02-1987,7.296296119689941,7.370369911193848,919688,7.629630088806152,7.481481075286865,4.023545742034912
26-02-1987,7.3333330154418945,7.407406806945801,408038,7.481481075286865,7.370369911193848,3.963789463043213
27-02-1987,7.407406806945801,7.444444179534912,969975,7.629630088806152,7.629630088806152,4.103219509124756
02-03-1987,7.481481075286865,7.629630088806152,768825,7.851851940155029,7.777778148651123,4.182893753051758
03-03-1987,7.629630088806152,7.703703880310059,408038,7.703703880310059,7.6666669845581055,4.123139381408691
04-03-1987,7.555555820465088,7.629630088806152,561600,7.703703880310059,7.703703880310059,4.143056869506836
05-03-1987,7.555555820465088,7.703703880310059,358425,7.703703880310059,7.555555820465088,4.06338357925415
06-03-1987,7.3333330154418945,7.592593193054199,328725,7.592593193054199,7.555555820465088,4.06338357925415
09-03-1987,7.3333330154418945,7.481481075286865,282488,7.481481075286865,7.481481075286865,4.023545742034912
10-03-1987,7.3333330154418945,7.518518924713135,171113,7.518518924713135,7.407406806945801,3.9837100505828857
11-03-1987,7.296296119689941,7.407406806945801,532575,7.481481075286865,7.3333330154418945,3.9438729286193848
12-03-1987,7.407406806945801,7.407406806945801,607838,7.555555820465088,7.555555820465088,4.06338357925415
13-03-1987,7.407406806945801,7.555555820465088,2101613,7.555555820465088,7.407406806945801,3.9837100505828857
16-03-1987,7.370369911193848,7.407406806945801,795488,7.518518924713135,7.444444179534912,4.003627777099609
17-03-1987,7.407406806945801,7.481481075286865,390150,7.629630088806152,7.629630088806152,4.103219509124756
18-03-1987,7.592593193054199,7.703703880310059,1091138,7.777778148651123,7.592593193054199,4.083304405212402
19-03-1987,7.592593193054199,7.629630088806152,311513,7.703703880310059,7.629630088806152,4.103219509124756
20-03-1987,7.555555820465088,7.629630088806152,1074938,7.740740776062012,7.703703880310059,4.143056869506836
23-03-1987,7.518518924713135,7.592593193054199,186300,7.6666669845581055,7.6666669845581055,4.123139381408691
24-03-1987,7.518518924713135,7.592593193054199,251100,7.6666669845581055,7.555555820465088,4.06338357925415
25-03-1987,7.3333330154418945,7.555555820465088,167063,7.555555820465088,7.481481075286865,4.023545742034912
26-03-1987,7.370369911193848,7.518518924713135,265275,7.518518924713135,7.444444179534912,4.003627777099609
27-03-1987,7.185184955596924,7.481481075286865,171450,7.481481075286865,7.185184955596924,3.8641984462738037
30-03-1987,6.925926208496094,7.111111164093018,454275,7.111111164093018,7.037036895751953,3.7845230102539062
31-03-1987,6.888888835906982,7.037036895751953,382725,7.074073791503906,7.0,3.76460599899292
01-04-1987,6.888888835906982,6.888888835906982,337838,7.037036895751953,7.037036895751953,3.7845230102539062
02-04-1987,6.962963104248047,7.0,297000,7.185184955596924,7.148148059844971,3.8442769050598145
03-04-1987,7.037036895751953,7.111111164093018,232538,7.407406806945801,7.370369911193848,3.963789463043213
06-04-1987,7.3333330154418945,7.407406806945801,200475,7.555555820465088,7.444444179534912,4.003627777099609
07-04-1987,7.259259223937988,7.444444179534912,312188,7.444444179534912,7.3333330154418945,3.9438729286193848
08-04-1987,7.222221851348877,7.3333330154418945,460688,7.444444179534912,7.370369911193848,3.963789463043213
09-04-1987,7.185184955596924,7.370369911193848,475875,7.444444179534912,7.407406806945801,3.9837100505828857
10-04-1987,7.185184955596924,7.370369911193848,169088,7.407406806945801,7.370369911193848,3.963789463043213
13-04-1987,7.185184955596924,7.296296119689941,401625,7.407406806945801,7.185184955596924,3.8641984462738037
14-04-1987,7.0,7.185184955596924,627750,7.259259223937988,7.148148059844971,3.8442769050598145
15-04-1987,7.148148059844971,7.148148059844971,499163,7.407406806945801,7.3333330154418945,3.9438729286193848
16-04-1987,7.259259223937988,7.407406806945801,224100,7.407406806945801,7.259259223937988,3.9040334224700928
20-04-1987,7.185184955596924,7.3333330154418945,174150,7.3333330154418945,7.296296119689941,3.9239540100097656
21-04-1987,7.074073791503906,7.259259223937988,574763,7.407406806945801,7.407406806945801,3.9837100505828857
22-04-1987,7.037036895751953,7.407406806945801,353700,7.407406806945801,7.148148059844971,3.8442769050598145
23-04-1987,6.851851940155029,7.111111164093018,339863,7.111111164093018,6.962963104248047,3.7446863651275635
24-04-1987,6.629630088806152,6.888888835906982,867038,6.888888835906982,6.6666669845581055,3.585338592529297
27-04-1987,6.444444179534912,6.740740776062012,353700,6.814815044403076,6.592593193054199,3.5455002784729004
28-04-1987,6.592593193054199,6.6666669845581055,255150,6.777778148651123,6.592593193054199,3.5455002784729004
29-04-1987,6.518518924713135,6.518518924713135,364163,6.740740776062012,6.629630088806152,3.565418243408203
30-04-1987,6.629630088806152,6.629630088806152,397238,6.888888835906982,6.851851940155029,3.6849312782287598
01-05-1987,6.740740776062012,6.740740776062012,139388,6.814815044403076,6.740740776062012,3.6251745223999023
04-05-1987,6.592593193054199,6.777778148651123,1689188,6.777778148651123,6.777778148651123,3.6532657146453857
05-05-1987,6.703703880310059,6.814815044403076,677700,6.851851940155029,6.814815044403076,3.6732285022735596
06-05-1987,6.703703880310059,6.777778148651123,159975,6.814815044403076,6.740740776062012,3.6333045959472656
07-05-1987,6.703703880310059,6.740740776062012,697613,6.851851940155029,6.851851940155029,3.693192958831787
08-05-1987,6.777778148651123,6.888888835906982,164025,6.962963104248047,6.962963104248047,3.7530832290649414
11-05-1987,6.925926208496094,7.037036895751953,415125,7.148148059844971,7.0,3.773045778274536
12-05-1987,6.777778148651123,7.0,492750,7.037036895751953,7.0,3.773045778274536
13-05-1987,6.740740776062012,7.0,356400,7.0,6.851851940155029,3.693192958831787
14-05-1987,6.703703880310059,6.888888835906982,213300,6.888888835906982,6.703703880310059,3.613339424133301
15-05-1987,6.592593193054199,6.6666669845581055,250425,6.703703880310059,6.629630088806152,3.573411703109741
18-05-1987,6.407406806945801,6.555555820465088,435713,6.740740776062012,6.740740776062012,3.6333045959472656
19-05-1987,6.407406806945801,6.888888835906982,641925,6.888888835906982,6.407406806945801,3.4536337852478027
20-05-1987,6.222221851348877,6.3333330154418945,540000,6.444444179534912,6.370369911193848,3.4336702823638916
21-05-1987,6.407406806945801,6.444444179534912,518738,6.518518924713135,6.444444179534912,3.4735982418060303
22-05-1987,6.481481075286865,6.518518924713135,298688,6.592593193054199,6.592593193054199,3.5534520149230957
26-05-1987,6.6666669845581055,6.6666669845581055,347963,6.777778148651123,6.740740776062012,3.6333045959472656
27-05-1987,6.592593193054199,6.777778148651123,442125,6.777778148651123,6.592593193054199,3.5534520149230957
28-05-1987,6.444444179534912,6.592593193054199,720900,6.740740776062012,6.6666669845581055,3.593376636505127
29-05-1987,6.6666669845581055,6.6666669845581055,291938,6.777778148651123,6.740740776062012,3.6333045959472656
01-06-1987,6.777778148651123,6.777778148651123,812700,7.3333330154418945,7.259259223937988,3.912787914276123
02-06-1987,6.962963104248047,7.111111164093018,355050,7.148148059844971,7.074073791503906,3.812974691390991
03-06-1987,6.962963104248047,7.074073791503906,293963,7.074073791503906,7.0,3.773045778274536
04-06-1987,6.851851940155029,7.037036895751953,143775,7.037036895751953,6.888888835906982,3.713155746459961
05-06-1987,6.592593193054199,6.925926208496094,648675,6.925926208496094,6.740740776062012,3.6333045959472656
08-06-1987,6.740740776062012,6.814815044403076,736088,6.851851940155029,6.777778148651123,3.6532657146453857
09-06-1987,6.777778148651123,6.814815044403076,563625,6.962963104248047,6.814815044403076,3.6732285022735596
10-06-1987,6.6666669845581055,6.814815044403076,802238,6.814815044403076,6.740740776062012,3.6333045959472656
11-06-1987,6.851851940155029,6.851851940155029,752963,6.925926208496094,6.888888835906982,3.713155746459961
12-06-1987,6.814815044403076,6.851851940155029,505575,6.962963104248047,6.925926208496094,3.7331185340881348
15-06-1987,6.851851940155029,6.851851940155029,521100,7.074073791503906,6.962963104248047,3.7530832290649414
16-06-1987,7.074073791503906,7.111111164093018,1121513,7.407406806945801,7.407406806945801,3.992642402648926
17-06-1987,7.407406806945801,7.481481075286865,863663,7.555555820465088,7.407406806945801,3.992642402648926
18-06-1987,7.296296119689941,7.407406806945801,519413,7.444444179534912,7.407406806945801,3.992642402648926
19-06-1987,7.296296119689941,7.518518924713135,734738,7.518518924713135,7.407406806945801,3.992642402648926
22-06-1987,7.3333330154418945,7.407406806945801,549788,7.555555820465088,7.555555820465088,4.072493553161621
23-06-1987,7.555555820465088,7.629630088806152,1450238,7.703703880310059,7.592593193054199,4.092456340789795
24-06-1987,7.629630088806152,7.6666669845581055,1066163,7.740740776062012,7.703703880310059,4.152348518371582
25-06-1987,7.3333330154418945,7.6666669845581055,1009800,7.703703880310059,7.3333330154418945,3.9527149200439453
26-06-1987,7.259259223937988,7.259259223937988,531563,7.481481075286865,7.407406806945801,3.992642402648926
29-06-1987,7.259259223937988,7.407406806945801,197775,7.444444179534912,7.259259223937988,3.912787914276123
30-06-1987,7.222221851348877,7.222221851348877,317250,7.370369911193848,7.370369911193848,3.97268009185791
01-07-1987,7.222221851348877,7.3333330154418945,876150,7.3333330154418945,7.296296119689941,3.932751417160034
02-07-1987,7.222221851348877,7.296296119689941,438075,7.3333330154418945,7.259259223937988,3.912787914276123
06-07-1987,7.148148059844971,7.259259223937988,251775,7.296296119689941,7.222221851348877,3.8928232192993164
07-07-1987,7.222221851348877,7.296296119689941,514350,7.3333330154418945,7.296296119689941,3.932751417160034
08-07-1987,7.111111164093018,7.296296119689941,399600,7.3333330154418945,7.259259223937988,3.912787914276123
09-07-1987,7.148148059844971,7.259259223937988,268650,7.296296119689941,7.259259223937988,3.912787914276123
10-07-1987,7.222221851348877,7.296296119689941,231863,7.3333330154418945,7.3333330154418945,3.9527149200439453
13-07-1987,7.185184955596924,7.3333330154418945,685800,7.370369911193848,7.296296119689941,3.932751417160034
14-07-1987,7.222221851348877,7.296296119689941,561938,7.370369911193848,7.370369911193848,3.97268009185791
15-07-1987,7.148148059844971,7.370369911193848,707400,7.370369911193848,7.148148059844971,3.8529000282287598
16-07-1987,7.148148059844971,7.259259223937988,418500,7.296296119689941,7.296296119689941,3.932751417160034
17-07-1987,7.370369911193848,7.370369911193848,1744200,7.481481075286865,7.444444179534912,4.012603282928467
20-07-1987,7.3333330154418945,7.407406806945801,284850,7.407406806945801,7.3333330154418945,3.9527149200439453
21-07-1987,7.185184955596924,7.296296119689941,907538,7.481481075286865,7.185184955596924,3.8728630542755127
22-07-1987,7.148148059844971,7.222221851348877,500513,7.296296119689941,7.259259223937988,3.912787914276123
23-07-1987,6.555555820465088,7.037036895751953,1986188,7.074073791503906,6.740740776062012,3.6333045959472656
24-07-1987,6.555555820465088,6.777778148651123,787725,6.814815044403076,6.592593193054199,3.5534520149230957
27-07-1987,6.259259223937988,6.296296119689941,488025,6.703703880310059,6.703703880310059,3.613339424133301
28-07-1987,6.518518924713135,6.592593193054199,1072913,6.740740776062012,6.592593193054199,3.554865837097168
29-07-1987,6.481481075286865,6.518518924713135,621338,6.629630088806152,6.518518924713135,3.5149221420288086
30-07-1987,6.518518924713135,6.518518924713135,446850,6.777778148651123,6.703703880310059,3.6147804260253906
31-07-1987,6.555555820465088,6.6666669845581055,415125,6.703703880310059,6.703703880310059,3.6147804260253906
03-08-1987,6.518518924713135,6.629630088806152,235913,6.740740776062012,6.592593193054199,3.554865837097168
04-08-1987,6.518518924713135,6.555555820465088,909563,7.074073791503906,7.074073791503906,3.8144917488098145
05-08-1987,7.037036895751953,7.074073791503906,925425,7.481481075286865,7.259259223937988,3.9143471717834473
06-08-1987,7.222221851348877,7.259259223937988,311850,7.3333330154418945,7.3333330154418945,3.9542880058288574
07-08-1987,7.148148059844971,7.259259223937988,143100,7.296296119689941,7.185184955596924,3.8744056224823
10-08-1987,7.111111164093018,7.222221851348877,267638,7.3333330154418945,7.296296119689941,3.934317111968994
11-08-1987,7.222221851348877,7.259259223937988,504563,7.481481075286865,7.259259223937988,3.9143471717834473
12-08-1987,6.962963104248047,7.259259223937988,257850,7.296296119689941,7.0,3.7745494842529297
13-08-1987,6.925926208496094,7.074073791503906,472500,7.111111164093018,6.962963104248047,3.754577875137329
14-08-1987,6.851851940155029,6.925926208496094,334800,7.0,6.925926208496094,3.7346088886260986
17-08-1987,6.814815044403076,6.962963104248047,254813,7.0,6.851851940155029,3.694664478302002
18-08-1987,6.592593193054199,6.851851940155029,317250,6.851851940155029,6.6666669845581055,3.5948081016540527
19-08-1987,6.518518924713135,6.518518924713135,548775,6.740740776062012,6.6666669845581055,3.5948081016540527
20-08-1987,6.6666669845581055,6.6666669845581055,535950,6.740740776062012,6.703703880310059,3.6147804260253906
21-08-1987,6.592593193054199,6.6666669845581055,596363,6.703703880310059,6.6666669845581055,3.5948081016540527
24-08-1987,6.555555820465088,6.740740776062012,379013,6.777778148651123,6.777778148651123,3.65472149848938
25-08-1987,6.740740776062012,6.740740776062012,567000,6.888888835906982,6.851851940155029,3.694664478302002
26-08-1987,6.740740776062012,6.851851940155029,741150,6.851851940155029,6.777778148651123,3.65472149848938
27-08-1987,6.703703880310059,6.777778148651123,766463,6.888888835906982,6.851851940155029,3.694664478302002
28-08-1987,6.814815044403076,6.925926208496094,954113,6.962963104248047,6.962963104248047,3.754577875137329
31-08-1987,6.851851940155029,6.888888835906982,180225,7.037036895751953,7.037036895751953,3.794520854949951
01-09-1987,6.740740776062012,7.111111164093018,619313,7.111111164093018,6.740740776062012,3.634751796722412
02-09-1987,6.444444179534912,6.740740776062012,568350,6.814815044403076,6.518518924713135,3.5149221420288086
03-09-1987,6.518518924713135,6.592593193054199,461700,6.703703880310059,6.629630088806152,3.574838161468506
04-09-1987,6.518518924713135,6.629630088806152,317250,6.740740776062012,6.629630088806152,3.574838161468506
08-09-1987,6.370369911193848,6.592593193054199,277088,6.740740776062012,6.6666669845581055,3.5948081016540527
09-09-1987,6.555555820465088,6.592593193054199,284175,6.740740776062012,6.6666669845581055,3.5948081016540527
10-09-1987,6.629630088806152,6.629630088806152,588263,6.814815044403076,6.740740776062012,3.634751796722412
11-09-1987,6.703703880310059,6.777778148651123,183263,6.888888835906982,6.851851940155029,3.694664478302002
14-09-1987,6.777778148651123,6.851851940155029,253125,6.962963104248047,6.962963104248047,3.754577875137329
15-09-1987,6.777778148651123,6.888888835906982,364838,6.962963104248047,6.888888835906982,3.714632749557495
16-09-1987,6.814815044403076,6.814815044403076,922725,6.962963104248047,6.925926208496094,3.7346088886260986
17-09-1987,6.888888835906982,6.962963104248047,584213,7.185184955596924,7.111111164093018,3.834460973739624
18-09-1987,7.148148059844971,7.185184955596924,694238,7.3333330154418945,7.185184955596924,3.8744056224823
21-09-1987,6.888888835906982,7.111111164093018,251775,7.148148059844971,6.888888835906982,3.714632749557495
22-09-1987,6.851851940155029,6.851851940155029,529200,7.074073791503906,7.037036895751953,3.794520854949951
23-09-1987,6.370369911193848,7.037036895751953,837338,7.037036895751953,6.555555820465088,3.5348944664001465
24-09-1987,6.407406806945801,6.407406806945801,656438,6.555555820465088,6.481481075286865,3.4949512481689453
25-09-1987,6.518518924713135,6.518518924713135,517388,6.592593193054199,6.518518924713135,3.5149221420288086
28-09-1987,6.518518924713135,6.518518924713135,348975,6.629630088806152,6.518518924713135,3.5149221420288086
29-09-1987,6.296296119689941,6.481481075286865,262575,6.6666669845581055,6.296296119689941,3.395097494125366
30-09-1987,6.111111164093018,6.370369911193848,1156613,6.370369911193848,6.185184955596924,3.3351855278015137
01-10-1987,5.814815044403076,6.037036895751953,1818788,6.111111164093018,5.925926208496094,3.195385456085205
02-10-1987,5.851851940155029,5.925926208496094,601088,6.037036895751953,5.888888835906982,3.1754150390625
05-10-1987,5.592593193054199,5.925926208496094,856913,5.925926208496094,5.592593193054199,3.0156450271606445
06-10-1987,5.592593193054199,5.592593193054199,1309500,6.074073791503906,6.0,3.2353286743164062
07-10-1987,5.925926208496094,5.962963104248047,551475,6.259259223937988,6.111111164093018,3.2952401638031006
08-10-1987,5.481481075286865,5.592593193054199,424575,6.074073791503906,5.592593193054199,3.018573760986328
09-10-1987,5.518518924713135,5.703703880310059,464738,5.777778148651123,5.629630088806152,3.0385634899139404
12-10-1987,5.555555820465088,5.629630088806152,348300,5.629630088806152,5.592593193054199,3.018573760986328
13-10-1987,5.481481075286865,5.555555820465088,499838,5.629630088806152,5.555555820465088,2.998582601547241
14-10-1987,5.222221851348877,5.481481075286865,585563,5.592593193054199,5.3333330154418945,2.878640651702881
15-10-1987,5.222221851348877,5.3333330154418945,280463,5.555555820465088,5.444444179534912,2.938612937927246
16-10-1987,4.814815044403076,5.3333330154418945,702675,5.370369911193848,4.814815044403076,2.5987730026245117
19-10-1987,3.555556058883667,4.222221851348877,1663875,4.592593193054199,3.7037041187286377,1.9990562200546265
20-10-1987,3.259258985519409,4.0,1425600,4.296296119689941,3.6296300888061523,1.9590752124786377
21-10-1987,4.0,4.0,2731388,4.259259223937988,4.074073791503906,2.1989612579345703
22-10-1987,3.8888890743255615,4.0,1840050,4.074073791503906,3.962963104248047,2.1389904022216797
23-10-1987,3.8888890743255615,3.962963104248047,1573763,4.222221851348877,3.962963104248047,2.1389904022216797
26-10-1987,3.7037041187286377,3.8518519401550293,645638,3.8888890743255615,3.814815044403076,2.0590271949768066
27-10-1987,3.3333330154418945,3.8888890743255615,644963,3.9259259700775146,3.4814810752868652,1.8791124820709229
28-10-1987,2.962963104248047,3.1111109256744385,1508963,3.3333330154418945,3.1481480598449707,1.6991974115371704
29-10-1987,3.1111109256744385,3.1111109256744385,840375,3.4814810752868652,3.3703699111938477,1.8191407918930054
30-10-1987,3.40740704536438,3.6296300888061523,680738,3.777777910232544,3.5185189247131348,1.8991035223007202
02-11-1987,3.40740704536438,3.4814810752868652,827888,3.777777910232544,3.7037041187286377,1.9990562200546265
03-11-1987,3.40740704536438,3.555556058883667,319275,3.6666669845581055,3.6296300888061523,1.9590752124786377
04-11-1987,3.4814810752868652,3.555556058883667,207225,3.777777910232544,3.6296300888061523,1.9590752124786377
05-11-1987,3.59259295463562,3.6296300888061523,541013,4.111111164093018,4.0,2.15898060798645
06-11-1987,3.7037041187286377,4.0,478913,4.0,3.7037041187286377,1.9990562200546265
09-11-1987,3.555556058883667,3.59259295463562,592313,3.740741014480591,3.59259295463562,1.9390853643417358
10-11-1987,3.259258985519409,3.555556058883667,423900,3.555556058883667,3.40740704536438,1.8391315937042236
11-11-1987,3.40740704536438,3.40740704536438,196088,3.555556058883667,3.4814810752868652,1.8791124820709229
12-11-1987,3.555556058883667,3.555556058883667,375300,3.777777910232544,3.59259295463562,1.9390853643417358
13-11-1987,3.5185189247131348,3.6666669845581055,475538,3.6666669845581055,3.59259295463562,1.9390853643417358
16-11-1987,3.444443941116333,3.59259295463562,399263,3.7037041187286377,3.59259295463562,1.9390853643417358
17-11-1987,3.4814810752868652,3.555556058883667,547425,3.6296300888061523,3.6296300888061523,1.9590752124786377
18-11-1987,3.4814810752868652,3.555556058883667,360113,3.7037041187286377,3.6666669845581055,1.9790648221969604
19-11-1987,3.4814810752868652,3.6666669845581055,214313,3.6666669845581055,3.555556058883667,1.9190928936004639
20-11-1987,3.444443941116333,3.555556058883667,245700,3.6296300888061523,3.4814810752868652,1.8791124820709229
23-11-1987,3.444443941116333,3.5185189247131348,287888,3.555556058883667,3.555556058883667,1.9190928936004639
24-11-1987,3.444443941116333,3.4814810752868652,914963,3.6296300888061523,3.5185189247131348,1.8991035223007202
25-11-1987,3.4814810752868652,3.5185189247131348,450563,3.6666669845581055,3.555556058883667,1.9190928936004639
27-11-1987,3.5185189247131348,3.6296300888061523,274388,3.6666669845581055,3.59259295463562,1.9390853643417358
30-11-1987,3.40740704536438,3.5185189247131348,877838,3.59259295463562,3.5185189247131348,1.8991035223007202
01-12-1987,3.5185189247131348,3.555556058883667,315225,3.6666669845581055,3.5185189247131348,1.8991035223007202
02-12-1987,3.40740704536438,3.444443941116333,623025,3.59259295463562,3.555556058883667,1.9190928936004639
03-12-1987,3.40740704536438,3.4814810752868652,388463,3.5185189247131348,3.4814810752868652,1.8791124820709229
04-12-1987,3.2962958812713623,3.40740704536438,366188,3.555556058883667,3.40740704536438,1.8391315937042236
07-12-1987,3.222222089767456,3.2962958812713623,437400,3.444443941116333,3.3333330154418945,1.7991493940353394
08-12-1987,3.185184955596924,3.3333330154418945,451238,3.40740704536438,3.3333330154418945,1.7991493940353394
09-12-1987,3.185184955596924,3.222222089767456,383400,3.3333330154418945,3.2962958812713623,1.7791595458984375
10-12-1987,3.185184955596924,3.222222089767456,961200,3.555556058883667,3.40740704536438,1.8391315937042236
11-12-1987,3.3703699111938477,3.40740704536438,269325,3.4814810752868652,3.3703699111938477,1.8191407918930054
14-12-1987,3.259258985519409,3.259258985519409,377663,3.444443941116333,3.3333330154418945,1.7991493940353394
15-12-1987,3.259258985519409,3.259258985519409,545738,3.4814810752868652,3.4814810752868652,1.8791124820709229
16-12-1987,3.4814810752868652,3.4814810752868652,1767825,3.6296300888061523,3.555556058883667,1.9190928936004639
17-12-1987,3.444443941116333,3.59259295463562,851850,3.6296300888061523,3.444443941116333,1.8591200113296509
18-12-1987,3.4814810752868652,3.6296300888061523,865688,3.6296300888061523,3.6296300888061523,1.9590752124786377
21-12-1987,3.555556058883667,3.6296300888061523,291938,3.7037041187286377,3.6666669845581055,1.9790648221969604
22-12-1987,3.4814810752868652,3.59259295463562,895725,3.8518519401550293,3.740741014480591,2.0190465450286865
23-12-1987,3.555556058883667,3.740741014480591,558563,3.777777910232544,3.740741014480591,2.0190465450286865
24-12-1987,3.6296300888061523,3.7037041187286377,221400,3.8518519401550293,3.6666669845581055,1.9790648221969604
28-12-1987,3.59259295463562,3.6296300888061523,263588,3.8518519401550293,3.814815044403076,2.0590271949768066
29-12-1987,3.6296300888061523,3.777777910232544,306450,3.814815044403076,3.6296300888061523,1.9590752124786377
30-12-1987,3.6296300888061523,3.6296300888061523,433350,3.777777910232544,3.6666669845581055,1.9790648221969604
31-12-1987,3.59259295463562,3.6296300888061523,512663,3.962963104248047,3.9259259700775146,2.1190004348754883
04-01-1988,3.777777910232544,3.8518519401550293,273375,3.9259259700775146,3.814815044403076,2.0590271949768066
05-01-1988,3.777777910232544,3.9259259700775146,216675,3.9259259700775146,3.814815044403076,2.0590271949768066
06-01-1988,3.740741014480591,3.777777910232544,106988,3.8518519401550293,3.814815044403076,2.0590271949768066
07-01-1988,3.7037041187286377,3.777777910232544,116775,3.814815044403076,3.814815044403076,2.0590271949768066
08-01-1988,3.6296300888061523,3.8888890743255615,127913,3.9259259700775146,3.6296300888061523,1.9590752124786377
11-01-1988,3.555556058883667,3.6296300888061523,1000013,3.8518519401550293,3.8518519401550293,2.0790178775787354
12-01-1988,3.6666669845581055,3.777777910232544,247388,3.8518519401550293,3.8518519401550293,2.0790178775787354
13-01-1988,3.6296300888061523,3.6296300888061523,184613,3.814815044403076,3.6666669845581055,1.9790648221969604
14-01-1988,3.6296300888061523,3.6666669845581055,116100,3.740741014480591,3.740741014480591,2.0190465450286865
15-01-1988,3.6666669845581055,3.814815044403076,226463,3.8518519401550293,3.6666669845581055,1.9790648221969604
18-01-1988,3.7037041187286377,3.7037041187286377,57375,3.777777910232544,3.777777910232544,2.039036273956299
19-01-1988,3.6296300888061523,3.6296300888061523,727313,3.8518519401550293,3.777777910232544,2.039036273956299
20-01-1988,3.59259295463562,3.6296300888061523,654413,3.777777910232544,3.7037041187286377,1.9990562200546265
21-01-1988,3.6296300888061523,3.6666669845581055,826538,3.740741014480591,3.7037041187286377,1.9990562200546265
22-01-1988,3.6666669845581055,3.740741014480591,912938,3.777777910232544,3.740741014480591,2.0190465450286865
25-01-1988,3.8518519401550293,3.8518519401550293,439425,3.962963104248047,3.8888890743255615,2.0990090370178223
26-01-1988,3.777777910232544,3.8518519401550293,270000,3.8888890743255615,3.777777910232544,2.039036273956299
27-01-1988,3.777777910232544,3.777777910232544,418163,3.8518519401550293,3.777777910232544,2.039036273956299
28-01-1988,3.740741014480591,3.777777910232544,112725,3.8518519401550293,3.814815044403076,2.0590271949768066
29-01-1988,3.6296300888061523,3.740741014480591,120488,3.8518519401550293,3.8518519401550293,2.0790178775787354
01-02-1988,3.814815044403076,3.8518519401550293,248738,3.962963104248047,3.8888890743255615,2.0990090370178223
02-02-1988,3.777777910232544,3.814815044403076,1008113,4.148148059844971,4.111111164093018,2.218952178955078
03-02-1988,3.962963104248047,4.185184955596924,1001025,4.259259223937988,4.037036895751953,2.1789700984954834
04-02-1988,3.8518519401550293,4.074073791503906,354375,4.074073791503906,3.8888890743255615,2.0990090370178223
05-02-1988,3.8888890743255615,3.9259259700775146,91463,4.0,3.9259259700775146,2.1190004348754883
08-02-1988,3.8888890743255615,3.8888890743255615,113063,3.9259259700775146,3.9259259700775146,2.122205972671509
09-02-1988,3.740741014480591,3.8888890743255615,378000,3.9259259700775146,3.8518519401550293,2.0821633338928223
10-02-1988,3.777777910232544,3.814815044403076,388463,4.0,3.8888890743255615,2.1021840572357178
11-02-1988,3.8518519401550293,3.9259259700775146,181238,4.0,3.8888890743255615,2.1021840572357178
12-02-1988,3.8888890743255615,3.962963104248047,258188,4.037036895751953,3.9259259700775146,2.122205972671509
16-02-1988,3.814815044403076,3.9259259700775146,90788,3.9259259700775146,3.8518519401550293,2.0821633338928223
17-02-1988,3.814815044403076,3.8888890743255615,149850,3.9259259700775146,3.8518519401550293,2.0821633338928223
18-02-1988,3.814815044403076,3.8518519401550293,110700,3.8888890743255615,3.8518519401550293,2.0821633338928223
19-02-1988,3.777777910232544,3.8888890743255615,383400,3.9259259700775146,3.9259259700775146,2.122205972671509
22-02-1988,3.814815044403076,3.8518519401550293,174488,3.9259259700775146,3.8888890743255615,2.1021840572357178
23-02-1988,3.8518519401550293,3.8888890743255615,516713,3.962963104248047,3.8888890743255615,2.1021840572357178
24-02-1988,3.8518519401550293,3.9259259700775146,326363,3.962963104248047,3.962963104248047,2.1422245502471924
25-02-1988,3.8888890743255615,3.9259259700775146,123188,3.962963104248047,3.8888890743255615,2.1021840572357178
26-02-1988,3.8518519401550293,3.8888890743255615,83363,3.962963104248047,3.9259259700775146,2.122205972671509
29-02-1988,3.8518519401550293,3.8888890743255615,670613,3.8888890743255615,3.8518519401550293,2.0821633338928223
01-03-1988,3.8888890743255615,3.8888890743255615,315563,4.037036895751953,4.037036895751953,2.1822662353515625
02-03-1988,3.9259259700775146,4.037036895751953,376988,4.037036895751953,4.037036895751953,2.1822662353515625
03-03-1988,3.962963104248047,4.037036895751953,406688,4.185184955596924,4.111111164093018,2.2223095893859863
04-03-1988,4.0,4.0,605475,4.222221851348877,4.148148059844971,2.242330312728882
07-03-1988,4.037036895751953,4.037036895751953,668925,4.296296119689941,4.259259223937988,2.3023929595947266
08-03-1988,4.3333330154418945,4.407406806945801,1063800,4.518518924713135,4.481481075286865,2.4225165843963623
09-03-1988,4.296296119689941,4.444444179534912,360113,4.481481075286865,4.370369911193848,2.362454891204834
10-03-1988,4.3333330154418945,4.370369911193848,358425,4.407406806945801,4.3333330154418945,2.3424324989318848
11-03-1988,4.111111164093018,4.296296119689941,292950,4.407406806945801,4.407406806945801,2.382474899291992
14-03-1988,4.222221851348877,4.407406806945801,363825,4.407406806945801,4.222221851348877,2.282369613647461
15-03-1988,4.148148059844971,4.259259223937988,163013,4.259259223937988,4.222221851348877,2.282369613647461
16-03-1988,4.185184955596924,4.259259223937988,268650,4.296296119689941,4.259259223937988,2.3023929595947266
17-03-1988,4.259259223937988,4.296296119689941,482963,4.407406806945801,4.370369911193848,2.362454891204834
18-03-1988,4.3333330154418945,4.481481075286865,1437413,4.481481075286865,4.370369911193848,2.362454891204834
21-03-1988,4.3333330154418945,4.370369911193848,463388,4.407406806945801,4.3333330154418945,2.3424324989318848
22-03-1988,4.370369911193848,4.444444179534912,251438,4.481481075286865,4.444444179534912,2.402495861053467
23-03-1988,4.407406806945801,4.444444179534912,128588,4.481481075286865,4.444444179534912,2.402495861053467
24-03-1988,4.370369911193848,4.407406806945801,136688,4.444444179534912,4.370369911193848,2.362454891204834
25-03-1988,4.148148059844971,4.407406806945801,358763,4.444444179534912,4.259259223937988,2.3023929595947266
28-03-1988,4.185184955596924,4.259259223937988,250425,4.259259223937988,4.185184955596924,2.262350559234619
29-03-1988,4.111111164093018,4.222221851348877,429638,4.222221851348877,4.148148059844971,2.242330312728882
30-03-1988,4.148148059844971,4.148148059844971,317250,4.222221851348877,4.185184955596924,2.262350559234619
31-03-1988,4.111111164093018,4.222221851348877,286875,4.296296119689941,4.259259223937988,2.3023929595947266
04-04-1988,4.111111164093018,4.259259223937988,238613,4.259259223937988,4.111111164093018,2.2223095893859863
05-04-1988,4.111111164093018,4.111111164093018,297000,4.296296119689941,4.148148059844971,2.242330312728882
06-04-1988,4.111111164093018,4.148148059844971,206888,4.296296119689941,4.296296119689941,2.322413444519043
07-04-1988,4.185184955596924,4.222221851348877,140400,4.370369911193848,4.185184955596924,2.262350559234619
08-04-1988,4.037036895751953,4.222221851348877,319950,4.259259223937988,4.222221851348877,2.282369613647461
11-04-1988,4.148148059844971,4.222221851348877,184613,4.259259223937988,4.222221851348877,2.282369613647461
12-04-1988,4.111111164093018,4.222221851348877,172125,4.222221851348877,4.111111164093018,2.2223095893859863
13-04-1988,4.148148059844971,4.148148059844971,194400,4.185184955596924,4.148148059844971,2.242330312728882
14-04-1988,4.111111164093018,4.111111164093018,583200,4.148148059844971,4.111111164093018,2.2223095893859863
15-04-1988,4.0,4.111111164093018,310500,4.111111164093018,4.037036895751953,2.1822662353515625
18-04-1988,3.9259259700775146,4.037036895751953,419175,4.296296119689941,4.185184955596924,2.262350559234619
19-04-1988,4.074073791503906,4.185184955596924,516713,4.185184955596924,4.111111164093018,2.2223095893859863
20-04-1988,4.037036895751953,4.111111164093018,1255500,4.148148059844971,4.111111164093018,2.2223095893859863
21-04-1988,4.111111164093018,4.111111164093018,432000,4.296296119689941,4.185184955596924,2.262350559234619
22-04-1988,4.148148059844971,4.148148059844971,255488,4.407406806945801,4.407406806945801,2.382474899291992
25-04-1988,4.222221851348877,4.3333330154418945,166388,4.370369911193848,4.296296119689941,2.322413444519043
26-04-1988,4.296296119689941,4.407406806945801,229163,4.407406806945801,4.370369911193848,2.362454891204834
27-04-1988,4.259259223937988,4.3333330154418945,258188,4.370369911193848,4.296296119689941,2.322413444519043
28-04-1988,4.222221851348877,4.259259223937988,158288,4.296296119689941,4.259259223937988,2.3023929595947266
29-04-1988,4.148148059844971,4.222221851348877,117113,4.222221851348877,4.222221851348877,2.282369613647461
02-05-1988,4.185184955596924,4.185184955596924,231188,4.259259223937988,4.259259223937988,2.307251214981079
03-05-1988,4.185184955596924,4.259259223937988,87075,4.259259223937988,4.222221851348877,2.28718638420105
04-05-1988,4.259259223937988,4.296296119689941,382050,4.370369911193848,4.259259223937988,2.307251214981079
05-05-1988,4.222221851348877,4.259259223937988,266288,4.296296119689941,4.296296119689941,2.3273134231567383
06-05-1988,4.222221851348877,4.259259223937988,159638,4.296296119689941,4.222221851348877,2.28718638420105
09-05-1988,4.259259223937988,4.296296119689941,224438,4.407406806945801,4.407406806945801,2.3875012397766113
10-05-1988,4.370369911193848,4.370369911193848,326363,4.407406806945801,4.407406806945801,2.3875012397766113
11-05-1988,4.222221851348877,4.370369911193848,138375,4.370369911193848,4.259259223937988,2.307251214981079
12-05-1988,4.259259223937988,4.296296119689941,115763,4.296296119689941,4.259259223937988,2.307251214981079
13-05-1988,4.296296119689941,4.3333330154418945,164363,4.407406806945801,4.370369911193848,2.367439031600952
16-05-1988,4.3333330154418945,4.3333330154418945,196425,4.481481075286865,4.370369911193848,2.367439031600952
17-05-1988,4.259259223937988,4.407406806945801,891338,4.481481075286865,4.296296119689941,2.3273134231567383
18-05-1988,4.259259223937988,4.296296119689941,204188,4.370369911193848,4.259259223937988,2.307251214981079
19-05-1988,4.148148059844971,4.222221851348877,217350,4.296296119689941,4.296296119689941,2.3273134231567383
20-05-1988,4.222221851348877,4.259259223937988,155588,4.296296119689941,4.296296119689941,2.3273134231567383
23-05-1988,4.259259223937988,4.296296119689941,92475,4.3333330154418945,4.3333330154418945,2.3473753929138184
24-05-1988,4.296296119689941,4.296296119689941,95850,4.370369911193848,4.370369911193848,2.367439031600952
25-05-1988,4.296296119689941,4.370369911193848,229838,4.407406806945801,4.296296119689941,2.3273134231567383
26-05-1988,4.222221851348877,4.3333330154418945,322650,4.407406806945801,4.3333330154418945,2.3473753929138184
27-05-1988,4.3333330154418945,4.407406806945801,343575,4.444444179534912,4.444444179534912,2.407565116882324
31-05-1988,4.370369911193848,4.444444179534912,113738,4.444444179534912,4.444444179534912,2.407565116882324
01-06-1988,4.407406806945801,4.444444179534912,490050,4.629630088806152,4.481481075286865,2.4276282787323
02-06-1988,4.370369911193848,4.407406806945801,288900,4.481481075286865,4.481481075286865,2.4276282787323
03-06-1988,4.444444179534912,4.444444179534912,136350,4.518518924713135,4.481481075286865,2.4276282787323
06-06-1988,4.444444179534912,4.444444179534912,363150,4.592593193054199,4.592593193054199,2.487818479537964
07-06-1988,4.518518924713135,4.592593193054199,126225,4.629630088806152,4.592593193054199,2.487818479537964
08-06-1988,4.555555820465088,4.592593193054199,579488,4.814815044403076,4.740740776062012,2.5680694580078125
09-06-1988,4.6666669845581055,4.6666669845581055,299025,4.814815044403076,4.777778148651123,2.5881333351135254
10-06-1988,4.703703880310059,4.740740776062012,259875,4.851851940155029,4.740740776062012,2.5680694580078125
13-06-1988,4.740740776062012,4.740740776062012,299363,4.777778148651123,4.740740776062012,2.5680694580078125
14-06-1988,4.703703880310059,4.740740776062012,549113,4.851851940155029,4.814815044403076,2.608196973800659
15-06-1988,4.777778148651123,4.777778148651123,479250,4.851851940155029,4.851851940155029,2.6282589435577393
16-06-1988,4.740740776062012,4.777778148651123,549113,4.851851940155029,4.777778148651123,2.5881333351135254
17-06-1988,4.629630088806152,4.6666669845581055,1101263,4.740740776062012,4.629630088806152,2.507880687713623
20-06-1988,4.555555820465088,4.592593193054199,198788,4.629630088806152,4.555555820465088,2.4677538871765137
21-06-1988,4.444444179534912,4.629630088806152,469125,4.629630088806152,4.629630088806152,2.507880687713623
22-06-1988,4.592593193054199,4.592593193054199,287213,4.6666669845581055,4.629630088806152,2.507880687713623
23-06-1988,4.555555820465088,4.555555820465088,251438,4.592593193054199,4.592593193054199,2.487818479537964
24-06-1988,4.518518924713135,4.518518924713135,753638,4.6666669845581055,4.592593193054199,2.487818479537964
27-06-1988,4.518518924713135,4.592593193054199,150525,4.592593193054199,4.555555820465088,2.4677538871765137
28-06-1988,4.592593193054199,4.592593193054199,208575,4.703703880310059,4.629630088806152,2.507880687713623
29-06-1988,4.555555820465088,4.629630088806152,268650,4.6666669845581055,4.555555820465088,2.4677538871765137
30-06-1988,4.555555820465088,4.555555820465088,173475,4.592593193054199,4.592593193054199,2.487818479537964
01-07-1988,4.592593193054199,4.592593193054199,259875,4.703703880310059,4.703703880310059,2.5480055809020996
05-07-1988,4.6666669845581055,4.703703880310059,1061438,5.037036895751953,5.037036895751953,2.7285714149475098
06-07-1988,4.814815044403076,4.962963104248047,352350,5.0,4.888888835906982,2.648322105407715
07-07-1988,4.814815044403076,4.888888835906982,205538,4.888888835906982,4.888888835906982,2.648322105407715
08-07-1988,4.851851940155029,4.851851940155029,335813,4.925926208496094,4.888888835906982,2.648322105407715
11-07-1988,4.851851940155029,4.925926208496094,223425,4.962963104248047,4.888888835906982,2.648322105407715
12-07-1988,4.777778148651123,4.888888835906982,159638,4.888888835906982,4.777778148651123,2.5881333351135254
13-07-1988,4.703703880310059,4.777778148651123,141413,4.814815044403076,4.740740776062012,2.5680694580078125
14-07-1988,4.703703880310059,4.703703880310059,103950,4.777778148651123,4.740740776062012,2.5680694580078125
15-07-1988,4.629630088806152,4.777778148651123,348638,4.814815044403076,4.814815044403076,2.608196973800659
18-07-1988,4.6666669845581055,4.851851940155029,117450,4.851851940155029,4.777778148651123,2.5881333351135254
19-07-1988,4.6666669845581055,4.777778148651123,306788,4.851851940155029,4.740740776062012,2.5680694580078125
20-07-1988,4.6666669845581055,4.703703880310059,136350,4.777778148651123,4.703703880310059,2.5480055809020996
21-07-1988,4.629630088806152,4.629630088806152,86063,4.703703880310059,4.6666669845581055,2.527944326400757
22-07-1988,4.592593193054199,4.6666669845581055,257175,4.6666669845581055,4.592593193054199,2.487818479537964
25-07-1988,4.555555820465088,4.592593193054199,130950,4.629630088806152,4.629630088806152,2.507880687713623
26-07-1988,4.592593193054199,4.592593193054199,89438,4.629630088806152,4.592593193054199,2.4926044940948486
27-07-1988,4.629630088806152,4.629630088806152,151538,4.740740776062012,4.629630088806152,2.5127055644989014
28-07-1988,4.592593193054199,4.592593193054199,430988,4.925926208496094,4.888888835906982,2.6534175872802734
29-07-1988,4.740740776062012,4.814815044403076,192038,4.888888835906982,4.851851940155029,2.6333138942718506
01-08-1988,4.6666669845581055,4.777778148651123,123525,4.814815044403076,4.740740776062012,2.5730109214782715
02-08-1988,4.6666669845581055,4.740740776062012,278100,4.777778148651123,4.777778148651123,2.593111991882324
03-08-1988,4.629630088806152,4.740740776062012,204863,4.740740776062012,4.629630088806152,2.5127055644989014
04-08-1988,4.6666669845581055,4.703703880310059,118800,4.777778148651123,4.740740776062012,2.5730109214782715
05-08-1988,4.629630088806152,4.703703880310059,68513,4.703703880310059,4.703703880310059,2.552907943725586
08-08-1988,4.629630088806152,4.629630088806152,182588,4.740740776062012,4.629630088806152,2.5127055644989014
09-08-1988,4.481481075286865,4.592593193054199,258525,4.703703880310059,4.555555820465088,2.472501754760742
10-08-1988,4.370369911193848,4.518518924713135,197438,4.555555820465088,4.407406806945801,2.392094135284424
11-08-1988,4.370369911193848,4.370369911193848,138375,4.481481075286865,4.407406806945801,2.392094135284424
12-08-1988,4.407406806945801,4.444444179534912,73913,4.444444179534912,4.407406806945801,2.392094135284424
15-08-1988,4.111111164093018,4.370369911193848,1152225,4.370369911193848,4.148148059844971,2.2513833045959473
16-08-1988,4.148148059844971,4.148148059844971,246713,4.296296119689941,4.222221851348877,2.2915866374969482
17-08-1988,4.148148059844971,4.222221851348877,1095188,4.296296119689941,4.259259223937988,2.311689853668213
18-08-1988,4.259259223937988,4.259259223937988,134663,4.407406806945801,4.296296119689941,2.331789970397949
19-08-1988,4.222221851348877,4.259259223937988,885263,4.407406806945801,4.370369911193848,2.3719942569732666
22-08-1988,4.222221851348877,4.3333330154418945,103275,4.3333330154418945,4.222221851348877,2.2915866374969482
23-08-1988,4.148148059844971,4.222221851348877,1363500,4.259259223937988,4.222221851348877,2.2915866374969482
24-08-1988,4.074073791503906,4.222221851348877,628763,4.296296119689941,4.296296119689941,2.331789970397949
25-08-1988,4.185184955596924,4.259259223937988,638550,4.370369911193848,4.296296119689941,2.331789970397949
26-08-1988,4.222221851348877,4.222221851348877,67500,4.3333330154418945,4.3333330154418945,2.351891279220581
29-08-1988,4.3333330154418945,4.3333330154418945,68175,4.444444179534912,4.407406806945801,2.392094135284424
30-08-1988,4.259259223937988,4.407406806945801,105975,4.444444179534912,4.407406806945801,2.392094135284424
31-08-1988,4.370369911193848,4.407406806945801,91463,4.481481075286865,4.370369911193848,2.3719942569732666
01-09-1988,4.296296119689941,4.3333330154418945,191025,4.444444179534912,4.407406806945801,2.392094135284424
02-09-1988,4.444444179534912,4.444444179534912,202838,4.555555820465088,4.555555820465088,2.472501754760742
06-09-1988,4.481481075286865,4.481481075286865,192038,4.6666669845581055,4.6666669845581055,2.5328075885772705
07-09-1988,4.629630088806152,4.6666669845581055,389813,4.740740776062012,4.6666669845581055,2.5328075885772705
08-09-1988,4.518518924713135,4.629630088806152,227813,4.629630088806152,4.592593193054199,2.4926044940948486
09-09-1988,4.407406806945801,4.592593193054199,113063,4.592593193054199,4.555555820465088,2.472501754760742
12-09-1988,4.407406806945801,4.481481075286865,198450,4.555555820465088,4.407406806945801,2.392094135284424
13-09-1988,4.296296119689941,4.407406806945801,383738,4.407406806945801,4.407406806945801,2.392094135284424
14-09-1988,4.370369911193848,4.370369911193848,39488,4.444444179534912,4.444444179534912,2.4121978282928467
15-09-1988,4.370369911193848,4.370369911193848,35775,4.444444179534912,4.407406806945801,2.392094135284424
16-09-1988,4.3333330154418945,4.3333330154418945,254138,4.518518924713135,4.481481075286865,2.4322991371154785
19-09-1988,4.3333330154418945,4.444444179534912,111713,4.444444179534912,4.444444179534912,2.4121978282928467
20-09-1988,4.370369911193848,4.407406806945801,71550,4.444444179534912,4.407406806945801,2.392094135284424
21-09-1988,4.370369911193848,4.444444179534912,54675,4.444444179534912,4.444444179534912,2.4121978282928467
22-09-1988,4.370369911193848,4.407406806945801,105300,4.444444179534912,4.444444179534912,2.4121978282928467
23-09-1988,4.407406806945801,4.444444179534912,130275,4.444444179534912,4.407406806945801,2.392094135284424
26-09-1988,4.3333330154418945,4.370369911193848,51638,4.444444179534912,4.444444179534912,2.4121978282928467
27-09-1988,4.407406806945801,4.444444179534912,573075,4.444444179534912,4.444444179534912,2.4121978282928467
28-09-1988,4.370369911193848,4.370369911193848,86063,4.444444179534912,4.444444179534912,2.4121978282928467
29-09-1988,4.370369911193848,4.444444179534912,233550,4.444444179534912,4.407406806945801,2.392094135284424
30-09-1988,4.407406806945801,4.444444179534912,202838,4.444444179534912,4.407406806945801,2.392094135284424
03-10-1988,4.3333330154418945,4.370369911193848,463388,4.481481075286865,4.481481075286865,2.4322991371154785
04-10-1988,4.444444179534912,4.481481075286865,414113,4.592593193054199,4.555555820465088,2.472501754760742
05-10-1988,4.444444179534912,4.518518924713135,138713,4.555555820465088,4.518518924713135,2.4524013996124268
06-10-1988,4.407406806945801,4.481481075286865,194063,4.518518924713135,4.407406806945801,2.392094135284424
07-10-1988,4.407406806945801,4.444444179534912,390488,4.629630088806152,4.629630088806152,2.5127055644989014
10-10-1988,4.592593193054199,4.6666669845581055,479588,4.814815044403076,4.814815044403076,2.6132137775421143
11-10-1988,4.629630088806152,4.777778148651123,83363,4.814815044403076,4.703703880310059,2.552907943725586
12-10-1988,4.518518924713135,4.703703880310059,195413,4.703703880310059,4.6666669845581055,2.5328075885772705
13-10-1988,4.518518924713135,4.592593193054199,121838,4.629630088806152,4.518518924713135,2.4524013996124268
14-10-1988,4.481481075286865,4.555555820465088,109688,4.629630088806152,4.555555820465088,2.472501754760742
17-10-1988,4.555555820465088,4.629630088806152,156600,4.6666669845581055,4.629630088806152,2.5127055644989014
18-10-1988,4.555555820465088,4.629630088806152,67838,4.6666669845581055,4.6666669845581055,2.5328075885772705
19-10-1988,4.481481075286865,4.6666669845581055,349988,4.703703880310059,4.518518924713135,2.4524013996124268
20-10-1988,4.555555820465088,4.555555820465088,120488,4.629630088806152,4.555555820465088,2.472501754760742
21-10-1988,4.518518924713135,4.555555820465088,121500,4.629630088806152,4.592593193054199,2.4926044940948486
24-10-1988,4.6666669845581055,4.6666669845581055,305100,4.703703880310059,4.703703880310059,2.552907943725586
25-10-1988,4.6666669845581055,4.740740776062012,131625,4.740740776062012,4.740740776062012,2.5730109214782715
26-10-1988,4.703703880310059,4.703703880310059,146475,4.740740776062012,4.740740776062012,2.577843427658081
27-10-1988,4.592593193054199,4.703703880310059,355725,4.740740776062012,4.592593193054199,2.497286796569824
28-10-1988,4.555555820465088,4.629630088806152,336150,4.629630088806152,4.592593193054199,2.497286796569824
31-10-1988,4.555555820465088,4.592593193054199,143100,4.629630088806152,4.629630088806152,2.5174264907836914
01-11-1988,4.592593193054199,4.592593193054199,119475,4.703703880310059,4.6666669845581055,2.5375661849975586
02-11-1988,4.629630088806152,4.703703880310059,268988,4.740740776062012,4.703703880310059,2.557704210281372
03-11-1988,4.6666669845581055,4.740740776062012,134325,4.777778148651123,4.740740776062012,2.577843427658081
04-11-1988,4.629630088806152,4.6666669845581055,245363,4.740740776062012,4.629630088806152,2.5174264907836914
07-11-1988,4.592593193054199,4.629630088806152,113063,4.703703880310059,4.703703880310059,2.557704210281372
08-11-1988,4.629630088806152,4.703703880310059,307800,4.814815044403076,4.814815044403076,2.6181232929229736
09-11-1988,4.703703880310059,4.777778148651123,217688,4.777778148651123,4.740740776062012,2.577843427658081
10-11-1988,4.6666669845581055,4.740740776062012,250763,4.777778148651123,4.740740776062012,2.577843427658081
11-11-1988,4.592593193054199,4.740740776062012,170775,4.740740776062012,4.592593193054199,2.497286796569824
14-11-1988,4.518518924713135,4.629630088806152,658463,4.740740776062012,4.6666669845581055,2.5375661849975586
15-11-1988,4.629630088806152,4.6666669845581055,170100,4.703703880310059,4.629630088806152,2.5174264907836914
16-11-1988,4.481481075286865,4.6666669845581055,255488,4.6666669845581055,4.518518924713135,2.4570088386535645
17-11-1988,4.444444179534912,4.592593193054199,87413,4.592593193054199,4.444444179534912,2.4167299270629883
18-11-1988,4.481481075286865,4.518518924713135,100913,4.592593193054199,4.592593193054199,2.497286796569824
21-11-1988,4.444444179534912,4.518518924713135,133313,4.629630088806152,4.629630088806152,2.5174264907836914
22-11-1988,4.444444179534912,4.481481075286865,278775,4.6666669845581055,4.629630088806152,2.5174264907836914
23-11-1988,4.555555820465088,4.592593193054199,94500,4.740740776062012,4.6666669845581055,2.5375661849975586
25-11-1988,4.481481075286865,4.629630088806152,497138,4.629630088806152,4.518518924713135,2.4570088386535645
28-11-1988,4.481481075286865,4.518518924713135,155588,4.592593193054199,4.518518924713135,2.4570088386535645
29-11-1988,4.481481075286865,4.481481075286865,699638,4.629630088806152,4.555555820465088,2.4771478176116943
30-11-1988,4.555555820465088,4.592593193054199,469463,4.629630088806152,4.592593193054199,2.497286796569824
01-12-1988,4.629630088806152,4.6666669845581055,317588,4.740740776062012,4.6666669845581055,2.5375661849975586
02-12-1988,4.555555820465088,4.592593193054199,77288,4.703703880310059,4.6666669845581055,2.5375661849975586
05-12-1988,4.629630088806152,4.629630088806152,129600,4.777778148651123,4.703703880310059,2.557704210281372
06-12-1988,4.629630088806152,4.6666669845581055,215663,4.740740776062012,4.740740776062012,2.577843427658081
07-12-1988,4.629630088806152,4.6666669845581055,131963,4.740740776062012,4.703703880310059,2.557704210281372
08-12-1988,4.518518924713135,4.592593193054199,793125,4.703703880310059,4.703703880310059,2.557704210281372
09-12-1988,4.629630088806152,4.6666669845581055,141750,4.740740776062012,4.629630088806152,2.5174264907836914
12-12-1988,4.629630088806152,4.6666669845581055,702675,4.703703880310059,4.6666669845581055,2.5375661849975586
13-12-1988,4.518518924713135,4.592593193054199,166388,4.592593193054199,4.518518924713135,2.4570088386535645
14-12-1988,4.518518924713135,4.518518924713135,151200,4.592593193054199,4.518518924713135,2.4570088386535645
15-12-1988,4.481481075286865,4.518518924713135,93825,4.592593193054199,4.518518924713135,2.4570088386535645
16-12-1988,4.481481075286865,4.518518924713135,291263,4.6666669845581055,4.6666669845581055,2.5375661849975586
19-12-1988,4.592593193054199,4.629630088806152,268313,4.703703880310059,4.703703880310059,2.557704210281372
20-12-1988,4.518518924713135,4.592593193054199,493763,4.703703880310059,4.518518924713135,2.4570088386535645
21-12-1988,4.518518924713135,4.518518924713135,239625,4.592593193054199,4.518518924713135,2.4570088386535645
22-12-1988,4.518518924713135,4.518518924713135,368888,4.629630088806152,4.555555820465088,2.4771478176116943
23-12-1988,4.481481075286865,4.518518924713135,165375,4.555555820465088,4.481481075286865,2.4368679523468018
27-12-1988,4.481481075286865,4.555555820465088,143775,4.555555820465088,4.481481075286865,2.4368679523468018
28-12-1988,4.481481075286865,4.481481075286865,100913,4.592593193054199,4.518518924713135,2.4570088386535645
29-12-1988,4.518518924713135,4.592593193054199,84038,4.629630088806152,4.518518924713135,2.4570088386535645
30-12-1988,4.481481075286865,4.481481075286865,386100,4.629630088806152,4.629630088806152,2.5174264907836914
03-01-1989,4.518518924713135,4.592593193054199,356400,4.629630088806152,4.592593193054199,2.497286796569824
04-01-1989,4.518518924713135,4.555555820465088,115763,4.703703880310059,4.6666669845581055,2.5375661849975586
05-01-1989,4.518518924713135,4.703703880310059,241313,4.703703880310059,4.592593193054199,2.497286796569824
06-01-1989,4.592593193054199,4.6666669845581055,233213,4.703703880310059,4.629630088806152,2.5174264907836914
09-01-1989,4.629630088806152,4.629630088806152,77288,4.703703880310059,4.6666669845581055,2.5375661849975586
10-01-1989,4.740740776062012,4.740740776062012,690188,4.925926208496094,4.777778148651123,2.5979831218719482
11-01-1989,4.703703880310059,4.740740776062012,202838,4.814815044403076,4.814815044403076,2.6181232929229736
12-01-1989,4.703703880310059,4.740740776062012,333450,4.814815044403076,4.814815044403076,2.6181232929229736
13-01-1989,4.703703880310059,4.777778148651123,215663,4.888888835906982,4.851851940155029,2.638262987136841
16-01-1989,4.814815044403076,4.814815044403076,691200,5.259259223937988,5.111111164093018,2.77923846244812
17-01-1989,5.0,5.111111164093018,283163,5.148148059844971,5.037036895751953,2.7389581203460693
18-01-1989,5.037036895751953,5.111111164093018,420188,5.259259223937988,5.222221851348877,2.839656352996826
19-01-1989,5.111111164093018,5.222221851348877,242325,5.222221851348877,5.111111164093018,2.77923846244812
20-01-1989,5.037036895751953,5.074073791503906,200138,5.148148059844971,5.148148059844971,2.799377918243408
23-01-1989,5.037036895751953,5.148148059844971,141413,5.148148059844971,5.037036895751953,2.7389581203460693
24-01-1989,4.851851940155029,5.037036895751953,477225,5.037036895751953,5.037036895751953,2.7389581203460693
25-01-1989,4.962963104248047,5.037036895751953,103275,5.074073791503906,5.037036895751953,2.7389581203460693
26-01-1989,4.962963104248047,4.962963104248047,212625,5.111111164093018,5.037036895751953,2.7389581203460693
27-01-1989,4.925926208496094,5.037036895751953,198113,5.111111164093018,4.925926208496094,2.678541660308838
30-01-1989,4.962963104248047,4.962963104248047,307800,5.111111164093018,5.037036895751953,2.7389581203460693
31-01-1989,4.962963104248047,5.037036895751953,188325,5.074073791503906,5.0,2.7188172340393066
01-02-1989,4.925926208496094,5.0,121500,5.037036895751953,4.962963104248047,2.703486442565918
02-02-1989,4.888888835906982,5.037036895751953,156600,5.037036895751953,4.962963104248047,2.703486442565918
03-02-1989,4.814815044403076,4.888888835906982,516375,4.888888835906982,4.851851940155029,2.6429617404937744
06-02-1989,4.740740776062012,4.851851940155029,275400,4.851851940155029,4.851851940155029,2.6429617404937744
07-02-1989,4.777778148651123,4.814815044403076,576450,5.037036895751953,4.888888835906982,2.6631360054016113
08-02-1989,4.925926208496094,4.962963104248047,307125,5.111111164093018,4.925926208496094,2.6833128929138184
09-02-1989,4.814815044403076,4.925926208496094,287888,4.962963104248047,4.814815044403076,2.622785806655884
10-02-1989,4.777778148651123,4.777778148651123,477900,4.851851940155029,4.814815044403076,2.622785806655884
13-02-1989,4.814815044403076,4.814815044403076,112725,4.888888835906982,4.888888835906982,2.6631360054016113
14-02-1989,4.814815044403076,4.925926208496094,82688,4.925926208496094,4.814815044403076,2.622785806655884
15-02-1989,4.851851940155029,4.888888835906982,400613,4.962963104248047,4.925926208496094,2.6833128929138184
16-02-1989,4.888888835906982,4.925926208496094,96188,4.962963104248047,4.888888835906982,2.6631360054016113
17-02-1989,4.962963104248047,4.962963104248047,511988,5.148148059844971,5.111111164093018,2.7841880321502686
21-02-1989,5.0,5.037036895751953,257175,5.111111164093018,5.037036895751953,2.7438368797302246
22-02-1989,4.925926208496094,5.074073791503906,390825,5.074073791503906,4.925926208496094,2.6833128929138184
23-02-1989,4.888888835906982,4.888888835906982,89438,4.962963104248047,4.962963104248047,2.703486442565918
24-02-1989,4.851851940155029,4.962963104248047,271013,4.962963104248047,4.851851940155029,2.6429617404937744
27-02-1989,4.851851940155029,4.851851940155029,326700,4.962963104248047,4.925926208496094,2.6833128929138184
28-02-1989,4.888888835906982,4.888888835906982,956138,5.148148059844971,5.074073791503906,2.7640137672424316
01-03-1989,5.074073791503906,5.074073791503906,611213,5.259259223937988,5.111111164093018,2.7841880321502686
02-03-1989,5.148148059844971,5.148148059844971,1189688,5.518518924713135,5.259259223937988,2.8648903369903564
03-03-1989,5.185184955596924,5.259259223937988,382050,5.370369911193848,5.222221851348877,2.8447139263153076
06-03-1989,5.296296119689941,5.296296119689941,834300,5.481481075286865,5.407406806945801,2.945591926574707
07-03-1989,5.259259223937988,5.370369911193848,2280825,5.851851940155029,5.851851940155029,3.187694549560547
08-03-1989,5.481481075286865,5.703703880310059,2574788,6.296296119689941,5.481481075286865,2.985940933227539
09-03-1989,5.407406806945801,5.555555820465088,1090463,5.6666669845581055,5.518518924713135,3.006115674972534
10-03-1989,5.3333330154418945,5.444444179534912,348638,5.444444179534912,5.407406806945801,2.945591926574707
13-03-1989,5.481481075286865,5.481481075286865,350325,5.555555820465088,5.555555820465088,3.026292562484741
14-03-1989,5.444444179534912,5.629630088806152,293963,5.629630088806152,5.518518924713135,3.006115674972534
15-03-1989,5.444444179534912,5.481481075286865,156600,5.592593193054199,5.592593193054199,3.0464680194854736
16-03-1989,5.444444179534912,5.555555820465088,174488,5.592593193054199,5.481481075286865,2.985940933227539
17-03-1989,5.148148059844971,5.148148059844971,933525,5.370369911193848,5.185184955596924,2.8245372772216797
20-03-1989,5.185184955596924,5.222221851348877,567000,5.296296119689941,5.259259223937988,2.8648903369903564
21-03-1989,5.185184955596924,5.296296119689941,330750,5.3333330154418945,5.222221851348877,2.8447139263153076
22-03-1989,5.222221851348877,5.222221851348877,113738,5.296296119689941,5.259259223937988,2.8648903369903564
23-03-1989,5.222221851348877,5.222221851348877,396563,5.3333330154418945,5.259259223937988,2.8648903369903564
27-03-1989,5.259259223937988,5.259259223937988,95175,5.370369911193848,5.3333330154418945,2.9052391052246094
28-03-1989,5.296296119689941,5.296296119689941,53663,5.407406806945801,5.3333330154418945,2.9052391052246094
29-03-1989,5.259259223937988,5.296296119689941,77288,5.370369911193848,5.259259223937988,2.8648903369903564
30-03-1989,5.222221851348877,5.296296119689941,319275,5.3333330154418945,5.222221851348877,2.8447139263153076
31-03-1989,5.148148059844971,5.148148059844971,346613,5.296296119689941,5.296296119689941,2.8850655555725098
03-04-1989,5.111111164093018,5.296296119689941,143775,5.296296119689941,5.222221851348877,2.8447139263153076
04-04-1989,5.148148059844971,5.222221851348877,118463,5.296296119689941,5.259259223937988,2.8648903369903564
05-04-1989,5.185184955596924,5.259259223937988,84713,5.296296119689941,5.259259223937988,2.8648903369903564
06-04-1989,5.148148059844971,5.222221851348877,165375,5.259259223937988,5.222221851348877,2.8447139263153076
07-04-1989,5.148148059844971,5.185184955596924,163688,5.3333330154418945,5.296296119689941,2.8850655555725098
10-04-1989,5.222221851348877,5.296296119689941,169425,5.370369911193848,5.296296119689941,2.8850655555725098
11-04-1989,5.222221851348877,5.296296119689941,257850,5.3333330154418945,5.259259223937988,2.8648903369903564
12-04-1989,5.185184955596924,5.185184955596924,123188,5.296296119689941,5.222221851348877,2.8447139263153076
13-04-1989,5.148148059844971,5.185184955596924,214313,5.259259223937988,5.185184955596924,2.8245372772216797
14-04-1989,5.259259223937988,5.259259223937988,267975,5.407406806945801,5.407406806945801,2.945591926574707
17-04-1989,5.296296119689941,5.407406806945801,134663,5.407406806945801,5.3333330154418945,2.9052391052246094
18-04-1989,5.296296119689941,5.3333330154418945,330413,5.407406806945801,5.3333330154418945,2.9052391052246094
19-04-1989,5.259259223937988,5.259259223937988,492075,5.481481075286865,5.481481075286865,2.985940933227539
20-04-1989,5.407406806945801,5.481481075286865,408713,5.555555820465088,5.555555820465088,3.026292562484741
21-04-1989,5.481481075286865,5.481481075286865,285863,5.592593193054199,5.518518924713135,3.006115674972534
24-04-1989,5.481481075286865,5.481481075286865,379350,5.555555820465088,5.518518924713135,3.006115674972534
25-04-1989,5.444444179534912,5.518518924713135,277088,5.555555820465088,5.444444179534912,2.965764045715332
26-04-1989,5.370369911193848,5.444444179534912,581513,5.518518924713135,5.518518924713135,3.006115674972534
27-04-1989,5.444444179534912,5.481481075286865,239963,5.555555820465088,5.518518924713135,3.006115674972534
28-04-1989,5.370369911193848,5.481481075286865,122175,5.518518924713135,5.407406806945801,2.945591926574707
01-05-1989,5.296296119689941,5.407406806945801,114075,5.407406806945801,5.296296119689941,2.891401529312134
02-05-1989,5.222221851348877,5.296296119689941,431663,5.3333330154418945,5.259259223937988,2.8711819648742676
03-05-1989,5.222221851348877,5.222221851348877,66150,5.296296119689941,5.296296119689941,2.891401529312134
04-05-1989,5.185184955596924,5.296296119689941,180563,5.296296119689941,5.222221851348877,2.850961923599243
05-05-1989,5.222221851348877,5.222221851348877,167063,5.296296119689941,5.222221851348877,2.850961923599243
08-05-1989,5.074073791503906,5.259259223937988,72225,5.259259223937988,5.222221851348877,2.850961923599243
09-05-1989,5.222221851348877,5.259259223937988,375300,5.296296119689941,5.296296119689941,2.891401529312134
10-05-1989,5.259259223937988,5.259259223937988,94163,5.370369911193848,5.259259223937988,2.8711819648742676
11-05-1989,5.259259223937988,5.259259223937988,180563,5.370369911193848,5.3333330154418945,2.9116203784942627
12-05-1989,5.407406806945801,5.444444179534912,346950,5.518518924713135,5.518518924713135,3.012718439102173
15-05-1989,5.407406806945801,5.518518924713135,167738,5.518518924713135,5.481481075286865,2.992499828338623
16-05-1989,5.3333330154418945,5.407406806945801,606825,5.481481075286865,5.407406806945801,2.9520599842071533
17-05-1989,5.370369911193848,5.370369911193848,229838,5.444444179534912,5.407406806945801,2.9520599842071533
18-05-1989,5.370369911193848,5.444444179534912,160313,5.481481075286865,5.444444179534912,2.9722788333892822
19-05-1989,5.407406806945801,5.481481075286865,300038,5.481481075286865,5.444444179534912,2.9722788333892822
22-05-1989,5.407406806945801,5.481481075286865,463725,5.740740776062012,5.6666669845581055,3.0935966968536377
23-05-1989,5.555555820465088,5.592593193054199,186975,5.6666669845581055,5.6666669845581055,3.0935966968536377
24-05-1989,5.555555820465088,5.555555820465088,388463,5.777778148651123,5.740740776062012,3.134036064147949
25-05-1989,5.703703880310059,5.777778148651123,407025,5.814815044403076,5.740740776062012,3.134036064147949
26-05-1989,5.703703880310059,5.777778148651123,233213,5.777778148651123,5.740740776062012,3.134036064147949
30-05-1989,5.814815044403076,5.814815044403076,1908900,6.148148059844971,6.111111164093018,3.336231231689453
31-05-1989,6.111111164093018,6.148148059844971,3716550,6.444444179534912,6.370369911193848,3.477766990661621
01-06-1989,6.370369911193848,6.444444179534912,2287913,6.629630088806152,6.370369911193848,3.477766990661621
02-06-1989,6.296296119689941,6.407406806945801,3099600,6.481481075286865,6.407406806945801,3.497987747192383
05-06-1989,6.148148059844971,6.370369911193848,1857938,6.481481075286865,6.296296119689941,3.4373278617858887
06-06-1989,6.222221851348877,6.296296119689941,788400,6.370369911193848,6.3333330154418945,3.4575486183166504
07-06-1989,6.222221851348877,6.370369911193848,893363,6.370369911193848,6.296296119689941,3.4373278617858887
08-06-1989,6.185184955596924,6.296296119689941,1046250,6.370369911193848,6.370369911193848,3.477766990661621
09-06-1989,6.259259223937988,6.370369911193848,1542038,6.407406806945801,6.296296119689941,3.4373278617858887
12-06-1989,6.148148059844971,6.185184955596924,548775,6.296296119689941,6.296296119689941,3.4373278617858887
13-06-1989,6.185184955596924,6.296296119689941,291938,6.296296119689941,6.185184955596924,3.3766708374023438
14-06-1989,6.0,6.185184955596924,590963,6.222221851348877,6.037036895751953,3.295792579650879
15-06-1989,5.777778148651123,6.074073791503906,518400,6.148148059844971,5.888888835906982,3.2149150371551514
16-06-1989,6.0,6.074073791503906,1278450,6.259259223937988,6.222221851348877,3.396888256072998
19-06-1989,6.148148059844971,6.259259223937988,533250,6.296296119689941,6.185184955596924,3.3766708374023438
20-06-1989,6.074073791503906,6.185184955596924,896063,6.185184955596924,6.074073791503906,3.316011428833008
21-06-1989,5.962963104248047,6.111111164093018,629100,6.148148059844971,6.0,3.2755749225616455
22-06-1989,6.0,6.037036895751953,1800563,6.296296119689941,6.296296119689941,3.4373278617858887
23-06-1989,6.259259223937988,6.3333330154418945,2300063,6.592593193054199,6.518518924713135,3.5586488246917725
26-06-1989,6.555555820465088,6.814815044403076,4036163,7.074073791503906,6.592593193054199,3.5990874767303467
27-06-1989,6.370369911193848,6.518518924713135,1476900,6.592593193054199,6.444444179534912,3.5182087421417236
28-06-1989,6.222221851348877,6.481481075286865,885263,6.518518924713135,6.370369911193848,3.477766990661621
29-06-1989,6.037036895751953,6.259259223937988,876488,6.3333330154418945,6.074073791503906,3.316011428833008
30-06-1989,5.851851940155029,6.037036895751953,721913,6.259259223937988,6.148148059844971,3.3564515113830566
03-07-1989,6.111111164093018,6.185184955596924,440100,6.259259223937988,6.222221851348877,3.396888256072998
05-07-1989,6.074073791503906,6.222221851348877,603788,6.222221851348877,6.148148059844971,3.3564515113830566
06-07-1989,6.148148059844971,6.222221851348877,415125,6.259259223937988,6.148148059844971,3.3564515113830566
07-07-1989,6.111111164093018,6.185184955596924,349988,6.222221851348877,6.185184955596924,3.3766708374023438
10-07-1989,6.0,6.185184955596924,495788,6.222221851348877,6.0,3.2755749225616455
11-07-1989,5.925926208496094,6.0,581513,6.037036895751953,6.0,3.2755749225616455
12-07-1989,5.851851940155029,5.962963104248047,648000,5.962963104248047,5.925926208496094,3.2351346015930176
13-07-1989,5.814815044403076,5.888888835906982,731025,5.888888835906982,5.814815044403076,3.174474000930786
14-07-1989,5.851851940155029,5.851851940155029,778950,6.0,5.962963104248047,3.2553534507751465
17-07-1989,6.0,6.0,773213,6.222221851348877,6.148148059844971,3.3564515113830566
18-07-1989,6.111111164093018,6.185184955596924,680738,6.259259223937988,6.185184955596924,3.3766708374023438
19-07-1989,6.185184955596924,6.222221851348877,681075,6.296296119689941,6.222221851348877,3.396888256072998
20-07-1989,6.0,6.148148059844971,294638,6.185184955596924,6.0,3.2755749225616455
21-07-1989,5.925926208496094,5.962963104248047,927113,6.111111164093018,6.111111164093018,3.336231231689453
24-07-1989,6.037036895751953,6.148148059844971,621338,6.222221851348877,6.074073791503906,3.316011428833008
25-07-1989,6.185184955596924,6.185184955596924,517050,6.296296119689941,6.296296119689941,3.4373278617858887
26-07-1989,6.222221851348877,6.259259223937988,1069200,6.444444179534912,6.407406806945801,3.497987747192383
27-07-1989,6.407406806945801,6.444444179534912,573750,6.481481075286865,6.444444179534912,3.5182087421417236
28-07-1989,6.3333330154418945,6.444444179534912,369225,6.444444179534912,6.370369911193848,3.477766990661621
31-07-1989,6.3333330154418945,6.407406806945801,459675,6.407406806945801,6.407406806945801,3.5045082569122314
01-08-1989,6.222221851348877,6.407406806945801,400275,6.444444179534912,6.296296119689941,3.4437355995178223
02-08-1989,6.148148059844971,6.222221851348877,408038,6.3333330154418945,6.222221851348877,3.4032206535339355
03-08-1989,6.185184955596924,6.222221851348877,335475,6.259259223937988,6.185184955596924,3.382962942123413
04-08-1989,6.148148059844971,6.222221851348877,234563,6.222221851348877,6.148148059844971,3.362705945968628
07-08-1989,6.148148059844971,6.185184955596924,276750,6.296296119689941,6.259259223937988,3.423478603363037
08-08-1989,6.185184955596924,6.222221851348877,283163,6.222221851348877,6.185184955596924,3.382962942123413
09-08-1989,6.185184955596924,6.185184955596924,621338,6.296296119689941,6.222221851348877,3.4032206535339355
10-08-1989,6.222221851348877,6.259259223937988,675675,6.444444179534912,6.407406806945801,3.5045082569122314
11-08-1989,6.222221851348877,6.481481075286865,665213,6.555555820465088,6.259259223937988,3.423478603363037
14-08-1989,6.222221851348877,6.3333330154418945,204525,6.3333330154418945,6.296296119689941,3.4437355995178223
15-08-1989,6.185184955596924,6.259259223937988,287888,6.296296119689941,6.259259223937988,3.423478603363037
16-08-1989,6.185184955596924,6.296296119689941,214988,6.296296119689941,6.222221851348877,3.4032206535339355
17-08-1989,6.0,6.185184955596924,659475,6.222221851348877,6.222221851348877,3.4032206535339355
18-08-1989,6.148148059844971,6.222221851348877,826538,6.407406806945801,6.370369911193848,3.48425030708313
21-08-1989,6.296296119689941,6.444444179534912,418163,6.444444179534912,6.296296119689941,3.4437355995178223
22-08-1989,6.259259223937988,6.3333330154418945,558563,6.407406806945801,6.407406806945801,3.5045082569122314
23-08-1989,6.3333330154418945,6.407406806945801,1263600,6.740740776062012,6.592593193054199,3.6057960987091064
24-08-1989,6.555555820465088,6.703703880310059,516038,6.703703880310059,6.629630088806152,3.6260523796081543
25-08-1989,6.518518924713135,6.629630088806152,249075,6.6666669845581055,6.555555820465088,3.5855374336242676
28-08-1989,6.444444179534912,6.555555820465088,368550,6.592593193054199,6.555555820465088,3.5855374336242676
29-08-1989,6.444444179534912,6.518518924713135,336150,6.592593193054199,6.518518924713135,3.5652782917022705
30-08-1989,6.481481075286865,6.518518924713135,696263,6.555555820465088,6.518518924713135,3.5652782917022705
31-08-1989,6.518518924713135,6.518518924713135,357750,6.6666669845581055,6.6666669845581055,3.646311044692993
01-09-1989,6.592593193054199,6.6666669845581055,575100,6.740740776062012,6.703703880310059,3.6665637493133545
05-09-1989,6.555555820465088,6.703703880310059,211950,6.740740776062012,6.6666669845581055,3.646311044692993
06-09-1989,6.592593193054199,6.6666669845581055,211950,6.703703880310059,6.629630088806152,3.6260523796081543
07-09-1989,6.481481075286865,6.6666669845581055,257513,6.703703880310059,6.481481075286865,3.5450220108032227
08-09-1989,6.481481075286865,6.592593193054199,254475,6.592593193054199,6.518518924713135,3.5652782917022705
11-09-1989,6.407406806945801,6.481481075286865,242663,6.518518924713135,6.518518924713135,3.5652782917022705
12-09-1989,6.407406806945801,6.481481075286865,352013,6.481481075286865,6.407406806945801,3.5045082569122314
13-09-1989,6.296296119689941,6.444444179534912,560588,6.444444179534912,6.296296119689941,3.4437355995178223
14-09-1989,6.148148059844971,6.3333330154418945,369225,6.3333330154418945,6.148148059844971,3.362705945968628
15-09-1989,6.074073791503906,6.148148059844971,745875,6.259259223937988,6.259259223937988,3.423478603363037
18-09-1989,6.074073791503906,6.222221851348877,267975,6.222221851348877,6.074073791503906,3.322192430496216
19-09-1989,6.074073791503906,6.148148059844971,197438,6.185184955596924,6.111111164093018,3.342449188232422
20-09-1989,6.111111164093018,6.111111164093018,404663,6.185184955596924,6.185184955596924,3.382962942123413
21-09-1989,6.185184955596924,6.185184955596924,520425,6.444444179534912,6.407406806945801,3.5045082569122314
22-09-1989,6.296296119689941,6.444444179534912,464063,6.444444179534912,6.407406806945801,3.5045082569122314
25-09-1989,6.3333330154418945,6.370369911193848,774900,6.518518924713135,6.407406806945801,3.5045082569122314
26-09-1989,6.370369911193848,6.370369911193848,401288,6.481481075286865,6.370369911193848,3.48425030708313
27-09-1989,6.407406806945801,6.407406806945801,579488,6.518518924713135,6.481481075286865,3.5450220108032227
28-09-1989,6.407406806945801,6.518518924713135,418838,6.555555820465088,6.518518924713135,3.5652782917022705
29-09-1989,6.481481075286865,6.518518924713135,335475,6.592593193054199,6.555555820465088,3.5855374336242676
02-10-1989,6.555555820465088,6.555555820465088,628088,6.703703880310059,6.6666669845581055,3.646311044692993
03-10-1989,6.592593193054199,6.6666669845581055,686475,6.888888835906982,6.777778148651123,3.707082986831665
04-10-1989,6.740740776062012,6.777778148651123,499163,6.851851940155029,6.777778148651123,3.707082986831665
05-10-1989,6.703703880310059,6.740740776062012,276075,6.777778148651123,6.740740776062012,3.686821699142456
06-10-1989,6.629630088806152,6.740740776062012,500175,6.777778148651123,6.6666669845581055,3.646311044692993
09-10-1989,6.592593193054199,6.6666669845581055,919013,6.703703880310059,6.629630088806152,3.6260523796081543
10-10-1989,6.629630088806152,6.703703880310059,936900,6.740740776062012,6.703703880310059,3.6665637493133545
11-10-1989,6.592593193054199,6.703703880310059,519413,6.703703880310059,6.703703880310059,3.6665637493133545
12-10-1989,6.6666669845581055,6.703703880310059,444150,6.777778148651123,6.777778148651123,3.707082986831665
13-10-1989,5.925926208496094,6.740740776062012,577125,6.777778148651123,5.962963104248047,3.261420249938965
16-10-1989,5.777778148651123,5.777778148651123,1077300,6.407406806945801,6.296296119689941,3.4437355995178223
17-10-1989,6.111111164093018,6.222221851348877,1390500,6.259259223937988,6.185184955596924,3.382962942123413
18-10-1989,6.074073791503906,6.148148059844971,353363,6.259259223937988,6.185184955596924,3.382962942123413
19-10-1989,6.370369911193848,6.370369911193848,939600,6.555555820465088,6.481481075286865,3.5450220108032227
20-10-1989,6.481481075286865,6.518518924713135,1006425,6.777778148651123,6.740740776062012,3.686821699142456
23-10-1989,6.740740776062012,6.777778148651123,1025325,6.814815044403076,6.777778148651123,3.707082986831665
24-10-1989,6.407406806945801,6.740740776062012,1308825,6.740740776062012,6.703703880310059,3.6665637493133545
25-10-1989,6.629630088806152,6.629630088806152,490388,6.703703880310059,6.6666669845581055,3.646311044692993
26-10-1989,6.518518924713135,6.740740776062012,659138,6.740740776062012,6.629630088806152,3.6260523796081543
27-10-1989,6.592593193054199,6.592593193054199,310163,6.629630088806152,6.592593193054199,3.6057960987091064
30-10-1989,6.555555820465088,6.592593193054199,199125,6.6666669845581055,6.6666669845581055,3.652876853942871
31-10-1989,6.629630088806152,6.629630088806152,483300,6.888888835906982,6.888888835906982,3.7746379375457764
01-11-1989,6.925926208496094,6.962963104248047,903150,7.185184955596924,7.148148059844971,3.9166946411132812
02-11-1989,7.037036895751953,7.185184955596924,833625,7.222221851348877,7.148148059844971,3.9166946411132812
03-11-1989,7.037036895751953,7.074073791503906,817763,7.148148059844971,7.111111164093018,3.8963983058929443
06-11-1989,6.814815044403076,7.111111164093018,385763,7.111111164093018,6.814815044403076,3.734050750732422
07-11-1989,6.703703880310059,6.851851940155029,407363,6.851851940155029,6.814815044403076,3.734050750732422
08-11-1989,6.740740776062012,6.814815044403076,269325,6.814815044403076,6.777778148651123,3.713758945465088
09-11-1989,6.555555820465088,6.740740776062012,367200,6.777778148651123,6.555555820465088,3.591993808746338
10-11-1989,6.518518924713135,6.629630088806152,377663,6.629630088806152,6.592593193054199,3.6122896671295166
13-11-1989,6.592593193054199,6.629630088806152,469125,6.6666669845581055,6.592593193054199,3.6122896671295166
14-11-1989,6.592593193054199,6.629630088806152,479250,6.6666669845581055,6.6666669845581055,3.652876853942871
15-11-1989,6.518518924713135,6.6666669845581055,731700,6.6666669845581055,6.555555820465088,3.591993808746338
16-11-1989,6.407406806945801,6.555555820465088,152213,6.555555820465088,6.444444179534912,3.531111717224121
17-11-1989,6.407406806945801,6.444444179534912,381713,6.518518924713135,6.481481075286865,3.551405668258667
20-11-1989,6.222221851348877,6.444444179534912,684113,6.481481075286865,6.3333330154418945,3.470229387283325
21-11-1989,6.185184955596924,6.296296119689941,643950,6.3333330154418945,6.3333330154418945,3.470229387283325
22-11-1989,6.222221851348877,6.296296119689941,239625,6.296296119689941,6.296296119689941,3.4499361515045166
24-11-1989,6.259259223937988,6.3333330154418945,142425,6.3333330154418945,6.296296119689941,3.4499361515045166
27-11-1989,6.259259223937988,6.296296119689941,144788,6.296296119689941,6.259259223937988,3.429643392562866
28-11-1989,6.148148059844971,6.222221851348877,293625,6.296296119689941,6.296296119689941,3.4499361515045166
29-11-1989,6.074073791503906,6.259259223937988,339188,6.259259223937988,6.111111164093018,3.348468542098999
30-11-1989,5.925926208496094,6.037036895751953,450225,6.259259223937988,6.222221851348877,3.409348726272583
01-12-1989,6.185184955596924,6.185184955596924,298013,6.296296119689941,6.296296119689941,3.4499361515045166
04-12-1989,6.222221851348877,6.259259223937988,153900,6.296296119689941,6.259259223937988,3.429643392562866
05-12-1989,6.0,6.296296119689941,327038,6.296296119689941,6.111111164093018,3.348468542098999
06-12-1989,5.888888835906982,6.074073791503906,549788,6.111111164093018,5.925926208496094,3.246999979019165
07-12-1989,5.814815044403076,6.0,406688,6.0,5.888888835906982,3.2267050743103027
08-12-1989,5.888888835906982,5.925926208496094,198788,6.0,5.962963104248047,3.267293691635132
11-12-1989,5.851851940155029,5.888888835906982,232200,5.962963104248047,5.962963104248047,3.267293691635132
12-12-1989,5.888888835906982,5.925926208496094,238613,6.0,6.0,3.287588357925415
13-12-1989,5.888888835906982,5.925926208496094,663863,6.0,5.925926208496094,3.246999979019165
14-12-1989,5.851851940155029,5.888888835906982,349988,5.962963104248047,5.925926208496094,3.246999979019165
15-12-1989,5.814815044403076,5.962963104248047,578475,5.962963104248047,5.888888835906982,3.2267050743103027
18-12-1989,5.518518924713135,5.888888835906982,968288,5.925926208496094,5.629630088806152,3.0846495628356934
19-12-1989,5.518518924713135,5.629630088806152,964575,5.629630088806152,5.518518924713135,3.0237693786621094
20-12-1989,5.370369911193848,5.518518924713135,752288,5.518518924713135,5.407406806945801,2.962887763977051
21-12-1989,5.259259223937988,5.370369911193848,975713,5.407406806945801,5.3333330154418945,2.9223008155822754
22-12-1989,5.259259223937988,5.3333330154418945,326700,5.3333330154418945,5.296296119689941,2.9020042419433594
26-12-1989,5.3333330154418945,5.370369911193848,194400,5.444444179534912,5.370369911193848,2.9425950050354004
27-12-1989,5.407406806945801,5.444444179534912,229500,5.555555820465088,5.555555820465088,3.0440638065338135
28-12-1989,5.444444179534912,5.518518924713135,157613,5.555555820465088,5.444444179534912,2.9831795692443848
29-12-1989,5.444444179534912,5.444444179534912,299363,5.555555820465088,5.555555820465088,3.0440638065338135
02-01-1990,5.555555820465088,5.555555820465088,1358438,6.0,6.0,3.287588357925415
03-01-1990,5.888888835906982,6.0,508613,6.0,5.962963104248047,3.267293691635132
04-01-1990,5.962963104248047,5.962963104248047,459338,6.185184955596924,6.111111164093018,3.348468542098999
05-01-1990,6.074073791503906,6.111111164093018,607500,6.185184955596924,6.185184955596924,3.389055013656616
08-01-1990,6.037036895751953,6.111111164093018,206213,6.185184955596924,6.185184955596924,3.389055013656616
09-01-1990,6.111111164093018,6.185184955596924,387788,6.222221851348877,6.111111164093018,3.348468542098999
10-01-1990,6.074073791503906,6.111111164093018,410738,6.148148059844971,6.148148059844971,3.3687615394592285
11-01-1990,6.111111164093018,6.148148059844971,278775,6.148148059844971,6.148148059844971,3.3687615394592285
12-01-1990,5.925926208496094,6.111111164093018,570713,6.148148059844971,5.925926208496094,3.246999979019165
15-01-1990,5.814815044403076,5.925926208496094,514688,5.925926208496094,5.851851940155029,3.2064127922058105
16-01-1990,5.777778148651123,5.851851940155029,739463,5.925926208496094,5.925926208496094,3.246999979019165
17-01-1990,5.888888835906982,5.925926208496094,218700,5.962963104248047,5.925926208496094,3.246999979019165
18-01-1990,5.814815044403076,5.851851940155029,329738,5.925926208496094,5.925926208496094,3.246999979019165
19-01-1990,5.888888835906982,5.925926208496094,306450,5.962963104248047,5.925926208496094,3.246999979019165
22-01-1990,5.777778148651123,5.925926208496094,245025,5.925926208496094,5.777778148651123,3.165825128555298
23-01-1990,5.703703880310059,5.777778148651123,432675,5.925926208496094,5.703703880310059,3.1252381801605225
24-01-1990,5.444444179534912,5.629630088806152,634163,5.740740776062012,5.592593193054199,3.0643577575683594
25-01-1990,5.444444179534912,5.592593193054199,406013,5.6666669845581055,5.444444179534912,2.9831795692443848
26-01-1990,5.444444179534912,5.481481075286865,355050,5.6666669845581055,5.629630088806152,3.0846495628356934
29-01-1990,5.555555820465088,5.703703880310059,447525,5.703703880310059,5.555555820465088,3.0504841804504395
30-01-1990,5.3333330154418945,5.592593193054199,1035450,5.592593193054199,5.444444179534912,2.989471912384033
31-01-1990,5.444444179534912,5.481481075286865,181238,5.592593193054199,5.592593193054199,3.070821523666382
01-02-1990,5.3333330154418945,5.592593193054199,264263,5.592593193054199,5.518518924713135,3.0301475524902344
02-02-1990,5.481481075286865,5.481481075286865,218363,5.629630088806152,5.592593193054199,3.070821523666382
05-02-1990,5.370369911193848,5.592593193054199,640238,5.592593193054199,5.444444179534912,2.989471912384033
06-02-1990,5.407406806945801,5.407406806945801,145800,5.481481075286865,5.407406806945801,2.9691381454467773
07-02-1990,5.370369911193848,5.407406806945801,261225,5.555555820465088,5.555555820465088,3.0504841804504395
08-02-1990,5.518518924713135,5.518518924713135,108000,5.703703880310059,5.592593193054199,3.070821523666382
09-02-1990,5.592593193054199,5.629630088806152,225450,5.851851940155029,5.851851940155029,3.213176727294922
12-02-1990,5.629630088806152,5.814815044403076,352688,5.851851940155029,5.629630088806152,3.091156482696533
13-02-1990,5.592593193054199,5.629630088806152,220050,5.6666669845581055,5.6666669845581055,3.111495018005371
14-02-1990,5.370369911193848,5.629630088806152,289575,5.629630088806152,5.592593193054199,3.070821523666382
15-02-1990,5.481481075286865,5.592593193054199,401288,5.703703880310059,5.555555820465088,3.0504841804504395
16-02-1990,5.518518924713135,5.592593193054199,176175,5.629630088806152,5.592593193054199,3.070821523666382
20-02-1990,5.518518924713135,5.555555820465088,454275,5.592593193054199,5.518518924713135,3.0301475524902344
21-02-1990,5.370369911193848,5.444444179534912,400613,5.481481075286865,5.481481075286865,3.009810209274292
22-02-1990,5.296296119689941,5.444444179534912,579150,5.481481075286865,5.296296119689941,2.908125638961792
23-02-1990,5.222221851348877,5.222221851348877,400950,5.481481075286865,5.444444179534912,2.989471912384033
26-02-1990,5.444444179534912,5.444444179534912,160650,5.592593193054199,5.592593193054199,3.070821523666382
27-02-1990,5.592593193054199,5.629630088806152,328050,5.6666669845581055,5.592593193054199,3.070821523666382
28-02-1990,5.518518924713135,5.555555820465088,715163,5.592593193054199,5.592593193054199,3.070821523666382
01-03-1990,5.481481075286865,5.518518924713135,210263,5.592593193054199,5.518518924713135,3.0301475524902344
02-03-1990,5.444444179534912,5.555555820465088,102600,5.555555820465088,5.555555820465088,3.0504841804504395
05-03-1990,5.407406806945801,5.481481075286865,234563,5.518518924713135,5.407406806945801,2.9691381454467773
06-03-1990,5.407406806945801,5.444444179534912,132638,5.555555820465088,5.555555820465088,3.0504841804504395
07-03-1990,5.629630088806152,5.629630088806152,321300,5.703703880310059,5.629630088806152,3.091156482696533
08-03-1990,5.518518924713135,5.629630088806152,95513,5.629630088806152,5.555555820465088,3.0504841804504395
09-03-1990,5.481481075286865,5.555555820465088,106988,5.555555820465088,5.555555820465088,3.0504841804504395
12-03-1990,5.407406806945801,5.481481075286865,481275,5.481481075286865,5.481481075286865,3.009810209274292
13-03-1990,5.444444179534912,5.444444179534912,251438,5.518518924713135,5.481481075286865,3.009810209274292
14-03-1990,5.407406806945801,5.481481075286865,340538,5.555555820465088,5.518518924713135,3.0301475524902344
15-03-1990,5.481481075286865,5.518518924713135,411750,5.592593193054199,5.518518924713135,3.0301475524902344
16-03-1990,5.444444179534912,5.555555820465088,638888,5.555555820465088,5.555555820465088,3.0504841804504395
19-03-1990,5.481481075286865,5.481481075286865,270000,5.629630088806152,5.629630088806152,3.091156482696533
20-03-1990,5.555555820465088,5.629630088806152,678713,5.703703880310059,5.555555820465088,3.0504841804504395
21-03-1990,5.518518924713135,5.518518924713135,591638,5.703703880310059,5.629630088806152,3.091156482696533
22-03-1990,5.6666669845581055,5.6666669845581055,735075,5.777778148651123,5.777778148651123,3.1725027561187744
23-03-1990,5.814815044403076,5.814815044403076,437400,5.925926208496094,5.888888835906982,3.2335116863250732
26-03-1990,5.814815044403076,5.925926208496094,444488,6.0,5.814815044403076,3.1928393840789795
27-03-1990,5.703703880310059,5.814815044403076,409725,5.814815044403076,5.777778148651123,3.1725027561187744
28-03-1990,5.703703880310059,5.777778148651123,353700,5.814815044403076,5.777778148651123,3.1725027561187744
29-03-1990,5.703703880310059,5.777778148651123,197100,5.777778148651123,5.777778148651123,3.1725027561187744
30-03-1990,5.6666669845581055,5.740740776062012,128588,5.777778148651123,5.703703880310059,3.1318297386169434
02-04-1990,5.592593193054199,5.629630088806152,183938,5.6666669845581055,5.629630088806152,3.091156482696533
03-04-1990,5.6666669845581055,5.703703880310059,613575,5.851851940155029,5.814815044403076,3.1928393840789795
04-04-1990,5.629630088806152,5.777778148651123,261563,5.851851940155029,5.740740776062012,3.1521661281585693
05-04-1990,5.703703880310059,5.814815044403076,305775,5.814815044403076,5.740740776062012,3.1521661281585693
06-04-1990,5.629630088806152,5.777778148651123,314888,5.777778148651123,5.703703880310059,3.1318297386169434
09-04-1990,5.592593193054199,5.6666669845581055,106988,5.703703880310059,5.629630088806152,3.091156482696533
10-04-1990,5.629630088806152,5.629630088806152,417488,5.777778148651123,5.6666669845581055,3.111495018005371
11-04-1990,5.703703880310059,5.703703880310059,50288,5.740740776062012,5.740740776062012,3.1521661281585693
12-04-1990,5.629630088806152,5.703703880310059,422213,5.740740776062012,5.703703880310059,3.1318297386169434
16-04-1990,5.592593193054199,5.6666669845581055,433688,5.740740776062012,5.592593193054199,3.070821523666382
17-04-1990,5.370369911193848,5.555555820465088,898088,5.555555820465088,5.407406806945801,2.9691381454467773
18-04-1990,5.3333330154418945,5.407406806945801,727313,5.444444179534912,5.3333330154418945,2.928464412689209
19-04-1990,5.3333330154418945,5.3333330154418945,1089113,5.518518924713135,5.370369911193848,2.948801040649414
20-04-1990,5.259259223937988,5.407406806945801,235575,5.444444179534912,5.370369911193848,2.948801040649414
23-04-1990,5.3333330154418945,5.3333330154418945,213300,5.370369911193848,5.3333330154418945,2.928464412689209
24-04-1990,5.222221851348877,5.3333330154418945,597713,5.3333330154418945,5.222221851348877,2.8674545288085938
25-04-1990,5.222221851348877,5.296296119689941,618300,5.3333330154418945,5.296296119689941,2.908125638961792
26-04-1990,5.259259223937988,5.259259223937988,203175,5.296296119689941,5.259259223937988,2.887791395187378
27-04-1990,5.074073791503906,5.259259223937988,277425,5.259259223937988,5.111111164093018,2.8064444065093994
30-04-1990,5.037036895751953,5.074073791503906,126900,5.222221851348877,5.148148059844971,2.834995985031128
01-05-1990,5.185184955596924,5.222221851348877,199800,5.296296119689941,5.259259223937988,2.896183729171753
02-05-1990,5.185184955596924,5.222221851348877,266288,5.222221851348877,5.222221851348877,2.875786542892456
03-05-1990,5.222221851348877,5.259259223937988,208913,5.3333330154418945,5.222221851348877,2.875786542892456
04-05-1990,5.296296119689941,5.296296119689941,551813,5.370369911193848,5.3333330154418945,2.93697452545166
07-05-1990,5.3333330154418945,5.370369911193848,170100,5.407406806945801,5.3333330154418945,2.93697452545166
08-05-1990,5.3333330154418945,5.3333330154418945,446850,5.481481075286865,5.444444179534912,2.9981606006622314
09-05-1990,5.407406806945801,5.444444179534912,339188,5.555555820465088,5.481481075286865,3.018557071685791
10-05-1990,5.370369911193848,5.481481075286865,437738,5.518518924713135,5.407406806945801,2.977766513824463
11-05-1990,5.407406806945801,5.407406806945801,313538,5.555555820465088,5.555555820465088,3.059349298477173
14-05-1990,5.555555820465088,5.555555820465088,489038,5.888888835906982,5.851851940155029,3.2225139141082764
15-05-1990,5.703703880310059,5.814815044403076,145800,5.814815044403076,5.777778148651123,3.181722402572632
16-05-1990,5.703703880310059,5.777778148651123,180900,5.814815044403076,5.740740776062012,3.1613271236419678
17-05-1990,5.703703880310059,5.703703880310059,176850,5.814815044403076,5.703703880310059,3.1409313678741455
18-05-1990,5.592593193054199,5.703703880310059,153900,5.740740776062012,5.740740776062012,3.1613271236419678
21-05-1990,5.6666669845581055,5.6666669845581055,356400,5.925926208496094,5.851851940155029,3.2225139141082764
22-05-1990,5.814815044403076,5.888888835906982,241650,5.925926208496094,5.888888835906982,3.242908000946045
23-05-1990,5.851851940155029,5.851851940155029,435038,5.962963104248047,5.962963104248047,3.283700466156006
24-05-1990,5.851851940155029,5.962963104248047,348300,5.962963104248047,5.888888835906982,3.242908000946045
25-05-1990,5.814815044403076,5.851851940155029,203175,5.888888835906982,5.814815044403076,3.2021188735961914
29-05-1990,5.888888835906982,5.888888835906982,257850,6.3333330154418945,6.3333330154418945,3.487654685974121
30-05-1990,6.111111164093018,6.3333330154418945,1095188,6.3333330154418945,6.185184955596924,3.4060726165771484
31-05-1990,6.185184955596924,6.185184955596924,2085413,6.370369911193848,6.296296119689941,3.467259407043457
01-06-1990,6.148148059844971,6.296296119689941,929475,6.3333330154418945,6.259259223937988,3.446864366531372
04-06-1990,6.148148059844971,6.222221851348877,464063,6.259259223937988,6.148148059844971,3.385678291320801
05-06-1990,5.962963104248047,6.148148059844971,292950,6.185184955596924,6.074073791503906,3.344886541366577
06-06-1990,6.037036895751953,6.148148059844971,3807000,6.259259223937988,6.037036895751953,3.324490785598755
07-06-1990,6.0,6.074073791503906,183263,6.074073791503906,6.074073791503906,3.344886541366577
08-06-1990,5.851851940155029,6.074073791503906,116100,6.074073791503906,5.925926208496094,3.2633047103881836
11-06-1990,5.592593193054199,5.925926208496094,772538,5.962963104248047,5.6666669845581055,3.1205356121063232
12-06-1990,5.555555820465088,5.629630088806152,207563,5.777778148651123,5.740740776062012,3.1613271236419678
13-06-1990,5.518518924713135,5.629630088806152,279113,5.6666669845581055,5.6666669845581055,3.1205356121063232
14-06-1990,5.555555820465088,5.592593193054199,130613,5.703703880310059,5.6666669845581055,3.1205356121063232
15-06-1990,5.518518924713135,5.555555820465088,501863,5.629630088806152,5.592593193054199,3.0797457695007324
18-06-1990,5.555555820465088,5.592593193054199,131625,5.629630088806152,5.592593193054199,3.0797457695007324
19-06-1990,5.555555820465088,5.592593193054199,183600,5.629630088806152,5.555555820465088,3.059349298477173
20-06-1990,5.555555820465088,5.592593193054199,160313,5.629630088806152,5.629630088806152,3.1001391410827637
21-06-1990,5.629630088806152,5.629630088806152,850163,5.6666669845581055,5.6666669845581055,3.1205356121063232
22-06-1990,5.592593193054199,5.6666669845581055,325013,5.703703880310059,5.592593193054199,3.0797457695007324
25-06-1990,5.555555820465088,5.629630088806152,591300,5.6666669845581055,5.555555820465088,3.059349298477173
26-06-1990,5.555555820465088,5.629630088806152,212625,5.703703880310059,5.555555820465088,3.059349298477173
27-06-1990,5.518518924713135,5.555555820465088,188663,5.6666669845581055,5.629630088806152,3.1001391410827637
28-06-1990,5.629630088806152,5.6666669845581055,273713,5.777778148651123,5.703703880310059,3.1409313678741455
29-06-1990,5.037036895751953,5.703703880310059,1756013,5.777778148651123,5.444444179534912,2.9981606006622314
02-07-1990,5.037036895751953,5.370369911193848,827213,5.370369911193848,5.185184955596924,2.855391263961792
03-07-1990,5.185184955596924,5.185184955596924,564975,5.370369911193848,5.3333330154418945,2.93697452545166
05-07-1990,5.148148059844971,5.259259223937988,134663,5.259259223937988,5.148148059844971,2.834995985031128
06-07-1990,5.148148059844971,5.148148059844971,126563,5.222221851348877,5.222221851348877,2.875786542892456
09-07-1990,5.185184955596924,5.222221851348877,435713,5.296296119689941,5.222221851348877,2.875786542892456
10-07-1990,5.148148059844971,5.222221851348877,1315575,5.3333330154418945,5.296296119689941,2.916577100753784
11-07-1990,5.222221851348877,5.222221851348877,376313,5.370369911193848,5.370369911193848,2.9573707580566406
12-07-1990,5.259259223937988,5.370369911193848,734400,5.407406806945801,5.370369911193848,2.9573707580566406
13-07-1990,5.296296119689941,5.3333330154418945,490725,5.407406806945801,5.370369911193848,2.9573707580566406
16-07-1990,5.296296119689941,5.3333330154418945,571050,5.407406806945801,5.370369911193848,2.9573707580566406
17-07-1990,5.296296119689941,5.3333330154418945,630788,5.370369911193848,5.370369911193848,2.9573707580566406
18-07-1990,5.185184955596924,5.3333330154418945,97200,5.3333330154418945,5.259259223937988,2.896183729171753
19-07-1990,5.074073791503906,5.222221851348877,956475,5.222221851348877,5.148148059844971,2.834995985031128
20-07-1990,4.888888835906982,5.074073791503906,1335488,5.074073791503906,4.962963104248047,2.7330167293548584
23-07-1990,4.777778148651123,4.962963104248047,558900,5.037036895751953,4.962963104248047,2.7330167293548584
24-07-1990,4.888888835906982,5.0,200138,5.037036895751953,4.962963104248047,2.7330167293548584
25-07-1990,4.925926208496094,4.962963104248047,145463,5.111111164093018,5.111111164093018,2.8145997524261475
26-07-1990,4.962963104248047,5.074073791503906,414450,5.074073791503906,5.0,2.7534127235412598
27-07-1990,4.851851940155029,4.851851940155029,427950,5.148148059844971,5.148148059844971,2.834995985031128
30-07-1990,5.0,5.037036895751953,325350,5.111111164093018,5.111111164093018,2.8227200508117676
31-07-1990,5.037036895751953,5.111111164093018,218700,5.111111164093018,5.111111164093018,2.8227200508117676
01-08-1990,4.962963104248047,5.037036895751953,299025,5.185184955596924,5.148148059844971,2.8431739807128906
02-08-1990,4.888888835906982,5.074073791503906,439088,5.111111164093018,5.037036895751953,2.781811475753784
03-08-1990,4.703703880310059,5.0,362813,5.0,4.851851940155029,2.6795389652252197
06-08-1990,4.592593193054199,4.6666669845581055,665888,4.851851940155029,4.851851940155029,2.6795389652252197
07-08-1990,4.777778148651123,4.777778148651123,642263,4.925926208496094,4.888888835906982,2.699993848800659
08-08-1990,4.814815044403076,4.851851940155029,159638,4.925926208496094,4.851851940155029,2.6795389652252197
09-08-1990,4.740740776062012,4.814815044403076,114075,4.851851940155029,4.777778148651123,2.6386311054229736
10-08-1990,4.629630088806152,4.777778148651123,99225,4.777778148651123,4.6666669845581055,2.5772674083709717
13-08-1990,4.518518924713135,4.592593193054199,107663,4.6666669845581055,4.555555820465088,2.515902519226074
14-08-1990,4.518518924713135,4.592593193054199,216675,4.703703880310059,4.703703880310059,2.5977210998535156
15-08-1990,4.6666669845581055,4.740740776062012,344588,4.777778148651123,4.703703880310059,2.5977210998535156
16-08-1990,4.518518924713135,4.629630088806152,197438,4.629630088806152,4.518518924713135,2.4954493045806885
17-08-1990,4.222221851348877,4.444444179534912,889988,4.444444179534912,4.3333330154418945,2.3931758403778076
20-08-1990,4.296296119689941,4.296296119689941,379013,4.481481075286865,4.481481075286865,2.474994659423828
21-08-1990,4.222221851348877,4.407406806945801,261225,4.407406806945801,4.296296119689941,2.3727221488952637
22-08-1990,4.111111164093018,4.296296119689941,207900,4.3333330154418945,4.111111164093018,2.27044939994812
23-08-1990,3.8518519401550293,3.8888890743255615,336825,3.962963104248047,3.8518519401550293,2.127267599105835
24-08-1990,3.740741014480591,3.9259259700775146,255488,3.962963104248047,3.8518519401550293,2.127267599105835
27-08-1990,4.037036895751953,4.074073791503906,300375,4.296296119689941,4.296296119689941,2.3727221488952637
28-08-1990,4.296296119689941,4.3333330154418945,289913,4.407406806945801,4.3333330154418945,2.3931758403778076
29-08-1990,4.3333330154418945,4.3333330154418945,306788,4.444444179534912,4.370369911193848,2.413630962371826
30-08-1990,4.259259223937988,4.3333330154418945,403988,4.3333330154418945,4.296296119689941,2.3727221488952637
31-08-1990,4.259259223937988,4.259259223937988,87413,4.296296119689941,4.296296119689941,2.3727221488952637
04-09-1990,4.185184955596924,4.296296119689941,405675,4.296296119689941,4.222221851348877,2.331812858581543
05-09-1990,4.222221851348877,4.259259223937988,127575,4.296296119689941,4.259259223937988,2.352266788482666
06-09-1990,4.222221851348877,4.259259223937988,122175,4.259259223937988,4.259259223937988,2.352266788482666
07-09-1990,4.185184955596924,4.222221851348877,554850,4.296296119689941,4.296296119689941,2.3727221488952637
10-09-1990,4.259259223937988,4.3333330154418945,232200,4.370369911193848,4.259259223937988,2.352266788482666
11-09-1990,4.185184955596924,4.222221851348877,148163,4.259259223937988,4.259259223937988,2.352266788482666
12-09-1990,4.074073791503906,4.259259223937988,429638,4.296296119689941,4.111111164093018,2.27044939994812
13-09-1990,4.111111164093018,4.111111164093018,246713,4.259259223937988,4.185184955596924,2.31135892868042
14-09-1990,4.148148059844971,4.148148059844971,83025,4.185184955596924,4.185184955596924,2.31135892868042
17-09-1990,4.148148059844971,4.185184955596924,237600,4.185184955596924,4.185184955596924,2.31135892868042
18-09-1990,4.111111164093018,4.185184955596924,70875,4.185184955596924,4.185184955596924,2.31135892868042
19-09-1990,4.037036895751953,4.148148059844971,142425,4.185184955596924,4.037036895751953,2.229541063308716
20-09-1990,4.037036895751953,4.037036895751953,150863,4.148148059844971,4.111111164093018,2.27044939994812
21-09-1990,4.0,4.074073791503906,292613,4.074073791503906,4.037036895751953,2.229541063308716
24-09-1990,3.9259259700775146,4.0,322313,4.0,3.9259259700775146,2.1681768894195557
25-09-1990,3.814815044403076,3.8518519401550293,428625,4.037036895751953,3.962963104248047,2.188631534576416
26-09-1990,3.8888890743255615,3.9259259700775146,92813,4.0,3.9259259700775146,2.1681768894195557
27-09-1990,3.814815044403076,3.9259259700775146,265950,4.0,3.814815044403076,2.1068131923675537
28-09-1990,3.555556058883667,3.7037041187286377,343913,3.814815044403076,3.59259295463562,1.9840868711471558
01-10-1990,3.6296300888061523,3.6296300888061523,415125,4.074073791503906,4.0,2.2090859413146973
02-10-1990,3.814815044403076,3.962963104248047,958500,4.037036895751953,3.9259259700775146,2.1681768894195557
03-10-1990,3.8888890743255615,3.8888890743255615,583538,3.962963104248047,3.8888890743255615,2.1477231979370117
04-10-1990,3.8518519401550293,3.8518519401550293,233213,4.0,3.962963104248047,2.188631534576416
05-10-1990,3.777777910232544,3.8888890743255615,227813,4.037036895751953,4.037036895751953,2.229541063308716
08-10-1990,3.962963104248047,4.074073791503906,57375,4.111111164093018,4.0,2.2090859413146973
09-10-1990,3.740741014480591,3.9259259700775146,94163,3.9259259700775146,3.740741014480591,2.0659048557281494
10-10-1990,3.555556058883667,3.7037041187286377,426600,3.7037041187286377,3.6296300888061523,2.004542112350464
11-10-1990,3.40740704536438,3.59259295463562,876150,3.59259295463562,3.444443941116333,1.9022692441940308
12-10-1990,3.3703699111938477,3.555556058883667,1257863,3.6296300888061523,3.3703699111938477,1.861358642578125
15-10-1990,3.3333330154418945,3.444443941116333,376988,3.6296300888061523,3.555556058883667,1.9636324644088745
16-10-1990,3.444443941116333,3.5185189247131348,863325,3.555556058883667,3.444443941116333,1.9022692441940308
17-10-1990,3.40740704536438,3.40740704536438,107663,3.5185189247131348,3.4814810752868652,1.922722578048706
18-10-1990,3.5185189247131348,3.5185189247131348,442800,3.6296300888061523,3.6296300888061523,2.004542112350464
19-10-1990,3.5185189247131348,3.6296300888061523,483300,3.6296300888061523,3.6296300888061523,2.004542112350464
22-10-1990,3.5185189247131348,3.59259295463562,575438,3.6666669845581055,3.555556058883667,1.9636324644088745
23-10-1990,3.5185189247131348,3.59259295463562,597375,3.59259295463562,3.555556058883667,1.9636324644088745
24-10-1990,3.5185189247131348,3.555556058883667,554513,3.6666669845581055,3.6296300888061523,2.004542112350464
25-10-1990,3.6296300888061523,3.6666669845581055,183263,3.777777910232544,3.777777910232544,2.0863587856292725
26-10-1990,3.777777910232544,3.777777910232544,756000,3.962963104248047,3.9259259700775146,2.1681768894195557
29-10-1990,3.9259259700775146,3.9259259700775146,450563,4.074073791503906,3.962963104248047,2.1969189643859863
30-10-1990,3.8888890743255615,3.962963104248047,284175,4.0,3.8888890743255615,2.1558563709259033
31-10-1990,3.777777910232544,3.777777910232544,311513,4.0,3.8518519401550293,2.1353228092193604
01-11-1990,3.8518519401550293,3.9259259700775146,241313,3.962963104248047,3.962963104248047,2.1969189643859863
02-11-1990,3.9259259700775146,3.962963104248047,785025,4.037036895751953,3.9259259700775146,2.176386594772339
05-11-1990,3.8888890743255615,4.0,243675,4.0,4.0,2.2174510955810547
06-11-1990,3.9259259700775146,4.0,662175,4.037036895751953,3.962963104248047,2.1969189643859863
07-11-1990,3.9259259700775146,3.962963104248047,319613,4.074073791503906,4.074073791503906,2.258514642715454
08-11-1990,4.0,4.111111164093018,316238,4.148148059844971,4.037036895751953,2.237983226776123
09-11-1990,4.0,4.0,341550,4.185184955596924,4.148148059844971,2.2995779514312744
12-11-1990,4.148148059844971,4.185184955596924,186300,4.259259223937988,4.259259223937988,2.3611743450164795
13-11-1990,4.185184955596924,4.222221851348877,320963,4.296296119689941,4.222221851348877,2.3406426906585693
14-11-1990,4.148148059844971,4.148148059844971,483638,4.481481075286865,4.444444179534912,2.4638350009918213
15-11-1990,4.3333330154418945,4.444444179534912,116100,4.481481075286865,4.370369911193848,2.422769784927368
16-11-1990,4.3333330154418945,4.370369911193848,432675,4.444444179534912,4.370369911193848,2.422769784927368
19-11-1990,4.370369911193848,4.444444179534912,435038,4.481481075286865,4.444444179534912,2.4638350009918213
20-11-1990,4.370369911193848,4.370369911193848,379350,4.481481075286865,4.407406806945801,2.443302631378174
21-11-1990,4.407406806945801,4.444444179534912,155250,4.481481075286865,4.481481075286865,2.484365701675415
23-11-1990,4.444444179534912,4.444444179534912,61088,4.555555820465088,4.518518924713135,2.504899501800537
26-11-1990,4.296296119689941,4.444444179534912,456975,4.444444179534912,4.407406806945801,2.443302631378174
27-11-1990,4.407406806945801,4.444444179534912,113738,4.592593193054199,4.481481075286865,2.484365701675415
28-11-1990,4.444444179534912,4.592593193054199,472163,4.703703880310059,4.444444179534912,2.4638350009918213
29-11-1990,4.444444179534912,4.444444179534912,141413,4.518518924713135,4.444444179534912,2.4638350009918213
30-11-1990,4.407406806945801,4.407406806945801,268988,4.555555820465088,4.555555820465088,2.5254294872283936
03-12-1990,4.407406806945801,4.592593193054199,260550,4.592593193054199,4.444444179534912,2.4638350009918213
04-12-1990,4.3333330154418945,4.370369911193848,124538,4.481481075286865,4.481481075286865,2.484365701675415
05-12-1990,4.370369911193848,4.370369911193848,396563,4.481481075286865,4.444444179534912,2.4638350009918213
06-12-1990,4.3333330154418945,4.481481075286865,395550,4.555555820465088,4.3333330154418945,2.4022376537323
07-12-1990,4.3333330154418945,4.3333330154418945,126563,4.481481075286865,4.407406806945801,2.443302631378174
10-12-1990,4.407406806945801,4.407406806945801,222413,4.592593193054199,4.555555820465088,2.5254294872283936
11-12-1990,4.407406806945801,4.555555820465088,169763,4.592593193054199,4.444444179534912,2.4638350009918213
12-12-1990,4.481481075286865,4.481481075286865,132300,4.703703880310059,4.6666669845581055,2.587026834487915
13-12-1990,4.481481075286865,4.6666669845581055,100238,4.6666669845581055,4.518518924713135,2.504899501800537
14-12-1990,4.296296119689941,4.481481075286865,828225,4.518518924713135,4.444444179534912,2.4638350009918213
17-12-1990,4.296296119689941,4.370369911193848,751275,4.444444179534912,4.3333330154418945,2.4022376537323
18-12-1990,4.296296119689941,4.296296119689941,646988,4.592593193054199,4.592593193054199,2.545962333679199
19-12-1990,4.481481075286865,4.555555820465088,519413,4.629630088806152,4.481481075286865,2.484365701675415
20-12-1990,4.370369911193848,4.444444179534912,184613,4.592593193054199,4.592593193054199,2.545962333679199
21-12-1990,4.518518924713135,4.851851940155029,437400,4.851851940155029,4.555555820465088,2.5254294872283936
24-12-1990,4.444444179534912,4.592593193054199,87075,4.592593193054199,4.444444179534912,2.4638350009918213
26-12-1990,4.444444179534912,4.518518924713135,116438,4.555555820465088,4.518518924713135,2.504899501800537
27-12-1990,4.481481075286865,4.518518924713135,157950,4.592593193054199,4.592593193054199,2.545962333679199
28-12-1990,4.518518924713135,4.592593193054199,360450,4.703703880310059,4.592593193054199,2.545962333679199
31-12-1990,4.481481075286865,4.518518924713135,133988,4.629630088806152,4.629630088806152,2.566492795944214
02-01-1991,4.518518924713135,4.555555820465088,333788,4.629630088806152,4.592593193054199,2.545962333679199
03-01-1991,4.518518924713135,4.555555820465088,380363,4.629630088806152,4.592593193054199,2.545962333679199
04-01-1991,4.481481075286865,4.629630088806152,862650,4.629630088806152,4.592593193054199,2.545962333679199
07-01-1991,4.481481075286865,4.592593193054199,593663,4.592593193054199,4.481481075286865,2.484365701675415
08-01-1991,4.481481075286865,4.481481075286865,228488,4.6666669845581055,4.6666669845581055,2.587026834487915
09-01-1991,4.629630088806152,4.740740776062012,440100,4.888888835906982,4.6666669845581055,2.587026834487915
10-01-1991,4.703703880310059,4.703703880310059,366525,5.037036895751953,4.925926208496094,2.730750322341919
11-01-1991,4.888888835906982,4.888888835906982,158288,5.037036895751953,5.0,2.771813154220581
14-01-1991,4.814815044403076,4.851851940155029,450225,4.925926208496094,4.851851940155029,2.689685821533203
15-01-1991,4.888888835906982,4.888888835906982,270675,5.0,4.962963104248047,2.7512807846069336
16-01-1991,4.925926208496094,4.925926208496094,279113,5.222221851348877,5.185184955596924,2.8744733333587646
17-01-1991,5.3333330154418945,5.407406806945801,554513,5.444444179534912,5.444444179534912,3.018195867538452
18-01-1991,5.3333330154418945,5.3333330154418945,630450,5.6666669845581055,5.6666669845581055,3.141390085220337
21-01-1991,5.592593193054199,5.629630088806152,554175,5.814815044403076,5.777778148651123,3.20298433303833
22-01-1991,5.629630088806152,5.740740776062012,275738,5.814815044403076,5.6666669845581055,3.141390085220337
23-01-1991,5.555555820465088,5.6666669845581055,588263,5.740740776062012,5.629630088806152,3.120856523513794
24-01-1991,5.629630088806152,5.629630088806152,444488,5.814815044403076,5.703703880310059,3.161921262741089
25-01-1991,5.555555820465088,5.6666669845581055,331088,5.740740776062012,5.555555820465088,3.0797934532165527
28-01-1991,5.481481075286865,5.555555820465088,165713,5.6666669845581055,5.629630088806152,3.120856523513794
29-01-1991,5.3333330154418945,5.555555820465088,242663,5.555555820465088,5.3333330154418945,2.956601142883301
30-01-1991,5.3333330154418945,5.3333330154418945,198450,5.6666669845581055,5.6666669845581055,3.150137186050415
31-01-1991,5.296296119689941,5.592593193054199,445500,5.6666669845581055,5.555555820465088,3.088369607925415
01-02-1991,5.703703880310059,5.703703880310059,639225,6.0,5.925926208496094,3.294259548187256
04-02-1991,5.925926208496094,5.962963104248047,737100,6.185184955596924,6.185184955596924,3.4383833408355713
05-02-1991,6.0,6.185184955596924,321975,6.259259223937988,6.185184955596924,3.4383833408355713
06-02-1991,6.074073791503906,6.148148059844971,609525,6.555555820465088,6.481481075286865,3.603095531463623
07-02-1991,6.370369911193848,6.481481075286865,684788,6.6666669845581055,6.6666669845581055,3.7060437202453613
08-02-1991,6.592593193054199,6.6666669845581055,521438,6.814815044403076,6.814815044403076,3.788400650024414
11-02-1991,6.814815044403076,6.814815044403076,1452263,7.407406806945801,7.3333330154418945,4.0766472816467285
12-02-1991,7.185184955596924,7.259259223937988,1550813,7.370369911193848,7.259259223937988,4.035470485687256
13-02-1991,7.185184955596924,7.259259223937988,574425,7.3333330154418945,7.259259223937988,4.035470485687256
14-02-1991,6.814815044403076,7.185184955596924,346950,7.222221851348877,6.962963104248047,3.8707563877105713
15-02-1991,6.925926208496094,6.962963104248047,426600,7.111111164093018,7.074073791503906,3.9325242042541504
19-02-1991,6.925926208496094,6.962963104248047,578475,7.111111164093018,6.962963104248047,3.8707563877105713
20-02-1991,6.962963104248047,6.962963104248047,861638,7.148148059844971,7.0,3.8913469314575195
21-02-1991,6.740740776062012,7.0,330750,7.0,6.777778148651123,3.7678110599517822
22-02-1991,6.629630088806152,6.814815044403076,662175,6.851851940155029,6.740740776062012,3.747220039367676
25-02-1991,6.740740776062012,6.814815044403076,462375,6.888888835906982,6.777778148651123,3.7678110599517822
26-02-1991,6.777778148651123,6.814815044403076,411750,6.962963104248047,6.925926208496094,3.850166082382202
27-02-1991,7.0,7.0,423900,7.148148059844971,7.074073791503906,3.9325242042541504
28-02-1991,7.037036895751953,7.148148059844971,1701000,7.259259223937988,7.222221851348877,4.014877796173096
01-03-1991,7.0,7.185184955596924,774563,7.259259223937988,7.185184955596924,3.9942915439605713
04-03-1991,7.074073791503906,7.185184955596924,407700,7.222221851348877,7.074073791503906,3.9325242042541504
05-03-1991,7.037036895751953,7.074073791503906,258863,7.148148059844971,7.148148059844971,3.9736993312835693
06-03-1991,7.0,7.148148059844971,291263,7.185184955596924,7.074073791503906,3.9325242042541504
07-03-1991,6.962963104248047,7.148148059844971,271350,7.148148059844971,6.962963104248047,3.8707563877105713
08-03-1991,6.962963104248047,6.962963104248047,593663,7.148148059844971,7.037036895751953,3.911933660507202
11-03-1991,6.925926208496094,7.037036895751953,384413,7.111111164093018,6.925926208496094,3.850166082382202
12-03-1991,6.962963104248047,6.962963104248047,222075,7.222221851348877,7.111111164093018,3.9531118869781494
13-03-1991,7.037036895751953,7.037036895751953,988538,7.148148059844971,7.148148059844971,3.9736993312835693
14-03-1991,7.074073791503906,7.111111164093018,321975,7.222221851348877,7.074073791503906,3.9325242042541504
15-03-1991,6.962963104248047,7.148148059844971,393525,7.148148059844971,6.962963104248047,3.8707563877105713
18-03-1991,6.962963104248047,7.0,149850,7.111111164093018,7.111111164093018,3.9531118869781494
19-03-1991,7.074073791503906,7.148148059844971,357750,7.148148059844971,7.111111164093018,3.9531118869781494
20-03-1991,7.074073791503906,7.148148059844971,501525,7.222221851348877,7.185184955596924,3.9942915439605713
21-03-1991,6.925926208496094,7.222221851348877,237938,7.222221851348877,7.0,3.8913469314575195
22-03-1991,6.925926208496094,7.074073791503906,79650,7.111111164093018,6.925926208496094,3.850166082382202
25-03-1991,6.962963104248047,7.0,116775,7.111111164093018,7.037036895751953,3.911933660507202
26-03-1991,7.074073791503906,7.074073791503906,517725,7.148148059844971,7.111111164093018,3.9531118869781494
27-03-1991,7.148148059844971,7.222221851348877,840375,7.259259223937988,7.148148059844971,3.9736993312835693
28-03-1991,7.074073791503906,7.185184955596924,545063,7.222221851348877,7.222221851348877,4.014877796173096
01-04-1991,7.0,7.185184955596924,687825,7.259259223937988,7.222221851348877,4.014877796173096
02-04-1991,7.148148059844971,7.185184955596924,1090463,7.296296119689941,7.259259223937988,4.035470485687256
03-04-1991,7.185184955596924,7.222221851348877,1141425,7.259259223937988,7.259259223937988,4.035470485687256
04-04-1991,7.148148059844971,7.222221851348877,777600,7.259259223937988,7.148148059844971,3.9736993312835693
05-04-1991,7.111111164093018,7.185184955596924,429975,7.222221851348877,7.185184955596924,3.9942915439605713
08-04-1991,7.185184955596924,7.185184955596924,377663,7.3333330154418945,7.222221851348877,4.014877796173096
09-04-1991,7.0,7.222221851348877,640913,7.222221851348877,7.037036895751953,3.911933660507202
10-04-1991,7.037036895751953,7.037036895751953,539325,7.111111164093018,7.037036895751953,3.911933660507202
11-04-1991,7.074073791503906,7.111111164093018,342225,7.296296119689941,7.222221851348877,4.014877796173096
12-04-1991,7.259259223937988,7.296296119689941,1398600,7.888888835906982,7.777778148651123,4.323719501495361
15-04-1991,7.592593193054199,7.851851940155029,566663,7.888888835906982,7.703703880310059,4.282538414001465
16-04-1991,7.592593193054199,7.703703880310059,333450,8.074073791503906,8.074073791503906,4.488429546356201
17-04-1991,8.0,8.148147583007812,1023975,8.259259223937988,8.148147583007812,4.52960729598999
18-04-1991,8.0,8.074073791503906,1686825,9.185185432434082,8.740740776062012,4.859033584594727
19-04-1991,8.370369911193848,8.703703880310059,1513350,8.703703880310059,8.481480598449707,4.71491003036499
22-04-1991,8.296296119689941,8.4074068069458,347625,8.444443702697754,8.370369911193848,4.65314245223999
23-04-1991,8.11111068725586,8.333333015441895,749925,8.370369911193848,8.259259223937988,4.591375350952148
24-04-1991,8.185185432434082,8.259259223937988,391500,8.333333015441895,8.333333015441895,4.632554531097412
25-04-1991,8.259259223937988,8.333333015441895,228150,8.4074068069458,8.370369911193848,4.65314245223999
26-04-1991,8.259259223937988,8.4074068069458,331763,8.4074068069458,8.296296119689941,4.611964225769043
29-04-1991,8.259259223937988,8.259259223937988,195075,8.4074068069458,8.296296119689941,4.6218695640563965
30-04-1991,8.222222328186035,8.222222328186035,274050,8.444443702697754,8.333333015441895,4.642503261566162
01-05-1991,8.259259223937988,8.4074068069458,293963,8.4074068069458,8.259259223937988,4.601236820220947
02-05-1991,8.148147583007812,8.296296119689941,297000,8.296296119689941,8.222222328186035,4.580602645874023
03-05-1991,7.962963104248047,8.296296119689941,1815413,8.296296119689941,8.037036895751953,4.477435111999512
06-05-1991,7.777778148651123,7.962963104248047,160988,7.962963104248047,7.851851940155029,4.374268531799316
07-05-1991,7.777778148651123,7.814815044403076,586238,7.851851940155029,7.851851940155029,4.374268531799316
08-05-1991,7.925926208496094,7.925926208496094,346950,8.148147583007812,8.11111068725586,4.518701076507568
09-05-1991,8.074073791503906,8.11111068725586,490725,8.222222328186035,8.222222328186035,4.580602645874023
10-05-1991,8.074073791503906,8.185185432434082,116775,8.185185432434082,8.11111068725586,4.518701076507568
13-05-1991,7.962963104248047,8.074073791503906,660825,8.074073791503906,7.962963104248047,4.436168193817139
14-05-1991,7.925926208496094,8.0,501525,8.074073791503906,7.925926208496094,4.415536403656006
15-05-1991,7.703703880310059,7.925926208496094,118800,7.962963104248047,7.814815044403076,4.353635787963867
16-05-1991,7.740740776062012,7.740740776062012,132638,7.851851940155029,7.814815044403076,4.353635787963867
17-05-1991,7.629630088806152,7.777778148651123,569363,7.851851940155029,7.851851940155029,4.374268531799316
20-05-1991,7.777778148651123,7.777778148651123,213975,8.037036895751953,8.0,4.4568023681640625
21-05-1991,8.037036895751953,8.074073791503906,223088,8.4074068069458,8.333333015441895,4.642503261566162
22-05-1991,8.370369911193848,8.370369911193848,535950,8.5925931930542,8.518519401550293,4.745668888092041
23-05-1991,8.444443702697754,8.666666984558105,1251450,8.777777671813965,8.518519401550293,4.745668888092041
24-05-1991,8.629630088806152,8.629630088806152,1115438,8.925926208496094,8.88888931274414,4.952004432678223
28-05-1991,8.777777671813965,8.88888931274414,546413,9.0,9.0,5.0139007568359375
29-05-1991,8.851852416992188,8.962963104248047,438750,9.0,8.88888931274414,4.952004432678223
30-05-1991,8.88888931274414,8.88888931274414,582188,9.0,8.962963104248047,4.9932708740234375
31-05-1991,8.925926208496094,8.925926208496094,706388,9.074073791503906,9.074073791503906,5.055169582366943
03-06-1991,8.814814567565918,9.0,7621088,9.0,8.925926208496094,4.972636699676514
04-06-1991,8.740740776062012,8.88888931274414,641588,8.925926208496094,8.814814567565918,4.910736560821533
05-06-1991,8.777777671813965,8.777777671813965,1043888,8.851852416992188,8.814814567565918,4.910736560821533
06-06-1991,8.740740776062012,8.851852416992188,531225,8.851852416992188,8.740740776062012,4.869471073150635
07-06-1991,8.629630088806152,8.666666984558105,353025,8.740740776062012,8.629630088806152,4.807569980621338
10-06-1991,8.518519401550293,8.555556297302246,87413,8.629630088806152,8.629630088806152,4.807569980621338
11-06-1991,8.5925931930542,8.5925931930542,602438,8.851852416992188,8.814814567565918,4.910736560821533
12-06-1991,8.555556297302246,8.777777671813965,223088,8.777777671813965,8.5925931930542,4.7869367599487305
13-06-1991,8.518519401550293,8.5925931930542,85388,8.666666984558105,8.5925931930542,4.7869367599487305
14-06-1991,8.518519401550293,8.629630088806152,162338,8.703703880310059,8.629630088806152,4.807569980621338
17-06-1991,8.5925931930542,8.666666984558105,473513,8.703703880310059,8.5925931930542,4.7869367599487305
18-06-1991,8.444443702697754,8.629630088806152,130950,8.629630088806152,8.481480598449707,4.725035667419434
19-06-1991,8.333333015441895,8.481480598449707,328725,8.481480598449707,8.4074068069458,4.6837687492370605
20-06-1991,8.333333015441895,8.4074068069458,1089450,8.481480598449707,8.4074068069458,4.6837687492370605
21-06-1991,8.4074068069458,8.444443702697754,263588,8.555556297302246,8.444443702697754,4.704401969909668
24-06-1991,8.222222328186035,8.4074068069458,1028025,8.444443702697754,8.222222328186035,4.580602645874023
25-06-1991,8.222222328186035,8.259259223937988,238950,8.370369911193848,8.370369911193848,4.663137912750244
26-06-1991,8.333333015441895,8.370369911193848,602438,8.4074068069458,8.370369911193848,4.663137912750244
27-06-1991,8.259259223937988,8.4074068069458,980100,8.4074068069458,8.296296119689941,4.6218695640563965
28-06-1991,8.074073791503906,8.296296119689941,290925,8.296296119689941,8.222222328186035,4.580602645874023
01-07-1991,8.259259223937988,8.296296119689941,948713,8.370369911193848,8.333333015441895,4.642503261566162
02-07-1991,8.296296119689941,8.333333015441895,420525,8.370369911193848,8.296296119689941,4.6218695640563965
03-07-1991,8.148147583007812,8.222222328186035,146138,8.259259223937988,8.148147583007812,4.539338111877441
05-07-1991,8.074073791503906,8.074073791503906,185963,8.148147583007812,8.148147583007812,4.539338111877441
08-07-1991,7.962963104248047,8.11111068725586,288900,8.148147583007812,8.148147583007812,4.539338111877441
09-07-1991,8.11111068725586,8.11111068725586,327038,8.222222328186035,8.185185432434082,4.5599684715271
10-07-1991,8.11111068725586,8.185185432434082,1198800,8.518519401550293,8.444443702697754,4.704401969909668
11-07-1991,8.370369911193848,8.370369911193848,1719900,8.666666984558105,8.629630088806152,4.807569980621338
12-07-1991,8.703703880310059,8.703703880310059,279113,8.851852416992188,8.814814567565918,4.910736560821533
15-07-1991,8.740740776062012,8.851852416992188,624713,8.851852416992188,8.740740776062012,4.869471073150635
16-07-1991,8.777777671813965,8.777777671813965,660150,8.851852416992188,8.814814567565918,4.910736560821533
17-07-1991,8.777777671813965,8.777777671813965,676013,8.88888931274414,8.851852416992188,4.931370735168457
18-07-1991,8.740740776062012,8.851852416992188,88763,8.851852416992188,8.740740776062012,4.869471073150635
19-07-1991,8.518519401550293,8.703703880310059,419175,8.740740776062012,8.5925931930542,4.7869367599487305
22-07-1991,8.481480598449707,8.555556297302246,368213,8.629630088806152,8.555556297302246,4.766303539276123
23-07-1991,8.296296119689941,8.555556297302246,221738,8.5925931930542,8.296296119689941,4.6218695640563965
24-07-1991,8.185185432434082,8.333333015441895,426600,8.370369911193848,8.222222328186035,4.580602645874023
25-07-1991,8.222222328186035,8.259259223937988,260550,8.370369911193848,8.370369911193848,4.663137912750244
26-07-1991,8.370369911193848,8.370369911193848,155925,8.444443702697754,8.4074068069458,4.6837687492370605
29-07-1991,8.370369911193848,8.4074068069458,275063,8.4074068069458,8.370369911193848,4.6730194091796875
30-07-1991,8.370369911193848,8.4074068069458,121838,8.555556297302246,8.555556297302246,4.776404857635498
31-07-1991,8.333333015441895,8.518519401550293,462375,8.555556297302246,8.444443702697754,4.714372158050537
01-08-1991,8.333333015441895,8.4074068069458,297000,8.444443702697754,8.444443702697754,4.714372158050537
02-08-1991,8.4074068069458,8.481480598449707,181913,8.518519401550293,8.481480598449707,4.735049724578857
05-08-1991,8.333333015441895,8.4074068069458,123863,8.444443702697754,8.333333015441895,4.652343273162842
06-08-1991,8.296296119689941,8.333333015441895,274725,8.518519401550293,8.4074068069458,4.693696022033691
07-08-1991,8.185185432434082,8.370369911193848,104288,8.370369911193848,8.222222328186035,4.590310573577881
08-08-1991,8.148147583007812,8.222222328186035,191363,8.296296119689941,8.148147583007812,4.548954963684082
09-08-1991,8.11111068725586,8.222222328186035,145125,8.259259223937988,8.148147583007812,4.548954963684082
12-08-1991,7.888888835906982,8.148147583007812,166050,8.185185432434082,8.037036895751953,4.48692512512207
13-08-1991,8.0,8.074073791503906,246713,8.222222328186035,8.11111068725586,4.528278350830078
14-08-1991,7.925926208496094,8.11111068725586,181913,8.148147583007812,7.925926208496094,4.424893856048584
15-08-1991,7.962963104248047,7.962963104248047,312863,8.074073791503906,8.0,4.466248512268066
16-08-1991,7.6666669845581055,8.074073791503906,255488,8.074073791503906,7.851851940155029,4.38353967666626
19-08-1991,7.259259223937988,7.629630088806152,569025,7.6666669845581055,7.407406806945801,4.135412693023682
20-08-1991,7.259259223937988,7.481481075286865,797513,7.555555820465088,7.3333330154418945,4.094060897827148
21-08-1991,7.444444179534912,7.444444179534912,1008113,7.777778148651123,7.740740776062012,4.321506977081299
22-08-1991,7.740740776062012,7.740740776062012,583200,8.037036895751953,8.0,4.466248512268066
23-08-1991,7.851851940155029,8.0,430988,8.074073791503906,7.888888835906982,4.404216766357422
26-08-1991,7.814815044403076,7.925926208496094,163350,7.925926208496094,7.925926208496094,4.424893856048584
27-08-1991,7.6666669845581055,7.888888835906982,497813,7.925926208496094,7.814815044403076,4.362862586975098
28-08-1991,7.6666669845581055,7.740740776062012,976725,8.11111068725586,8.11111068725586,4.528278350830078
29-08-1991,8.0,8.11111068725586,795150,8.148147583007812,8.0,4.466248512268066
30-08-1991,7.962963104248047,8.037036895751953,267975,8.074073791503906,8.0,4.466248512268066
03-09-1991,7.925926208496094,8.074073791503906,580838,8.074073791503906,7.925926208496094,4.424893856048584
04-09-1991,7.925926208496094,7.962963104248047,308138,8.037036895751953,8.037036895751953,4.48692512512207
05-09-1991,7.777778148651123,8.074073791503906,997650,8.074073791503906,7.851851940155029,4.38353967666626
06-09-1991,7.6666669845581055,7.925926208496094,877500,7.925926208496094,7.777778148651123,4.342187404632568
09-09-1991,7.481481075286865,7.740740776062012,569363,7.740740776062012,7.481481075286865,4.176769256591797
10-09-1991,7.370369911193848,7.444444179534912,398925,7.518518924713135,7.407406806945801,4.135412693023682
11-09-1991,7.3333330154418945,7.407406806945801,1780650,7.481481075286865,7.444444179534912,4.156091213226318
12-09-1991,7.518518924713135,7.518518924713135,473513,7.851851940155029,7.814815044403076,4.362862586975098
13-09-1991,7.925926208496094,7.962963104248047,1387125,8.148147583007812,8.11111068725586,4.528278350830078
16-09-1991,7.814815044403076,8.037036895751953,684788,8.074073791503906,8.037036895751953,4.48692512512207
17-09-1991,8.0,8.0,304425,8.11111068725586,8.0,4.466248512268066
18-09-1991,8.0,8.037036895751953,530550,8.222222328186035,8.185185432434082,4.569632530212402
19-09-1991,8.11111068725586,8.11111068725586,772538,8.481480598449707,8.481480598449707,4.735049724578857
20-09-1991,8.481480598449707,8.5925931930542,1005413,8.740740776062012,8.740740776062012,4.879790306091309
23-09-1991,8.740740776062012,8.740740776062012,605475,8.962963104248047,8.740740776062012,4.879790306091309
24-09-1991,8.703703880310059,8.740740776062012,694575,8.88888931274414,8.851852416992188,4.9418206214904785
25-09-1991,8.740740776062012,8.851852416992188,552150,8.851852416992188,8.814814567565918,4.921144962310791
26-09-1991,8.703703880310059,8.814814567565918,564300,8.814814567565918,8.740740776062012,4.879790306091309
27-09-1991,8.740740776062012,8.740740776062012,523463,8.925926208496094,8.740740776062012,4.879790306091309
30-09-1991,8.5925931930542,8.740740776062012,280125,8.777777671813965,8.666666984558105,4.838432312011719
01-10-1991,8.740740776062012,8.740740776062012,247388,8.88888931274414,8.88888931274414,4.962499141693115
02-10-1991,8.814814567565918,8.88888931274414,416138,8.962963104248047,8.88888931274414,4.962499141693115
03-10-1991,8.851852416992188,8.88888931274414,66488,8.88888931274414,8.88888931274414,4.962499141693115
04-10-1991,8.777777671813965,8.88888931274414,109013,8.88888931274414,8.851852416992188,4.9418206214904785
07-10-1991,8.777777671813965,8.814814567565918,125213,8.851852416992188,8.777777671813965,4.900464057922363
08-10-1991,8.666666984558105,8.740740776062012,193388,8.777777671813965,8.777777671813965,4.900464057922363
09-10-1991,8.703703880310059,8.777777671813965,164363,8.851852416992188,8.703703880310059,4.85911226272583
10-10-1991,8.555556297302246,8.703703880310059,192375,8.703703880310059,8.629630088806152,4.817756652832031
11-10-1991,8.444443702697754,8.703703880310059,325350,8.703703880310059,8.481480598449707,4.735049724578857
14-10-1991,8.518519401550293,8.518519401550293,360113,8.666666984558105,8.5925931930542,4.797082424163818
15-10-1991,8.555556297302246,8.5925931930542,230175,8.666666984558105,8.666666984558105,4.838432312011719
16-10-1991,8.5925931930542,8.629630088806152,410400,8.962963104248047,8.962963104248047,5.003852367401123
17-10-1991,8.740740776062012,8.88888931274414,288900,8.88888931274414,8.777777671813965,4.900464057922363
18-10-1991,8.703703880310059,8.814814567565918,772200,8.962963104248047,8.962963104248047,5.003852367401123
21-10-1991,8.88888931274414,9.037036895751953,364838,9.037036895751953,8.88888931274414,4.962499141693115
22-10-1991,8.777777671813965,8.925926208496094,473175,8.925926208496094,8.814814567565918,4.921144962310791
23-10-1991,9.296296119689941,9.333333015441895,3124238,10.11111068725586,9.925926208496094,5.5414533615112305
24-10-1991,9.740740776062012,9.925926208496094,1336500,10.0,9.88888931274414,5.520780563354492
25-10-1991,9.962963104248047,10.074073791503906,560250,10.148147583007812,10.074073791503906,5.624165058135986
28-10-1991,9.925926208496094,10.074073791503906,1809000,10.629630088806152,10.518519401550293,5.882673263549805
29-10-1991,10.333333015441895,10.518519401550293,681413,10.518519401550293,10.518519401550293,5.882673263549805
30-10-1991,10.481480598449707,10.518519401550293,1710113,10.814814567565918,10.740740776062012,6.006953716278076
31-10-1991,10.555556297302246,10.666666984558105,693225,10.740740776062012,10.629630088806152,5.944810390472412
01-11-1991,10.11111068725586,10.5925931930542,862650,10.5925931930542,10.370369911193848,5.799814701080322
04-11-1991,10.11111068725586,10.370369911193848,588938,10.370369911193848,10.259259223937988,5.737674713134766
05-11-1991,10.222222328186035,10.222222328186035,432000,10.333333015441895,10.222222328186035,5.7169623374938965
06-11-1991,10.259259223937988,10.259259223937988,1013850,10.740740776062012,10.666666984558105,5.965527057647705
07-11-1991,10.370369911193848,10.629630088806152,404325,10.629630088806152,10.444443702697754,5.841243743896484
08-11-1991,10.296296119689941,10.444443702697754,811013,10.481480598449707,10.296296119689941,5.758390426635742
11-11-1991,10.259259223937988,10.296296119689941,398925,10.444443702697754,10.444443702697754,5.841243743896484
12-11-1991,10.518519401550293,10.518519401550293,502875,10.814814567565918,10.740740776062012,6.006953716278076
13-11-1991,10.666666984558105,10.777777671813965,211950,10.814814567565918,10.814814567565918,6.048380374908447
14-11-1991,10.518519401550293,10.777777671813965,424575,10.777777671813965,10.666666984558105,5.965527057647705
15-11-1991,10.296296119689941,10.629630088806152,1027013,10.629630088806152,10.296296119689941,5.758390426635742
18-11-1991,10.11111068725586,10.296296119689941,531900,10.296296119689941,10.222222328186035,5.7169623374938965
19-11-1991,9.88888931274414,10.148147583007812,642600,10.148147583007812,10.074073791503906,5.634106159210205
20-11-1991,9.925926208496094,10.148147583007812,989213,10.296296119689941,10.0,5.592677593231201
21-11-1991,9.962963104248047,9.962963104248047,410400,10.185185432434082,10.11111068725586,5.654820919036865
22-11-1991,9.962963104248047,10.037036895751953,480938,10.185185432434082,10.0,5.592677593231201
25-11-1991,9.962963104248047,10.0,479250,10.185185432434082,10.148147583007812,5.675534725189209
26-11-1991,10.222222328186035,10.222222328186035,1046925,10.740740776062012,10.666666984558105,5.965527057647705
27-11-1991,10.555556297302246,10.629630088806152,1140750,10.814814567565918,10.629630088806152,5.944810390472412
29-11-1991,10.518519401550293,10.5925931930542,29700,10.629630088806152,10.518519401550293,5.882673263549805
02-12-1991,10.370369911193848,10.370369911193848,1583213,10.5925931930542,10.5925931930542,5.92409610748291
03-12-1991,10.148147583007812,10.5925931930542,1195425,10.5925931930542,10.4074068069458,5.820530414581299
04-12-1991,10.259259223937988,10.4074068069458,715163,10.4074068069458,10.370369911193848,5.799814701080322
05-12-1991,10.185185432434082,10.333333015441895,156938,10.333333015441895,10.333333015441895,5.779102802276611
06-12-1991,10.259259223937988,10.259259223937988,207900,10.333333015441895,10.296296119689941,5.758390426635742
09-12-1991,10.222222328186035,10.222222328186035,1017900,10.851852416992188,10.629630088806152,5.944810390472412
10-12-1991,10.5925931930542,10.5925931930542,743513,10.777777671813965,10.5925931930542,5.92409610748291
11-12-1991,10.5925931930542,10.629630088806152,481950,10.740740776062012,10.666666984558105,5.965527057647705
12-12-1991,10.703703880310059,10.740740776062012,810675,10.962963104248047,10.814814567565918,6.048380374908447
13-12-1991,10.88888931274414,10.962963104248047,446513,10.962963104248047,10.962963104248047,6.1312336921691895
16-12-1991,11.037036895751953,11.037036895751953,395550,11.148147583007812,11.037036895751953,6.172662258148193
17-12-1991,10.518519401550293,11.037036895751953,562950,11.11111068725586,10.666666984558105,5.965527057647705
18-12-1991,10.518519401550293,10.740740776062012,371925,10.777777671813965,10.740740776062012,6.006953716278076
19-12-1991,10.740740776062012,10.740740776062012,102938,10.962963104248047,10.925926208496094,6.1105194091796875
20-12-1991,10.851852416992188,11.222222328186035,739125,11.222222328186035,10.851852416992188,6.069096088409424
23-12-1991,10.925926208496094,10.925926208496094,558563,11.148147583007812,11.074073791503906,6.193375110626221
24-12-1991,11.037036895751953,11.074073791503906,1104300,11.296296119689941,11.11111068725586,6.214090824127197
26-12-1991,10.88888931274414,11.148147583007812,788400,11.185185432434082,11.11111068725586,6.214090824127197
27-12-1991,11.11111068725586,11.148147583007812,381375,11.4074068069458,11.4074068069458,6.379798889160156
30-12-1991,11.333333015441895,11.333333015441895,1457325,11.740740776062012,11.703703880310059,6.545509338378906
31-12-1991,11.851852416992188,11.851852416992188,1138725,12.11111068725586,12.0,6.71121883392334
02-01-1992,11.555556297302246,11.88888931274414,331088,11.962963104248047,11.740740776062012,6.56622314453125
03-01-1992,11.555556297302246,11.740740776062012,419175,11.851852416992188,11.629630088806152,6.504082679748535
06-01-1992,11.037036895751953,11.5925931930542,1001025,11.5925931930542,11.037036895751953,6.172662258148193
07-01-1992,11.037036895751953,11.037036895751953,1074263,11.555556297302246,11.333333015441895,6.338371753692627
08-01-1992,11.296296119689941,11.333333015441895,848475,11.962963104248047,11.925926208496094,6.669788837432861
09-01-1992,11.962963104248047,11.962963104248047,751275,12.148147583007812,12.11111068725586,6.773359775543213
10-01-1992,11.88888931274414,12.037036895751953,171113,12.074073791503906,12.037036895751953,6.731929302215576
13-01-1992,11.925926208496094,12.0,202163,12.037036895751953,11.962963104248047,6.690500736236572
14-01-1992,12.0,12.037036895751953,430988,12.370369911193848,12.370369911193848,6.9183502197265625
15-01-1992,12.259259223937988,12.296296119689941,499500,12.555556297302246,12.518519401550293,7.001206874847412
16-01-1992,12.148147583007812,12.518519401550293,276750,12.555556297302246,12.296296119689941,6.876926422119141
17-01-1992,12.074073791503906,12.222222328186035,338175,12.333333015441895,12.296296119689941,6.876926422119141
20-01-1992,12.037036895751953,12.296296119689941,92813,12.296296119689941,12.11111068725586,6.773359775543213
21-01-1992,11.88888931274414,12.11111068725586,147825,12.11111068725586,11.962963104248047,6.690500736236572
22-01-1992,11.703703880310059,11.962963104248047,680400,12.037036895751953,11.740740776062012,6.56622314453125
23-01-1992,11.814814567565918,11.814814567565918,521775,12.0,11.851852416992188,6.628360748291016
24-01-1992,11.740740776062012,11.777777671813965,252788,11.88888931274414,11.851852416992188,6.628360748291016
27-01-1992,11.703703880310059,11.814814567565918,295650,11.88888931274414,11.814814567565918,6.607650279998779
28-01-1992,11.703703880310059,11.851852416992188,287213,11.88888931274414,11.88888931274414,6.649075031280518
29-01-1992,11.629630088806152,11.814814567565918,269325,11.925926208496094,11.777777671813965,6.586932182312012
30-01-1992,11.666666984558105,11.703703880310059,158963,11.814814567565918,11.814814567565918,6.617639541625977
31-01-1992,11.703703880310059,11.777777671813965,216338,11.851852416992188,11.740740776062012,6.576145172119141
03-02-1992,11.5925931930542,11.777777671813965,413438,11.777777671813965,11.629630088806152,6.513913154602051
04-02-1992,11.777777671813965,11.777777671813965,643950,12.148147583007812,12.148147583007812,6.8043413162231445
05-02-1992,12.037036895751953,12.222222328186035,1037813,12.444443702697754,12.037036895751953,6.742110252380371
06-02-1992,12.0,12.074073791503906,695588,12.296296119689941,12.296296119689941,6.88732385635376
07-02-1992,12.296296119689941,12.370369911193848,601763,12.555556297302246,12.370369911193848,6.928811550140381
10-02-1992,12.259259223937988,12.518519401550293,881550,12.518519401550293,12.296296119689941,6.88732385635376
11-02-1992,12.259259223937988,12.333333015441895,867713,12.4074068069458,12.370369911193848,6.928811550140381
12-02-1992,12.037036895751953,12.333333015441895,651713,12.333333015441895,12.222222328186035,6.8458356857299805
13-02-1992,11.851852416992188,12.11111068725586,716175,12.185185432434082,11.962963104248047,6.700617790222168
14-02-1992,11.851852416992188,11.925926208496094,146475,11.962963104248047,11.851852416992188,6.638382911682129
18-02-1992,10.814814567565918,11.851852416992188,717188,11.851852416992188,11.11111068725586,6.223484516143799
19-02-1992,10.851852416992188,11.11111068725586,1755000,11.185185432434082,10.962963104248047,6.140505790710449
20-02-1992,10.962963104248047,10.962963104248047,902813,11.259259223937988,11.185185432434082,6.264975547790527
21-02-1992,10.851852416992188,11.148147583007812,1069875,11.148147583007812,10.88888931274414,6.0990142822265625
24-02-1992,10.666666984558105,10.814814567565918,1170113,10.851852416992188,10.666666984558105,5.974542617797852
25-02-1992,10.555556297302246,10.5925931930542,758700,10.740740776062012,10.666666984558105,5.974542617797852
26-02-1992,10.703703880310059,10.703703880310059,424238,11.074073791503906,11.0,6.161250114440918
27-02-1992,10.962963104248047,11.037036895751953,231525,11.222222328186035,11.11111068725586,6.223484516143799
28-02-1992,11.148147583007812,11.185185432434082,310838,11.518519401550293,11.518519401550293,6.451682090759277
02-03-1992,11.333333015441895,11.481480598449707,222750,11.481480598449707,11.4074068069458,6.389443874359131
03-03-1992,11.259259223937988,11.481480598449707,220050,11.555556297302246,11.296296119689941,6.327205657958984
04-03-1992,10.962963104248047,11.259259223937988,262913,11.259259223937988,11.074073791503906,6.202742576599121
05-03-1992,10.851852416992188,11.0,327713,11.0,10.88888931274414,6.0990142822265625
06-03-1992,10.740740776062012,10.962963104248047,229500,11.0,10.814814567565918,6.05752420425415
09-03-1992,10.777777671813965,10.814814567565918,323663,10.962963104248047,10.962963104248047,6.140505790710449
10-03-1992,10.962963104248047,10.962963104248047,413775,11.481480598449707,11.222222328186035,6.285714626312256
11-03-1992,11.11111068725586,11.259259223937988,166725,11.296296119689941,11.11111068725586,6.223484516143799
12-03-1992,11.11111068725586,11.185185432434082,149513,11.185185432434082,11.11111068725586,6.223484516143799
13-03-1992,11.148147583007812,11.185185432434082,252788,11.259259223937988,11.148147583007812,6.244228363037109
16-03-1992,11.11111068725586,11.11111068725586,178875,11.259259223937988,11.259259223937988,6.306466102600098
17-03-1992,11.222222328186035,11.222222328186035,210825,11.61111068725586,11.5,6.441305637359619
18-03-1992,11.444443702697754,11.444443702697754,345150,11.666666984558105,11.61111068725586,6.503540992736816
19-03-1992,11.61111068725586,11.61111068725586,184275,11.833333015441895,11.722222328186035,6.565777778625488
20-03-1992,11.444443702697754,11.555556297302246,247950,11.61111068725586,11.61111068725586,6.503540992736816
23-03-1992,11.333333015441895,11.666666984558105,324675,11.666666984558105,11.5,6.441305637359619
24-03-1992,11.0,11.5,250425,11.5,11.055556297302246,6.192367076873779
25-03-1992,10.88888931274414,11.0,680625,11.055556297302246,11.0,6.161250114440918
26-03-1992,10.777777671813965,11.0,615600,11.166666984558105,10.88888931274414,6.0990142822265625
27-03-1992,10.555556297302246,10.777777671813965,325125,10.777777671813965,10.666666984558105,5.974542617797852
30-03-1992,10.555556297302246,10.61111068725586,91125,10.777777671813965,10.722222328186035,6.005664825439453
31-03-1992,10.38888931274414,10.61111068725586,222525,10.61111068725586,10.555556297302246,5.912313461303711
01-04-1992,10.277777671813965,10.444443702697754,1065600,10.777777671813965,10.777777671813965,6.036781311035156
02-04-1992,10.555556297302246,10.777777671813965,960750,11.055556297302246,10.61111068725586,5.943428039550781
03-04-1992,10.555556297302246,10.666666984558105,823275,10.777777671813965,10.666666984558105,5.974542617797852
06-04-1992,10.722222328186035,10.722222328186035,321300,11.11111068725586,11.11111068725586,6.223484516143799
07-04-1992,10.833333015441895,10.944443702697754,614700,11.38888931274414,11.11111068725586,6.223484516143799
08-04-1992,10.833333015441895,10.944443702697754,213750,11.11111068725586,10.944443702697754,6.13013219833374
09-04-1992,10.777777671813965,10.944443702697754,412200,11.166666984558105,11.0,6.161250114440918
10-04-1992,11.0,11.0,569025,11.444443702697754,11.444443702697754,6.410190105438232
13-04-1992,11.333333015441895,11.444443702697754,213300,11.5,11.5,6.441305637359619
14-04-1992,11.5,11.5,778725,12.11111068725586,11.944443702697754,6.690245628356934
15-04-1992,11.88888931274414,12.0,229950,12.055556297302246,12.055556297302246,6.752478122711182
16-04-1992,11.833333015441895,11.944443702697754,368325,12.0,11.944443702697754,6.690245628356934
20-04-1992,11.61111068725586,11.88888931274414,381375,11.944443702697754,11.722222328186035,6.565777778625488
21-04-1992,11.222222328186035,11.61111068725586,337500,11.666666984558105,11.277777671813965,6.31683874130249
22-04-1992,11.0,11.222222328186035,301500,11.333333015441895,11.055556297302246,6.192367076873779
23-04-1992,11.055556297302246,11.055556297302246,771750,11.5,11.38888931274414,6.379069805145264
24-04-1992,11.277777671813965,11.38888931274414,259875,11.444443702697754,11.444443702697754,6.410190105438232
27-04-1992,11.166666984558105,11.38888931274414,103725,11.444443702697754,11.444443702697754,6.422657012939453
28-04-1992,11.277777671813965,11.444443702697754,572175,11.5,11.333333015441895,6.360304355621338
29-04-1992,11.444443702697754,11.444443702697754,247950,11.555556297302246,11.5,6.453836917877197
30-04-1992,11.444443702697754,11.555556297302246,447300,11.61111068725586,11.444443702697754,6.422657012939453
01-05-1992,11.11111068725586,11.5,1117125,11.555556297302246,11.333333015441895,6.360304355621338
04-05-1992,11.333333015441895,11.333333015441895,326250,11.555556297302246,11.5,6.453836917877197
05-05-1992,11.444443702697754,11.555556297302246,249975,11.555556297302246,11.5,6.453836917877197
06-05-1992,11.333333015441895,11.5,216000,11.555556297302246,11.444443702697754,6.422657012939453
07-05-1992,11.38888931274414,11.444443702697754,289125,11.5,11.5,6.453836917877197
08-05-1992,11.333333015441895,11.5,244350,11.5,11.38888931274414,6.391482830047607
11-05-1992,11.5,11.555556297302246,1039275,11.722222328186035,11.61111068725586,6.51619291305542
12-05-1992,11.555556297302246,11.61111068725586,434250,11.722222328186035,11.61111068725586,6.51619291305542
13-05-1992,11.61111068725586,11.61111068725586,437625,12.11111068725586,12.055556297302246,6.765615940093994
14-05-1992,11.777777671813965,12.0,474750,12.222222328186035,12.166666984558105,6.827968597412109
15-05-1992,12.0,12.0,402750,12.166666984558105,12.11111068725586,6.7967963218688965
18-05-1992,12.222222328186035,12.222222328186035,633150,12.555556297302246,12.555556297302246,7.046217918395996
19-05-1992,12.222222328186035,12.5,526500,12.555556297302246,12.222222328186035,6.8591508865356445
20-05-1992,12.222222328186035,12.222222328186035,702900,12.38888931274414,12.222222328186035,6.8591508865356445
21-05-1992,12.166666984558105,12.222222328186035,502200,12.277777671813965,12.166666984558105,6.827968597412109
22-05-1992,12.11111068725586,12.166666984558105,228600,12.277777671813965,12.222222328186035,6.8591508865356445
26-05-1992,12.166666984558105,12.222222328186035,164475,12.333333015441895,12.277777671813965,6.89032506942749
27-05-1992,12.277777671813965,12.277777671813965,339300,12.5,12.444443702697754,6.983860492706299
28-05-1992,12.61111068725586,12.666666984558105,553950,12.88888931274414,12.88888931274414,7.233287811279297
29-05-1992,12.944443702697754,13.0,306000,13.11111068725586,13.11111068725586,7.3580002784729
01-06-1992,12.833333015441895,13.0,253350,13.11111068725586,12.833333015441895,7.202108860015869
02-06-1992,12.555556297302246,12.833333015441895,596700,12.833333015441895,12.722222328186035,7.139752388000488
03-06-1992,12.777777671813965,13.0,298800,13.0,12.777777671813965,7.170928478240967
04-06-1992,12.666666984558105,12.777777671813965,481275,12.833333015441895,12.666666984558105,7.108577728271484
05-06-1992,12.444443702697754,12.666666984558105,465075,12.777777671813965,12.61111068725586,7.077395915985107
08-06-1992,12.5,12.5,284625,12.88888931274414,12.61111068725586,7.077395915985107
09-06-1992,12.444443702697754,12.722222328186035,304650,12.777777671813965,12.444443702697754,6.983860492706299
10-06-1992,12.38888931274414,12.5,286875,12.555556297302246,12.38888931274414,6.952687740325928
11-06-1992,12.38888931274414,12.444443702697754,395550,12.722222328186035,12.722222328186035,7.139752388000488
12-06-1992,12.722222328186035,12.88888931274414,280575,13.11111068725586,13.11111068725586,7.3580002784729
15-06-1992,12.833333015441895,13.11111068725586,604575,13.222222328186035,12.833333015441895,7.202108860015869
16-06-1992,12.61111068725586,12.777777671813965,243000,12.88888931274414,12.61111068725586,7.077395915985107
17-06-1992,11.833333015441895,12.555556297302246,665775,12.555556297302246,11.833333015441895,6.64090633392334
18-06-1992,11.722222328186035,11.777777671813965,641025,12.11111068725586,12.055556297302246,6.765615940093994
19-06-1992,12.055556297302246,12.055556297302246,527400,12.722222328186035,12.666666984558105,7.108577728271484
22-06-1992,12.444443702697754,12.722222328186035,342900,12.722222328186035,12.444443702697754,6.983860492706299
23-06-1992,12.5,12.5,407250,12.722222328186035,12.61111068725586,7.077395915985107
24-06-1992,12.444443702697754,12.61111068725586,343125,12.666666984558105,12.61111068725586,7.077395915985107
25-06-1992,12.38888931274414,12.61111068725586,564300,12.61111068725586,12.5,7.015039920806885
26-06-1992,12.222222328186035,12.444443702697754,521100,12.444443702697754,12.38888931274414,6.952687740325928
29-06-1992,12.333333015441895,12.333333015441895,270225,12.666666984558105,12.61111068725586,7.077395915985107
30-06-1992,12.444443702697754,12.555556297302246,634275,12.88888931274414,12.555556297302246,7.046217918395996
01-07-1992,12.555556297302246,12.555556297302246,524025,13.0,12.944443702697754,7.264461517333984
02-07-1992,12.88888931274414,13.0,396900,13.11111068725586,13.0,7.295646667480469
06-07-1992,12.555556297302246,12.88888931274414,531450,12.944443702697754,12.666666984558105,7.108577728271484
07-07-1992,12.0,12.777777671813965,611325,12.833333015441895,12.166666984558105,6.827968597412109
08-07-1992,12.055556297302246,12.11111068725586,896850,12.277777671813965,12.277777671813965,6.89032506942749
09-07-1992,12.277777671813965,12.277777671813965,421425,12.61111068725586,12.61111068725586,7.077395915985107
10-07-1992,12.333333015441895,12.666666984558105,296100,12.777777671813965,12.38888931274414,6.952687740325928
13-07-1992,12.0,12.444443702697754,568575,12.444443702697754,12.0,6.734435558319092
14-07-1992,11.777777671813965,12.0,787275,12.0,11.944443702697754,6.703259468078613
15-07-1992,11.833333015441895,11.944443702697754,584100,12.277777671813965,12.166666984558105,6.827968597412109
16-07-1992,12.277777671813965,12.277777671813965,791775,13.11111068725586,13.055556297302246,7.326818466186523
17-07-1992,12.666666984558105,13.11111068725586,560025,13.11111068725586,12.833333015441895,7.202108860015869
20-07-1992,12.5,12.722222328186035,394200,13.0,12.88888931274414,7.233287811279297
21-07-1992,12.666666984558105,12.88888931274414,258750,13.055556297302246,12.666666984558105,7.108577728271484
22-07-1992,12.555556297302246,12.666666984558105,293625,12.777777671813965,12.666666984558105,7.108577728271484
23-07-1992,12.722222328186035,12.777777671813965,380925,12.88888931274414,12.833333015441895,7.202108860015869
24-07-1992,12.722222328186035,12.722222328186035,641025,13.333333015441895,13.277777671813965,7.45153284072876
27-07-1992,13.222222328186035,13.222222328186035,427275,13.444443702697754,13.38888931274414,7.513889312744141
28-07-1992,13.333333015441895,13.333333015441895,266850,13.444443702697754,13.38888931274414,7.513889312744141
29-07-1992,13.444443702697754,13.444443702697754,1060425,13.88888931274414,13.777777671813965,7.7321343421936035
30-07-1992,13.444443702697754,13.777777671813965,302850,13.88888931274414,13.5,7.576243877410889
31-07-1992,13.5,13.61111068725586,244575,13.722222328186035,13.722222328186035,7.700958728790283
03-08-1992,13.61111068725586,13.722222328186035,359550,14.11111068725586,14.0,7.869589328765869
04-08-1992,13.777777671813965,13.944443702697754,277425,14.0,13.88888931274414,7.807129383087158
05-08-1992,13.722222328186035,13.777777671813965,339075,13.833333015441895,13.777777671813965,7.744674205780029
06-08-1992,13.666666984558105,13.777777671813965,606375,13.833333015441895,13.777777671813965,7.744674205780029
07-08-1992,13.777777671813965,13.777777671813965,446850,14.0,13.944443702697754,7.838359355926514
10-08-1992,13.61111068725586,13.88888931274414,254025,13.88888931274414,13.61111068725586,7.650984764099121
11-08-1992,13.5,13.666666984558105,121050,13.666666984558105,13.666666984558105,7.6822190284729
12-08-1992,13.38888931274414,13.666666984558105,200250,13.722222328186035,13.555556297302246,7.619760036468506
13-08-1992,13.555556297302246,13.666666984558105,227700,13.88888931274414,13.555556297302246,7.619760036468506
14-08-1992,13.61111068725586,13.666666984558105,159525,13.722222328186035,13.722222328186035,7.713447093963623
17-08-1992,13.61111068725586,13.722222328186035,123750,13.777777671813965,13.61111068725586,7.650984764099121
18-08-1992,13.222222328186035,13.722222328186035,319500,13.722222328186035,13.222222328186035,7.4323883056640625
19-08-1992,13.277777671813965,13.277777671813965,383625,13.722222328186035,13.61111068725586,7.650984764099121
20-08-1992,13.666666984558105,13.666666984558105,415125,13.88888931274414,13.777777671813965,7.744674205780029
21-08-1992,13.722222328186035,13.88888931274414,518400,14.0,13.777777671813965,7.744674205780029
24-08-1992,13.222222328186035,13.555556297302246,663525,13.555556297302246,13.277777671813965,7.463619709014893
25-08-1992,13.222222328186035,13.277777671813965,186075,13.38888931274414,13.222222328186035,7.4323883056640625
26-08-1992,13.166666984558105,13.222222328186035,228600,13.444443702697754,13.277777671813965,7.463619709014893
27-08-1992,13.38888931274414,13.38888931274414,474300,13.555556297302246,13.444443702697754,7.557301044464111
28-08-1992,13.38888931274414,13.5,64350,13.5,13.444443702697754,7.557301044464111
31-08-1992,13.277777671813965,13.444443702697754,334350,13.5,13.277777671813965,7.463619709014893
01-09-1992,13.277777671813965,13.277777671813965,390375,13.61111068725586,13.444443702697754,7.557301044464111
02-09-1992,13.444443702697754,13.555556297302246,180450,13.61111068725586,13.61111068725586,7.650984764099121
03-09-1992,13.5,13.5,394875,13.666666984558105,13.666666984558105,7.6822190284729
04-09-1992,13.555556297302246,13.61111068725586,333675,14.0,13.944443702697754,7.838359355926514
08-09-1992,13.722222328186035,13.777777671813965,148725,14.0,13.944443702697754,7.838359355926514
09-09-1992,13.944443702697754,13.944443702697754,446175,14.222222328186035,14.222222328186035,7.994499683380127
10-09-1992,14.166666984558105,14.222222328186035,456525,14.61111068725586,14.555556297302246,8.181877136230469
11-09-1992,14.61111068725586,14.666666984558105,386550,14.777777671813965,14.666666984558105,8.244330406188965
14-09-1992,14.722222328186035,14.722222328186035,250875,14.944443702697754,14.944443702697754,8.400471687316895
15-09-1992,14.88888931274414,15.0,359550,15.11111068725586,15.11111068725586,8.494159698486328
16-09-1992,15.0,15.055556297302246,369900,15.277777671813965,15.222222328186035,8.556618690490723
17-09-1992,14.833333015441895,15.11111068725586,708075,15.222222328186035,14.88888931274414,8.369246482849121
18-09-1992,14.777777671813965,14.88888931274414,438750,15.0,14.944443702697754,8.400471687316895
21-09-1992,14.777777671813965,14.944443702697754,155925,15.0,14.88888931274414,8.369246482849121
22-09-1992,14.722222328186035,14.88888931274414,242775,14.944443702697754,14.722222328186035,8.275561332702637
23-09-1992,14.555556297302246,14.777777671813965,317025,14.777777671813965,14.666666984558105,8.244330406188965
24-09-1992,14.722222328186035,14.777777671813965,234675,14.88888931274414,14.833333015441895,8.338019371032715
25-09-1992,14.666666984558105,14.88888931274414,339975,14.944443702697754,14.666666984558105,8.244330406188965
28-09-1992,14.555556297302246,14.555556297302246,219375,14.722222328186035,14.722222328186035,8.275561332702637
29-09-1992,14.666666984558105,14.722222328186035,283500,14.777777671813965,14.777777671813965,8.306788444519043
30-09-1992,14.777777671813965,14.777777671813965,507600,15.277777671813965,15.11111068725586,8.494159698486328
01-10-1992,14.944443702697754,15.11111068725586,399825,15.166666984558105,15.055556297302246,8.462931632995605
02-10-1992,14.777777671813965,15.0,403650,15.055556297302246,14.833333015441895,8.338019371032715
05-10-1992,14.0,14.722222328186035,402975,14.722222328186035,14.277777671813965,8.025731086730957
06-10-1992,14.277777671813965,14.38888931274414,312300,14.5,14.333333015441895,8.056960105895996
07-10-1992,14.38888931274414,14.444443702697754,327825,14.833333015441895,14.444443702697754,8.119413375854492
08-10-1992,14.166666984558105,14.38888931274414,516375,14.444443702697754,14.222222328186035,7.994499683380127
09-10-1992,14.0,14.11111068725586,453825,14.222222328186035,14.055556297302246,7.900816917419434
12-10-1992,14.11111068725586,14.11111068725586,142650,14.333333015441895,14.222222328186035,7.994499683380127
13-10-1992,14.11111068725586,14.222222328186035,457875,14.555556297302246,14.555556297302246,8.181877136230469
14-10-1992,14.277777671813965,14.555556297302246,337725,14.555556297302246,14.277777671813965,8.025731086730957
15-10-1992,14.055556297302246,14.277777671813965,757575,14.38888931274414,14.166666984558105,7.963278770446777
16-10-1992,14.0,14.11111068725586,549675,14.555556297302246,14.555556297302246,8.181877136230469
19-10-1992,14.555556297302246,14.555556297302246,663975,15.222222328186035,14.833333015441895,8.338019371032715
20-10-1992,15.11111068725586,15.11111068725586,1275525,15.666666984558105,15.444443702697754,8.68153190612793
21-10-1992,15.222222328186035,15.5,407700,15.555556297302246,15.555556297302246,8.743988990783691
22-10-1992,14.88888931274414,15.11111068725586,934200,15.166666984558105,15.166666984558105,8.52538776397705
23-10-1992,14.555556297302246,15.055556297302246,914400,15.055556297302246,14.555556297302246,8.181877136230469
26-10-1992,14.5,14.61111068725586,500625,14.88888931274414,14.88888931274414,8.369246482849121
27-10-1992,14.833333015441895,15.0,509175,15.166666984558105,14.88888931274414,8.369246482849121
28-10-1992,14.777777671813965,14.944443702697754,241425,15.0,14.944443702697754,8.400471687316895
29-10-1992,14.777777671813965,14.944443702697754,677250,15.38888931274414,15.11111068725586,8.494159698486328
30-10-1992,14.88888931274414,15.222222328186035,588600,15.277777671813965,15.0,8.431699752807617
02-11-1992,14.88888931274414,15.055556297302246,592650,15.11111068725586,15.0,8.444211959838867
03-11-1992,15.0,15.0,318600,15.11111068725586,15.0,8.444211959838867
04-11-1992,14.833333015441895,15.0,189225,15.055556297302246,14.88888931274414,8.38166332244873
05-11-1992,14.555556297302246,14.833333015441895,558675,15.055556297302246,14.555556297302246,8.194012641906738
06-11-1992,14.38888931274414,14.61111068725586,571725,14.61111068725586,14.38888931274414,8.100186347961426
09-11-1992,14.333333015441895,14.38888931274414,638325,14.444443702697754,14.444443702697754,8.131460189819336
10-11-1992,14.38888931274414,14.444443702697754,344025,14.61111068725586,14.555556297302246,8.194012641906738
11-11-1992,14.555556297302246,14.555556297302246,695700,15.11111068725586,15.0,8.444211959838867
12-11-1992,14.88888931274414,15.0,666675,15.222222328186035,15.222222328186035,8.569310188293457
13-11-1992,15.0,15.11111068725586,334125,15.444443702697754,15.444443702697754,8.69441032409668
16-11-1992,15.11111068725586,15.444443702697754,256500,15.444443702697754,15.222222328186035,8.569310188293457
17-11-1992,14.944443702697754,15.277777671813965,179550,15.277777671813965,15.055556297302246,8.475486755371094
18-11-1992,14.88888931274414,15.277777671813965,329400,15.277777671813965,14.88888931274414,8.38166332244873
19-11-1992,14.777777671813965,14.944443702697754,631800,15.0,14.88888931274414,8.38166332244873
20-11-1992,14.722222328186035,14.88888931274414,361350,15.0,15.0,8.444211959838867
23-11-1992,15.0,15.11111068725586,249525,15.277777671813965,15.11111068725586,8.506760597229004
24-11-1992,15.222222328186035,15.222222328186035,435825,15.555556297302246,15.277777671813965,8.600584983825684
25-11-1992,15.333333015441895,15.333333015441895,792225,15.61111068725586,15.555556297302246,8.756959915161133
27-11-1992,15.5,15.666666984558105,245475,15.722222328186035,15.666666984558105,8.819509506225586
30-11-1992,15.722222328186035,15.722222328186035,270900,15.833333015441895,15.777777671813965,8.882058143615723
01-12-1992,15.666666984558105,15.777777671813965,459000,15.833333015441895,15.777777671813965,8.882058143615723
02-12-1992,15.666666984558105,15.833333015441895,193725,15.833333015441895,15.777777671813965,8.882058143615723
03-12-1992,15.777777671813965,15.777777671813965,247500,15.944443702697754,15.88888931274414,8.94460678100586
04-12-1992,15.61111068725586,15.833333015441895,195075,15.833333015441895,15.722222328186035,8.850783348083496
07-12-1992,15.666666984558105,15.777777671813965,348075,15.777777671813965,15.777777671813965,8.882058143615723
08-12-1992,15.11111068725586,15.722222328186035,662175,15.722222328186035,15.166666984558105,8.538034439086914
09-12-1992,14.777777671813965,15.166666984558105,723825,15.166666984558105,14.88888931274414,8.38166332244873
10-12-1992,14.61111068725586,14.88888931274414,746775,14.88888931274414,14.666666984558105,8.256562232971191
11-12-1992,14.277777671813965,14.61111068725586,1656900,14.61111068725586,14.333333015441895,8.068915367126465
14-12-1992,14.333333015441895,14.333333015441895,1299150,14.666666984558105,14.666666984558105,8.256562232971191
15-12-1992,14.555556297302246,14.666666984558105,879525,14.722222328186035,14.555556297302246,8.194012641906738
16-12-1992,14.555556297302246,14.555556297302246,435150,14.666666984558105,14.61111068725586,8.225287437438965
17-12-1992,14.61111068725586,14.61111068725586,603450,14.777777671813965,14.666666984558105,8.256562232971191
18-12-1992,14.61111068725586,14.777777671813965,1002150,14.777777671813965,14.777777671813965,8.319110870361328
21-12-1992,14.555556297302246,14.777777671813965,662175,14.777777671813965,14.722222328186035,8.287837028503418
22-12-1992,14.38888931274414,14.61111068725586,499050,14.777777671813965,14.5,8.162734985351562
23-12-1992,14.333333015441895,14.333333015441895,710775,14.5,14.444443702697754,8.131460189819336
24-12-1992,14.38888931274414,14.38888931274414,172800,14.61111068725586,14.61111068725586,8.225287437438965
28-12-1992,14.61111068725586,14.61111068725586,385200,14.777777671813965,14.777777671813965,8.319110870361328
29-12-1992,14.666666984558105,14.777777671813965,303975,14.777777671813965,14.777777671813965,8.319110870361328
30-12-1992,14.666666984558105,14.666666984558105,206775,14.777777671813965,14.777777671813965,8.319110870361328
31-12-1992,14.5,14.722222328186035,242550,14.777777671813965,14.5,8.162734985351562
04-01-1993,14.38888931274414,14.5,540450,14.555556297302246,14.444443702697754,8.131460189819336
05-01-1993,14.333333015441895,14.333333015441895,434700,14.555556297302246,14.5,8.162734985351562
06-01-1993,14.38888931274414,14.38888931274414,550575,14.61111068725586,14.61111068725586,8.225287437438965
07-01-1993,14.38888931274414,14.444443702697754,760950,14.5,14.444443702697754,8.131460189819336
08-01-1993,13.88888931274414,14.38888931274414,720675,14.444443702697754,13.88888931274414,7.818713188171387
11-01-1993,13.88888931274414,13.944443702697754,550125,14.11111068725586,13.944443702697754,7.849987506866455
12-01-1993,13.833333015441895,14.0,319950,14.11111068725586,13.944443702697754,7.849987506866455
13-01-1993,14.0,14.055556297302246,632475,14.5,14.444443702697754,8.131460189819336
14-01-1993,14.444443702697754,14.555556297302246,305775,14.555556297302246,14.5,8.162734985351562
15-01-1993,14.555556297302246,14.666666984558105,363600,14.666666984558105,14.555556297302246,8.194012641906738
18-01-1993,14.555556297302246,14.61111068725586,337275,14.944443702697754,14.88888931274414,8.38166332244873
19-01-1993,14.944443702697754,15.0,626175,15.333333015441895,15.333333015441895,8.631856918334961
20-01-1993,15.166666984558105,15.5,553725,15.5,15.222222328186035,8.569310188293457
21-01-1993,15.277777671813965,15.333333015441895,311625,15.38888931274414,15.277777671813965,8.600584983825684
22-01-1993,15.333333015441895,15.38888931274414,292275,15.38888931274414,15.333333015441895,8.631856918334961
25-01-1993,15.11111068725586,15.333333015441895,249300,15.38888931274414,15.333333015441895,8.631856918334961
26-01-1993,15.222222328186035,15.333333015441895,252900,15.444443702697754,15.333333015441895,8.631856918334961
27-01-1993,15.055556297302246,15.333333015441895,518400,15.38888931274414,15.11111068725586,8.506760597229004
28-01-1993,14.944443702697754,15.166666984558105,134550,15.277777671813965,15.0,8.444211959838867
29-01-1993,15.0,15.055556297302246,67050,15.166666984558105,15.11111068725586,8.506760597229004
01-02-1993,15.055556297302246,15.11111068725586,159525,15.222222328186035,15.11111068725586,8.519283294677734
02-02-1993,14.944443702697754,15.055556297302246,239400,15.11111068725586,14.944443702697754,8.425323486328125
03-02-1993,15.055556297302246,15.055556297302246,584325,15.222222328186035,15.055556297302246,8.487969398498535
04-02-1993,14.444443702697754,15.055556297302246,1019700,15.055556297302246,14.555556297302246,8.206077575683594
05-02-1993,14.555556297302246,14.555556297302246,1228500,14.88888931274414,14.833333015441895,8.362685203552246
08-02-1993,14.555556297302246,15.11111068725586,488250,15.166666984558105,14.555556297302246,8.206077575683594
09-02-1993,14.277777671813965,14.444443702697754,1043775,14.777777671813965,14.444443702697754,8.14343547821045
10-02-1993,14.055556297302246,14.444443702697754,1489275,14.5,14.333333015441895,8.080798149108887
11-02-1993,14.055556297302246,14.444443702697754,1099125,14.444443702697754,14.11111068725586,7.955507278442383
12-02-1993,13.944443702697754,14.11111068725586,644175,14.166666984558105,14.0,7.8928680419921875
16-02-1993,12.88888931274414,14.055556297302246,1748925,14.11111068725586,13.11111068725586,7.391733169555664
17-02-1993,12.722222328186035,13.222222328186035,2072025,13.38888931274414,12.944443702697754,7.29776668548584
18-02-1993,12.944443702697754,13.0,960300,13.333333015441895,13.333333015441895,7.517018795013428
19-02-1993,12.88888931274414,13.277777671813965,668700,13.333333015441895,13.055556297302246,7.360415458679199
22-02-1993,12.722222328186035,13.0,796725,13.0,12.833333015441895,7.235131740570068
23-02-1993,12.5,12.833333015441895,1222200,12.88888931274414,12.88888931274414,7.266452789306641
24-02-1993,12.88888931274414,12.88888931274414,1084950,13.38888931274414,13.277777671813965,7.485699653625488
25-02-1993,13.11111068725586,13.277777671813965,495225,13.333333015441895,13.333333015441895,7.517018795013428
26-02-1993,13.277777671813965,13.333333015441895,499500,13.555556297302246,13.555556297302246,7.6423020362854
01-03-1993,13.5,13.555556297302246,1129050,14.0,13.722222328186035,7.736266136169434
02-03-1993,13.444443702697754,13.722222328186035,992925,13.944443702697754,13.88888931274414,7.830230236053467
03-03-1993,13.833333015441895,13.944443702697754,472275,14.166666984558105,14.166666984558105,7.986833095550537
04-03-1993,13.944443702697754,14.166666984558105,643275,14.166666984558105,14.0,7.8928680419921875
05-03-1993,13.833333015441895,13.88888931274414,782325,14.0,13.944443702697754,7.861549377441406
08-03-1993,13.88888931274414,13.944443702697754,656325,14.222222328186035,14.11111068725586,7.955507278442383
09-03-1993,13.833333015441895,14.11111068725586,596250,14.11111068725586,14.0,7.8928680419921875
10-03-1993,13.944443702697754,14.0,599175,14.166666984558105,14.166666984558105,7.986833095550537
11-03-1993,14.11111068725586,14.166666984558105,421425,14.277777671813965,14.222222328186035,8.018153190612793
12-03-1993,14.0,14.166666984558105,282150,14.222222328186035,14.222222328186035,8.018153190612793
15-03-1993,14.333333015441895,14.38888931274414,336825,14.5,14.333333015441895,8.080798149108887
16-03-1993,14.166666984558105,14.38888931274414,244800,14.38888931274414,14.277777671813965,8.049476623535156
17-03-1993,14.166666984558105,14.38888931274414,285975,14.38888931274414,14.222222328186035,8.018153190612793
18-03-1993,14.0,14.222222328186035,634050,14.222222328186035,14.222222328186035,8.018153190612793
19-03-1993,13.833333015441895,14.055556297302246,479475,14.055556297302246,13.833333015441895,7.798909664154053
22-03-1993,13.333333015441895,13.777777671813965,768825,13.777777671813965,13.555556297302246,7.6423020362854
23-03-1993,13.277777671813965,13.555556297302246,1366425,13.555556297302246,13.277777671813965,7.485699653625488
24-03-1993,13.277777671813965,13.277777671813965,968625,13.61111068725586,13.61111068725586,7.673623085021973
25-03-1993,13.61111068725586,13.61111068725586,589275,13.777777671813965,13.722222328186035,7.736266136169434
26-03-1993,13.38888931274414,13.666666984558105,616950,13.666666984558105,13.555556297302246,7.6423020362854
29-03-1993,13.5,13.555556297302246,1239525,13.722222328186035,13.666666984558105,7.704944610595703
30-03-1993,13.277777671813965,13.555556297302246,926550,13.666666984558105,13.666666984558105,7.704944610595703
31-03-1993,13.555556297302246,13.666666984558105,990000,13.88888931274414,13.777777671813965,7.767581462860107
01-04-1993,13.722222328186035,13.777777671813965,575100,13.88888931274414,13.777777671813965,7.767581462860107
02-04-1993,13.555556297302246,13.666666984558105,299700,13.722222328186035,13.666666984558105,7.704944610595703
05-04-1993,13.61111068725586,13.666666984558105,178875,13.88888931274414,13.722222328186035,7.736266136169434
06-04-1993,13.61111068725586,13.777777671813965,133200,13.833333015441895,13.666666984558105,7.704944610595703
07-04-1993,13.5,13.722222328186035,226575,13.777777671813965,13.722222328186035,7.736266136169434
08-04-1993,13.777777671813965,13.833333015441895,391725,14.055556297302246,14.055556297302246,7.924195289611816
12-04-1993,14.11111068725586,14.11111068725586,1592775,14.5,14.5,8.174756050109863
13-04-1993,14.444443702697754,14.5,309825,14.555556297302246,14.5,8.174756050109863
14-04-1993,14.444443702697754,14.555556297302246,609750,14.61111068725586,14.555556297302246,8.206077575683594
15-04-1993,14.277777671813965,14.722222328186035,1527300,14.777777671813965,14.555556297302246,8.206077575683594
16-04-1993,14.444443702697754,14.555556297302246,675000,14.61111068725586,14.444443702697754,8.14343547821045
19-04-1993,14.11111068725586,14.333333015441895,617400,14.38888931274414,14.166666984558105,7.986833095550537
20-04-1993,13.722222328186035,14.055556297302246,1104075,14.11111068725586,13.944443702697754,7.861549377441406
21-04-1993,13.944443702697754,14.0,1022400,14.277777671813965,14.166666984558105,7.986833095550537
22-04-1993,13.944443702697754,14.11111068725586,344925,14.11111068725586,14.055556297302246,7.924195289611816
23-04-1993,13.88888931274414,14.055556297302246,787275,14.055556297302246,14.0,7.8928680419921875
26-04-1993,14.0,14.055556297302246,654525,14.222222328186035,14.166666984558105,7.986833095550537
27-04-1993,13.944443702697754,14.166666984558105,603000,14.166666984558105,14.11111068725586,7.955507278442383
28-04-1993,14.166666984558105,14.166666984558105,787275,14.333333015441895,14.222222328186035,8.018153190612793
29-04-1993,14.166666984558105,14.222222328186035,602100,14.333333015441895,14.277777671813965,8.049476623535156
30-04-1993,14.277777671813965,14.38888931274414,344700,14.61111068725586,14.61111068725586,8.237395286560059
03-05-1993,14.38888931274414,14.555556297302246,274950,14.555556297302246,14.555556297302246,8.221083641052246
04-05-1993,14.61111068725586,14.61111068725586,761400,14.777777671813965,14.722222328186035,8.315220832824707
05-05-1993,14.722222328186035,14.777777671813965,622350,15.277777671813965,15.277777671813965,8.62900161743164
06-05-1993,15.0,15.166666984558105,308925,15.166666984558105,15.166666984558105,8.566243171691895
07-05-1993,14.88888931274414,15.11111068725586,200475,15.166666984558105,14.944443702697754,8.440731048583984
10-05-1993,14.944443702697754,14.944443702697754,137475,15.11111068725586,14.944443702697754,8.440731048583984
11-05-1993,14.833333015441895,14.944443702697754,414675,15.11111068725586,15.11111068725586,8.534862518310547
12-05-1993,15.055556297302246,15.055556297302246,306225,15.38888931274414,15.333333015441895,8.660377502441406
13-05-1993,15.055556297302246,15.222222328186035,355275,15.277777671813965,15.11111068725586,8.534862518310547
14-05-1993,15.0,15.11111068725586,212625,15.222222328186035,15.166666984558105,8.566243171691895
17-05-1993,15.11111068725586,15.11111068725586,815850,15.5,15.5,8.754515647888184
18-05-1993,15.38888931274414,15.38888931274414,528525,15.777777671813965,15.666666984558105,8.848648071289062
19-05-1993,15.555556297302246,15.666666984558105,1095975,16.11111068725586,15.944443702697754,9.005537986755371
20-05-1993,16.0,16.0,1053225,16.22222137451172,16.11111068725586,9.0996732711792
21-05-1993,16.05555534362793,16.05555534362793,384750,16.22222137451172,16.166667938232422,9.131053924560547
24-05-1993,16.11111068725586,16.11111068725586,369900,16.27777862548828,16.22222137451172,9.16242790222168
25-05-1993,16.166667938232422,16.22222137451172,220500,16.27777862548828,16.27777862548828,9.193807601928711
26-05-1993,16.22222137451172,16.22222137451172,128475,16.38888931274414,16.38888931274414,9.256567001342773
27-05-1993,16.05555534362793,16.38888931274414,436500,16.38888931274414,16.11111068725586,9.0996732711792
28-05-1993,15.944443702697754,16.11111068725586,135675,16.166667938232422,15.944443702697754,9.005537986755371
01-06-1993,15.944443702697754,16.0,430875,16.11111068725586,16.05555534362793,9.068290710449219
02-06-1993,15.833333015441895,15.944443702697754,375525,16.0,15.833333015441895,8.942784309387207
03-06-1993,15.61111068725586,15.833333015441895,176850,15.833333015441895,15.722222328186035,8.880026817321777
04-06-1993,15.61111068725586,15.666666984558105,178875,15.666666984558105,15.666666984558105,8.848648071289062
07-06-1993,15.666666984558105,15.722222328186035,339075,15.944443702697754,15.88888931274414,8.974160194396973
08-06-1993,15.833333015441895,15.88888931274414,445050,15.944443702697754,15.88888931274414,8.974160194396973
09-06-1993,15.88888931274414,15.944443702697754,154800,16.0,15.944443702697754,9.005537986755371
10-06-1993,15.944443702697754,16.0,499050,16.166667938232422,16.11111068725586,9.0996732711792
11-06-1993,16.27777862548828,16.333332061767578,1617525,17.05555534362793,16.94444465637207,9.570347785949707
14-06-1993,16.5,16.94444465637207,1399050,17.0,16.666667938232422,9.413454055786133
15-06-1993,16.61111068725586,16.666667938232422,459675,16.77777862548828,16.61111068725586,9.38207721710205
16-06-1993,16.61111068725586,16.61111068725586,454275,16.833332061767578,16.77777862548828,9.476208686828613
17-06-1993,16.61111068725586,16.77777862548828,523575,16.77777862548828,16.666667938232422,9.413454055786133
18-06-1993,16.55555534362793,16.666667938232422,983475,16.72222137451172,16.61111068725586,9.38207721710205
21-06-1993,16.333332061767578,16.61111068725586,284175,16.61111068725586,16.44444465637207,9.28794002532959
22-06-1993,16.11111068725586,16.333332061767578,315225,16.44444465637207,16.22222137451172,9.16242790222168
23-06-1993,16.11111068725586,16.166667938232422,147825,16.22222137451172,16.11111068725586,9.0996732711792
24-06-1993,16.0,16.11111068725586,296100,16.22222137451172,16.166667938232422,9.131053924560547
25-06-1993,16.11111068725586,16.22222137451172,378675,16.27777862548828,16.27777862548828,9.193807601928711
28-06-1993,16.333332061767578,16.38888931274414,563625,16.72222137451172,16.72222137451172,9.44483757019043
29-06-1993,16.61111068725586,16.72222137451172,411075,16.77777862548828,16.77777862548828,9.476208686828613
30-06-1993,16.72222137451172,16.77777862548828,306450,16.833332061767578,16.77777862548828,9.476208686828613
01-07-1993,16.5,16.77777862548828,248400,16.833332061767578,16.5,9.319319725036621
02-07-1993,15.944443702697754,16.5,660150,16.5,16.0,9.036919593811035
06-07-1993,15.88888931274414,16.0,556200,16.05555534362793,15.88888931274414,8.974160194396973
07-07-1993,15.666666984558105,15.833333015441895,378900,15.88888931274414,15.666666984558105,8.848648071289062
08-07-1993,15.38888931274414,15.666666984558105,346950,15.666666984558105,15.555556297302246,8.785887718200684
09-07-1993,15.555556297302246,15.555556297302246,278550,15.722222328186035,15.61111068725586,8.817270278930664
12-07-1993,15.555556297302246,15.666666984558105,810675,15.722222328186035,15.61111068725586,8.817270278930664
13-07-1993,15.61111068725586,15.722222328186035,137250,15.777777671813965,15.61111068725586,8.817270278930664
14-07-1993,15.61111068725586,15.666666984558105,273825,15.944443702697754,15.722222328186035,8.880026817321777
15-07-1993,15.11111068725586,15.777777671813965,6293925,15.777777671813965,15.333333015441895,8.660377502441406
16-07-1993,15.38888931274414,15.38888931274414,378675,15.5,15.5,8.754515647888184
19-07-1993,15.444443702697754,15.5,399600,15.722222328186035,15.666666984558105,8.848648071289062
20-07-1993,15.61111068725586,15.61111068725586,685125,15.777777671813965,15.722222328186035,8.880026817321777
21-07-1993,15.666666984558105,15.722222328186035,310950,15.833333015441895,15.722222328186035,8.880026817321777
22-07-1993,15.555556297302246,15.722222328186035,557100,15.722222328186035,15.722222328186035,8.880026817321777
23-07-1993,15.722222328186035,15.722222328186035,216900,15.944443702697754,15.944443702697754,9.005537986755371
26-07-1993,15.88888931274414,15.88888931274414,290925,16.05555534362793,16.05555534362793,9.068290710449219
27-07-1993,16.05555534362793,16.05555534362793,220725,16.22222137451172,16.166667938232422,9.131053924560547
28-07-1993,16.166667938232422,16.22222137451172,152775,16.38888931274414,16.22222137451172,9.16242790222168
29-07-1993,16.27777862548828,16.27777862548828,393750,16.38888931274414,16.27777862548828,9.193807601928711
30-07-1993,16.333332061767578,16.38888931274414,613800,16.55555534362793,16.55555534362793,9.350699424743652
02-08-1993,16.5,16.5,337725,16.666667938232422,16.666667938232422,9.428644180297852
03-08-1993,16.5,16.5,275175,16.666667938232422,16.61111068725586,9.397214889526367
04-08-1993,16.55555534362793,16.61111068725586,226575,16.72222137451172,16.61111068725586,9.397214889526367
05-08-1993,16.61111068725586,16.61111068725586,709650,16.833332061767578,16.77777862548828,9.491498947143555
06-08-1993,16.61111068725586,16.833332061767578,266625,16.833332061767578,16.666667938232422,9.428644180297852
09-08-1993,16.38888931274414,16.666667938232422,360000,16.666667938232422,16.38888931274414,9.271502494812012
10-08-1993,16.22222137451172,16.22222137451172,794025,16.333332061767578,16.333332061767578,9.240069389343262
11-08-1993,16.166667938232422,16.27777862548828,526725,16.333332061767578,16.166667938232422,9.145787239074707
12-08-1993,15.944443702697754,16.11111068725586,292725,16.11111068725586,16.0,9.051501274108887
13-08-1993,15.944443702697754,16.0,465525,16.166667938232422,16.11111068725586,9.114355087280273
16-08-1993,16.05555534362793,16.11111068725586,228825,16.166667938232422,16.166667938232422,9.145787239074707
17-08-1993,16.0,16.166667938232422,343800,16.166667938232422,16.0,9.051501274108887
18-08-1993,16.05555534362793,16.05555534362793,332775,16.333332061767578,16.27777862548828,9.208642959594727
19-08-1993,16.333332061767578,16.38888931274414,1071675,16.666667938232422,16.44444465637207,9.302926063537598
20-08-1993,16.22222137451172,16.27777862548828,896625,16.38888931274414,16.38888931274414,9.271502494812012
23-08-1993,16.27777862548828,16.27777862548828,203625,16.333332061767578,16.27777862548828,9.208642959594727
24-08-1993,16.27777862548828,16.27777862548828,468225,16.44444465637207,16.44444465637207,9.302926063537598
25-08-1993,16.38888931274414,16.44444465637207,348750,16.5,16.44444465637207,9.302926063537598
26-08-1993,16.38888931274414,16.5,380025,16.72222137451172,16.666667938232422,9.428644180297852
27-08-1993,16.61111068725586,16.61111068725586,450225,16.72222137451172,16.666667938232422,9.428644180297852
30-08-1993,16.666667938232422,16.666667938232422,150525,16.88888931274414,16.833332061767578,9.522929191589355
31-08-1993,16.61111068725586,16.88888931274414,233100,16.88888931274414,16.833332061767578,9.522929191589355
01-09-1993,16.833332061767578,16.833332061767578,432225,17.05555534362793,17.05555534362793,9.648646354675293
02-09-1993,17.0,17.05555534362793,290925,17.22222137451172,17.166667938232422,9.711508750915527
03-09-1993,17.05555534362793,17.166667938232422,347850,17.27777862548828,17.22222137451172,9.742931365966797
07-09-1993,17.27777862548828,17.27777862548828,557325,17.44444465637207,17.38888931274414,9.837220191955566
08-09-1993,16.833332061767578,17.38888931274414,518175,17.38888931274414,16.94444465637207,9.585790634155273
09-09-1993,16.833332061767578,16.88888931274414,234675,17.05555534362793,16.94444465637207,9.585790634155273
10-09-1993,16.94444465637207,17.0,333675,17.166667938232422,17.166667938232422,9.711508750915527
13-09-1993,17.05555534362793,17.22222137451172,116775,17.22222137451172,17.11111068725586,9.680074691772461
14-09-1993,16.88888931274414,17.0,218700,17.166667938232422,16.88888931274414,9.554359436035156
15-09-1993,16.88888931274414,17.0,279450,17.27777862548828,17.27777862548828,9.77436351776123
16-09-1993,17.166667938232422,17.27777862548828,127800,17.333332061767578,17.333332061767578,9.805792808532715
17-09-1993,17.05555534362793,17.166667938232422,625275,17.22222137451172,17.22222137451172,9.742931365966797
20-09-1993,17.0,17.22222137451172,425925,17.22222137451172,17.166667938232422,9.711508750915527
21-09-1993,16.88888931274414,17.166667938232422,336825,17.166667938232422,16.94444465637207,9.585790634155273
22-09-1993,16.94444465637207,17.0,648675,17.22222137451172,17.166667938232422,9.711508750915527
23-09-1993,17.166667938232422,17.22222137451172,370800,17.333332061767578,17.333332061767578,9.805792808532715
24-09-1993,17.27777862548828,17.27777862548828,236925,17.61111068725586,17.5,9.900081634521484
27-09-1993,17.61111068725586,17.61111068725586,548550,17.77777862548828,17.72222137451172,10.025792121887207
28-09-1993,17.61111068725586,17.72222137451172,185850,17.72222137451172,17.666667938232422,9.994363784790039
29-09-1993,17.55555534362793,17.61111068725586,470700,17.72222137451172,17.61111068725586,9.962933540344238
30-09-1993,17.5,17.666667938232422,106425,17.666667938232422,17.5,9.900081634521484
01-10-1993,17.55555534362793,17.666667938232422,129150,17.666667938232422,17.61111068725586,9.962933540344238
04-10-1993,17.55555534362793,17.666667938232422,116325,17.666667938232422,17.61111068725586,9.962933540344238
05-10-1993,17.5,17.61111068725586,144225,17.61111068725586,17.61111068725586,9.962933540344238
06-10-1993,17.55555534362793,17.55555534362793,113625,17.666667938232422,17.55555534362793,9.931509017944336
07-10-1993,17.61111068725586,17.666667938232422,72675,17.666667938232422,17.666667938232422,9.994363784790039
08-10-1993,17.55555534362793,17.666667938232422,120600,17.666667938232422,17.666667938232422,9.994363784790039
11-10-1993,17.5,17.5,101025,17.61111068725586,17.61111068725586,9.962933540344238
12-10-1993,17.44444465637207,17.61111068725586,970425,17.61111068725586,17.5,9.900081634521484
13-10-1993,17.5,17.5,351000,17.77777862548828,17.77777862548828,10.057219505310059
14-10-1993,17.61111068725586,17.77777862548828,526050,17.833332061767578,17.77777862548828,10.057219505310059
15-10-1993,17.666667938232422,17.77777862548828,582075,17.77777862548828,17.666667938232422,9.994363784790039
18-10-1993,17.27777862548828,17.72222137451172,580275,17.72222137451172,17.27777862548828,9.77436351776123
19-10-1993,16.88888931274414,17.166667938232422,405900,17.22222137451172,16.88888931274414,9.554359436035156
20-10-1993,16.5,17.0,480375,17.0,16.55555534362793,9.365787506103516
21-10-1993,16.333332061767578,16.55555534362793,778275,16.61111068725586,16.5,9.334357261657715
22-10-1993,16.5,16.61111068725586,379125,16.666667938232422,16.666667938232422,9.428644180297852
25-10-1993,16.666667938232422,16.666667938232422,227700,16.833332061767578,16.833332061767578,9.522929191589355
26-10-1993,16.72222137451172,16.94444465637207,574875,17.0,16.833332061767578,9.522929191589355
27-10-1993,16.44444465637207,16.833332061767578,301950,16.833332061767578,16.5,9.334357261657715
28-10-1993,16.38888931274414,16.55555534362793,564525,16.55555534362793,16.44444465637207,9.302926063537598
29-10-1993,16.11111068725586,16.44444465637207,1399050,16.5,16.166667938232422,9.145787239074707
01-11-1993,16.0,16.11111068725586,443700,16.27777862548828,16.27777862548828,9.223858833312988
02-11-1993,16.0,16.22222137451172,546300,16.22222137451172,16.11111068725586,9.129415512084961
03-11-1993,15.722222328186035,16.166667938232422,1133550,16.166667938232422,15.833333015441895,8.972014427185059
04-11-1993,15.61111068725586,15.722222328186035,1399500,15.777777671813965,15.61111068725586,8.846091270446777
05-11-1993,15.61111068725586,15.666666984558105,469800,15.944443702697754,15.944443702697754,9.034974098205566
08-11-1993,15.944443702697754,15.944443702697754,583425,16.11111068725586,16.0,9.066455841064453
09-11-1993,15.833333015441895,15.944443702697754,612000,15.944443702697754,15.833333015441895,8.972014427185059
10-11-1993,15.777777671813965,15.777777671813965,767025,15.88888931274414,15.777777671813965,8.94052791595459
11-11-1993,15.833333015441895,15.833333015441895,650700,16.38888931274414,16.333332061767578,9.255338668823242
12-11-1993,16.05555534362793,16.333332061767578,903375,16.38888931274414,16.38888931274414,9.286822319030762
15-11-1993,16.38888931274414,16.44444465637207,214200,16.55555534362793,16.5,9.349781036376953
16-11-1993,16.22222137451172,16.44444465637207,290925,16.44444465637207,16.333332061767578,9.255338668823242
17-11-1993,16.22222137451172,16.44444465637207,393750,16.44444465637207,16.27777862548828,9.223858833312988
18-11-1993,16.05555534362793,16.333332061767578,339750,16.333332061767578,16.22222137451172,9.192376136779785
19-11-1993,16.11111068725586,16.27777862548828,294975,16.27777862548828,16.27777862548828,9.223858833312988
22-11-1993,16.05555534362793,16.166667938232422,201150,16.44444465637207,16.44444465637207,9.318297386169434
23-11-1993,16.22222137451172,16.333332061767578,85725,16.38888931274414,16.22222137451172,9.192376136779785
24-11-1993,16.333332061767578,16.333332061767578,259650,16.55555534362793,16.44444465637207,9.318297386169434
26-11-1993,16.55555534362793,16.55555534362793,104625,16.833332061767578,16.72222137451172,9.4757080078125
29-11-1993,16.833332061767578,16.833332061767578,724050,17.27777862548828,17.166667938232422,9.727557182312012
30-11-1993,17.05555534362793,17.05555534362793,454950,17.22222137451172,17.11111068725586,9.696070671081543
01-12-1993,16.833332061767578,17.22222137451172,695700,17.27777862548828,16.88888931274414,9.570147514343262
02-12-1993,16.61111068725586,16.77777862548828,310725,16.77777862548828,16.61111068725586,9.41274356842041
03-12-1993,16.55555534362793,16.72222137451172,578025,16.72222137451172,16.72222137451172,9.4757080078125
06-12-1993,16.55555534362793,16.61111068725586,297225,16.72222137451172,16.72222137451172,9.4757080078125
07-12-1993,16.72222137451172,16.72222137451172,266625,16.88888931274414,16.88888931274414,9.570147514343262
08-12-1993,16.88888931274414,16.88888931274414,702900,17.166667938232422,17.11111068725586,9.696070671081543
09-12-1993,16.94444465637207,17.333332061767578,374850,17.333332061767578,16.94444465637207,9.601630210876465
10-12-1993,16.94444465637207,16.94444465637207,152325,17.11111068725586,17.0,9.633110046386719
13-12-1993,16.94444465637207,17.11111068725586,286650,17.11111068725586,16.94444465637207,9.601630210876465
14-12-1993,16.833332061767578,17.05555534362793,254925,17.05555534362793,16.88888931274414,9.570147514343262
15-12-1993,16.61111068725586,16.88888931274414,248625,16.88888931274414,16.666667938232422,9.444223403930664
16-12-1993,16.55555534362793,16.72222137451172,245475,16.77777862548828,16.61111068725586,9.41274356842041
17-12-1993,16.61111068725586,16.61111068725586,390150,16.72222137451172,16.72222137451172,9.4757080078125
20-12-1993,16.27777862548828,16.666667938232422,565425,16.666667938232422,16.38888931274414,9.286822319030762
21-12-1993,16.11111068725586,16.38888931274414,655650,16.38888931274414,16.11111068725586,9.129415512084961
22-12-1993,15.88888931274414,16.05555534362793,1273050,16.05555534362793,16.0,9.066455841064453
23-12-1993,16.0,16.0,597600,16.333332061767578,16.11111068725586,9.129415512084961
27-12-1993,15.944443702697754,16.11111068725586,166725,16.166667938232422,15.944443702697754,9.034974098205566
28-12-1993,15.833333015441895,15.88888931274414,168075,16.166667938232422,16.11111068725586,9.129415512084961
29-12-1993,15.88888931274414,16.11111068725586,376650,16.11111068725586,16.05555534362793,9.097931861877441
30-12-1993,16.0,16.05555534362793,173700,16.166667938232422,16.05555534362793,9.097931861877441
31-12-1993,16.05555534362793,16.05555534362793,574650,16.22222137451172,16.11111068725586,9.129415512084961
03-01-1994,15.722222328186035,16.0,419400,16.0,15.722222328186035,8.909050941467285
04-01-1994,15.555556297302246,15.833333015441895,922050,15.833333015441895,15.61111068725586,8.846091270446777
05-01-1994,15.61111068725586,15.722222328186035,1065150,16.05555534362793,15.944443702697754,9.034974098205566
06-01-1994,15.61111068725586,16.0,1159200,16.05555534362793,15.722222328186035,8.909050941467285
07-01-1994,15.555556297302246,15.666666984558105,708750,15.722222328186035,15.666666984558105,8.877571105957031
10-01-1994,15.555556297302246,15.722222328186035,322875,15.722222328186035,15.722222328186035,8.909050941467285
11-01-1994,15.666666984558105,15.722222328186035,407925,15.777777671813965,15.722222328186035,8.909050941467285
12-01-1994,15.61111068725586,15.61111068725586,632475,15.833333015441895,15.833333015441895,8.972014427185059
13-01-1994,15.666666984558105,15.833333015441895,1470150,15.88888931274414,15.666666984558105,8.877571105957031
14-01-1994,15.277777671813965,15.61111068725586,1805625,15.61111068725586,15.333333015441895,8.688684463500977
17-01-1994,15.055556297302246,15.277777671813965,623925,15.333333015441895,15.11111068725586,8.562759399414062
18-01-1994,14.88888931274414,15.166666984558105,1598175,15.166666984558105,14.944443702697754,8.468321800231934
19-01-1994,15.055556297302246,15.055556297302246,1365975,15.444443702697754,15.222222328186035,8.62572956085205
20-01-1994,15.222222328186035,15.222222328186035,434475,15.5,15.444443702697754,8.751646041870117
21-01-1994,15.38888931274414,15.38888931274414,342225,15.555556297302246,15.555556297302246,8.814605712890625
24-01-1994,15.277777671813965,15.555556297302246,573975,15.555556297302246,15.333333015441895,8.688684463500977
25-01-1994,15.11111068725586,15.333333015441895,426600,15.333333015441895,15.333333015441895,8.688684463500977
26-01-1994,15.277777671813965,15.333333015441895,179100,15.38888931274414,15.38888931274414,8.720168113708496
27-01-1994,15.333333015441895,15.444443702697754,1109475,15.5,15.444443702697754,8.751646041870117
28-01-1994,15.38888931274414,15.444443702697754,881775,15.5,15.444443702697754,8.751646041870117
31-01-1994,14.944443702697754,15.444443702697754,1149750,15.444443702697754,14.944443702697754,8.482969284057617
01-02-1994,14.833333015441895,15.0,1862775,15.055556297302246,15.0,8.514506340026855
02-02-1994,15.11111068725586,15.11111068725586,1071900,15.444443702697754,15.277777671813965,8.672182083129883
03-02-1994,15.055556297302246,15.222222328186035,466425,15.277777671813965,15.222222328186035,8.640649795532227
04-02-1994,15.055556297302246,15.222222328186035,561825,15.222222328186035,15.11111068725586,8.577570915222168
07-02-1994,15.11111068725586,15.11111068725586,722475,15.38888931274414,15.11111068725586,8.577570915222168
08-02-1994,15.055556297302246,15.11111068725586,1484100,15.222222328186035,15.11111068725586,8.577570915222168
09-02-1994,15.055556297302246,15.11111068725586,1082025,15.11111068725586,15.055556297302246,8.546041488647461
10-02-1994,15.055556297302246,15.166666984558105,948375,15.444443702697754,15.166666984558105,8.609108924865723
11-02-1994,15.166666984558105,15.166666984558105,360675,15.333333015441895,15.333333015441895,8.703714370727539
14-02-1994,15.38888931274414,15.61111068725586,728100,15.722222328186035,15.444443702697754,8.76678466796875
15-02-1994,15.444443702697754,15.5,531450,15.666666984558105,15.555556297302246,8.829853057861328
16-02-1994,15.555556297302246,15.666666984558105,1250325,15.777777671813965,15.61111068725586,8.861392974853516
17-02-1994,15.5,15.61111068725586,524925,15.722222328186035,15.5,8.798323631286621
18-02-1994,15.222222328186035,15.444443702697754,1251675,15.444443702697754,15.333333015441895,8.703714370727539
22-02-1994,15.222222328186035,15.222222328186035,970650,15.555556297302246,15.555556297302246,8.829853057861328
23-02-1994,15.277777671813965,15.555556297302246,1194300,15.555556297302246,15.38888931274414,8.735251426696777
24-02-1994,15.166666984558105,15.277777671813965,1295100,15.333333015441895,15.333333015441895,8.703714370727539
25-02-1994,15.11111068725586,15.277777671813965,994050,15.555556297302246,15.444443702697754,8.76678466796875
28-02-1994,15.5,15.666666984558105,604125,15.833333015441895,15.666666984558105,8.892927169799805
01-03-1994,15.555556297302246,15.61111068725586,571725,15.722222328186035,15.61111068725586,8.861392974853516
02-03-1994,15.277777671813965,15.5,391725,15.555556297302246,15.444443702697754,8.76678466796875
03-03-1994,15.38888931274414,15.5,698400,15.555556297302246,15.555556297302246,8.829853057861328
04-03-1994,15.5,15.555556297302246,211275,15.722222328186035,15.722222328186035,8.924461364746094
07-03-1994,15.61111068725586,15.722222328186035,110925,15.722222328186035,15.666666984558105,8.892927169799805
08-03-1994,15.666666984558105,15.722222328186035,248625,15.722222328186035,15.666666984558105,8.892927169799805
09-03-1994,15.666666984558105,15.722222328186035,452250,15.88888931274414,15.777777671813965,8.955992698669434
10-03-1994,15.722222328186035,15.833333015441895,310950,15.88888931274414,15.777777671813965,8.955992698669434
11-03-1994,15.833333015441895,15.833333015441895,819000,16.11111068725586,16.05555534362793,9.113668441772461
14-03-1994,15.88888931274414,16.11111068725586,340875,16.11111068725586,16.05555534362793,9.113668441772461
15-03-1994,15.833333015441895,15.944443702697754,226575,16.0,15.88888931274414,9.01906681060791
16-03-1994,15.833333015441895,15.88888931274414,501300,16.05555534362793,16.05555534362793,9.113668441772461
17-03-1994,15.833333015441895,16.05555534362793,450000,16.11111068725586,15.833333015441895,8.987533569335938
18-03-1994,15.833333015441895,15.88888931274414,967950,16.0,16.0,9.082139015197754
21-03-1994,15.88888931274414,16.0,269100,16.05555534362793,16.05555534362793,9.113668441772461
22-03-1994,16.0,16.05555534362793,348525,16.27777862548828,16.22222137451172,9.208276748657227
23-03-1994,16.166667938232422,16.22222137451172,568575,16.27777862548828,16.166667938232422,9.176746368408203
24-03-1994,15.833333015441895,16.166667938232422,390600,16.22222137451172,16.05555534362793,9.113668441772461
25-03-1994,15.88888931274414,16.05555534362793,541575,16.05555534362793,15.88888931274414,9.01906681060791
28-03-1994,15.722222328186035,15.88888931274414,379125,16.0,15.833333015441895,8.987533569335938
29-03-1994,15.61111068725586,15.777777671813965,470700,15.777777671813965,15.61111068725586,8.861392974853516
30-03-1994,15.222222328186035,15.555556297302246,580050,15.555556297302246,15.222222328186035,8.640649795532227
31-03-1994,14.944443702697754,15.222222328186035,911025,15.444443702697754,15.444443702697754,8.76678466796875
04-04-1994,15.11111068725586,15.166666984558105,669600,15.38888931274414,15.38888931274414,8.735251426696777
05-04-1994,15.5,15.5,392850,15.777777671813965,15.777777671813965,8.955992698669434
06-04-1994,15.555556297302246,15.777777671813965,593775,15.777777671813965,15.666666984558105,8.892927169799805
07-04-1994,15.555556297302246,15.666666984558105,346725,15.88888931274414,15.777777671813965,8.955992698669434
08-04-1994,15.833333015441895,15.88888931274414,624825,16.0,15.88888931274414,9.01906681060791
11-04-1994,15.722222328186035,15.88888931274414,231075,16.0,15.944443702697754,9.050601959228516
12-04-1994,15.944443702697754,15.944443702697754,438075,16.05555534362793,16.0,9.082139015197754
13-04-1994,15.555556297302246,15.833333015441895,782550,15.88888931274414,15.777777671813965,8.955992698669434
14-04-1994,15.333333015441895,15.777777671813965,596700,15.777777671813965,15.38888931274414,8.735251426696777
15-04-1994,15.305556297302246,15.38888931274414,312300,15.555556297302246,15.5,8.798323631286621
18-04-1994,15.277777671813965,15.5,266850,15.5,15.38888931274414,8.735251426696777
19-04-1994,15.222222328186035,15.333333015441895,524700,15.5,15.277777671813965,8.672182083129883
20-04-1994,15.055556297302246,15.277777671813965,409500,15.333333015441895,15.166666984558105,8.609108924865723
21-04-1994,15.0,15.166666984558105,453825,15.166666984558105,15.055556297302246,8.546041488647461
22-04-1994,15.055556297302246,15.11111068725586,521100,15.222222328186035,15.055556297302246,8.546041488647461
25-04-1994,15.11111068725586,15.166666984558105,302175,15.277777671813965,15.222222328186035,8.640649795532227
26-04-1994,15.0,15.055556297302246,692775,15.166666984558105,15.166666984558105,8.609108924865723
28-04-1994,14.944443702697754,15.166666984558105,459450,15.166666984558105,15.055556297302246,8.546041488647461
29-04-1994,15.055556297302246,15.055556297302246,631125,15.166666984558105,15.11111068725586,8.577570915222168
02-05-1994,15.0,15.11111068725586,473175,15.222222328186035,15.222222328186035,8.65847396850586
03-05-1994,15.0,15.166666984558105,525825,15.222222328186035,15.055556297302246,8.56367301940918
04-05-1994,15.0,15.0,393075,15.277777671813965,15.11111068725586,8.595274925231934
05-05-1994,15.055556297302246,15.166666984558105,694125,15.222222328186035,15.166666984558105,8.626871109008789
06-05-1994,14.833333015441895,15.0,433800,15.055556297302246,15.0,8.532073020935059
09-05-1994,14.88888931274414,15.0,96750,15.0,14.944443702697754,8.500469207763672
10-05-1994,14.61111068725586,14.833333015441895,1272150,14.88888931274414,14.833333015441895,8.437267303466797
11-05-1994,14.61111068725586,14.88888931274414,599850,14.944443702697754,14.777777671813965,8.405669212341309
12-05-1994,14.666666984558105,14.777777671813965,496800,14.88888931274414,14.777777671813965,8.405669212341309
13-05-1994,14.666666984558105,14.777777671813965,345825,14.777777671813965,14.777777671813965,8.405669212341309
16-05-1994,14.444443702697754,14.722222328186035,816075,14.833333015441895,14.444443702697754,8.216063499450684
17-05-1994,14.38888931274414,14.38888931274414,1003950,14.833333015441895,14.833333015441895,8.437267303466797
18-05-1994,14.777777671813965,14.88888931274414,380700,15.055556297302246,15.0,8.532073020935059
19-05-1994,14.944443702697754,15.055556297302246,482850,15.333333015441895,15.277777671813965,8.690068244934082
20-05-1994,15.055556297302246,15.222222328186035,324675,15.277777671813965,15.11111068725586,8.595274925231934
23-05-1994,14.833333015441895,15.11111068725586,1334250,15.166666984558105,14.833333015441895,8.437267303466797
24-05-1994,14.777777671813965,14.833333015441895,296775,14.944443702697754,14.777777671813965,8.405669212341309
25-05-1994,14.61111068725586,14.722222328186035,247275,14.833333015441895,14.833333015441895,8.437267303466797
26-05-1994,14.666666984558105,14.777777671813965,164700,14.88888931274414,14.833333015441895,8.437267303466797
27-05-1994,14.722222328186035,14.722222328186035,163800,14.88888931274414,14.88888931274414,8.468871116638184
31-05-1994,14.666666984558105,14.777777671813965,326250,14.88888931274414,14.666666984558105,8.34246826171875
01-06-1994,14.61111068725586,14.666666984558105,478575,14.722222328186035,14.666666984558105,8.34246826171875
02-06-1994,14.555556297302246,14.777777671813965,705375,14.833333015441895,14.555556297302246,8.279272079467773
03-06-1994,14.38888931274414,14.555556297302246,720900,14.61111068725586,14.444443702697754,8.216063499450684
06-06-1994,14.444443702697754,14.444443702697754,911025,14.555556297302246,14.444443702697754,8.216063499450684
07-06-1994,14.166666984558105,14.444443702697754,863775,14.444443702697754,14.166666984558105,8.058063507080078
08-06-1994,14.166666984558105,14.222222328186035,564750,14.38888931274414,14.333333015441895,8.152870178222656
09-06-1994,14.166666984558105,14.277777671813965,251550,14.38888931274414,14.277777671813965,8.12126636505127
10-06-1994,14.055556297302246,14.277777671813965,400950,14.333333015441895,14.166666984558105,8.058063507080078
13-06-1994,13.88888931274414,14.055556297302246,1562175,14.222222328186035,13.944443702697754,7.931663513183594
14-06-1994,13.777777671813965,14.11111068725586,1175400,14.11111068725586,13.88888931274414,7.900066375732422
15-06-1994,13.88888931274414,13.944443702697754,1413900,14.11111068725586,14.0,7.963262557983398
16-06-1994,12.555556297302246,12.555556297302246,8131950,13.0,12.666666984558105,7.204860687255859
17-06-1994,12.666666984558105,12.666666984558105,6445125,12.833333015441895,12.777777671813965,7.268060684204102
20-06-1994,12.5,12.5,2292075,12.777777671813965,12.666666984558105,7.204860687255859
21-06-1994,12.61111068725586,12.666666984558105,1295550,12.722222328186035,12.722222328186035,7.236460208892822
22-06-1994,12.722222328186035,12.722222328186035,1549575,12.944443702697754,12.777777671813965,7.268060684204102
23-06-1994,12.555556297302246,12.833333015441895,1426500,12.833333015441895,12.61111068725586,7.1732611656188965
24-06-1994,12.555556297302246,12.722222328186035,1206900,12.722222328186035,12.555556297302246,7.14165735244751
27-06-1994,12.5,12.555556297302246,623250,12.777777671813965,12.722222328186035,7.236460208892822
28-06-1994,12.555556297302246,12.666666984558105,837000,12.722222328186035,12.555556297302246,7.14165735244751
29-06-1994,12.61111068725586,12.61111068725586,2580525,13.055556297302246,13.055556297302246,7.426061153411865
30-06-1994,12.88888931274414,13.0,667575,13.277777671813965,13.166666984558105,7.489260673522949
01-07-1994,12.944443702697754,13.055556297302246,571275,13.166666984558105,13.11111068725586,7.457663536071777
05-07-1994,12.88888931274414,13.11111068725586,688275,13.166666984558105,13.0,7.394462585449219
06-07-1994,12.61111068725586,12.88888931274414,861975,12.88888931274414,12.777777671813965,7.268060684204102
07-07-1994,12.722222328186035,12.777777671813965,985950,13.055556297302246,13.055556297302246,7.426061153411865
08-07-1994,12.88888931274414,12.88888931274414,581175,13.166666984558105,13.166666984558105,7.489260673522949
11-07-1994,13.055556297302246,13.166666984558105,332775,13.166666984558105,13.11111068725586,7.457663536071777
12-07-1994,13.11111068725586,13.11111068725586,898200,13.277777671813965,13.222222328186035,7.5208587646484375
13-07-1994,13.277777671813965,13.333333015441895,544500,13.38888931274414,13.277777671813965,7.552464485168457
14-07-1994,13.166666984558105,13.277777671813965,393075,13.333333015441895,13.277777671813965,7.552464485168457
15-07-1994,13.166666984558105,13.333333015441895,867150,13.444443702697754,13.166666984558105,7.489260673522949
18-07-1994,13.166666984558105,13.166666984558105,397575,13.277777671813965,13.277777671813965,7.552464485168457
19-07-1994,13.166666984558105,13.277777671813965,274500,13.277777671813965,13.166666984558105,7.489260673522949
20-07-1994,13.166666984558105,13.166666984558105,94050,13.222222328186035,13.166666984558105,7.489260673522949
21-07-1994,13.166666984558105,13.166666984558105,157950,13.222222328186035,13.166666984558105,7.489260673522949
22-07-1994,13.055556297302246,13.166666984558105,292725,13.277777671813965,13.277777671813965,7.552464485168457
25-07-1994,13.166666984558105,13.222222328186035,305775,13.277777671813965,13.222222328186035,7.5208587646484375
26-07-1994,13.13888931274414,13.166666984558105,258525,13.222222328186035,13.166666984558105,7.489260673522949
27-07-1994,13.11111068725586,13.11111068725586,897300,13.277777671813965,13.277777671813965,7.552464485168457
28-07-1994,13.166666984558105,13.166666984558105,765450,13.38888931274414,13.277777671813965,7.552464485168457
29-07-1994,13.333333015441895,13.333333015441895,543825,13.444443702697754,13.444443702697754,7.647262096405029
01-08-1994,13.333333015441895,13.333333015441895,423000,13.61111068725586,13.61111068725586,7.7600178718566895
02-08-1994,13.555556297302246,13.555556297302246,333675,13.61111068725586,13.555556297302246,7.7682881355285645
03-08-1994,13.5,13.555556297302246,432450,13.666666984558105,13.61111068725586,7.800123691558838
04-08-1994,13.444443702697754,13.555556297302246,189675,13.555556297302246,13.5,7.736446380615234
05-08-1994,13.444443702697754,13.666666984558105,183375,13.666666984558105,13.444443702697754,7.704614639282227
08-08-1994,13.38888931274414,13.444443702697754,335025,13.61111068725586,13.61111068725586,7.800123691558838
09-08-1994,13.38888931274414,13.5,382275,13.555556297302246,13.444443702697754,7.704614639282227
10-08-1994,13.222222328186035,13.38888931274414,573750,13.61111068725586,13.555556297302246,7.7682881355285645
11-08-1994,13.444443702697754,13.61111068725586,348525,13.61111068725586,13.444443702697754,7.704614639282227
12-08-1994,13.444443702697754,13.444443702697754,403875,13.61111068725586,13.61111068725586,7.800123691558838
15-08-1994,13.5,13.61111068725586,288675,13.666666984558105,13.5,7.736446380615234
16-08-1994,13.444443702697754,13.5,227475,13.722222328186035,13.61111068725586,7.800123691558838
17-08-1994,13.722222328186035,13.722222328186035,628200,13.944443702697754,13.88888931274414,7.959310531616211
18-08-1994,13.833333015441895,13.833333015441895,82800,13.88888931274414,13.833333015441895,7.927473068237305
19-08-1994,13.722222328186035,13.88888931274414,357300,13.88888931274414,13.777777671813965,7.895638465881348
22-08-1994,13.666666984558105,13.666666984558105,567225,13.833333015441895,13.777777671813965,7.895638465881348
23-08-1994,13.666666984558105,13.777777671813965,446850,13.833333015441895,13.666666984558105,7.831960201263428
24-08-1994,13.555556297302246,13.722222328186035,1418850,14.11111068725586,14.11111068725586,8.086658477783203
25-08-1994,14.0,14.166666984558105,550125,14.166666984558105,14.055556297302246,8.054823875427246
26-08-1994,14.055556297302246,14.055556297302246,237600,14.166666984558105,14.11111068725586,8.086658477783203
29-08-1994,14.055556297302246,14.222222328186035,289350,14.277777671813965,14.166666984558105,8.118496894836426
30-08-1994,14.055556297302246,14.11111068725586,140850,14.166666984558105,14.055556297302246,8.054823875427246
31-08-1994,13.833333015441895,14.0,166725,14.055556297302246,13.944443702697754,7.991146087646484
01-09-1994,13.777777671813965,13.833333015441895,182250,13.88888931274414,13.88888931274414,7.959310531616211
02-09-1994,13.777777671813965,13.88888931274414,138600,13.88888931274414,13.777777671813965,7.895638465881348
06-09-1994,13.833333015441895,13.833333015441895,131850,13.88888931274414,13.88888931274414,7.959310531616211
07-09-1994,13.833333015441895,13.88888931274414,827325,13.944443702697754,13.944443702697754,7.991146087646484
08-09-1994,13.833333015441895,14.0,242325,14.0,13.88888931274414,7.959310531616211
09-09-1994,13.722222328186035,13.777777671813965,299250,13.88888931274414,13.88888931274414,7.959310531616211
12-09-1994,13.777777671813965,13.88888931274414,292275,14.055556297302246,14.0,8.022981643676758
13-09-1994,13.833333015441895,14.11111068725586,541575,14.166666984558105,13.944443702697754,7.991146087646484
14-09-1994,13.833333015441895,14.055556297302246,618525,14.055556297302246,13.88888931274414,7.959310531616211
15-09-1994,13.666666984558105,13.833333015441895,250875,13.833333015441895,13.666666984558105,7.831960201263428
16-09-1994,13.444443702697754,13.555556297302246,603450,13.555556297302246,13.5,7.736446380615234
19-09-1994,13.5,13.555556297302246,286650,13.666666984558105,13.5,7.736446380615234
20-09-1994,13.38888931274414,13.444443702697754,249300,13.444443702697754,13.38888931274414,7.672773361206055
21-09-1994,13.166666984558105,13.38888931274414,657225,13.38888931274414,13.277777671813965,7.609100818634033
22-09-1994,13.277777671813965,13.38888931274414,186525,13.38888931274414,13.277777671813965,7.609100818634033
23-09-1994,13.277777671813965,13.277777671813965,536850,13.333333015441895,13.277777671813965,7.609100818634033
26-09-1994,13.277777671813965,13.277777671813965,215550,13.38888931274414,13.333333015441895,7.640940189361572
27-09-1994,13.166666984558105,13.38888931274414,333675,13.38888931274414,13.277777671813965,7.609100818634033
28-09-1994,13.11111068725586,13.222222328186035,144225,13.277777671813965,13.166666984558105,7.545422077178955
29-09-1994,13.0,13.11111068725586,149625,13.166666984558105,13.11111068725586,7.5135908126831055
30-09-1994,13.11111068725586,13.11111068725586,205650,13.277777671813965,13.166666984558105,7.545422077178955
03-10-1994,12.88888931274414,13.166666984558105,340425,13.166666984558105,12.944443702697754,7.418076515197754
04-10-1994,12.777777671813965,12.944443702697754,270675,13.0,12.777777671813965,7.322567462921143
05-10-1994,12.555556297302246,12.777777671813965,388125,12.944443702697754,12.833333015441895,7.354401111602783
06-10-1994,12.666666984558105,12.722222328186035,299025,12.88888931274414,12.777777671813965,7.322567462921143
07-10-1994,12.722222328186035,12.833333015441895,509400,12.88888931274414,12.722222328186035,7.290728569030762
10-10-1994,12.722222328186035,12.722222328186035,199800,12.944443702697754,12.833333015441895,7.354401111602783
11-10-1994,12.833333015441895,12.88888931274414,238950,13.055556297302246,12.88888931274414,7.386238098144531
12-10-1994,12.722222328186035,12.88888931274414,259650,12.944443702697754,12.88888931274414,7.386238098144531
13-10-1994,13.333333015441895,13.5,708075,13.61111068725586,13.444443702697754,7.704614639282227
14-10-1994,13.277777671813965,13.444443702697754,517050,13.444443702697754,13.333333015441895,7.640940189361572
17-10-1994,13.333333015441895,13.38888931274414,442800,13.555556297302246,13.555556297302246,7.7682881355285645
18-10-1994,13.38888931274414,13.444443702697754,626400,13.555556297302246,13.555556297302246,7.7682881355285645
19-10-1994,13.444443702697754,13.444443702697754,911025,14.055556297302246,14.055556297302246,8.054823875427246
20-10-1994,13.777777671813965,14.0,503550,14.0,14.0,8.022981643676758
21-10-1994,13.88888931274414,14.0,198450,14.0,14.0,8.022981643676758
24-10-1994,13.666666984558105,14.0,343800,14.055556297302246,13.666666984558105,7.831960201263428
25-10-1994,13.555556297302246,13.61111068725586,458325,13.777777671813965,13.777777671813965,7.895638465881348
26-10-1994,13.833333015441895,13.833333015441895,569475,14.055556297302246,14.055556297302246,8.054823875427246
27-10-1994,13.944443702697754,14.0,591075,14.222222328186035,14.222222328186035,8.150333404541016
28-10-1994,14.333333015441895,14.333333015441895,944100,14.777777671813965,14.666666984558105,8.405030250549316
31-10-1994,14.555556297302246,14.61111068725586,386775,14.722222328186035,14.666666984558105,8.422897338867188
01-11-1994,14.5,14.555556297302246,469125,14.88888931274414,14.722222328186035,8.454801559448242
02-11-1994,14.555556297302246,14.722222328186035,142875,14.777777671813965,14.555556297302246,8.359089851379395
03-11-1994,14.5,14.61111068725586,72000,14.666666984558105,14.61111068725586,8.3909912109375
04-11-1994,14.38888931274414,14.61111068725586,284400,14.666666984558105,14.38888931274414,8.263373374938965
07-11-1994,14.277777671813965,14.333333015441895,408600,14.5,14.5,8.32718276977539
08-11-1994,14.38888931274414,14.444443702697754,419400,14.555556297302246,14.38888931274414,8.263373374938965
09-11-1994,13.944443702697754,14.444443702697754,328275,14.444443702697754,14.0,8.04004192352295
10-11-1994,14.0,14.055556297302246,130275,14.222222328186035,14.222222328186035,8.16766357421875
11-11-1994,13.666666984558105,14.0,365175,14.055556297302246,13.833333015441895,7.944324970245361
14-11-1994,13.777777671813965,13.833333015441895,425475,13.88888931274414,13.88888931274414,7.976231575012207
15-11-1994,13.777777671813965,13.88888931274414,232875,14.0,13.88888931274414,7.976231575012207
16-11-1994,13.777777671813965,13.88888931274414,207675,13.944443702697754,13.777777671813965,7.91241979598999
17-11-1994,13.444443702697754,13.833333015441895,222075,13.833333015441895,13.444443702697754,7.720986843109131
18-11-1994,13.222222328186035,13.444443702697754,784800,13.555556297302246,13.5,7.752893924713135
21-11-1994,13.444443702697754,13.555556297302246,442350,13.722222328186035,13.555556297302246,7.784796237945557
22-11-1994,13.5,13.555556297302246,382500,13.777777671813965,13.61111068725586,7.816704750061035
23-11-1994,13.444443702697754,13.61111068725586,171675,13.61111068725586,13.555556297302246,7.784796237945557
25-11-1994,13.444443702697754,13.5,215550,13.555556297302246,13.444443702697754,7.720986843109131
28-11-1994,13.277777671813965,13.333333015441895,295425,13.444443702697754,13.277777671813965,7.625275611877441
29-11-1994,13.166666984558105,13.222222328186035,196425,13.444443702697754,13.222222328186035,7.593371391296387
30-11-1994,13.11111068725586,13.222222328186035,433350,13.277777671813965,13.11111068725586,7.529562950134277
01-12-1994,13.0,13.11111068725586,375075,13.166666984558105,13.055556297302246,7.497658729553223
02-12-1994,13.0,13.11111068725586,349425,13.166666984558105,13.166666984558105,7.561464309692383
05-12-1994,13.055556297302246,13.166666984558105,226575,13.222222328186035,13.055556297302246,7.497658729553223
06-12-1994,13.0,13.055556297302246,178650,13.11111068725586,13.11111068725586,7.529562950134277
07-12-1994,13.0,13.055556297302246,395775,13.11111068725586,13.055556297302246,7.497658729553223
08-12-1994,12.555556297302246,13.055556297302246,1151325,13.055556297302246,12.722222328186035,7.306227207183838
09-12-1994,12.38888931274414,12.61111068725586,701100,12.61111068725586,12.5,7.178603172302246
12-12-1994,12.38888931274414,12.38888931274414,480825,12.5,12.444443702697754,7.146702289581299
13-12-1994,12.38888931274414,12.444443702697754,420525,12.555556297302246,12.5,7.178603172302246
14-12-1994,12.38888931274414,12.444443702697754,447975,12.61111068725586,12.555556297302246,7.21051025390625
15-12-1994,12.38888931274414,12.666666984558105,475650,12.666666984558105,12.444443702697754,7.146702289581299
16-12-1994,12.444443702697754,12.555556297302246,629325,12.555556297302246,12.444443702697754,7.146702289581299
19-12-1994,12.38888931274414,12.38888931274414,257175,12.666666984558105,12.555556297302246,7.21051025390625
20-12-1994,12.38888931274414,12.555556297302246,665775,12.666666984558105,12.555556297302246,7.21051025390625
21-12-1994,12.444443702697754,12.444443702697754,662850,12.777777671813965,12.666666984558105,7.27431583404541
22-12-1994,12.61111068725586,12.777777671813965,278775,12.833333015441895,12.722222328186035,7.306227207183838
23-12-1994,12.722222328186035,12.777777671813965,274275,13.055556297302246,12.833333015441895,7.370035171508789
27-12-1994,12.722222328186035,12.722222328186035,219825,13.0,13.0,7.465749263763428
28-12-1994,12.666666984558105,12.944443702697754,165150,12.944443702697754,12.777777671813965,7.338129997253418
29-12-1994,12.722222328186035,12.722222328186035,376425,12.944443702697754,12.944443702697754,7.433844089508057
30-12-1994,12.833333015441895,12.88888931274414,276750,13.055556297302246,12.944443702697754,7.433844089508057
03-01-1995,12.722222328186035,12.944443702697754,217125,12.944443702697754,12.833333015441895,7.370035171508789
04-01-1995,12.666666984558105,12.833333015441895,928125,12.944443702697754,12.88888931274414,7.401941299438477
05-01-1995,12.666666984558105,12.777777671813965,175500,12.833333015441895,12.777777671813965,7.338129997253418
06-01-1995,12.61111068725586,12.777777671813965,178200,12.777777671813965,12.722222328186035,7.306227207183838
09-01-1995,12.666666984558105,12.666666984558105,88200,12.722222328186035,12.666666984558105,7.27431583404541
10-01-1995,12.666666984558105,12.666666984558105,242325,12.777777671813965,12.722222328186035,7.306227207183838
11-01-1995,12.666666984558105,12.777777671813965,330525,12.777777671813965,12.722222328186035,7.306227207183838
12-01-1995,12.666666984558105,12.722222328186035,320625,12.722222328186035,12.666666984558105,7.27431583404541
13-01-1995,12.666666984558105,12.666666984558105,470250,12.777777671813965,12.722222328186035,7.306227207183838
16-01-1995,12.666666984558105,12.722222328186035,166950,12.833333015441895,12.833333015441895,7.370035171508789
17-01-1995,12.722222328186035,12.722222328186035,371250,13.0,13.0,7.465749263763428
18-01-1995,13.055556297302246,13.055556297302246,362025,13.277777671813965,13.166666984558105,7.561464309692383
19-01-1995,13.166666984558105,13.166666984558105,248625,13.38888931274414,13.166666984558105,7.561464309692383
20-01-1995,12.944443702697754,13.222222328186035,315450,13.222222328186035,13.0,7.465749263763428
23-01-1995,12.88888931274414,12.88888931274414,108450,13.222222328186035,13.166666984558105,7.561464309692383
24-01-1995,13.055556297302246,13.166666984558105,502875,13.222222328186035,13.11111068725586,7.529562950134277
25-01-1995,13.11111068725586,13.11111068725586,200925,13.333333015441895,13.277777671813965,7.625275611877441
26-01-1995,13.222222328186035,13.222222328186035,395325,13.444443702697754,13.38888931274414,7.68908166885376
27-01-1995,13.166666984558105,13.5,233325,13.555556297302246,13.222222328186035,7.593371391296387
30-01-1995,12.944443702697754,13.166666984558105,237600,13.166666984558105,13.166666984558105,7.57929801940918
31-01-1995,13.055556297302246,13.055556297302246,796050,13.444443702697754,13.38888931274414,7.707222938537598
01-02-1995,13.166666984558105,13.444443702697754,159975,13.444443702697754,13.166666984558105,7.57929801940918
02-02-1995,12.944443702697754,13.11111068725586,490500,13.166666984558105,12.944443702697754,7.451371669769287
03-02-1995,12.944443702697754,13.0,125775,13.055556297302246,13.055556297302246,7.515337944030762
06-02-1995,12.944443702697754,13.055556297302246,515475,13.055556297302246,13.055556297302246,7.515337944030762
07-02-1995,13.055556297302246,13.11111068725586,252450,13.222222328186035,13.222222328186035,7.6112799644470215
08-02-1995,13.11111068725586,13.166666984558105,352350,13.222222328186035,13.11111068725586,7.547314167022705
09-02-1995,13.222222328186035,13.222222328186035,421650,13.5,13.444443702697754,7.739200115203857
10-02-1995,13.5,13.5,313650,13.88888931274414,13.88888931274414,7.995039463043213
13-02-1995,13.777777671813965,13.88888931274414,382500,14.166666984558105,14.055556297302246,8.090982437133789
14-02-1995,14.055556297302246,14.055556297302246,940725,14.5,14.38888931274414,8.282858848571777
15-02-1995,14.11111068725586,14.444443702697754,626850,14.444443702697754,14.11111068725586,8.122958183288574
16-02-1995,13.944443702697754,14.11111068725586,157050,14.11111068725586,14.055556297302246,8.090982437133789
17-02-1995,14.055556297302246,14.11111068725586,134100,14.222222328186035,14.11111068725586,8.122958183288574
21-02-1995,13.944443702697754,14.11111068725586,88875,14.11111068725586,13.944443702697754,8.027020454406738
22-02-1995,13.88888931274414,13.944443702697754,271800,14.0,13.944443702697754,8.027020454406738
23-02-1995,13.88888931274414,13.944443702697754,119025,14.0,13.944443702697754,8.027020454406738
24-02-1995,13.88888931274414,13.944443702697754,101700,14.0,14.0,8.058999061584473
27-02-1995,13.88888931274414,13.944443702697754,93825,14.0,14.0,8.058999061584473
28-02-1995,13.88888931274414,14.0,124650,14.0,14.0,8.058999061584473
01-03-1995,13.88888931274414,14.0,111825,14.0,13.88888931274414,7.995039463043213
02-03-1995,13.833333015441895,13.833333015441895,109575,14.222222328186035,14.222222328186035,8.186923027038574
03-03-1995,14.11111068725586,14.222222328186035,761850,14.38888931274414,14.11111068725586,8.122958183288574
06-03-1995,14.0,14.055556297302246,132750,14.11111068725586,14.11111068725586,8.122958183288574
07-03-1995,13.777777671813965,14.0,249075,14.055556297302246,13.777777671813965,7.931079864501953
08-03-1995,13.833333015441895,13.833333015441895,129600,13.944443702697754,13.88888931274414,7.995039463043213
09-03-1995,13.777777671813965,13.833333015441895,103725,13.944443702697754,13.88888931274414,7.995039463043213
10-03-1995,13.944443702697754,13.944443702697754,108900,14.11111068725586,14.055556297302246,8.090982437133789
13-03-1995,13.944443702697754,14.11111068725586,805725,14.166666984558105,14.0,8.058999061584473
14-03-1995,13.333333015441895,13.944443702697754,1345950,13.944443702697754,13.555556297302246,7.803155899047852
15-03-1995,13.444443702697754,13.555556297302246,546975,13.666666984558105,13.61111068725586,7.835137367248535
16-03-1995,13.944443702697754,14.055556297302246,2753100,14.222222328186035,14.11111068725586,8.122958183288574
17-03-1995,14.11111068725586,14.11111068725586,1457325,14.222222328186035,14.222222328186035,8.186923027038574
20-03-1995,14.11111068725586,14.166666984558105,534600,14.222222328186035,14.166666984558105,8.154938697814941
21-03-1995,14.11111068725586,14.166666984558105,544050,14.222222328186035,14.166666984558105,8.154938697814941
22-03-1995,14.166666984558105,14.222222328186035,396900,14.277777671813965,14.222222328186035,8.186923027038574
23-03-1995,14.222222328186035,14.277777671813965,391050,14.38888931274414,14.222222328186035,8.186923027038574
24-03-1995,14.222222328186035,14.277777671813965,776700,14.61111068725586,14.555556297302246,8.378800392150879
27-03-1995,14.61111068725586,14.61111068725586,400050,15.0,14.88888931274414,8.570682525634766
28-03-1995,14.777777671813965,14.777777671813965,441450,14.944443702697754,14.944443702697754,8.602659225463867
29-03-1995,14.88888931274414,14.944443702697754,297900,15.0,15.0,8.63464069366455
30-03-1995,14.88888931274414,14.944443702697754,562725,15.0,15.0,8.63464069366455
31-03-1995,14.777777671813965,14.88888931274414,273150,15.055556297302246,15.0,8.63464069366455
03-04-1995,14.944443702697754,15.0,234900,15.11111068725586,15.0,8.63464069366455
04-04-1995,14.88888931274414,15.0,256950,15.222222328186035,15.222222328186035,8.76255989074707
05-04-1995,15.11111068725586,15.166666984558105,444600,15.222222328186035,15.166666984558105,8.730582237243652
06-04-1995,14.944443702697754,15.166666984558105,125100,15.166666984558105,15.0,8.63464069366455
07-04-1995,14.88888931274414,15.0,224550,15.0,14.944443702697754,8.602659225463867
10-04-1995,14.944443702697754,14.944443702697754,336825,15.0,15.0,8.63464069366455
11-04-1995,14.833333015441895,15.055556297302246,363150,15.055556297302246,14.944443702697754,8.602659225463867
12-04-1995,14.833333015441895,14.88888931274414,825750,15.0,14.88888931274414,8.570682525634766
13-04-1995,14.666666984558105,14.833333015441895,311175,14.88888931274414,14.666666984558105,8.442764282226562
17-04-1995,14.444443702697754,14.722222328186035,234900,14.777777671813965,14.444443702697754,8.314840316772461
18-04-1995,14.055556297302246,14.444443702697754,1041300,14.5,14.166666984558105,8.154938697814941
19-04-1995,14.166666984558105,14.222222328186035,531225,14.222222328186035,14.166666984558105,8.154938697814941
20-04-1995,14.166666984558105,14.222222328186035,985950,14.38888931274414,14.277777671813965,8.218900680541992
21-04-1995,14.11111068725586,14.333333015441895,532800,14.333333015441895,14.166666984558105,8.154938697814941
24-04-1995,14.055556297302246,14.055556297302246,304200,14.277777671813965,14.166666984558105,8.154938697814941
25-04-1995,14.166666984558105,14.222222328186035,724050,14.277777671813965,14.222222328186035,8.186923027038574
26-04-1995,14.166666984558105,14.222222328186035,292050,14.333333015441895,14.166666984558105,8.154938697814941
27-04-1995,14.11111068725586,14.11111068725586,154800,14.222222328186035,14.222222328186035,8.186923027038574
28-04-1995,14.11111068725586,14.11111068725586,281925,14.277777671813965,14.11111068725586,8.122958183288574
01-05-1995,14.0,14.0,357525,14.222222328186035,14.222222328186035,8.207603454589844
02-05-1995,14.055556297302246,14.166666984558105,109575,14.166666984558105,14.11111068725586,8.14348316192627
03-05-1995,14.166666984558105,14.166666984558105,261450,14.333333015441895,14.333333015441895,8.271730422973633
04-05-1995,14.11111068725586,14.333333015441895,335025,14.333333015441895,14.166666984558105,8.175540924072266
05-05-1995,14.0,14.222222328186035,84600,14.222222328186035,14.055556297302246,8.111422538757324
08-05-1995,14.0,14.0,151425,14.222222328186035,14.11111068725586,8.14348316192627
09-05-1995,14.055556297302246,14.055556297302246,580725,14.38888931274414,14.277777671813965,8.239664077758789
10-05-1995,13.944443702697754,14.222222328186035,677925,14.333333015441895,14.055556297302246,8.111422538757324
11-05-1995,14.0,14.11111068725586,529650,14.444443702697754,14.444443702697754,8.335844993591309
12-05-1995,14.38888931274414,14.38888931274414,786150,15.11111068725586,15.11111068725586,8.720579147338867
15-05-1995,15.0,15.11111068725586,439875,15.277777671813965,15.055556297302246,8.688520431518555
16-05-1995,14.88888931274414,15.11111068725586,1029375,15.166666984558105,15.11111068725586,8.720579147338867
17-05-1995,14.88888931274414,15.11111068725586,319500,15.11111068725586,15.0,8.65645694732666
18-05-1995,14.722222328186035,15.0,473175,15.055556297302246,14.722222328186035,8.496150016784668
19-05-1995,14.61111068725586,14.777777671813965,172350,14.833333015441895,14.61111068725586,8.43203067779541
22-05-1995,14.666666984558105,14.666666984558105,185850,14.944443702697754,14.88888931274414,8.592334747314453
23-05-1995,14.944443702697754,14.944443702697754,360900,15.11111068725586,15.0,8.65645694732666
24-05-1995,14.722222328186035,15.0,628200,15.055556297302246,14.88888931274414,8.592334747314453
25-05-1995,14.777777671813965,14.88888931274414,173025,15.0,14.944443702697754,8.624394416809082
26-05-1995,14.777777671813965,14.944443702697754,76725,14.944443702697754,14.88888931274414,8.592334747314453
30-05-1995,14.833333015441895,14.944443702697754,150300,15.11111068725586,15.11111068725586,8.720579147338867
31-05-1995,14.944443702697754,15.0,365850,15.666666984558105,15.666666984558105,9.041183471679688
01-06-1995,15.166666984558105,15.555556297302246,262800,15.555556297302246,15.166666984558105,8.752636909484863
02-06-1995,15.0,15.11111068725586,336150,15.277777671813965,15.11111068725586,8.720579147338867
05-06-1995,15.166666984558105,15.222222328186035,956475,15.5,15.444443702697754,8.912943840026855
06-06-1995,15.166666984558105,15.5,101925,15.5,15.166666984558105,8.752636909484863
07-06-1995,14.944443702697754,15.166666984558105,145125,15.222222328186035,15.11111068725586,8.720579147338867
08-06-1995,15.0,15.11111068725586,64350,15.11111068725586,15.055556297302246,8.688520431518555
09-06-1995,14.61111068725586,15.055556297302246,321525,15.055556297302246,14.61111068725586,8.43203067779541
12-06-1995,14.5,14.666666984558105,446850,14.722222328186035,14.5,8.367908477783203
13-06-1995,14.555556297302246,14.61111068725586,1030950,14.777777671813965,14.555556297302246,8.399967193603516
14-06-1995,14.222222328186035,14.5,651375,14.5,14.333333015441895,8.271730422973633
15-06-1995,14.055556297302246,14.333333015441895,294750,14.333333015441895,14.11111068725586,8.14348316192627
16-06-1995,14.166666984558105,14.222222328186035,939375,14.38888931274414,14.333333015441895,8.271730422973633
19-06-1995,14.38888931274414,14.38888931274414,1620675,14.61111068725586,14.555556297302246,8.399967193603516
20-06-1995,14.11111068725586,14.61111068725586,568125,14.61111068725586,14.277777671813965,8.239664077758789
21-06-1995,14.055556297302246,14.277777671813965,813375,14.277777671813965,14.166666984558105,8.175540924072266
22-06-1995,14.166666984558105,14.277777671813965,266850,14.277777671813965,14.222222328186035,8.207603454589844
23-06-1995,14.0,14.0,423675,14.222222328186035,14.222222328186035,8.207603454589844
26-06-1995,14.055556297302246,14.166666984558105,274725,14.222222328186035,14.11111068725586,8.14348316192627
27-06-1995,14.0,14.166666984558105,397575,14.222222328186035,14.0,8.07935619354248
28-06-1995,13.944443702697754,14.055556297302246,348525,14.055556297302246,14.055556297302246,8.111422538757324
29-06-1995,13.944443702697754,14.055556297302246,131175,14.055556297302246,14.055556297302246,8.111422538757324
30-06-1995,14.0,14.055556297302246,211500,14.166666984558105,14.11111068725586,8.14348316192627
03-07-1995,13.944443702697754,14.055556297302246,155025,14.055556297302246,14.0,8.07935619354248
05-07-1995,13.666666984558105,14.0,256500,14.0,13.666666984558105,7.886992931365967
06-07-1995,13.61111068725586,13.666666984558105,447750,13.777777671813965,13.722222328186035,7.9190568923950195
07-07-1995,13.722222328186035,13.722222328186035,772425,13.777777671813965,13.777777671813965,7.951118469238281
10-07-1995,13.722222328186035,13.833333015441895,405900,13.88888931274414,13.777777671813965,7.951118469238281
11-07-1995,13.61111068725586,13.777777671813965,286875,13.777777671813965,13.666666984558105,7.886992931365967
12-07-1995,13.333333015441895,13.555556297302246,1668375,13.777777671813965,13.38888931274414,7.726688861846924
13-07-1995,13.777777671813965,13.777777671813965,633600,13.944443702697754,13.88888931274414,8.015241622924805
14-07-1995,13.722222328186035,13.833333015441895,493875,13.88888931274414,13.833333015441895,7.983181953430176
17-07-1995,13.777777671813965,13.777777671813965,74475,14.0,13.944443702697754,8.047301292419434
18-07-1995,13.555556297302246,13.777777671813965,429525,13.88888931274414,13.666666984558105,7.886992931365967
19-07-1995,13.38888931274414,13.555556297302246,858600,13.61111068725586,13.444443702697754,7.758747577667236
20-07-1995,13.38888931274414,13.444443702697754,544050,13.555556297302246,13.444443702697754,7.758747577667236
21-07-1995,13.444443702697754,13.444443702697754,189900,13.777777671813965,13.666666984558105,7.886992931365967
24-07-1995,13.333333015441895,13.722222328186035,542925,13.722222328186035,13.333333015441895,7.694632530212402
25-07-1995,13.222222328186035,13.333333015441895,1174725,13.38888931274414,13.277777671813965,7.66256856918335
26-07-1995,13.222222328186035,13.333333015441895,879300,13.5,13.444443702697754,7.758747577667236
27-07-1995,13.555556297302246,13.555556297302246,729675,13.666666984558105,13.666666984558105,7.886992931365967
28-07-1995,13.555556297302246,13.555556297302246,985500,14.11111068725586,14.055556297302246,8.111422538757324
31-07-1995,13.722222328186035,14.0,321975,14.055556297302246,13.88888931274414,8.015241622924805
01-08-1995,13.666666984558105,13.777777671813965,310950,13.833333015441895,13.777777671813965,7.951118469238281
02-08-1995,13.555556297302246,13.833333015441895,1942425,13.944443702697754,13.555556297302246,7.843112468719482
03-08-1995,13.444443702697754,13.555556297302246,290025,13.777777671813965,13.722222328186035,7.939547061920166
04-08-1995,13.61111068725586,13.722222328186035,465975,13.777777671813965,13.666666984558105,7.907402515411377
07-08-1995,13.277777671813965,13.722222328186035,407025,13.722222328186035,13.333333015441895,7.714536666870117
08-08-1995,13.333333015441895,13.333333015441895,978525,13.722222328186035,13.722222328186035,7.939547061920166
09-08-1995,13.5,13.666666984558105,3322800,13.833333015441895,13.833333015441895,8.003839492797852
10-08-1995,14.0,14.055556297302246,2215125,14.277777671813965,14.166666984558105,8.196700096130371
11-08-1995,13.833333015441895,14.055556297302246,703800,14.055556297302246,14.055556297302246,8.132411003112793
14-08-1995,13.88888931274414,14.055556297302246,452250,14.055556297302246,14.0,8.100265502929688
15-08-1995,13.88888931274414,14.0,781875,14.0,14.0,8.100265502929688
16-08-1995,13.944443702697754,14.0,982350,14.166666984558105,14.0,8.100265502929688
17-08-1995,14.11111068725586,14.11111068725586,1753425,14.5,14.444443702697754,8.357415199279785
18-08-1995,14.444443702697754,14.444443702697754,658350,14.722222328186035,14.722222328186035,8.518135070800781
21-08-1995,14.666666984558105,14.777777671813965,724950,14.88888931274414,14.777777671813965,8.550283432006836
22-08-1995,14.555556297302246,14.666666984558105,1157625,14.722222328186035,14.61111068725586,8.453848838806152
23-08-1995,14.555556297302246,14.61111068725586,534375,14.666666984558105,14.666666984558105,8.485994338989258
24-08-1995,14.11111068725586,14.555556297302246,479700,14.555556297302246,14.277777671813965,8.26098346710205
25-08-1995,14.38888931274414,14.38888931274414,308700,14.61111068725586,14.38888931274414,8.325270652770996
28-08-1995,14.11111068725586,14.38888931274414,295425,14.444443702697754,14.222222328186035,8.228840827941895
29-08-1995,14.11111068725586,14.222222328186035,230400,14.333333015441895,14.222222328186035,8.228840827941895
30-08-1995,14.333333015441895,14.333333015441895,225225,14.555556297302246,14.555556297302246,8.421703338623047
31-08-1995,14.38888931274414,14.555556297302246,42075,14.61111068725586,14.444443702697754,8.357415199279785
01-09-1995,14.277777671813965,14.444443702697754,355050,14.555556297302246,14.5,8.389558792114258
05-09-1995,14.333333015441895,14.5,286650,14.5,14.333333015441895,8.293131828308105
06-09-1995,13.944443702697754,14.277777671813965,776700,14.277777671813965,14.055556297302246,8.132411003112793
07-09-1995,13.88888931274414,14.055556297302246,557100,14.11111068725586,13.944443702697754,8.068123817443848
08-09-1995,13.916666984558105,14.0,408150,14.222222328186035,14.166666984558105,8.196700096130371
11-09-1995,14.055556297302246,14.11111068725586,274050,14.166666984558105,14.11111068725586,8.16455364227295
12-09-1995,14.055556297302246,14.11111068725586,216000,14.222222328186035,14.166666984558105,8.196700096130371
13-09-1995,14.11111068725586,14.11111068725586,783000,14.444443702697754,14.333333015441895,8.293131828308105
14-09-1995,14.333333015441895,14.333333015441895,622125,14.5,14.5,8.389558792114258
15-09-1995,14.222222328186035,14.555556297302246,595350,14.555556297302246,14.333333015441895,8.293131828308105
18-09-1995,14.166666984558105,14.222222328186035,488025,14.333333015441895,14.333333015441895,8.293131828308105
19-09-1995,14.055556297302246,14.277777671813965,1177650,14.333333015441895,14.166666984558105,8.196700096130371
20-09-1995,14.11111068725586,14.166666984558105,427950,14.277777671813965,14.166666984558105,8.196700096130371
21-09-1995,14.0,14.055556297302246,383625,14.166666984558105,14.166666984558105,8.196700096130371
22-09-1995,13.777777671813965,14.166666984558105,978075,14.222222328186035,13.777777671813965,7.971695423126221
25-09-1995,13.944443702697754,14.055556297302246,592875,14.166666984558105,13.944443702697754,8.068123817443848
26-09-1995,13.5,13.777777671813965,717975,13.833333015441895,13.555556297302246,7.843112468719482
27-09-1995,13.5,13.555556297302246,248175,13.722222328186035,13.61111068725586,7.875260353088379
28-09-1995,13.5,13.666666984558105,627975,13.88888931274414,13.777777671813965,7.971695423126221
29-09-1995,13.777777671813965,13.88888931274414,415350,14.0,13.833333015441895,8.003839492797852
02-10-1995,13.555556297302246,13.833333015441895,980775,13.833333015441895,13.61111068725586,7.875260353088379
03-10-1995,13.444443702697754,13.61111068725586,436950,13.61111068725586,13.5,7.810970306396484
04-10-1995,13.333333015441895,13.5,465975,13.5,13.444443702697754,7.7788286209106445
05-10-1995,13.277777671813965,13.444443702697754,425250,13.5,13.333333015441895,7.714536666870117
06-10-1995,13.333333015441895,13.333333015441895,210825,13.666666984558105,13.666666984558105,7.907402515411377
09-10-1995,13.5,13.61111068725586,102825,13.666666984558105,13.61111068725586,7.875260353088379
10-10-1995,13.38888931274414,13.555556297302246,585225,13.722222328186035,13.555556297302246,7.843112468719482
11-10-1995,13.61111068725586,13.61111068725586,328050,13.722222328186035,13.666666984558105,7.907402515411377
12-10-1995,13.61111068725586,13.722222328186035,176400,13.722222328186035,13.666666984558105,7.907402515411377
13-10-1995,13.5,13.722222328186035,192375,13.722222328186035,13.666666984558105,7.907402515411377
16-10-1995,13.5,13.666666984558105,171675,13.666666984558105,13.555556297302246,7.843112468719482
17-10-1995,13.333333015441895,13.555556297302246,309825,13.555556297302246,13.38888931274414,7.746683597564697
18-10-1995,13.0,13.38888931274414,3262725,13.444443702697754,13.0,7.5216755867004395
19-10-1995,12.944443702697754,13.055556297302246,345375,13.11111068725586,13.11111068725586,7.585964679718018
20-10-1995,13.0,13.11111068725586,302400,13.11111068725586,13.11111068725586,7.585964679718018
23-10-1995,12.833333015441895,13.11111068725586,528075,13.11111068725586,12.833333015441895,7.42524528503418
24-10-1995,12.666666984558105,12.944443702697754,1983825,13.11111068725586,13.0,7.5216755867004395
25-10-1995,12.944443702697754,13.11111068725586,306450,13.222222328186035,13.055556297302246,7.553821086883545
26-10-1995,13.11111068725586,13.11111068725586,459900,13.277777671813965,13.166666984558105,7.618107318878174
27-10-1995,13.11111068725586,13.11111068725586,333675,13.333333015441895,13.333333015441895,7.714536666870117
30-10-1995,13.333333015441895,13.333333015441895,321975,13.666666984558105,13.666666984558105,7.907402515411377
31-10-1995,13.555556297302246,13.666666984558105,764550,13.777777671813965,13.555556297302246,7.843112468719482
01-11-1995,13.5,13.5,467325,13.777777671813965,13.666666984558105,7.928203582763672
02-11-1995,13.61111068725586,13.666666984558105,962775,14.0,13.722222328186035,7.960432052612305
03-11-1995,13.38888931274414,13.666666984558105,402975,13.722222328186035,13.5,7.8315205574035645
06-11-1995,13.5,13.555556297302246,207225,13.61111068725586,13.5,7.8315205574035645
07-11-1995,13.277777671813965,13.5,313200,13.555556297302246,13.5,7.8315205574035645
08-11-1995,13.5,13.555556297302246,277425,13.777777671813965,13.777777671813965,7.9926557540893555
09-11-1995,13.666666984558105,13.777777671813965,592650,13.88888931274414,13.833333015441895,8.024883270263672
10-11-1995,13.722222328186035,13.777777671813965,519975,13.944443702697754,13.777777671813965,7.9926557540893555
13-11-1995,13.5,13.666666984558105,364500,13.722222328186035,13.61111068725586,7.895974636077881
14-11-1995,13.5,13.555556297302246,187650,13.722222328186035,13.666666984558105,7.928203582763672
15-11-1995,13.61111068725586,13.666666984558105,275175,13.833333015441895,13.722222328186035,7.960432052612305
16-11-1995,13.61111068725586,13.722222328186035,484650,13.722222328186035,13.666666984558105,7.928203582763672
17-11-1995,13.666666984558105,13.777777671813965,288675,13.777777671813965,13.722222328186035,7.960432052612305
20-11-1995,13.555556297302246,13.666666984558105,538200,13.722222328186035,13.61111068725586,7.895974636077881
21-11-1995,13.555556297302246,13.61111068725586,317475,13.777777671813965,13.777777671813965,7.9926557540893555
22-11-1995,13.777777671813965,13.833333015441895,480825,13.944443702697754,13.777777671813965,7.9926557540893555
24-11-1995,13.722222328186035,13.833333015441895,66150,13.833333015441895,13.777777671813965,7.9926557540893555
27-11-1995,13.61111068725586,13.833333015441895,313650,13.833333015441895,13.722222328186035,7.960432052612305
28-11-1995,13.555556297302246,13.722222328186035,206550,13.722222328186035,13.722222328186035,7.960432052612305
29-11-1995,13.722222328186035,13.722222328186035,280575,13.833333015441895,13.833333015441895,8.024883270263672
30-11-1995,13.555556297302246,13.777777671813965,352350,13.833333015441895,13.555556297302246,7.863740921020508
01-12-1995,13.555556297302246,13.61111068725586,682200,13.777777671813965,13.722222328186035,7.960432052612305
04-12-1995,13.666666984558105,13.722222328186035,543600,13.88888931274414,13.833333015441895,8.024883270263672
05-12-1995,13.833333015441895,13.88888931274414,815625,14.166666984558105,14.166666984558105,8.218254089355469
06-12-1995,14.055556297302246,14.333333015441895,847350,14.5,14.166666984558105,8.218254089355469
07-12-1995,13.944443702697754,14.11111068725586,88650,14.11111068725586,14.0,8.12157154083252
08-12-1995,13.722222328186035,14.055556297302246,218700,14.055556297302246,13.833333015441895,8.024883270263672
11-12-1995,13.61111068725586,13.88888931274414,351450,13.88888931274414,13.61111068725586,7.895974636077881
12-12-1995,13.444443702697754,13.5,717525,13.88888931274414,13.777777671813965,7.9926557540893555
13-12-1995,13.61111068725586,13.722222328186035,523575,13.722222328186035,13.666666984558105,7.928203582763672
14-12-1995,13.333333015441895,13.722222328186035,1030500,13.722222328186035,13.555556297302246,7.863740921020508
15-12-1995,13.444443702697754,13.555556297302246,1542600,13.555556297302246,13.5,7.8315205574035645
18-12-1995,13.333333015441895,13.5,1214325,13.555556297302246,13.555556297302246,7.863740921020508
19-12-1995,13.333333015441895,13.444443702697754,692325,13.444443702697754,13.38888931274414,7.767060279846191
20-12-1995,13.38888931274414,13.444443702697754,489600,13.722222328186035,13.666666984558105,7.928203582763672
21-12-1995,13.444443702697754,13.666666984558105,467325,13.722222328186035,13.444443702697754,7.799286365509033
22-12-1995,13.444443702697754,13.444443702697754,371700,13.666666984558105,13.61111068725586,7.895974636077881
26-12-1995,13.555556297302246,13.666666984558105,159975,13.722222328186035,13.666666984558105,7.928203582763672
27-12-1995,13.333333015441895,13.777777671813965,605250,13.777777671813965,13.61111068725586,7.895974636077881
28-12-1995,13.444443702697754,13.61111068725586,194625,13.61111068725586,13.5,7.8315205574035645
29-12-1995,13.5,13.5,488700,13.833333015441895,13.777777671813965,7.9926557540893555
02-01-1996,13.444443702697754,13.777777671813965,689625,13.777777671813965,13.722222328186035,7.960432052612305
03-01-1996,13.777777671813965,13.833333015441895,972000,13.944443702697754,13.833333015441895,8.024883270263672
04-01-1996,13.833333015441895,13.833333015441895,927225,14.055556297302246,13.944443702697754,8.089344024658203
05-01-1996,13.88888931274414,14.055556297302246,668025,14.055556297302246,13.944443702697754,8.089344024658203
08-01-1996,13.944443702697754,14.0,98550,14.0,14.0,8.12157154083252
09-01-1996,13.722222328186035,14.0,817650,14.0,13.777777671813965,7.9926557540893555
10-01-1996,13.666666984558105,13.666666984558105,1095750,13.833333015441895,13.722222328186035,7.960432052612305
11-01-1996,13.555556297302246,13.722222328186035,531450,13.777777671813965,13.777777671813965,7.9926557540893555
12-01-1996,13.5,13.722222328186035,540450,13.722222328186035,13.555556297302246,7.863740921020508
15-01-1996,13.277777671813965,13.555556297302246,677700,13.555556297302246,13.333333015441895,7.734828472137451
16-01-1996,13.11111068725586,13.38888931274414,587250,13.444443702697754,13.333333015441895,7.734828472137451
17-01-1996,12.944443702697754,13.277777671813965,579150,13.333333015441895,13.0,7.541463851928711
18-01-1996,12.833333015441895,12.833333015441895,402750,13.277777671813965,13.222222328186035,7.670372009277344
19-01-1996,13.11111068725586,13.11111068725586,636300,13.38888931274414,13.333333015441895,7.734828472137451
22-01-1996,13.166666984558105,13.333333015441895,660600,13.555556297302246,13.5,7.8315205574035645
23-01-1996,13.5,13.5,1539000,13.833333015441895,13.666666984558105,7.928203582763672
24-01-1996,13.555556297302246,13.666666984558105,1180800,13.722222328186035,13.61111068725586,7.895974636077881
25-01-1996,17.77777862548828,18.666667938232422,20072475,20.0,18.0,10.442022323608398
26-01-1996,18.333332061767578,18.55555534362793,12265200,19.38888931274414,19.11111068725586,11.086588859558105
29-01-1996,19.166667938232422,19.166667938232422,12480525,19.5,19.44444465637207,11.279962539672852
30-01-1996,19.333332061767578,19.333332061767578,7795575,19.666667938232422,19.44444465637207,11.279962539672852
31-01-1996,17.72222137451172,18.88888931274414,11131425,18.88888931274414,18.44444465637207,10.719449996948242
01-02-1996,17.88888931274414,18.44444465637207,4653675,18.44444465637207,18.11111068725586,10.52572250366211
02-02-1996,14.055556297302246,14.666666984558105,26326125,15.444443702697754,15.38888931274414,8.94364070892334
05-02-1996,15.055556297302246,15.277777671813965,7129575,15.444443702697754,15.444443702697754,8.975924491882324
06-02-1996,15.11111068725586,15.38888931274414,1984950,15.38888931274414,15.277777671813965,8.87906265258789
07-02-1996,15.166666984558105,15.333333015441895,1318275,15.38888931274414,15.277777671813965,8.87906265258789
08-02-1996,15.222222328186035,15.333333015441895,4597200,16.11111068725586,15.88888931274414,9.234231948852539
09-02-1996,15.61111068725586,16.05555534362793,2460600,16.166667938232422,15.666666984558105,9.10507869720459
12-02-1996,15.333333015441895,15.722222328186035,1264500,15.833333015441895,15.444443702697754,8.975924491882324
13-02-1996,15.5,15.555556297302246,2027025,15.833333015441895,15.777777671813965,9.16965103149414
14-02-1996,15.722222328186035,15.777777671813965,1653300,15.944443702697754,15.777777671813965,9.16965103149414
15-02-1996,15.722222328186035,15.777777671813965,2177325,15.833333015441895,15.833333015441895,9.20194149017334
16-02-1996,15.61111068725586,15.777777671813965,1363050,15.777777671813965,15.722222328186035,9.137367248535156
20-02-1996,15.5,15.5,2019150,15.833333015441895,15.777777671813965,9.16965103149414
21-02-1996,15.666666984558105,15.777777671813965,3176775,15.777777671813965,15.722222328186035,9.137367248535156
22-02-1996,15.63888931274414,15.722222328186035,2352600,15.777777671813965,15.777777671813965,9.16965103149414
23-02-1996,15.534722328186035,15.722222328186035,1148400,15.722222328186035,15.61111068725586,9.072790145874023
26-02-1996,15.222222328186035,15.61111068725586,1780875,15.61111068725586,15.277777671813965,8.87906265258789
27-02-1996,15.055556297302246,15.222222328186035,790200,15.38888931274414,15.38888931274414,8.94364070892334
28-02-1996,15.277777671813965,15.38888931274414,362925,15.444443702697754,15.38888931274414,8.94364070892334
29-02-1996,15.222222328186035,15.277777671813965,1827000,15.38888931274414,15.333333015441895,8.911352157592773
01-03-1996,15.277777671813965,15.38888931274414,482850,15.5,15.5,9.008214950561523
04-03-1996,15.38888931274414,15.444443702697754,489825,15.61111068725586,15.5,9.008214950561523
05-03-1996,15.5,15.5,2065500,15.833333015441895,15.722222328186035,9.137367248535156
06-03-1996,15.555556297302246,15.666666984558105,3001275,15.777777671813965,15.666666984558105,9.10507869720459
07-03-1996,15.555556297302246,15.61111068725586,1430775,15.944443702697754,15.944443702697754,9.26651668548584
08-03-1996,15.5,15.666666984558105,1209825,15.777777671813965,15.555556297302246,9.040497779846191
11-03-1996,15.444443702697754,15.5,1065150,15.722222328186035,15.722222328186035,9.137367248535156
12-03-1996,15.5,15.666666984558105,1230075,15.722222328186035,15.5,9.008214950561523
13-03-1996,15.5,15.5,1957950,15.61111068725586,15.61111068725586,9.072790145874023
14-03-1996,15.555556297302246,15.61111068725586,1769400,15.777777671813965,15.666666984558105,9.10507869720459
15-03-1996,15.61111068725586,15.722222328186035,1755000,15.722222328186035,15.666666984558105,9.10507869720459
18-03-1996,15.61111068725586,15.666666984558105,1013850,15.944443702697754,15.944443702697754,9.26651668548584
19-03-1996,16.0,16.11111068725586,1902150,16.38888931274414,16.38888931274414,9.524813652038574
20-03-1996,16.44444465637207,16.44444465637207,711675,16.72222137451172,16.61111068725586,9.653965950012207
21-03-1996,16.44444465637207,16.61111068725586,1355850,16.61111068725586,16.44444465637207,9.557104110717773
22-03-1996,16.5,16.55555534362793,767025,16.77777862548828,16.77777862548828,9.750825881958008
25-03-1996,16.55555534362793,16.88888931274414,846450,17.0,16.666667938232422,9.68625259399414
26-03-1996,16.44444465637207,16.61111068725586,548100,16.666667938232422,16.61111068725586,9.653965950012207
27-03-1996,16.55555534362793,16.61111068725586,537750,16.72222137451172,16.55555534362793,9.62167739868164
28-03-1996,16.38888931274414,16.5,517950,16.61111068725586,16.55555534362793,9.62167739868164
29-03-1996,16.44444465637207,16.55555534362793,459225,16.72222137451172,16.44444465637207,9.557104110717773
01-04-1996,16.5,16.5,459225,16.61111068725586,16.61111068725586,9.653965950012207
02-04-1996,16.38888931274414,16.666667938232422,564300,16.666667938232422,16.5,9.58938980102539
03-04-1996,16.44444465637207,16.44444465637207,1241100,16.77777862548828,16.72222137451172,9.71854019165039
04-04-1996,16.666667938232422,16.72222137451172,1180800,17.0,16.94444465637207,9.847692489624023
08-04-1996,16.666667938232422,16.77777862548828,505350,16.833332061767578,16.77777862548828,9.750825881958008
09-04-1996,16.61111068725586,16.72222137451172,334350,16.77777862548828,16.77777862548828,9.750825881958008
10-04-1996,16.333332061767578,16.72222137451172,433125,16.77777862548828,16.333332061767578,9.492523193359375
11-04-1996,16.05555534362793,16.333332061767578,436500,16.38888931274414,16.333332061767578,9.492523193359375
12-04-1996,16.11111068725586,16.333332061767578,515025,16.333332061767578,16.27777862548828,9.460236549377441
15-04-1996,15.833333015441895,16.22222137451172,562950,16.27777862548828,15.944443702697754,9.26651668548584
16-04-1996,15.88888931274414,15.88888931274414,1334025,16.27777862548828,16.27777862548828,9.460236549377441
17-04-1996,16.05555534362793,16.22222137451172,641025,16.22222137451172,16.22222137451172,9.427947998046875
18-04-1996,16.11111068725586,16.27777862548828,523800,16.27777862548828,16.166667938232422,9.395660400390625
19-04-1996,15.88888931274414,16.27777862548828,1646325,16.27777862548828,15.88888931274414,9.234231948852539
22-04-1996,15.88888931274414,15.88888931274414,510525,16.0,16.0,9.29880142211914
23-04-1996,15.944443702697754,16.0,1885500,16.44444465637207,16.44444465637207,9.557104110717773
24-04-1996,16.166667938232422,16.333332061767578,448650,16.38888931274414,16.333332061767578,9.492523193359375
25-04-1996,16.11111068725586,16.27777862548828,411075,16.38888931274414,16.38888931274414,9.524813652038574
26-04-1996,16.27777862548828,16.44444465637207,922950,16.666667938232422,16.27777862548828,9.460236549377441
29-04-1996,16.166667938232422,16.166667938232422,365625,16.333332061767578,16.27777862548828,9.460236549377441
30-04-1996,16.27777862548828,16.27777862548828,624375,16.38888931274414,16.333332061767578,9.492523193359375
01-05-1996,16.38888931274414,16.38888931274414,1278225,16.61111068725586,16.55555534362793,9.647927284240723
02-05-1996,16.38888931274414,16.5,702000,16.55555534362793,16.55555534362793,9.647927284240723
03-05-1996,16.44444465637207,16.61111068725586,700650,16.666667938232422,16.5,9.615551948547363
06-05-1996,16.38888931274414,16.5,526275,16.55555534362793,16.55555534362793,9.647927284240723
07-05-1996,16.333332061767578,16.666667938232422,779400,16.666667938232422,16.38888931274414,9.550799369812012
08-05-1996,16.27777862548828,16.38888931274414,1191600,16.38888931274414,16.38888931274414,9.550799369812012
09-05-1996,16.44444465637207,16.44444465637207,1957275,16.94444465637207,16.94444465637207,9.874558448791504
10-05-1996,16.72222137451172,16.88888931274414,994050,16.88888931274414,16.833332061767578,9.80980396270752
13-05-1996,16.72222137451172,16.77777862548828,709875,16.94444465637207,16.77777862548828,9.777429580688477
14-05-1996,16.61111068725586,16.72222137451172,511650,16.77777862548828,16.77777862548828,9.777429580688477
15-05-1996,16.666667938232422,16.77777862548828,490725,16.833332061767578,16.833332061767578,9.80980396270752
16-05-1996,16.72222137451172,16.833332061767578,785025,16.88888931274414,16.833332061767578,9.80980396270752
17-05-1996,16.55555534362793,16.72222137451172,947475,16.833332061767578,16.61111068725586,9.680305480957031
20-05-1996,16.666667938232422,16.72222137451172,624600,16.77777862548828,16.77777862548828,9.777429580688477
21-05-1996,16.61111068725586,16.666667938232422,528750,16.833332061767578,16.77777862548828,9.777429580688477
22-05-1996,16.77777862548828,16.833332061767578,753750,16.94444465637207,16.88888931274414,9.842180252075195
23-05-1996,16.666667938232422,16.88888931274414,695475,16.94444465637207,16.833332061767578,9.80980396270752
24-05-1996,16.666667938232422,16.833332061767578,182925,16.88888931274414,16.833332061767578,9.80980396270752
28-05-1996,16.77777862548828,16.88888931274414,291375,16.88888931274414,16.833332061767578,9.80980396270752
29-05-1996,16.833332061767578,16.833332061767578,1016325,17.22222137451172,17.166667938232422,10.004058837890625
30-05-1996,16.833332061767578,17.22222137451172,638325,17.22222137451172,17.0,9.906928062438965
31-05-1996,16.72222137451172,16.94444465637207,308700,17.0,16.77777862548828,9.777429580688477
03-06-1996,16.72222137451172,16.77777862548828,466650,16.833332061767578,16.833332061767578,9.80980396270752
04-06-1996,16.666667938232422,16.833332061767578,478125,16.833332061767578,16.77777862548828,9.777429580688477
05-06-1996,16.72222137451172,16.77777862548828,532350,16.88888931274414,16.88888931274414,9.842180252075195
06-06-1996,16.833332061767578,16.833332061767578,225900,17.05555534362793,16.94444465637207,9.874558448791504
07-06-1996,16.61111068725586,16.833332061767578,694800,16.833332061767578,16.77777862548828,9.777429580688477
10-06-1996,16.61111068725586,16.833332061767578,387675,16.833332061767578,16.666667938232422,9.712677955627441
11-06-1996,16.55555534362793,16.666667938232422,352125,16.666667938232422,16.61111068725586,9.680305480957031
12-06-1996,16.5,16.61111068725586,224550,16.666667938232422,16.55555534362793,9.647927284240723
13-06-1996,16.27777862548828,16.5,347625,16.55555534362793,16.44444465637207,9.583179473876953
14-06-1996,16.44444465637207,16.44444465637207,358650,16.72222137451172,16.55555534362793,9.647927284240723
17-06-1996,16.5,16.5,275850,16.666667938232422,16.666667938232422,9.712677955627441
18-06-1996,16.666667938232422,16.666667938232422,386325,16.94444465637207,16.833332061767578,9.80980396270752
19-06-1996,16.666667938232422,16.833332061767578,292500,16.88888931274414,16.72222137451172,9.745052337646484
20-06-1996,16.61111068725586,16.72222137451172,734850,16.72222137451172,16.666667938232422,9.712677955627441
21-06-1996,16.44444465637207,16.666667938232422,670950,16.666667938232422,16.44444465637207,9.583179473876953
24-06-1996,16.27777862548828,16.44444465637207,413100,16.44444465637207,16.38888931274414,9.550799369812012
25-06-1996,16.0,16.38888931274414,765450,16.38888931274414,16.05555534362793,9.356545448303223
26-06-1996,15.833333015441895,16.0,510975,16.0,15.833333015441895,9.22704792022705
27-06-1996,15.722222328186035,15.722222328186035,472950,15.944443702697754,15.944443702697754,9.29179859161377
28-06-1996,15.88888931274414,15.944443702697754,573525,16.0,15.88888931274414,9.259422302246094
01-07-1996,15.777777671813965,15.944443702697754,261000,15.944443702697754,15.944443702697754,9.29179859161377
02-07-1996,15.666666984558105,15.944443702697754,868950,15.944443702697754,15.777777671813965,9.19466781616211
03-07-1996,15.722222328186035,15.722222328186035,996750,15.88888931274414,15.777777671813965,9.19466781616211
05-07-1996,15.555556297302246,15.666666984558105,244125,15.666666984558105,15.555556297302246,9.065165519714355
08-07-1996,15.333333015441895,15.5,407025,15.555556297302246,15.38888931274414,8.96804141998291
09-07-1996,15.11111068725586,15.38888931274414,499950,15.444443702697754,15.166666984558105,8.83853816986084
10-07-1996,14.777777671813965,15.166666984558105,601425,15.222222328186035,15.055556297302246,8.773783683776855
11-07-1996,14.722222328186035,14.944443702697754,299925,14.944443702697754,14.88888931274414,8.676657676696777
12-07-1996,14.722222328186035,14.833333015441895,204750,15.055556297302246,15.055556297302246,8.773783683776855
15-07-1996,14.444443702697754,15.11111068725586,403200,15.11111068725586,14.666666984558105,8.547154426574707
16-07-1996,14.166666984558105,14.555556297302246,594225,14.666666984558105,14.222222328186035,8.288151741027832
17-07-1996,14.333333015441895,14.333333015441895,411525,14.61111068725586,14.555556297302246,8.482402801513672
18-07-1996,14.555556297302246,14.555556297302246,776700,15.055556297302246,15.055556297302246,8.773783683776855
19-07-1996,15.11111068725586,15.11111068725586,1610775,15.61111068725586,15.555556297302246,9.065165519714355
22-07-1996,15.333333015441895,15.5,693675,15.5,15.444443702697754,9.000415802001953
23-07-1996,15.222222328186035,15.444443702697754,911700,15.5,15.222222328186035,8.870914459228516
24-07-1996,14.88888931274414,15.11111068725586,508725,15.11111068725586,14.88888931274414,8.676657676696777
25-07-1996,14.88888931274414,14.88888931274414,650475,15.055556297302246,14.944443702697754,8.709036827087402
26-07-1996,15.0,15.055556297302246,330300,15.333333015441895,15.333333015441895,8.935665130615234
29-07-1996,15.277777671813965,15.277777671813965,442125,15.555556297302246,15.5,9.03278923034668
30-07-1996,15.5,15.5,537750,15.88888931274414,15.88888931274414,9.259422302246094
31-07-1996,15.777777671813965,15.833333015441895,481725,15.944443702697754,15.944443702697754,9.317854881286621
01-08-1996,15.88888931274414,15.944443702697754,275400,16.11111068725586,16.05555534362793,9.382787704467773
02-08-1996,16.11111068725586,16.166667938232422,446850,16.333332061767578,16.333332061767578,9.545120239257812
05-08-1996,16.27777862548828,16.333332061767578,181575,16.38888931274414,16.333332061767578,9.545120239257812
06-08-1996,16.166667938232422,16.22222137451172,326250,16.27777862548828,16.22222137451172,9.48019027709961
07-08-1996,16.11111068725586,16.333332061767578,124425,16.333332061767578,16.166667938232422,9.447720527648926
08-08-1996,16.0,16.11111068725586,276075,16.11111068725586,16.05555534362793,9.382787704467773
09-08-1996,16.0,16.11111068725586,521325,16.27777862548828,16.0,9.350323677062988
12-08-1996,16.05555534362793,16.05555534362793,137025,16.22222137451172,16.166667938232422,9.447720527648926
13-08-1996,15.944443702697754,16.05555534362793,105300,16.166667938232422,16.05555534362793,9.382787704467773
14-08-1996,15.944443702697754,16.0,240975,16.05555534362793,16.05555534362793,9.382787704467773
15-08-1996,16.0,16.0,180000,16.27777862548828,16.22222137451172,9.48019027709961
16-08-1996,16.27777862548828,16.333332061767578,239175,16.38888931274414,16.38888931274414,9.577587127685547
19-08-1996,16.11111068725586,16.333332061767578,456300,16.38888931274414,16.166667938232422,9.447720527648926
20-08-1996,16.166667938232422,16.166667938232422,215775,16.27777862548828,16.166667938232422,9.447720527648926
21-08-1996,16.166667938232422,16.166667938232422,169875,16.333332061767578,16.333332061767578,9.545120239257812
22-08-1996,16.11111068725586,16.22222137451172,513675,16.27777862548828,16.11111068725586,9.415253639221191
23-08-1996,16.11111068725586,16.11111068725586,157725,16.27777862548828,16.166667938232422,9.447720527648926
26-08-1996,16.0,16.11111068725586,186300,16.166667938232422,16.166667938232422,9.447720527648926
27-08-1996,16.083332061767578,16.27777862548828,380700,16.44444465637207,16.38888931274414,9.577587127685547
28-08-1996,16.22222137451172,16.333332061767578,252450,16.38888931274414,16.38888931274414,9.577587127685547
29-08-1996,16.333332061767578,16.333332061767578,367425,16.61111068725586,16.55555534362793,9.674989700317383
30-08-1996,16.27777862548828,16.5,195750,16.55555534362793,16.333332061767578,9.545120239257812
03-09-1996,16.166667938232422,16.22222137451172,252675,16.38888931274414,16.38888931274414,9.577587127685547
04-09-1996,16.38888931274414,16.44444465637207,570825,16.61111068725586,16.61111068725586,9.7074556350708
05-09-1996,16.44444465637207,16.55555534362793,566775,16.55555534362793,16.5,9.642523765563965
06-09-1996,16.416667938232422,16.5,198675,16.55555534362793,16.55555534362793,9.674989700317383
09-09-1996,16.44444465637207,16.55555534362793,268425,16.55555534362793,16.44444465637207,9.610058784484863
10-09-1996,16.333332061767578,16.5,477450,16.5,16.333332061767578,9.545120239257812
11-09-1996,16.27777862548828,16.333332061767578,195750,16.38888931274414,16.38888931274414,9.577587127685547
12-09-1996,16.166667938232422,16.333332061767578,618300,16.333332061767578,16.166667938232422,9.447720527648926
13-09-1996,16.333332061767578,16.38888931274414,409725,16.44444465637207,16.38888931274414,9.577587127685547
16-09-1996,16.27777862548828,16.55555534362793,688725,16.55555534362793,16.27777862548828,9.512651443481445
17-09-1996,16.166667938232422,16.27777862548828,680175,16.5,16.38888931274414,9.577587127685547
18-09-1996,16.333332061767578,16.5,672075,16.5,16.333332061767578,9.545120239257812
19-09-1996,16.333332061767578,16.38888931274414,414000,16.44444465637207,16.44444465637207,9.610058784484863
20-09-1996,16.22222137451172,16.44444465637207,776250,16.5,16.27777862548828,9.512651443481445
23-09-1996,16.27777862548828,16.333332061767578,303975,16.44444465637207,16.44444465637207,9.610058784484863
24-09-1996,16.38888931274414,16.38888931274414,664425,16.5,16.5,9.642523765563965
25-09-1996,16.55555534362793,16.61111068725586,538875,16.77777862548828,16.77777862548828,9.804854393005371
26-09-1996,16.61111068725586,16.77777862548828,1571625,17.0,16.666667938232422,9.739917755126953
27-09-1996,16.666667938232422,16.77777862548828,278325,16.77777862548828,16.72222137451172,9.772387504577637
30-09-1996,16.44444465637207,16.666667938232422,515700,16.833332061767578,16.5,9.642523765563965
01-10-1996,16.44444465637207,16.44444465637207,510975,16.833332061767578,16.833332061767578,9.837321281433105
02-10-1996,16.77777862548828,16.833332061767578,1792350,17.27777862548828,17.05555534362793,9.967185020446777
03-10-1996,16.94444465637207,17.11111068725586,2353050,17.38888931274414,17.333332061767578,10.129509925842285
04-10-1996,17.55555534362793,17.55555534362793,2198475,17.77777862548828,17.666667938232422,10.324315071105957
07-10-1996,17.5,17.666667938232422,353700,17.72222137451172,17.61111068725586,10.291852951049805
08-10-1996,17.55555534362793,17.55555534362793,620550,17.72222137451172,17.61111068725586,10.291852951049805
09-10-1996,16.88888931274414,17.61111068725586,780750,17.61111068725586,17.05555534362793,9.967185020446777
10-10-1996,17.0,17.0,587475,17.333332061767578,17.166667938232422,10.032118797302246
11-10-1996,17.05555534362793,17.27777862548828,236925,17.27777862548828,17.22222137451172,10.064582824707031
14-10-1996,17.11111068725586,17.27777862548828,158400,17.27777862548828,17.166667938232422,10.032118797302246
15-10-1996,17.0,17.27777862548828,618750,17.333332061767578,17.11111068725586,9.999649047851562
16-10-1996,17.05555534362793,17.11111068725586,159075,17.27777862548828,17.166667938232422,10.032118797302246
17-10-1996,17.166667938232422,17.22222137451172,1049625,17.333332061767578,17.22222137451172,10.064582824707031
18-10-1996,17.166667938232422,17.27777862548828,855900,17.38888931274414,17.38888931274414,10.161981582641602
21-10-1996,17.22222137451172,17.44444465637207,533700,17.5,17.22222137451172,10.064582824707031
22-10-1996,16.88888931274414,17.22222137451172,696150,17.22222137451172,17.11111068725586,9.999649047851562
23-10-1996,16.94444465637207,17.05555534362793,647775,17.27777862548828,17.27777862548828,10.097051620483398
24-10-1996,17.166667938232422,17.27777862548828,589275,17.27777862548828,17.27777862548828,10.097051620483398
25-10-1996,17.166667938232422,17.166667938232422,1382850,17.27777862548828,17.27777862548828,10.097051620483398
28-10-1996,17.05555534362793,17.22222137451172,532125,17.27777862548828,17.166667938232422,10.032118797302246
29-10-1996,17.22222137451172,17.27777862548828,721125,17.38888931274414,17.333332061767578,10.129509925842285
30-10-1996,17.22222137451172,17.333332061767578,353700,17.44444465637207,17.22222137451172,10.0904541015625
31-10-1996,17.166667938232422,17.166667938232422,249525,17.38888931274414,17.27777862548828,10.123003005981445
01-11-1996,17.27777862548828,17.27777862548828,360900,17.55555534362793,17.5,10.253207206726074
04-11-1996,17.44444465637207,17.44444465637207,220500,17.72222137451172,17.666667938232422,10.350854873657227
05-11-1996,17.666667938232422,17.72222137451172,1138050,18.333332061767578,18.27777862548828,10.708898544311523
06-11-1996,18.166667938232422,18.22222137451172,1254150,18.44444465637207,18.38888931274414,10.774005889892578
07-11-1996,18.38888931274414,18.38888931274414,1542150,18.72222137451172,18.666667938232422,10.936746597290039
08-11-1996,18.666667938232422,18.72222137451172,1321200,18.833332061767578,18.77777862548828,11.001850128173828
11-11-1996,18.77777862548828,18.77777862548828,625725,19.0,18.94444465637207,11.099506378173828
12-11-1996,18.88888931274414,18.94444465637207,686700,19.27777862548828,19.166667938232422,11.229696273803711
13-11-1996,19.166667938232422,19.22222137451172,454275,19.61111068725586,19.38888931274414,11.35990047454834
14-11-1996,19.333332061767578,19.333332061767578,1584450,19.55555534362793,19.5,11.425003051757812
15-11-1996,18.88888931274414,19.5,1080675,19.5,19.166667938232422,11.229696273803711
18-11-1996,18.72222137451172,19.05555534362793,804150,19.11111068725586,18.77777862548828,11.001850128173828
19-11-1996,18.666667938232422,18.88888931274414,558000,18.88888931274414,18.77777862548828,11.001850128173828
20-11-1996,18.55555534362793,18.666667938232422,637200,18.75,18.666667938232422,10.936746597290039
21-11-1996,18.61111068725586,18.72222137451172,283950,18.77777862548828,18.72222137451172,10.969297409057617
22-11-1996,18.333332061767578,18.44444465637207,859500,18.5,18.38888931274414,10.774005889892578
25-11-1996,18.38888931274414,18.38888931274414,555975,18.55555534362793,18.55555534362793,10.871650695800781
26-11-1996,18.22222137451172,18.666667938232422,995400,18.666667938232422,18.333332061767578,10.741453170776367
27-11-1996,18.05555534362793,18.38888931274414,850050,18.38888931274414,18.166667938232422,10.643800735473633
29-11-1996,18.0,18.11111068725586,211950,18.333332061767578,18.27777862548828,10.708898544311523
02-12-1996,18.11111068725586,18.166667938232422,538650,18.38888931274414,18.333332061767578,10.741453170776367
03-12-1996,18.333332061767578,18.333332061767578,918000,18.5,18.333332061767578,10.741453170776367
04-12-1996,18.166667938232422,18.27777862548828,465075,18.55555534362793,18.166667938232422,10.643800735473633
05-12-1996,17.88888931274414,18.05555534362793,391725,18.166667938232422,18.0,10.546152114868164
06-12-1996,17.72222137451172,17.72222137451172,798525,18.0,17.88888931274414,10.481054306030273
09-12-1996,18.0,18.0,780300,18.38888931274414,18.333332061767578,10.741453170776367
10-12-1996,18.05555534362793,18.333332061767578,212400,18.38888931274414,18.11111068725586,10.611250877380371
11-12-1996,17.88888931274414,18.0,439650,18.11111068725586,18.0,10.546152114868164
12-12-1996,17.44444465637207,17.94444465637207,907650,18.0,17.5,10.253207206726074
13-12-1996,17.05555534362793,17.44444465637207,797850,17.44444465637207,17.333332061767578,10.155548095703125
16-12-1996,16.88888931274414,17.38888931274414,820125,17.38888931274414,17.05555534362793,9.992804527282715
17-12-1996,16.55555534362793,16.88888931274414,1231425,16.88888931274414,16.666667938232422,9.764955520629883
18-12-1996,16.55555534362793,16.55555534362793,1631475,17.11111068725586,17.05555534362793,9.992804527282715
19-12-1996,16.94444465637207,17.05555534362793,479025,17.11111068725586,17.05555534362793,9.992804527282715
20-12-1996,17.05555534362793,17.44444465637207,731925,17.44444465637207,17.05555534362793,9.992804527282715
23-12-1996,16.94444465637207,17.166667938232422,513450,17.22222137451172,16.94444465637207,9.927706718444824
24-12-1996,16.72222137451172,17.0,431325,17.0,16.72222137451172,9.797506332397461
26-12-1996,16.61111068725586,16.61111068725586,670050,16.94444465637207,16.94444465637207,9.927706718444824
27-12-1996,17.0,17.05555534362793,451350,17.22222137451172,17.0,9.960250854492188
30-12-1996,17.05555534362793,17.05555534362793,553050,17.333332061767578,17.27777862548828,10.123003005981445
31-12-1996,17.25,17.27777862548828,553050,17.55555534362793,17.27777862548828,10.123003005981445
02-01-1997,17.0,17.38888931274414,383850,17.38888931274414,17.0,9.960250854492188
03-01-1997,17.0,17.11111068725586,652950,17.5,17.44444465637207,10.220649719238281
06-01-1997,16.77777862548828,17.5,972900,17.5,16.77777862548828,9.830055236816406
07-01-1997,16.166667938232422,16.666667938232422,1537875,16.666667938232422,16.44444465637207,9.634757995605469
08-01-1997,16.333332061767578,16.61111068725586,1046250,16.666667938232422,16.61111068725586,9.732409477233887
09-01-1997,16.5,16.72222137451172,544725,16.77777862548828,16.55555534362793,9.699860572814941
10-01-1997,16.11111068725586,16.38888931274414,1067175,16.72222137451172,16.666667938232422,9.764955520629883
13-01-1997,16.61111068725586,16.72222137451172,674100,16.77777862548828,16.666667938232422,9.764955520629883
14-01-1997,16.666667938232422,16.72222137451172,1381050,17.44444465637207,17.44444465637207,10.220649719238281
15-01-1997,17.166667938232422,17.333332061767578,637200,17.38888931274414,17.38888931274414,10.188103675842285
16-01-1997,17.38888931274414,17.38888931274414,463275,17.5,17.44444465637207,10.220649719238281
17-01-1997,17.333332061767578,17.44444465637207,240975,17.5,17.44444465637207,10.220649719238281
20-01-1997,17.22222137451172,17.5,796950,17.55555534362793,17.27777862548828,10.123003005981445
21-01-1997,17.22222137451172,17.27777862548828,1215000,17.72222137451172,17.61111068725586,10.318305969238281
22-01-1997,17.55555534362793,17.55555534362793,1163025,17.77777862548828,17.72222137451172,10.383402824401855
23-01-1997,17.77777862548828,17.77777862548828,865800,17.94444465637207,17.833332061767578,10.448503494262695
24-01-1997,17.61111068725586,17.72222137451172,836325,17.833332061767578,17.72222137451172,10.383402824401855
27-01-1997,17.61111068725586,17.77777862548828,779400,17.77777862548828,17.61111068725586,10.318305969238281
28-01-1997,17.55555534362793,17.61111068725586,1049175,17.72222137451172,17.55555534362793,10.285758972167969
29-01-1997,17.333332061767578,17.5,947250,17.61111068725586,17.55555534362793,10.285758972167969
30-01-1997,17.5,17.61111068725586,472950,17.666667938232422,17.55555534362793,10.285758972167969
31-01-1997,17.55555534362793,17.61111068725586,452700,17.72222137451172,17.55555534362793,10.311859130859375
03-02-1997,17.55555534362793,17.72222137451172,1187100,17.94444465637207,17.666667938232422,10.37712574005127
04-02-1997,18.0,18.166667938232422,2021850,18.333332061767578,18.22222137451172,10.703446388244629
05-02-1997,18.22222137451172,18.333332061767578,2034450,18.55555534362793,18.44444465637207,10.833975791931152
06-02-1997,18.166667938232422,18.38888931274414,938250,18.38888931274414,18.333332061767578,10.768712043762207
07-02-1997,18.333332061767578,18.333332061767578,445275,18.55555534362793,18.44444465637207,10.833975791931152
10-02-1997,18.44444465637207,18.44444465637207,1156050,18.88888931274414,18.77777862548828,11.02977466583252
11-02-1997,18.72222137451172,18.88888931274414,1561950,19.05555534362793,19.05555534362793,11.1929292678833
12-02-1997,18.77777862548828,19.0,939600,19.05555534362793,18.88888931274414,11.095039367675781
13-02-1997,18.77777862548828,18.94444465637207,890100,19.0,18.833332061767578,11.06240177154541
14-02-1997,18.72222137451172,18.833332061767578,762750,18.88888931274414,18.88888931274414,11.095039367675781
18-02-1997,18.72222137451172,18.88888931274414,700650,18.88888931274414,18.77777862548828,11.02977466583252
19-02-1997,18.61111068725586,18.77777862548828,475650,18.833332061767578,18.72222137451172,10.997140884399414
20-02-1997,18.72222137451172,18.833332061767578,438075,19.0,18.833332061767578,11.06240177154541
21-02-1997,18.72222137451172,18.77777862548828,332100,19.0,18.833332061767578,11.06240177154541
24-02-1997,18.833332061767578,18.833332061767578,382950,19.0,18.833332061767578,11.06240177154541
25-02-1997,18.833332061767578,18.833332061767578,648675,19.0,18.88888931274414,11.095039367675781
26-02-1997,18.77777862548828,18.94444465637207,605475,19.0,18.88888931274414,11.095039367675781
27-02-1997,18.88888931274414,18.88888931274414,726525,19.166667938232422,19.166667938232422,11.258196830749512
28-02-1997,19.0,19.05555534362793,724050,19.11111068725586,19.0,11.160301208496094
03-03-1997,18.88888931274414,18.88888931274414,461475,19.22222137451172,19.22222137451172,11.290827751159668
04-03-1997,19.0,19.27777862548828,261450,19.27777862548828,19.05555534362793,11.1929292678833
05-03-1997,19.0,19.05555534362793,402300,19.22222137451172,19.22222137451172,11.290827751159668
06-03-1997,19.0,19.22222137451172,317250,19.22222137451172,19.166667938232422,11.258196830749512
07-03-1997,19.11111068725586,19.11111068725586,881550,19.61111068725586,19.61111068725586,11.519259452819824
10-03-1997,19.38888931274414,19.61111068725586,389250,19.61111068725586,19.5,11.45399284362793
11-03-1997,19.44444465637207,19.5,516375,19.77777862548828,19.72222137451172,11.584524154663086
12-03-1997,19.44444465637207,19.666667938232422,668925,19.72222137451172,19.666667938232422,11.551889419555664
13-03-1997,19.333332061767578,19.55555534362793,515025,19.55555534362793,19.333332061767578,11.356099128723145
14-03-1997,19.333332061767578,19.333332061767578,705150,19.55555534362793,19.55555534362793,11.486623764038086
17-03-1997,19.11111068725586,19.5,396000,19.55555534362793,19.166667938232422,11.258196830749512
18-03-1997,19.0,19.22222137451172,381825,19.333332061767578,19.05555534362793,11.1929292678833
19-03-1997,18.55555534362793,18.94444465637207,620550,18.94444465637207,18.61111068725586,10.931875228881836
20-03-1997,18.44444465637207,18.61111068725586,598275,18.77777862548828,18.5,10.866607666015625
21-03-1997,18.5,18.61111068725586,400275,18.72222137451172,18.666667938232422,10.964506149291992
24-03-1997,18.583332061767578,18.833332061767578,385650,19.0,19.0,11.160301208496094
25-03-1997,18.5,19.083332061767578,260700,19.166667938232422,18.5,10.866607666015625
26-03-1997,18.416667938232422,18.5,369450,18.833332061767578,18.5,10.866607666015625
27-03-1997,18.333332061767578,18.583332061767578,283650,18.666667938232422,18.416667938232422,10.81766128540039
31-03-1997,18.166667938232422,18.25,466950,18.5,18.25,10.719765663146973
01-04-1997,17.833332061767578,18.166667938232422,287850,18.166667938232422,18.166667938232422,10.670814514160156
02-04-1997,17.75,18.166667938232422,573900,18.166667938232422,17.75,10.426072120666504
03-04-1997,17.166667938232422,17.666667938232422,1069350,17.75,17.25,10.132381439208984
04-04-1997,17.0,17.0,953550,17.333332061767578,17.333332061767578,10.181323051452637
07-04-1997,17.25,17.333332061767578,367350,17.583332061767578,17.333332061767578,10.181323051452637
08-04-1997,17.166667938232422,17.416667938232422,358050,17.5,17.5,10.279227256774902
09-04-1997,17.25,17.5,274200,17.5,17.333332061767578,10.181323051452637
10-04-1997,17.166667938232422,17.25,476550,17.333332061767578,17.25,10.132381439208984
11-04-1997,16.5,17.0,953250,17.083332061767578,16.833332061767578,9.8876314163208
14-04-1997,16.666667938232422,16.666667938232422,188850,17.166667938232422,17.083332061767578,10.034478187561035
15-04-1997,17.083332061767578,17.25,1291800,17.333332061767578,17.166667938232422,10.083430290222168
16-04-1997,16.833332061767578,17.25,515550,17.25,17.0,9.985532760620117
17-04-1997,16.833332061767578,17.083332061767578,151200,17.166667938232422,16.916667938232422,9.9365816116333
18-04-1997,16.666667938232422,16.916667938232422,256800,17.0,16.75,9.8386869430542
21-04-1997,16.0,16.916667938232422,889650,17.0,16.166667938232422,9.496047019958496
22-04-1997,15.25,16.25,1733100,16.333332061767578,15.583333015441895,9.153404235839844
23-04-1997,15.583333015441895,15.666666984558105,2797350,16.0,15.666666984558105,9.202354431152344
24-04-1997,15.666666984558105,15.666666984558105,2133300,16.25,15.916666984558105,9.349199295043945
25-04-1997,15.5,15.916666984558105,953850,16.333332061767578,16.083332061767578,9.447093963623047
28-04-1997,15.916666984558105,16.0,706800,16.25,16.0,9.398152351379395
29-04-1997,16.0,16.25,628800,16.416667938232422,16.333332061767578,9.626025199890137
30-04-1997,16.333332061767578,16.333332061767578,1465950,16.75,16.666667938232422,9.822476387023926
01-05-1997,16.583332061767578,16.75,774600,16.75,16.666667938232422,9.822476387023926
02-05-1997,16.5,16.666667938232422,450600,16.666667938232422,16.583332061767578,9.77336311340332
05-05-1997,16.416667938232422,16.583332061767578,1392150,16.583332061767578,16.5,9.72425365447998
06-05-1997,16.25,16.583332061767578,1572300,16.583332061767578,16.416667938232422,9.675138473510742
07-05-1997,16.166667938232422,16.416667938232422,1914600,16.5,16.291667938232422,9.601472854614258
08-05-1997,16.25,16.291667938232422,1192350,16.583332061767578,16.583332061767578,9.77336311340332
09-05-1997,16.333332061767578,16.75,675000,16.75,16.333332061767578,9.626025199890137
12-05-1997,16.25,16.375,887850,16.458332061767578,16.416667938232422,9.675138473510742
13-05-1997,16.375,16.375,1798350,17.0,16.958332061767578,9.994369506835938
14-05-1997,17.375,17.583332061767578,4306800,18.0,17.916667938232422,10.559168815612793
15-05-1997,17.833332061767578,18.0,910950,18.083332061767578,17.916667938232422,10.559168815612793
16-05-1997,17.916667938232422,18.25,520800,18.25,17.958332061767578,10.583718299865723
19-05-1997,17.75,17.916667938232422,436950,18.0,17.958332061767578,10.583718299865723
20-05-1997,17.666667938232422,17.916667938232422,537900,18.166667938232422,18.083332061767578,10.657390594482422
21-05-1997,18.25,18.25,1048500,18.75,18.666667938232422,11.001172065734863
22-05-1997,18.583332061767578,18.916667938232422,1026150,19.208332061767578,19.0,11.197628021240234
23-05-1997,18.583332061767578,19.0,375150,19.0,18.666667938232422,11.001172065734863
27-05-1997,18.541667938232422,18.75,351300,18.833332061767578,18.666667938232422,11.001172065734863
28-05-1997,18.583332061767578,18.666667938232422,456900,18.791667938232422,18.791667938232422,11.074838638305664
29-05-1997,18.666667938232422,18.791667938232422,240750,19.0,18.833332061767578,11.099396705627441
30-05-1997,18.666667938232422,18.75,804150,19.666667938232422,19.333332061767578,11.394074440002441
02-06-1997,18.666667938232422,19.5,1368900,19.5,18.75,11.050286293029785
03-06-1997,18.625,18.666667938232422,361650,19.0,18.791667938232422,11.074838638305664
04-06-1997,18.5,18.666667938232422,257550,18.75,18.5,10.902950286865234
05-06-1997,18.5,18.583332061767578,481500,18.916667938232422,18.833332061767578,11.099396705627441
06-06-1997,18.583332061767578,18.666667938232422,315000,18.875,18.875,11.123956680297852
09-06-1997,18.75,18.875,818100,18.875,18.833332061767578,11.099396705627441
10-06-1997,18.583332061767578,18.833332061767578,1000500,18.833332061767578,18.666667938232422,11.001172065734863
11-06-1997,18.583332061767578,18.666667938232422,1129200,18.666667938232422,18.666667938232422,11.001172065734863
12-06-1997,18.625,18.666667938232422,1032000,19.166667938232422,19.166667938232422,11.295848846435547
13-06-1997,18.833332061767578,19.166667938232422,1386000,19.416667938232422,18.833332061767578,11.099396705627441
16-06-1997,18.666667938232422,18.916667938232422,628800,19.166667938232422,19.125,11.271293640136719
17-06-1997,18.708332061767578,19.125,496350,19.125,18.708332061767578,11.02573013305664
18-06-1997,18.5,18.75,522300,18.833332061767578,18.5,10.902950286865234
19-06-1997,18.583332061767578,18.583332061767578,978000,19.208332061767578,19.208332061767578,11.32041072845459
20-06-1997,18.916667938232422,19.208332061767578,549600,19.208332061767578,19.0,11.197628021240234
23-06-1997,19.083332061767578,19.083332061767578,830100,19.416667938232422,19.083332061767578,11.24673843383789
24-06-1997,18.916667938232422,19.041667938232422,599400,19.25,19.208332061767578,11.32041072845459
25-06-1997,19.041667938232422,19.208332061767578,987450,19.333332061767578,19.166667938232422,11.295848846435547
26-06-1997,19.0,19.0,402300,19.25,19.25,11.344961166381836
27-06-1997,19.166667938232422,19.333332061767578,308550,19.375,19.25,11.344961166381836
30-06-1997,18.916667938232422,19.25,758550,19.416667938232422,18.916667938232422,11.14851188659668
01-07-1997,18.833332061767578,19.0,510750,19.5,19.5,11.49229621887207
02-07-1997,19.458332061767578,19.583332061767578,1086750,19.666667938232422,19.625,11.56596565246582
03-07-1997,19.583332061767578,19.75,651600,19.916667938232422,19.625,11.56596565246582
07-07-1997,19.75,19.791667938232422,456750,20.083332061767578,19.833332061767578,11.68874740600586
08-07-1997,19.625,19.833332061767578,576750,19.916667938232422,19.833332061767578,11.68874740600586
09-07-1997,19.416667938232422,19.916667938232422,1125150,19.958332061767578,19.5,11.49229621887207
10-07-1997,19.416667938232422,19.583332061767578,884400,19.666667938232422,19.625,11.56596565246582
11-07-1997,19.583332061767578,19.708332061767578,332100,19.916667938232422,19.833332061767578,11.68874740600586
14-07-1997,19.75,19.75,1607100,20.083332061767578,19.916667938232422,11.737862586975098
15-07-1997,19.833332061767578,19.916667938232422,472200,20.166667938232422,19.916667938232422,11.737862586975098
16-07-1997,19.625,19.833332061767578,511950,19.958332061767578,19.666667938232422,11.590521812438965
17-07-1997,19.583332061767578,19.833332061767578,331500,19.875,19.625,11.56596565246582
18-07-1997,18.833332061767578,19.583332061767578,735150,19.583332061767578,19.0,11.197628021240234
21-07-1997,18.916667938232422,18.916667938232422,620550,19.416667938232422,19.333332061767578,11.394074440002441
22-07-1997,19.333332061767578,19.375,657900,19.708332061767578,19.666667938232422,11.590521812438965
23-07-1997,19.458332061767578,19.625,724650,19.833332061767578,19.75,11.639636993408203
24-07-1997,19.5,19.75,661350,19.833332061767578,19.625,11.56596565246582
25-07-1997,19.333332061767578,19.666667938232422,823500,20.166667938232422,20.041667938232422,11.811537742614746
28-07-1997,20.125,20.166667938232422,1166550,20.458332061767578,20.375,12.007978439331055
29-07-1997,20.166667938232422,20.375,802950,20.458332061767578,20.458332061767578,12.057092666625977
30-07-1997,20.166667938232422,20.375,897900,20.5,20.5,12.113225936889648
31-07-1997,20.083332061767578,20.083332061767578,1694550,20.5,20.458332061767578,12.088604927062988
01-08-1997,20.0,20.458332061767578,1350300,20.458332061767578,20.333332061767578,12.014742851257324
04-08-1997,20.25,20.333332061767578,1495650,20.666667938232422,20.458332061767578,12.088604927062988
05-08-1997,20.416667938232422,20.458332061767578,1506750,20.75,20.458332061767578,12.088604927062988
06-08-1997,20.0,20.416667938232422,514350,20.458332061767578,20.083332061767578,11.867021560668945
07-08-1997,19.25,19.916667938232422,1074900,19.916667938232422,19.375,11.44847297668457
08-08-1997,18.791667938232422,19.333332061767578,629550,19.5,19.5,11.522332191467285
11-08-1997,18.75,19.5,467100,19.5,18.833332061767578,11.128405570983887
12-08-1997,18.333332061767578,19.0,1251750,19.0,18.541667938232422,10.95606517791748
13-08-1997,18.5,18.5,807600,18.958332061767578,18.916667938232422,11.17764949798584
14-08-1997,19.0,19.0,1033950,19.25,19.083332061767578,11.276131629943848
15-08-1997,18.875,19.0,540300,19.083332061767578,19.041667938232422,11.251511573791504
18-08-1997,18.75,19.0,367950,19.125,19.041667938232422,11.251511573791504
19-08-1997,19.083332061767578,19.166667938232422,510300,19.333332061767578,19.166667938232422,11.325371742248535
20-08-1997,19.041667938232422,19.125,408450,19.333332061767578,19.166667938232422,11.325371742248535
21-08-1997,18.625,19.166667938232422,1097100,19.208332061767578,18.666667938232422,11.029925346374512
22-08-1997,17.75,18.5,2756550,18.5,18.125,10.709861755371094
25-08-1997,18.041667938232422,18.166667938232422,1351800,18.333332061767578,18.333332061767578,10.832966804504395
26-08-1997,17.958332061767578,18.25,1371150,18.333332061767578,17.958332061767578,10.611379623413086
27-08-1997,17.791667938232422,17.916667938232422,711450,18.041667938232422,18.0,10.636002540588379
28-08-1997,17.875,17.958332061767578,276450,18.083332061767578,18.0,10.636002540588379
29-08-1997,17.875,18.0,163950,18.0,17.916667938232422,10.586766242980957
02-09-1997,17.916667938232422,17.916667938232422,757650,18.666667938232422,18.416667938232422,10.882206916809082
03-09-1997,18.125,18.333332061767578,1226850,18.5,18.166667938232422,10.734482765197754
04-09-1997,17.916667938232422,18.083332061767578,390750,18.25,18.125,10.709861755371094
05-09-1997,17.875,18.208332061767578,678000,18.333332061767578,18.333332061767578,10.832966804504395
08-09-1997,18.333332061767578,18.333332061767578,695250,18.75,18.583332061767578,10.980684280395508
09-09-1997,18.333332061767578,18.583332061767578,541050,18.875,18.541667938232422,10.95606517791748
10-09-1997,18.25,18.625,1002150,18.75,18.25,10.783730506896973
11-09-1997,17.916667938232422,18.25,480150,18.25,18.166667938232422,10.734482765197754
12-09-1997,18.083332061767578,18.166667938232422,894000,18.375,18.208332061767578,10.759099960327148
15-09-1997,18.083332061767578,18.083332061767578,714750,18.5,18.375,10.857584953308105
16-09-1997,18.083332061767578,18.458332061767578,867750,18.833332061767578,18.083332061767578,10.6852445602417
17-09-1997,17.791667938232422,18.083332061767578,767250,18.25,17.791667938232422,10.512897491455078
18-09-1997,17.666667938232422,17.791667938232422,5700300,18.0,17.875,10.562138557434082
19-09-1997,17.75,17.958332061767578,1809000,18.166667938232422,18.041667938232422,10.660622596740723
22-09-1997,17.875,18.166667938232422,1576950,18.291667938232422,17.958332061767578,10.611379623413086
23-09-1997,17.625,17.916667938232422,1759200,17.916667938232422,17.833332061767578,10.537520408630371
24-09-1997,17.916667938232422,17.916667938232422,1007700,18.333332061767578,18.166667938232422,10.734482765197754
25-09-1997,18.166667938232422,18.166667938232422,780600,18.666667938232422,18.5,10.931445121765137
26-09-1997,18.5,18.5,838200,18.708332061767578,18.666667938232422,11.029925346374512
29-09-1997,18.666667938232422,18.666667938232422,545250,19.166667938232422,19.083332061767578,11.276131629943848
30-09-1997,18.666667938232422,19.0,762000,19.0,18.75,11.079166412353516
01-10-1997,18.666667938232422,18.791667938232422,487050,18.958332061767578,18.958332061767578,11.20226764678955
02-10-1997,18.583332061767578,18.958332061767578,377100,18.958332061767578,18.666667938232422,11.029925346374512
03-10-1997,18.5,18.75,888750,18.958332061767578,18.708332061767578,11.054545402526855
06-10-1997,17.958332061767578,18.75,741750,18.75,18.041667938232422,10.660622596740723
07-10-1997,17.416667938232422,18.041667938232422,1065900,18.041667938232422,17.541667938232422,10.365179061889648
08-10-1997,17.25,17.583332061767578,2006400,17.625,17.25,10.192832946777344
09-10-1997,17.166667938232422,17.208332061767578,892500,18.166667938232422,18.0,10.636002540588379
10-10-1997,17.875,17.916667938232422,705150,18.333332061767578,17.916667938232422,10.586766242980957
13-10-1997,17.875,17.958332061767578,1128900,18.083332061767578,17.875,10.562138557434082
14-10-1997,17.791667938232422,17.916667938232422,376350,17.958332061767578,17.791667938232422,10.512897491455078
15-10-1997,18.333332061767578,18.333332061767578,1747800,18.916667938232422,18.666667938232422,11.029925346374512
16-10-1997,18.625,18.625,1256850,18.958332061767578,18.791667938232422,11.10378360748291
17-10-1997,18.125,18.625,609150,18.75,18.25,10.783730506896973
20-10-1997,18.166667938232422,18.166667938232422,1086000,18.958332061767578,18.916667938232422,11.17764949798584
21-10-1997,19.083332061767578,19.333332061767578,955500,19.583332061767578,19.333332061767578,11.423853874206543
22-10-1997,19.166667938232422,19.333332061767578,690750,19.5,19.333332061767578,11.423853874206543
23-10-1997,18.666667938232422,19.25,560250,19.25,19.083332061767578,11.276131629943848
24-10-1997,19.125,19.166667938232422,1092600,19.416667938232422,19.375,11.44847297668457
27-10-1997,18.166667938232422,19.25,846900,19.25,18.208332061767578,10.759099960327148
28-10-1997,17.25,17.833332061767578,1711350,19.25,19.25,11.374611854553223
29-10-1997,19.125,19.375,1109700,20.166667938232422,19.583332061767578,11.571572303771973
30-10-1997,19.0,19.333332061767578,710700,19.375,19.041667938232422,11.282236099243164
31-10-1997,19.083332061767578,19.125,699900,19.5,19.333332061767578,11.455048561096191
03-11-1997,19.333332061767578,19.333332061767578,1090950,19.833332061767578,19.5,11.553797721862793
04-11-1997,19.458332061767578,19.625,1107450,19.791667938232422,19.75,11.701926231384277
05-11-1997,19.75,19.791667938232422,1138650,20.416667938232422,20.25,11.998174667358398
06-11-1997,19.833332061767578,20.25,1050000,20.5,20.166667938232422,11.948797225952148
07-11-1997,19.583332061767578,19.916667938232422,1368000,20.166667938232422,19.958332061767578,11.825361251831055
10-11-1997,19.5,20.083332061767578,739200,20.25,19.916667938232422,11.800671577453613
11-11-1997,19.458332061767578,19.916667938232422,394500,20.041667938232422,19.5,11.553797721862793
12-11-1997,19.083332061767578,19.416667938232422,409350,19.666667938232422,19.25,11.405668258666992
13-11-1997,19.041667938232422,19.416667938232422,376200,19.541667938232422,19.125,11.331613540649414
14-11-1997,19.041667938232422,19.083332061767578,774600,19.666667938232422,19.333332061767578,11.455048561096191
17-11-1997,19.916667938232422,20.0,1647150,20.75,20.583332061767578,12.195674896240234
18-11-1997,18.75,20.416667938232422,4147800,20.416667938232422,18.916667938232422,11.208168983459473
19-11-1997,18.333332061767578,19.083332061767578,1672650,19.166667938232422,18.666667938232422,11.060042381286621
20-11-1997,19.0,19.0,3670350,19.583332061767578,19.333332061767578,11.455048561096191
21-11-1997,19.333332061767578,19.583332061767578,880950,19.666667938232422,19.333332061767578,11.455048561096191
24-11-1997,18.875,19.25,732150,19.25,19.0,11.257547378540039
25-11-1997,18.916667938232422,19.083332061767578,321750,19.166667938232422,19.0,11.257547378540039
26-11-1997,18.916667938232422,18.916667938232422,287850,19.708332061767578,19.625,11.627863883972168
28-11-1997,19.375,19.75,131850,19.75,19.375,11.479732513427734
01-12-1997,18.833332061767578,19.416667938232422,1162500,19.416667938232422,19.25,11.405668258666992
02-12-1997,19.25,19.25,581400,20.125,19.875,11.775989532470703
03-12-1997,19.458332061767578,19.875,606900,19.875,19.708332061767578,11.677240371704102
04-12-1997,19.5,20.0,763200,20.0,19.625,11.627863883972168
05-12-1997,19.458332061767578,19.458332061767578,873150,20.25,19.833332061767578,11.751296997070312
08-12-1997,19.875,20.0,933300,20.083332061767578,20.0,11.850048065185547
09-12-1997,20.166667938232422,20.666667938232422,2398050,20.916667938232422,20.833332061767578,12.343802452087402
10-12-1997,21.041667938232422,21.166667938232422,4652100,22.75,22.458332061767578,13.306614875793457
11-12-1997,21.583332061767578,22.166667938232422,2260050,22.25,21.75,12.886930465698242
12-12-1997,21.666667938232422,21.833332061767578,922050,22.458332061767578,22.416667938232422,13.281932830810547
15-12-1997,21.916667938232422,22.541667938232422,1227750,22.583332061767578,22.583332061767578,13.380674362182617
16-12-1997,22.375,22.5,1568400,23.458332061767578,23.375,13.849745750427246
17-12-1997,23.0,23.333332061767578,4762800,24.333332061767578,23.916667938232422,14.170687675476074
18-12-1997,22.625,23.833332061767578,3100350,23.833332061767578,22.833332061767578,13.528800964355469
19-12-1997,21.916667938232422,22.0,1327800,22.666667938232422,22.083332061767578,13.084432601928711
22-12-1997,21.583332061767578,22.333332061767578,798900,22.5,21.708332061767578,12.862237930297852
23-12-1997,20.791667938232422,21.708332061767578,1395750,21.708332061767578,20.791667938232422,12.319112777709961
24-12-1997,20.0,20.708332061767578,1057650,20.708332061767578,20.25,11.998174667358398
26-12-1997,20.0,20.166667938232422,577050,20.583332061767578,20.416667938232422,12.096928596496582
29-12-1997,20.083332061767578,20.416667938232422,1085250,20.458332061767578,20.333332061767578,12.047553062438965
30-12-1997,20.458332061767578,20.5,1047750,21.208332061767578,20.666667938232422,12.245052337646484
31-12-1997,20.833332061767578,20.916667938232422,771150,21.375,21.0,12.442550659179688
02-01-1998,20.833332061767578,21.0,461250,21.25,20.833332061767578,12.343802452087402
05-01-1998,20.666667938232422,20.833332061767578,807300,21.125,21.125,12.516613006591797
06-01-1998,21.208332061767578,21.291667938232422,929700,22.666667938232422,22.0,13.035058975219727
07-01-1998,20.75,22.041667938232422,1244850,22.333332061767578,21.416667938232422,12.689424514770508
08-01-1998,21.083332061767578,21.583332061767578,921750,21.666667938232422,21.333332061767578,12.640050888061523
09-01-1998,20.416667938232422,21.25,586050,21.25,20.5,12.14630126953125
12-01-1998,19.916667938232422,19.916667938232422,1002900,20.916667938232422,20.916667938232422,12.393179893493652
13-01-1998,21.166667938232422,21.166667938232422,681900,21.833332061767578,21.833332061767578,12.93630313873291
14-01-1998,21.666667938232422,21.75,955500,21.916667938232422,21.875,12.960988998413086
15-01-1998,21.833332061767578,22.0,515550,22.5,21.833332061767578,12.93630313873291
16-01-1998,22.083332061767578,22.166667938232422,1186800,22.5,22.208332061767578,13.158493041992188
20-01-1998,22.333332061767578,22.333332061767578,1103400,23.708332061767578,23.625,13.997873306274414
21-01-1998,22.5,23.375,918750,23.375,23.166667938232422,13.726309776306152
22-01-1998,22.416667938232422,22.666667938232422,474150,22.75,22.5,13.331306457519531
23-01-1998,21.916667938232422,22.416667938232422,422700,22.583332061767578,22.166667938232422,13.133804321289062
26-01-1998,21.791667938232422,22.333332061767578,441450,22.75,21.833332061767578,12.93630313873291
27-01-1998,21.75,21.833332061767578,422700,22.625,22.25,13.183181762695312
28-01-1998,21.75,22.25,538350,22.333332061767578,21.958332061767578,13.010372161865234
29-01-1998,21.916667938232422,21.916667938232422,1336950,22.5,22.333332061767578,13.264771461486816
30-01-1998,22.291667938232422,22.333332061767578,1249500,23.083332061767578,23.0,13.660737991333008
02-02-1998,23.083332061767578,23.333332061767578,609150,23.375,23.166667938232422,13.759732246398926
03-02-1998,22.75,23.083332061767578,287850,23.333332061767578,23.333332061767578,13.858718872070312
04-02-1998,23.0,23.166667938232422,421200,23.166667938232422,23.166667938232422,13.759732246398926
05-02-1998,23.25,23.333332061767578,1198500,23.708332061767578,23.291667938232422,13.83397102355957
06-02-1998,23.583332061767578,23.583332061767578,1381800,24.166667938232422,23.791667938232422,14.130940437316895
09-02-1998,23.416667938232422,23.916667938232422,1582800,23.916667938232422,23.5,13.957703590393066
10-02-1998,23.541667938232422,23.583332061767578,1004100,24.25,24.0,14.254677772521973
11-02-1998,23.833332061767578,23.833332061767578,818700,24.5,24.083332061767578,14.30417251586914
12-02-1998,23.708332061767578,24.0,856200,24.0,23.875,14.180434226989746
13-02-1998,23.875,23.916667938232422,809550,24.166667938232422,24.041667938232422,14.279428482055664
17-02-1998,23.916667938232422,24.0,645150,24.166667938232422,24.0,14.254677772521973
18-02-1998,23.916667938232422,24.0,1476150,24.083332061767578,24.0,14.254677772521973
19-02-1998,23.791667938232422,23.958332061767578,792450,24.083332061767578,24.0,14.254677772521973
20-02-1998,23.875,23.958332061767578,655950,24.375,24.375,14.477413177490234
23-02-1998,23.625,24.291667938232422,525300,24.291667938232422,24.0,14.254677772521973
24-02-1998,23.333332061767578,24.0,933600,24.083332061767578,23.416667938232422,13.908210754394531
25-02-1998,23.166667938232422,23.291667938232422,1075200,24.0,23.625,14.031943321228027
26-02-1998,23.333332061767578,23.708332061767578,1523400,23.75,23.5,13.957703590393066
27-02-1998,23.25,23.5,1361100,24.25,24.166667938232422,14.353669166564941
02-03-1998,24.166667938232422,24.208332061767578,634950,24.583332061767578,24.416667938232422,14.502158164978027
03-03-1998,23.791667938232422,24.25,483000,24.333332061767578,24.083332061767578,14.30417251586914
04-03-1998,23.333332061767578,23.916667938232422,624900,24.166667938232422,23.458332061767578,13.93295669555664
05-03-1998,23.166667938232422,23.291667938232422,771450,23.625,23.5,13.957703590393066
06-03-1998,23.583332061767578,23.583332061767578,754800,23.791667938232422,23.583332061767578,14.00719928741455
09-03-1998,23.333332061767578,23.833332061767578,918000,24.0,23.333332061767578,13.858718872070312
10-03-1998,23.458332061767578,23.458332061767578,1972350,24.833332061767578,24.666667938232422,14.650638580322266
11-03-1998,24.416667938232422,24.5,675900,24.791667938232422,24.75,14.700142860412598
12-03-1998,24.375,24.75,487950,24.75,24.541667938232422,14.576401710510254
13-03-1998,24.333332061767578,24.666667938232422,335400,24.666667938232422,24.333332061767578,14.452654838562012
16-03-1998,24.333332061767578,24.583332061767578,1438800,24.75,24.333332061767578,14.452654838562012
17-03-1998,24.416667938232422,24.5,926100,24.833332061767578,24.75,14.700142860412598
18-03-1998,24.25,24.75,739500,24.833332061767578,24.75,14.700142860412598
19-03-1998,24.666667938232422,24.75,808950,25.333332061767578,25.166667938232422,14.94761848449707
20-03-1998,24.666667938232422,25.166667938232422,611100,25.166667938232422,24.75,14.700142860412598
23-03-1998,24.5,24.5,1158150,25.208332061767578,24.833332061767578,14.749626159667969
24-03-1998,24.916667938232422,25.0,625050,25.75,25.583332061767578,15.195082664489746
25-03-1998,23.166667938232422,23.333332061767578,10354500,23.5,23.375,13.883471488952637
26-03-1998,23.375,23.375,2034150,23.791667938232422,23.583332061767578,14.00719928741455
27-03-1998,23.416667938232422,24.083332061767578,1887150,24.333332061767578,23.458332061767578,13.93295669555664
30-03-1998,23.166667938232422,23.458332061767578,1413000,23.5,23.291667938232422,13.83397102355957
31-03-1998,23.375,23.375,950250,23.916667938232422,23.541667938232422,13.982455253601074
01-04-1998,23.375,23.458332061767578,1664100,24.125,24.083332061767578,14.30417251586914
02-04-1998,24.0,24.083332061767578,689850,24.833332061767578,24.5,14.551653861999512
03-04-1998,24.083332061767578,24.583332061767578,642150,24.625,24.166667938232422,14.353669166564941
06-04-1998,24.0,24.166667938232422,700050,24.666667938232422,24.625,14.625887870788574
07-04-1998,24.083332061767578,24.75,702750,24.75,24.166667938232422,14.353669166564941
08-04-1998,24.041667938232422,24.083332061767578,431550,24.583332061767578,24.25,14.40316390991211
09-04-1998,24.166667938232422,24.25,274050,24.75,24.583332061767578,14.601152420043945
13-04-1998,24.416667938232422,24.625,349500,24.958332061767578,24.625,14.625887870788574
14-04-1998,24.041667938232422,24.583332061767578,282150,24.666667938232422,24.083332061767578,14.30417251586914
15-04-1998,23.833332061767578,24.083332061767578,543600,24.166667938232422,24.0,14.254677772521973
16-04-1998,23.416667938232422,23.916667938232422,781800,24.020832061767578,23.666667938232422,14.056696891784668
17-04-1998,23.25,23.666667938232422,352500,23.75,23.75,14.106191635131836
20-04-1998,23.833332061767578,23.916667938232422,468150,24.166667938232422,24.0,14.254677772521973
21-04-1998,23.666667938232422,23.833332061767578,772650,24.125,23.708332061767578,14.081445693969727
22-04-1998,23.791667938232422,23.833332061767578,813750,24.916667938232422,24.916667938232422,14.799134254455566
23-04-1998,24.583332061767578,24.666667938232422,885750,25.166667938232422,25.166667938232422,14.94761848449707
24-04-1998,24.708332061767578,25.166667938232422,899550,25.333332061767578,25.0,14.848624229431152
27-04-1998,24.125,24.583332061767578,609900,24.666667938232422,24.666667938232422,14.650638580322266
28-04-1998,24.666667938232422,24.666667938232422,630000,25.25,24.666667938232422,14.650638580322266
29-04-1998,24.166667938232422,24.75,333000,24.833332061767578,24.5,14.583185195922852
30-04-1998,24.166667938232422,24.416667938232422,504600,24.541667938232422,24.541667938232422,14.607982635498047
01-05-1998,24.291667938232422,24.625,929850,24.625,24.583332061767578,14.63278865814209
04-05-1998,24.666667938232422,24.666667938232422,688200,25.083332061767578,24.666667938232422,14.682385444641113
05-05-1998,24.5,24.666667938232422,747150,24.75,24.666667938232422,14.682385444641113
06-05-1998,24.416667938232422,24.583332061767578,825600,24.75,24.625,14.657584190368652
07-05-1998,24.541667938232422,24.583332061767578,1053300,25.583332061767578,25.208332061767578,15.004803657531738
08-05-1998,25.0,25.25,655800,25.5,25.083332061767578,14.93039608001709
11-05-1998,25.083332061767578,25.083332061767578,690600,25.333332061767578,25.25,15.029605865478516
12-05-1998,25.166667938232422,25.166667938232422,528300,25.375,25.375,15.104020118713379
13-05-1998,24.958332061767578,25.291667938232422,368100,25.541667938232422,25.166667938232422,14.98000717163086
14-05-1998,25.0,25.333332061767578,531750,25.5,25.0,14.880800247192383
15-05-1998,25.416667938232422,25.666667938232422,1059000,25.916667938232422,25.666667938232422,15.277619361877441
18-05-1998,25.75,25.833332061767578,646350,26.75,26.75,15.922447204589844
19-05-1998,25.75,26.75,781050,26.75,26.0,15.476032257080078
20-05-1998,25.25,26.0,472650,26.083332061767578,25.708332061767578,15.302417755126953
21-05-1998,25.375,25.583332061767578,1137750,26.5,26.333332061767578,15.674436569213867
22-05-1998,25.833332061767578,26.333332061767578,638850,26.333332061767578,26.083332061767578,15.525629043579102
26-05-1998,25.75,26.0,482550,26.25,25.958332061767578,15.451225280761719
27-05-1998,25.333332061767578,25.791667938232422,442650,25.833332061767578,25.333332061767578,15.079205513000488
28-05-1998,25.333332061767578,25.333332061767578,698850,25.875,25.541667938232422,15.20321273803711
29-05-1998,25.25,25.625,406350,25.833332061767578,25.5,15.178414344787598
01-06-1998,25.0,25.333332061767578,385350,25.833332061767578,25.833332061767578,15.376822471618652
02-06-1998,25.75,26.083332061767578,269850,26.166667938232422,25.958332061767578,15.451225280761719
03-06-1998,25.75,25.958332061767578,372900,26.0,25.916667938232422,15.426426887512207
04-06-1998,25.708332061767578,25.875,264450,25.916667938232422,25.875,15.40162467956543
05-06-1998,25.916667938232422,25.958332061767578,362550,26.625,26.625,15.848051071166992
08-06-1998,26.583332061767578,26.666667938232422,481200,27.0,26.75,15.922447204589844
09-06-1998,26.625,26.666667938232422,444150,27.0,26.958332061767578,16.046459197998047
10-06-1998,26.0,27.041667938232422,536250,27.083332061767578,26.083332061767578,15.525629043579102
11-06-1998,25.541667938232422,26.166667938232422,432600,26.416667938232422,25.666667938232422,15.277619361877441
12-06-1998,25.083332061767578,25.583332061767578,415800,25.708332061767578,25.416667938232422,15.128805160522461
15-06-1998,24.791667938232422,25.0,485850,25.166667938232422,24.916667938232422,14.831196784973145
16-06-1998,24.666667938232422,25.166667938232422,478050,25.291667938232422,24.916667938232422,14.831196784973145
17-06-1998,24.375,24.5,1051500,25.125,24.5,14.583185195922852
18-06-1998,24.416667938232422,24.416667938232422,571200,25.125,24.916667938232422,14.831196784973145
19-06-1998,24.833332061767578,24.916667938232422,636300,25.166667938232422,25.166667938232422,14.98000717163086
22-06-1998,25.0,25.083332061767578,402000,25.25,25.125,14.9552001953125
23-06-1998,25.166667938232422,25.25,314700,25.333332061767578,25.25,15.029605865478516
24-06-1998,25.208332061767578,25.333332061767578,479700,25.5,25.458332061767578,15.153608322143555
25-06-1998,25.416667938232422,25.458332061767578,558300,25.833332061767578,25.708332061767578,15.302417755126953
26-06-1998,25.666667938232422,25.708332061767578,591150,26.0,25.958332061767578,15.451225280761719
29-06-1998,25.833332061767578,26.083332061767578,282450,26.166667938232422,25.875,15.40162467956543
30-06-1998,25.75,25.791667938232422,425400,26.25,26.208332061767578,15.60003662109375
01-07-1998,25.25,26.208332061767578,874500,26.25,25.333332061767578,15.079205513000488
02-07-1998,24.416667938232422,25.333332061767578,2067300,25.333332061767578,25.0,14.880800247192383
06-07-1998,25.083332061767578,25.083332061767578,463800,25.666667938232422,25.541667938232422,15.20321273803711
07-07-1998,25.541667938232422,25.75,293100,26.125,26.125,15.550431251525879
08-07-1998,25.791667938232422,26.041667938232422,383550,26.083332061767578,26.0,15.476032257080078
09-07-1998,26.083332061767578,26.166667938232422,571350,26.333332061767578,26.208332061767578,15.60003662109375
10-07-1998,26.291667938232422,26.291667938232422,663150,26.75,26.625,15.848051071166992
13-07-1998,26.208332061767578,26.625,387750,26.666667938232422,26.333332061767578,15.674436569213867
14-07-1998,25.833332061767578,26.416667938232422,1186350,26.583332061767578,26.041667938232422,15.500832557678223
15-07-1998,25.791667938232422,25.916667938232422,467850,26.125,25.875,15.40162467956543
16-07-1998,25.75,25.875,802200,26.625,26.625,15.848051071166992
17-07-1998,26.166667938232422,26.583332061767578,1000950,27.291667938232422,27.291667938232422,16.244871139526367
20-07-1998,26.833332061767578,27.208332061767578,954750,27.208332061767578,27.125,16.14566421508789
21-07-1998,26.5,27.041667938232422,663600,27.041667938232422,26.625,15.848051071166992
22-07-1998,26.291667938232422,26.541667938232422,320700,26.583332061767578,26.5,15.77364730834961
23-07-1998,25.333332061767578,26.416667938232422,574050,26.416667938232422,25.416667938232422,15.128805160522461
24-07-1998,25.0,25.416667938232422,595500,25.416667938232422,25.208332061767578,15.004803657531738
27-07-1998,24.333332061767578,25.208332061767578,655650,25.208332061767578,24.75,14.731990814208984
28-07-1998,24.583332061767578,24.75,443550,25.166667938232422,24.666667938232422,14.682385444641113
29-07-1998,24.208332061767578,24.833332061767578,589350,24.916667938232422,24.333332061767578,14.48397445678711
30-07-1998,24.416667938232422,24.416667938232422,714000,24.708332061767578,24.541667938232422,14.640063285827637
31-07-1998,24.0,24.625,377100,24.625,24.125,14.39150619506836
03-08-1998,23.833332061767578,24.0,268050,24.166667938232422,23.916667938232422,14.267230987548828
04-08-1998,22.833332061767578,23.916667938232422,487350,23.916667938232422,22.916667938232422,13.670699119567871
05-08-1998,22.416667938232422,22.666667938232422,725100,24.416667938232422,24.416667938232422,14.565499305725098
06-08-1998,24.458332061767578,24.5,680700,24.916667938232422,24.625,14.68978500366211
07-08-1998,24.458332061767578,24.541667938232422,257400,24.75,24.583332061767578,14.664925575256348
10-08-1998,23.416667938232422,24.5,687000,24.5,23.541667938232422,14.04353141784668
11-08-1998,23.0,23.333332061767578,666900,23.5,23.5,14.018670082092285
12-08-1998,23.375,23.5,442650,24.333332061767578,24.333332061767578,14.51579475402832
13-08-1998,24.125,24.5,321900,24.625,24.583332061767578,14.664925575256348
14-08-1998,23.833332061767578,24.666667938232422,436950,24.666667938232422,23.833332061767578,14.217522621154785
17-08-1998,23.666667938232422,23.666667938232422,457200,24.666667938232422,24.5,14.615209579467773
18-08-1998,24.25,24.416667938232422,635550,24.625,24.541667938232422,14.640063285827637
19-08-1998,23.416667938232422,24.541667938232422,557100,24.541667938232422,23.541667938232422,14.04353141784668
20-08-1998,23.666667938232422,23.666667938232422,282000,24.541667938232422,24.458332061767578,14.59035873413086
21-08-1998,23.666667938232422,24.291667938232422,470100,24.541667938232422,23.875,14.242376327514648
24-08-1998,24.041667938232422,24.083332061767578,347400,24.666667938232422,24.375,14.5406494140625
25-08-1998,24.333332061767578,24.375,622500,25.416667938232422,25.166667938232422,15.012907028198242
26-08-1998,24.416667938232422,24.75,474600,24.833332061767578,24.5,14.615209579467773
27-08-1998,22.416667938232422,24.416667938232422,1090500,24.416667938232422,23.583332061767578,14.068385124206543
28-08-1998,22.75,23.583332061767578,583950,24.125,23.208332061767578,13.84467887878418
31-08-1998,20.75,23.125,504300,23.166667938232422,20.875,12.452763557434082
01-09-1998,21.333332061767578,21.333332061767578,724350,23.041667938232422,23.041667938232422,13.745262145996094
02-09-1998,23.0,23.833332061767578,581850,23.916667938232422,23.333332061767578,13.9192533493042
03-09-1998,22.166667938232422,23.166667938232422,856050,23.166667938232422,22.291667938232422,13.297857284545898
04-09-1998,21.166667938232422,22.291667938232422,709050,22.625,21.291667938232422,12.701318740844727
08-09-1998,21.75,21.791667938232422,534150,23.208332061767578,23.208332061767578,13.84467887878418
09-09-1998,22.25,23.208332061767578,519600,23.208332061767578,22.291667938232422,13.297857284545898
10-09-1998,21.708332061767578,22.291667938232422,340650,22.291667938232422,21.75,12.974727630615234
11-09-1998,21.75,21.791667938232422,356850,22.708332061767578,22.583332061767578,13.471843719482422
14-09-1998,21.958332061767578,22.583332061767578,441450,22.583332061767578,22.0,13.123866081237793
15-09-1998,21.625,22.0,577800,22.229167938232422,22.166667938232422,13.223283767700195
16-09-1998,20.0,22.166667938232422,1932750,22.208332061767578,20.5,12.229057312011719
17-09-1998,19.666667938232422,20.333332061767578,796350,20.333332061767578,19.958332061767578,11.905930519104004
18-09-1998,20.083332061767578,20.333332061767578,696600,20.583332061767578,20.333332061767578,12.129629135131836
21-09-1998,20.0,20.25,738750,21.125,21.125,12.601889610290527
22-09-1998,20.3125,21.041667938232422,1044900,21.333332061767578,20.458332061767578,12.204200744628906
23-09-1998,20.166667938232422,20.5,1051500,20.5,20.333332061767578,12.129629135131836
24-09-1998,20.041667938232422,20.166667938232422,599100,20.416667938232422,20.166667938232422,12.030207633972168
25-09-1998,19.75,20.083332061767578,1450950,20.708332061767578,20.666667938232422,12.328476905822754
28-09-1998,19.875,20.166667938232422,1775700,20.416667938232422,20.0,11.930789947509766
29-09-1998,19.75,20.041667938232422,775050,20.375,20.333332061767578,12.129629135131836
30-09-1998,19.666667938232422,20.166667938232422,812850,20.375,19.708332061767578,11.756793975830078
01-10-1998,19.333332061767578,19.833332061767578,1019250,19.958332061767578,19.666667938232422,11.73194408416748
02-10-1998,19.083332061767578,19.666667938232422,1318200,19.916667938232422,19.125,11.40881061553955
05-10-1998,19.041667938232422,19.375,555600,19.708332061767578,19.041667938232422,11.35910701751709
06-10-1998,19.125,19.125,882150,19.625,19.375,11.557945251464844
07-10-1998,19.333332061767578,19.458332061767578,878700,20.583332061767578,20.5,12.229057312011719
08-10-1998,19.75,20.416667938232422,844350,20.416667938232422,20.25,12.079923629760742
09-10-1998,19.541667938232422,20.166667938232422,775350,20.208332061767578,19.666667938232422,11.73194408416748
12-10-1998,19.625,19.833332061767578,379500,20.208332061767578,19.708332061767578,11.756793975830078
13-10-1998,18.666667938232422,19.708332061767578,1008750,19.791667938232422,19.083332061767578,11.383957862854004
14-10-1998,19.0,19.083332061767578,414000,20.833332061767578,20.25,12.079923629760742
15-10-1998,20.041667938232422,20.166667938232422,565350,22.333332061767578,22.0,13.123866081237793
16-10-1998,22.166667938232422,23.166667938232422,671700,23.25,22.291667938232422,13.297857284545898
19-10-1998,22.0,22.166667938232422,247200,22.666667938232422,22.125,13.198436737060547
20-10-1998,22.125,22.125,377850,23.25,23.25,13.869544982910156
21-10-1998,22.0,22.75,416850,22.75,22.458332061767578,13.397276878356934
22-10-1998,21.916667938232422,22.541667938232422,240150,22.541667938232422,22.166667938232422,13.223283767700195
23-10-1998,22.166667938232422,22.25,525900,22.75,22.541667938232422,13.446988105773926
26-10-1998,22.541667938232422,22.625,724800,22.75,22.541667938232422,13.446988105773926
27-10-1998,22.666667938232422,22.666667938232422,455700,23.833332061767578,23.708332061767578,14.14295768737793
28-10-1998,23.166667938232422,23.791667938232422,640650,23.791667938232422,23.291667938232422,13.894391059875488
29-10-1998,22.416667938232422,23.333332061767578,1038900,23.333332061767578,23.166667938232422,13.851545333862305
30-10-1998,23.333332061767578,23.416667938232422,965700,24.083332061767578,23.375,13.976116180419922
02-11-1998,23.333332061767578,23.333332061767578,722400,24.916667938232422,24.875,14.872965812683105
03-11-1998,23.75,24.875,333600,24.875,24.083332061767578,14.39962387084961
04-11-1998,24.25,24.25,482100,24.916667938232422,24.916667938232422,14.89787483215332
05-11-1998,23.75,24.75,388500,24.75,23.916667938232422,14.299972534179688
06-11-1998,23.833332061767578,23.833332061767578,312600,24.083332061767578,24.0,14.349800109863281
09-11-1998,24.0,24.166667938232422,455700,24.875,24.666667938232422,14.748405456542969
10-11-1998,23.916667938232422,24.666667938232422,310050,24.666667938232422,23.916667938232422,14.299972534179688
11-11-1998,23.208332061767578,23.916667938232422,398850,24.083332061767578,23.5,14.050848007202148
12-11-1998,23.166667938232422,23.583332061767578,231600,23.666667938232422,23.416667938232422,14.001019477844238
13-11-1998,23.25,23.583332061767578,249600,23.666667938232422,23.416667938232422,14.001019477844238
16-11-1998,23.416667938232422,23.5,504300,24.25,23.416667938232422,14.001019477844238
17-11-1998,23.125,23.5,325950,23.583332061767578,23.25,13.901362419128418
18-11-1998,22.916667938232422,23.416667938232422,612000,23.458332061767578,23.458332061767578,14.025927543640137
19-11-1998,23.333332061767578,23.541667938232422,273900,23.833332061767578,23.625,14.125587463378906
20-11-1998,23.25,23.833332061767578,409950,23.833332061767578,23.25,13.901362419128418
23-11-1998,23.083332061767578,23.333332061767578,681900,23.583332061767578,23.375,13.976116180419922
24-11-1998,21.75,23.166667938232422,3338550,23.166667938232422,22.5,13.452937126159668
25-11-1998,22.583332061767578,22.75,1027800,23.041667938232422,22.875,13.67714786529541
27-11-1998,23.25,23.25,347850,24.0,23.916667938232422,14.299972534179688
30-11-1998,23.375,24.083332061767578,520500,25.0,23.5,14.050848007202148
01-12-1998,22.75,23.541667938232422,1108050,25.166667938232422,24.916667938232422,14.89787483215332
02-12-1998,24.583332061767578,25.083332061767578,1383150,25.458332061767578,25.416667938232422,15.196836471557617
03-12-1998,23.916667938232422,25.166667938232422,564600,25.166667938232422,24.0,14.349800109863281
04-12-1998,23.708332061767578,24.125,626550,24.333332061767578,24.166667938232422,14.449464797973633
07-12-1998,24.208332061767578,24.333332061767578,504900,25.0,24.833332061767578,14.84805679321289
08-12-1998,23.833332061767578,25.083332061767578,376200,25.083332061767578,24.333332061767578,14.549102783203125
09-12-1998,22.958332061767578,24.375,541650,24.416667938232422,23.416667938232422,14.001019477844238
10-12-1998,22.416667938232422,22.416667938232422,1461150,22.916667938232422,22.791667938232422,13.627326011657715
11-12-1998,22.75,22.75,366150,23.583332061767578,23.375,13.976116180419922
14-12-1998,22.166667938232422,23.416667938232422,979050,23.416667938232422,22.25,13.303462028503418
15-12-1998,21.416667938232422,22.25,1434600,22.583332061767578,21.541667938232422,12.879937171936035
16-12-1998,21.625,21.625,811050,22.25,21.916667938232422,13.104158401489258
17-12-1998,21.208332061767578,21.833332061767578,1087650,21.916667938232422,21.25,12.70555305480957
18-12-1998,21.208332061767578,21.333332061767578,787650,21.875,21.708332061767578,12.97959041595459
21-12-1998,21.75,21.791667938232422,686850,22.333332061767578,21.833332061767578,13.054332733154297
22-12-1998,20.583332061767578,21.833332061767578,1321950,22.25,20.666667938232422,12.356769561767578
23-12-1998,20.75,20.75,1820850,22.333332061767578,22.208332061767578,13.278550148010254
24-12-1998,22.125,22.208332061767578,217350,22.583332061767578,22.25,13.303462028503418
28-12-1998,21.833332061767578,22.166667938232422,512550,22.958332061767578,22.833332061767578,13.652234077453613
29-12-1998,22.75,22.75,570300,23.5,23.5,14.050848007202148
30-12-1998,23.5,23.5,824550,24.166667938232422,24.083332061767578,14.39962387084961
31-12-1998,23.875,24.0,950850,24.833332061767578,24.083332061767578,14.39962387084961
04-01-1999,23.75,24.25,694800,24.583332061767578,23.833332061767578,14.25014591217041
05-01-1999,23.75,23.833332061767578,482400,24.333332061767578,24.25,14.49927806854248
06-01-1999,24.083332061767578,24.083332061767578,483300,24.916667938232422,24.666667938232422,14.748405456542969
07-01-1999,23.416667938232422,24.5,481650,24.541667938232422,23.666667938232422,14.150498390197754
08-01-1999,22.833332061767578,23.833332061767578,535500,23.916667938232422,22.875,13.67714786529541
11-01-1999,23.041667938232422,23.041667938232422,865050,24.125,23.791667938232422,14.225234985351562
12-01-1999,23.333332061767578,23.625,576900,23.75,23.375,13.976116180419922
13-01-1999,22.75,23.083332061767578,789600,24.333332061767578,23.916667938232422,14.299972534179688
14-01-1999,23.666667938232422,23.833332061767578,864450,24.291667938232422,23.916667938232422,14.299972534179688
15-01-1999,23.791667938232422,23.916667938232422,662850,24.0,24.0,14.349800109863281
19-01-1999,23.25,23.916667938232422,324150,23.916667938232422,23.25,13.901362419128418
20-01-1999,23.166667938232422,23.583332061767578,889350,23.875,23.75,14.200322151184082
21-01-1999,23.083332061767578,23.916667938232422,405000,23.916667938232422,23.166667938232422,13.851545333862305
22-01-1999,22.708332061767578,23.0,534300,23.083332061767578,23.0,13.751897811889648
25-01-1999,22.5,23.166667938232422,657000,23.166667938232422,22.958332061767578,13.726980209350586
26-01-1999,22.791667938232422,22.958332061767578,948750,23.75,23.5,14.050848007202148
27-01-1999,22.75,23.5,273000,23.5,23.083332061767578,13.801712989807129
28-01-1999,22.791667938232422,23.166667938232422,372450,23.166667938232422,22.958332061767578,13.75876522064209
29-01-1999,22.916667938232422,22.958332061767578,1292700,25.166667938232422,24.75,14.832493782043457
01-02-1999,23.666667938232422,24.791667938232422,631200,24.791667938232422,23.666667938232422,14.183262825012207
02-02-1999,23.291667938232422,23.5,927300,24.708332061767578,24.666667938232422,14.782556533813477
03-02-1999,24.5,24.666667938232422,1735050,25.5,25.0,14.982317924499512
04-02-1999,24.708332061767578,25.333332061767578,1499100,25.75,25.458332061767578,15.257000923156738
05-02-1999,25.0,25.5,1114650,25.583332061767578,25.333332061767578,15.182085990905762
08-02-1999,25.208332061767578,25.25,1205100,25.916667938232422,25.583332061767578,15.331912994384766
09-02-1999,25.333332061767578,25.666667938232422,1231650,26.333332061767578,25.333332061767578,15.182085990905762
10-02-1999,24.666667938232422,25.375,1092450,25.75,25.333332061767578,15.182085990905762
11-02-1999,25.166667938232422,25.333332061767578,1410300,26.041667938232422,26.0,15.581612586975098
12-02-1999,25.375,25.916667938232422,1064100,26.25,26.0,15.581612586975098
16-02-1999,26.083332061767578,26.083332061767578,1538550,26.583332061767578,26.375,15.806358337402344
17-02-1999,25.833332061767578,26.25,1201650,26.25,26.0,15.581612586975098
18-02-1999,25.083332061767578,25.833332061767578,1028400,25.833332061767578,25.375,15.20705795288086
19-02-1999,24.666667938232422,25.166667938232422,1516500,25.666667938232422,25.25,15.132148742675781
22-02-1999,25.291667938232422,25.333332061767578,1335750,26.25,26.0,15.581612586975098
23-02-1999,25.333332061767578,26.0,864150,26.0,25.541667938232422,15.3069429397583
24-02-1999,24.208332061767578,25.458332061767578,1104150,25.583332061767578,24.583332061767578,14.732613563537598
25-02-1999,24.5,24.583332061767578,711600,25.125,24.916667938232422,14.932380676269531
26-02-1999,24.583332061767578,25.0,904200,25.083332061767578,24.708332061767578,14.807526588439941
01-03-1999,24.416667938232422,24.5,671550,25.208332061767578,24.666667938232422,14.782556533813477
02-03-1999,24.708332061767578,24.708332061767578,715650,25.208332061767578,25.125,15.057228088378906
03-03-1999,24.958332061767578,25.125,1879050,26.166667938232422,26.0,15.581612586975098
04-03-1999,26.166667938232422,26.333332061767578,1990650,26.75,26.666667938232422,15.981151580810547
05-03-1999,26.916667938232422,26.916667938232422,1654050,27.291667938232422,27.0,16.18091583251953
08-03-1999,26.833332061767578,27.083332061767578,1909200,27.291667938232422,27.291667938232422,16.35569953918457
09-03-1999,27.416667938232422,27.458332061767578,1410900,27.791667938232422,27.583332061767578,16.530494689941406
10-03-1999,27.166667938232422,27.666667938232422,1045350,27.916667938232422,27.333332061767578,16.38066864013672
11-03-1999,27.208332061767578,27.25,1494000,28.0,27.833332061767578,16.680320739746094
12-03-1999,27.541667938232422,27.75,907200,28.166667938232422,27.625,16.55546760559082
15-03-1999,27.666667938232422,27.666667938232422,834000,28.166667938232422,28.0,16.780193328857422
16-03-1999,27.625,27.75,621300,28.125,27.75,16.630374908447266
17-03-1999,26.75,27.875,630100,27.875,26.75,16.031078338623047
18-03-1999,26.5,26.75,998700,28.5,27.9375,16.742748260498047
19-03-1999,27.75,28.0,869400,28.75,28.5625,17.1173038482666
22-03-1999,28.25,28.5625,629600,29.0,28.625,17.154756546020508
23-03-1999,27.875,29.0,932900,29.0625,27.875,16.705284118652344
24-03-1999,27.6875,27.875,680200,29.0,28.125,16.855117797851562
25-03-1999,28.25,28.625,584900,28.75,28.625,17.154756546020508
26-03-1999,27.8125,28.125,970100,30.125,29.9375,17.94132423400879
29-03-1999,29.0,29.8125,807600,29.875,29.6875,17.791505813598633
30-03-1999,29.375,29.625,861600,30.375,29.875,17.90387725830078
31-03-1999,28.9375,30.125,612600,30.375,28.9375,17.3420352935791
01-04-1999,27.5625,29.0,967500,29.1875,28.25,16.93002700805664
05-04-1999,28.5,28.5,602800,29.0,28.875,17.304584503173828
06-04-1999,27.8125,28.9375,974100,29.0,27.875,16.705284118652344
07-04-1999,28.0625,28.125,508200,28.625,28.625,17.154756546020508
08-04-1999,28.5,28.625,842800,30.0,30.0,17.97878646850586
09-04-1999,29.625,30.125,896000,30.375,30.0625,18.0162410736084
12-04-1999,29.5,29.875,676300,30.375,30.25,18.128612518310547
13-04-1999,29.75,30.5,1027400,30.8125,29.9375,17.94132423400879
14-04-1999,29.75,29.9375,962000,30.5,30.125,18.05369758605957
15-04-1999,31.625,31.75,2045500,33.875,32.0,19.17737579345703
16-04-1999,32.1875,32.5,1572300,33.0,32.625,19.551931381225586
19-04-1999,32.625,33.125,1147100,34.25,32.9375,19.739206314086914
20-04-1999,32.0,32.9375,1127300,33.1875,32.0,19.17737579345703
21-04-1999,30.6875,32.0,1440500,32.375,31.4375,18.84027099609375
22-04-1999,31.75,32.0,1102800,32.5,32.125,19.252290725708008
23-04-1999,31.875,32.0625,1042000,33.375,32.875,19.701753616333008
26-04-1999,33.375,34.375,1210800,34.5,34.5,20.67560386657715
27-04-1999,32.75,34.5,1331600,34.625,33.0,19.776660919189453
28-04-1999,32.875,33.5,1119600,33.8125,33.375,20.00140953063965
29-04-1999,32.9375,33.25,1046000,33.5625,32.9375,19.774757385253906
30-04-1999,32.75,33.1875,1417700,34.875,34.875,20.937976837158203
03-05-1999,35.25,35.25,3322800,37.0,36.5,21.91358184814453
04-05-1999,34.875,36.75,1542200,36.875,35.375,21.238157272338867
05-05-1999,34.25,35.625,463600,35.625,34.6875,20.825401306152344
06-05-1999,33.75,34.6875,909900,36.0625,33.75,20.26256561279297
07-05-1999,33.5625,33.875,884800,34.5,33.875,20.337604522705078
10-05-1999,31.5,34.25,1479400,34.25,32.25,19.36200523376465
11-05-1999,31.5,32.75,1858600,32.875,32.3125,19.399534225463867
12-05-1999,32.25,32.625,1283300,33.6875,33.5,20.112464904785156
13-05-1999,32.25,34.0,1024500,34.0,32.25,19.36200523376465
14-05-1999,30.75,31.5,1693000,31.875,31.25,18.761634826660156
17-05-1999,30.5,31.625,921700,31.875,31.125,18.68657875061035
18-05-1999,30.875,31.125,1266900,32.375,31.375,18.836671829223633
19-05-1999,29.6875,31.625,1293400,32.125,30.8125,18.49897003173828
20-05-1999,30.25,30.9375,962900,31.25,30.4375,18.27383041381836
21-05-1999,28.75,30.5625,2301000,30.75,29.4375,17.673465728759766
24-05-1999,29.625,29.875,2027200,30.75,29.625,17.78602409362793
25-05-1999,29.5,29.875,1538000,30.625,30.1875,18.123737335205078
26-05-1999,29.1875,30.375,1236900,30.375,29.625,17.78602409362793
27-05-1999,27.875,29.25,2037200,29.375,28.0,16.810422897338867
28-05-1999,28.25,28.375,735800,29.5,28.75,17.260696411132812
01-06-1999,27.75,28.5,1139000,29.0,28.75,17.260696411132812
02-06-1999,28.0625,29.0,812200,29.125,28.125,16.885467529296875
03-06-1999,28.125,28.125,820000,29.1875,28.9375,17.373266220092773
04-06-1999,28.75,29.25,1212700,29.25,29.0,17.410795211791992
07-06-1999,27.375,28.75,891500,28.8125,27.625,16.585285186767578
08-06-1999,27.0,27.5,766500,27.875,27.4375,16.47270965576172
09-06-1999,27.4375,27.4375,729300,28.375,28.0,16.810422897338867
10-06-1999,27.625,27.875,664800,28.4375,27.75,16.66033172607422
11-06-1999,27.75,27.8125,675100,28.75,27.75,16.66033172607422
14-06-1999,28.0,28.0,642400,29.1875,29.125,17.485841751098633
15-06-1999,28.0625,28.625,602100,29.125,28.0625,16.847946166992188
16-06-1999,28.125,28.1875,1461900,29.4375,29.0625,17.448320388793945
17-06-1999,28.5,29.0,744600,29.4375,29.0,17.410795211791992
18-06-1999,29.0,29.5,648600,29.5,29.375,17.635929107666016
21-06-1999,28.5625,29.3125,538700,29.3125,29.0625,17.448320388793945
22-06-1999,28.5,29.0,958500,29.5,28.75,17.260696411132812
23-06-1999,28.125,28.9375,616500,29.0,28.8125,17.298221588134766
24-06-1999,28.0625,28.625,644500,28.625,28.4375,17.073081970214844
25-06-1999,27.4375,28.3125,605900,28.3125,27.5625,16.54776382446289
28-06-1999,27.1875,27.5625,657100,27.625,27.4375,16.47270965576172
29-06-1999,26.5,27.3125,1566100,28.0625,27.75,16.66033172607422
30-06-1999,26.6875,27.5,541700,28.25,27.9375,16.77290153503418
01-07-1999,27.0,27.9375,650400,27.9375,27.3125,16.397668838500977
02-07-1999,26.6875,27.25,463900,27.375,27.3125,16.397668838500977
06-07-1999,25.9375,26.875,1235900,27.125,26.125,15.684715270996094
07-07-1999,26.0,26.0625,938300,27.1875,26.875,16.135005950927734
08-07-1999,25.25,26.75,1362000,26.75,25.25,15.159401893615723
09-07-1999,25.25,25.5,2229200,26.125,25.25,15.159401893615723
12-07-1999,24.125,25.5,1321800,25.75,24.25,14.559029579162598
13-07-1999,24.5,24.5,3560100,25.4375,25.25,15.159401893615723
14-07-1999,25.375,25.5625,1266000,26.3125,26.1875,15.722246170043945
15-07-1999,27.25,27.6875,5659500,28.625,27.625,16.585285186767578
16-07-1999,27.5625,28.125,2229200,28.5625,27.625,16.585285186767578
19-07-1999,27.75,28.25,1037700,28.3125,28.0,16.810422897338867
20-07-1999,26.9375,28.0625,835900,28.25,27.3125,16.397668838500977
21-07-1999,26.9375,27.3125,915100,27.4375,27.1875,16.322612762451172
22-07-1999,26.5,27.0,945700,27.125,26.5,15.909856796264648
23-07-1999,26.75,26.75,863300,27.125,27.0,16.210054397583008
26-07-1999,25.375,26.375,943800,26.5625,25.75,15.45958137512207
27-07-1999,25.5625,26.0,1412600,26.0625,25.8125,15.49710750579834
28-07-1999,25.875,26.0625,660800,26.3125,26.0,15.60968017578125
29-07-1999,25.0625,25.375,777600,26.1875,25.75,15.495342254638672
30-07-1999,25.6875,26.0,633100,26.25,26.0,15.645784378051758
02-08-1999,26.125,26.625,989900,27.25,26.4375,15.909053802490234
03-08-1999,25.625,26.3125,783200,26.5625,25.9375,15.608169555664062
04-08-1999,25.75,25.8125,1114100,26.8125,26.125,15.7210054397583
05-08-1999,25.875,26.125,1229800,27.1875,26.5625,15.98427677154541
06-08-1999,26.0,26.3125,382200,26.6875,26.375,15.871443748474121
09-08-1999,25.5,26.375,460700,26.5,25.625,15.420126914978027
10-08-1999,24.125,25.25,835400,25.25,24.625,14.818366050720215
11-08-1999,24.625,24.625,829200,25.4375,25.25,15.19446086883545
12-08-1999,25.0,25.5,463000,25.9375,25.5625,15.38251781463623
13-08-1999,26.625,27.0,1081300,27.1875,26.875,16.172319412231445
16-08-1999,26.75,27.0,653100,27.125,26.8125,16.134706497192383
17-08-1999,26.625,26.9375,399800,27.0,26.6875,16.059494018554688
18-08-1999,25.75,26.6875,905100,26.6875,25.9375,15.608169555664062
19-08-1999,25.5,25.8125,419700,25.875,25.5,15.344902992248535
20-08-1999,25.625,25.75,305000,26.25,26.0,15.645784378051758
23-08-1999,25.6875,26.0,726500,26.25,25.8125,15.532953262329102
24-08-1999,25.125,25.9375,476700,25.9375,25.375,15.269678115844727
25-08-1999,25.625,26.0,605600,26.5,26.5,15.946667671203613
26-08-1999,26.5,26.5,745200,27.375,26.75,16.097103118896484
27-08-1999,25.6875,26.75,292300,26.8125,26.0,15.645784378051758
30-08-1999,25.0625,25.25,388800,25.6875,25.1875,15.15684986114502
31-08-1999,24.3125,25.1875,966900,25.25,24.4375,14.705533981323242
01-09-1999,23.75,24.5,499600,24.625,24.5625,14.780754089355469
02-09-1999,23.875,24.5625,430600,24.75,24.5625,14.780754089355469
03-09-1999,24.5,24.5625,736100,25.25,24.9375,15.00640869140625
07-09-1999,25.125,25.125,583700,25.75,25.25,15.19446086883545
08-09-1999,24.8125,25.125,404600,25.25,24.8125,14.931187629699707
09-09-1999,24.0625,25.875,1877900,26.375,24.5,14.743142127990723
10-09-1999,24.625,24.75,2091800,25.0625,24.8125,14.931187629699707
13-09-1999,24.125,24.75,785500,24.8125,24.25,14.592703819274902
14-09-1999,23.875,24.25,568700,24.6875,23.9375,14.404655456542969
15-09-1999,23.1875,24.4375,804500,24.5,23.1875,13.953329086303711
16-09-1999,22.625,23.375,1042000,24.0,22.6875,13.652447700500488
17-09-1999,22.625,22.875,1165600,23.1875,22.625,13.61484146118164
20-09-1999,22.6875,22.75,499900,23.0,22.8125,13.72767162322998
21-09-1999,22.1875,22.5625,1085300,22.875,22.1875,13.351567268371582
22-09-1999,21.9375,22.375,819400,23.25,22.25,13.389178276062012
23-09-1999,22.125,22.375,890800,22.75,22.375,13.464400291442871
24-09-1999,22.375,22.4375,763800,23.4375,22.8125,13.72767162322998
27-09-1999,22.3125,22.8125,416900,23.0625,22.3125,13.426789283752441
28-09-1999,21.5,22.0625,1012100,22.3125,21.875,13.163517951965332
29-09-1999,21.875,21.9375,808900,22.3125,22.0625,13.276354789733887
30-09-1999,21.4375,22.125,823600,22.25,21.5,12.937858581542969
01-10-1999,21.25,21.75,1321200,22.25,22.0625,13.276354789733887
04-10-1999,19.0,20.75,3099600,21.375,20.3125,12.223271369934082
05-10-1999,20.75,20.875,2167600,21.75,21.375,12.862639427185059
06-10-1999,21.5625,23.0,1203200,23.0,21.875,13.163517951965332
07-10-1999,20.875,21.875,939400,21.9375,21.0,12.636979103088379
08-10-1999,20.125,21.0,1445300,21.125,20.1875,12.148050308227539
11-10-1999,20.5625,20.5625,841600,22.0625,21.9375,13.201130867004395
12-10-1999,21.6875,22.1875,973300,22.5,21.875,13.163517951965332
13-10-1999,20.875,21.625,1054000,21.9375,20.9375,12.599367141723633
14-10-1999,18.25,20.9375,4661200,21.0,19.25,11.583901405334473
15-10-1999,17.875,19.0,3883900,19.0,18.5625,11.170186042785645
18-10-1999,18.5,18.8125,1532200,19.0625,19.0,11.433454513549805
19-10-1999,18.75,19.0,1578400,19.625,18.8125,11.32063102722168
20-10-1999,18.75,18.875,1116700,19.375,18.9375,11.395844459533691
21-10-1999,18.125,18.9375,1804500,19.0625,18.1875,10.944528579711914
22-10-1999,18.125,18.3125,1174300,18.625,18.5,11.132576942443848
25-10-1999,18.125,18.5,1159100,19.0,18.625,11.207797050476074
26-10-1999,18.5,19.0625,1170800,19.375,18.5625,11.170186042785645
27-10-1999,18.5625,18.5625,1348600,19.375,19.25,11.583901405334473
28-10-1999,19.3125,19.375,2439300,21.875,21.0,12.676488876342773
29-10-1999,20.4375,22.0,2069100,22.75,20.625,12.450122833251953
01-11-1999,20.3125,20.6875,687500,21.25,20.375,12.29921817779541
02-11-1999,20.375,20.4375,713000,21.0,20.5625,12.412389755249023
03-11-1999,20.5625,20.625,2376800,21.9375,21.5,12.978309631347656
04-11-1999,21.5625,22.0,851000,22.0625,21.9375,13.242400169372559
05-11-1999,22.25,22.25,1674900,23.4375,23.0625,13.921500205993652
08-11-1999,21.9375,23.125,1271300,23.3125,22.4375,13.544228553771973
09-11-1999,21.75,23.0,1173200,23.375,22.0,13.280136108398438
10-11-1999,22.0,22.0,863700,22.375,22.1875,13.393316268920898
11-11-1999,21.875,22.625,1055700,22.6875,22.0625,13.317861557006836
12-11-1999,21.6875,22.3125,792900,22.375,22.0,13.280136108398438
15-11-1999,22.0,22.0,1238500,23.5625,23.3125,14.072412490844727
16-11-1999,23.375,24.0,993800,24.25,23.5,14.185599327087402
17-11-1999,22.625,23.625,668200,23.6875,23.25,14.034687042236328
18-11-1999,22.5,23.125,519100,23.1875,22.8125,13.770590782165527
19-11-1999,22.5,22.5625,507300,23.1875,22.9375,13.846050262451172
22-11-1999,21.875,22.875,1254300,22.9375,22.0,13.280136108398438
23-11-1999,21.5625,22.0,783800,22.1875,21.9375,13.242400169372559
24-11-1999,22.125,22.125,867300,23.0,22.75,13.73286247253418
26-11-1999,22.75,22.75,486700,23.125,22.9375,13.846050262451172
29-11-1999,22.375,23.125,974900,23.125,22.375,13.506500244140625
30-11-1999,21.5625,22.375,916400,22.75,21.5625,13.016039848327637
01-12-1999,21.5,21.8125,622400,22.1875,21.5,12.978309631347656
02-12-1999,20.625,21.75,887100,21.875,20.8125,12.563309669494629
03-12-1999,20.5625,21.0625,724000,21.25,20.8125,12.563309669494629
06-12-1999,21.0625,21.875,541000,21.875,21.4375,12.940573692321777
07-12-1999,19.9375,21.625,1747600,21.8125,21.25,12.827392578125
08-12-1999,21.5625,23.0,2060100,23.0,22.125,13.35558795928955
09-12-1999,20.0625,22.0625,2138200,22.25,20.125,12.148300170898438
10-12-1999,20.3125,20.625,1875100,21.0,21.0,12.676488876342773
13-12-1999,20.25,21.0,899900,21.0,20.375,12.29921817779541
14-12-1999,19.25,20.125,1186700,20.625,19.25,11.620121002197266
15-12-1999,17.5625,19.375,3796700,19.4375,18.0625,10.903292655944824
16-12-1999,17.5,18.3125,1890000,18.75,17.9375,10.827836036682129
17-12-1999,17.9375,17.9375,2477700,19.1875,18.625,11.242837905883789
20-12-1999,17.625,18.25,1663800,18.6875,17.6875,10.676920890808105
21-12-1999,16.875,17.6875,1747600,17.9375,17.375,10.488286972045898
22-12-1999,17.0,17.25,959100,17.25,17.1875,10.375103950500488
23-12-1999,17.0625,17.125,1678000,18.4375,18.125,10.941019058227539
27-12-1999,18.25,18.25,1074100,18.9375,18.25,11.01646900177002
28-12-1999,18.0625,18.25,1010100,18.5625,18.1875,10.978744506835938
29-12-1999,18.0,18.8125,630400,18.9375,18.125,10.941019058227539
30-12-1999,17.9375,18.0625,1156400,18.6875,18.625,11.242837905883789
31-12-1999,18.3125,18.4375,695800,19.125,18.9375,11.431476593017578
03-01-2000,18.375,18.8125,919500,18.9375,18.4375,11.129657745361328
04-01-2000,17.1875,18.375,1595100,18.5625,17.25,10.412830352783203
05-01-2000,16.375,17.1875,1963700,17.1875,16.4375,9.922372817993164
06-01-2000,15.8125,16.4375,3379300,16.4375,16.0,9.65827751159668
07-01-2000,15.875,16.0,2481600,16.75,16.5625,9.99782657623291
10-01-2000,16.5625,16.5625,1366800,17.4375,17.3125,10.45055866241455
11-01-2000,16.875,17.25,1607900,17.4375,16.875,10.186463356018066
12-01-2000,16.9375,17.0,751200,17.375,17.125,10.337372779846191
13-01-2000,17.0,17.0625,717900,17.375,17.0,10.261920928955078
14-01-2000,16.5,17.0625,834200,17.125,16.5,9.960098266601562
18-01-2000,16.3125,16.3125,585800,16.75,16.375,9.884644508361816
19-01-2000,15.875,16.375,1707900,16.5,16.0,9.65827751159668
20-01-2000,15.375,16.0625,1500700,16.0625,15.5,9.356459617614746
21-01-2000,15.4375,15.625,1731700,16.125,15.5,9.356459617614746
24-01-2000,15.5,15.5625,1244900,16.0625,15.8125,9.545097351074219
25-01-2000,15.0625,15.75,1172500,15.875,15.375,9.281007766723633
26-01-2000,15.0625,15.1875,1271900,15.6875,15.6875,9.469637870788574
27-01-2000,15.3125,15.3125,556900,15.875,15.5,9.356459617614746
28-01-2000,15.1875,15.8125,610600,15.8125,15.5,9.392820358276367
31-01-2000,15.0,15.5,1270600,15.8125,15.0,9.089822769165039
01-02-2000,14.9375,15.125,1045200,15.375,15.25,9.241321563720703
02-02-2000,15.3125,15.375,1542900,16.5,15.6875,9.506437301635742
03-02-2000,15.6875,15.6875,1403900,16.75,16.4375,9.960930824279785
04-02-2000,15.6875,16.625,1407500,16.75,15.875,9.620062828063965
07-02-2000,15.8125,16.0625,1079000,16.375,16.0625,9.733685493469238
08-02-2000,15.5,16.5,2469800,16.75,16.25,9.847307205200195
09-02-2000,15.25,16.25,974800,16.3125,15.75,9.54431438446045
10-02-2000,14.875,15.5,1901400,15.5625,15.0,9.089822769165039
11-02-2000,14.375,15.0625,1987100,15.3125,15.0625,9.127699851989746
14-02-2000,15.25,15.25,2054700,16.125,15.8125,9.582189559936523
15-02-2000,15.8125,15.9375,1586600,16.3125,15.875,9.620062828063965
16-02-2000,15.625,15.875,1465700,16.125,15.8125,9.582189559936523
17-02-2000,15.4375,15.8125,967900,15.9375,15.5,9.392820358276367
18-02-2000,15.25,15.4375,1651700,16.1875,15.375,9.317071914672852
22-02-2000,15.1875,15.4375,1094600,15.8125,15.5,9.392820358276367
23-02-2000,14.9375,15.4375,854900,15.4375,15.0625,9.127699851989746
24-02-2000,14.4375,15.0625,1243300,15.125,14.5,8.786826133728027
25-02-2000,14.5,14.5625,2724600,16.0625,16.0,9.695809364318848
28-02-2000,15.3125,15.9375,1804600,16.0625,15.75,9.54431438446045
29-02-2000,15.625,15.75,1321300,16.0625,15.75,9.54431438446045
01-03-2000,15.375,15.75,1642200,15.9375,15.375,9.317071914672852
02-03-2000,15.1875,15.375,1344800,15.5625,15.25,9.241321563720703
03-03-2000,15.1875,15.25,922500,15.625,15.625,9.468564987182617
06-03-2000,15.1875,15.375,906200,15.375,15.3125,9.279197692871094
07-03-2000,14.375,15.25,1541300,15.25,14.5,8.786826133728027
08-03-2000,13.75,14.375,1557300,14.4375,14.125,8.559581756591797
09-03-2000,13.9375,14.25,714700,14.6875,14.625,8.862577438354492
10-03-2000,14.0,14.0625,926500,14.6875,14.375,8.711075782775879
13-03-2000,14.1875,14.375,708300,14.75,14.5,8.786826133728027
14-03-2000,14.375,14.5,893000,14.75,14.5625,8.824702262878418
15-03-2000,14.5625,14.5625,1084300,15.125,15.0,9.089822769165039
16-03-2000,15.0,15.0,1501400,15.6875,15.5,9.392820358276367
17-03-2000,15.4375,15.5,908000,15.8125,15.6875,9.506437301635742
20-03-2000,15.75,15.9375,610600,16.125,15.9375,9.657937049865723
21-03-2000,15.875,15.9375,960800,16.3125,16.125,9.771557807922363
22-03-2000,16.0625,16.125,1134600,16.375,16.125,9.771557807922363
23-03-2000,16.0625,16.125,1236200,16.4375,16.375,9.923057556152344
24-03-2000,16.3125,16.3125,1141700,16.875,16.5625,10.036678314208984
27-03-2000,16.4375,16.5625,2121700,16.9375,16.875,10.22604751586914
28-03-2000,16.5,16.8125,1561000,17.5,17.0,10.301799774169922
29-03-2000,15.625,17.0,1802100,17.25,16.0,9.695809364318848
30-03-2000,16.0,16.125,1133400,16.75,16.6875,10.112430572509766
31-03-2000,16.375,16.5,1103800,17.25,16.6875,10.112430572509766
03-04-2000,16.375,16.625,446400,16.8125,16.625,10.074553489685059
04-04-2000,15.375,16.6875,683200,17.0,16.625,10.074553489685059
05-04-2000,16.25,16.6875,542900,17.1875,16.875,10.22604751586914
06-04-2000,16.875,17.25,1474100,17.375,17.375,10.529044151306152
07-04-2000,16.8125,17.375,981900,17.875,16.9375,10.263925552368164
10-04-2000,16.6875,17.0,955800,17.5625,17.5,10.604796409606934
11-04-2000,17.0625,17.3125,642100,17.75,17.5,10.604796409606934
12-04-2000,16.5,17.625,706800,17.75,16.625,10.074553489685059
13-04-2000,16.75,17.0,465100,17.125,16.9375,10.263925552368164
14-04-2000,15.25,16.5,1206600,16.9375,15.5,9.392820358276367
17-04-2000,15.0,15.0,840200,15.8125,15.8125,9.582189559936523
18-04-2000,15.6875,15.8125,713400,16.0,16.0,9.695809364318848
19-04-2000,16.0,16.0,570400,16.4375,16.125,9.771557807922363
20-04-2000,15.5,15.875,590000,16.125,15.625,9.468564987182617
24-04-2000,15.625,15.8125,492100,15.9375,15.75,9.54431438446045
25-04-2000,15.6875,16.125,858700,16.25,16.0625,9.733685493469238
26-04-2000,15.8125,16.0625,476000,16.4375,16.25,9.847307205200195
27-04-2000,15.875,16.375,490400,16.4375,16.3125,9.921818733215332
28-04-2000,15.625,16.25,337600,16.375,15.9375,9.69372844696045
01-05-2000,15.5,15.875,479100,16.1875,16.0,9.731741905212402
02-05-2000,15.5,15.6875,458800,15.9375,15.6875,9.541670799255371
03-05-2000,15.375,15.75,532900,16.0,15.5625,9.465641021728516
04-05-2000,15.3125,15.3125,989200,15.6875,15.375,9.351600646972656
05-05-2000,15.375,15.5,356700,15.75,15.625,9.503655433654785
08-05-2000,15.375,15.375,276800,15.6875,15.6875,9.541670799255371
09-05-2000,15.5625,15.6875,810700,16.0,16.0,9.731741905212402
10-05-2000,15.625,15.75,471500,15.9375,15.9375,9.69372844696045
11-05-2000,15.9375,16.0,587600,16.375,16.375,9.959832191467285
12-05-2000,16.25,16.3125,1034000,17.0,16.8125,10.225933074951172
15-05-2000,16.375,16.375,721400,17.375,17.375,10.56806755065918
16-05-2000,16.9375,17.25,604500,17.625,17.625,10.720124244689941
17-05-2000,17.0625,17.5625,316100,17.625,17.4375,10.606078147888184
18-05-2000,17.4375,17.4375,810700,18.5625,18.125,11.024240493774414
19-05-2000,17.0625,17.75,465400,18.0,17.125,10.416003227233887
22-05-2000,16.6875,17.5,353100,17.5,16.9375,10.301961898803711
23-05-2000,16.875,16.9375,419600,17.375,17.25,10.492037773132324
24-05-2000,16.8125,17.5,424700,17.5,17.0625,10.377989768981934
25-05-2000,16.875,17.125,462900,17.5625,17.0625,10.377989768981934
26-05-2000,16.3125,17.0,714100,17.0625,16.4375,9.997846603393555
30-05-2000,15.9375,16.5,712100,16.8125,16.3125,9.921818733215332
31-05-2000,16.3125,16.375,491700,16.625,16.375,9.959832191467285
01-06-2000,16.0625,16.125,431300,16.4375,16.4375,9.997846603393555
02-06-2000,16.5,16.5,858400,17.6875,17.125,10.416003227233887
05-06-2000,16.625,17.375,883400,17.375,16.6875,10.14990520477295
06-06-2000,16.4375,16.5625,485000,16.6875,16.4375,9.997846603393555
07-06-2000,16.4375,16.5,548000,16.6875,16.5625,10.073871612548828
08-06-2000,16.0625,16.375,686900,16.5,16.125,9.807772636413574
09-06-2000,16.125,16.125,811700,16.75,16.4375,9.997846603393555
12-06-2000,16.4375,16.5,748100,16.75,16.5625,10.073871612548828
13-06-2000,16.625,16.625,749500,17.4375,17.0,10.339977264404297
14-06-2000,16.875,16.875,524600,17.5,17.375,10.56806755065918
15-06-2000,17.375,17.625,753300,17.6875,17.5,10.644097328186035
16-06-2000,17.125,17.6875,660100,17.75,17.3125,10.530051231384277
19-06-2000,16.8125,17.4375,521900,17.75,16.875,10.263947486877441
20-06-2000,16.1875,17.125,584100,17.125,16.8125,10.225933074951172
21-06-2000,16.6875,16.75,658400,17.3125,16.875,10.263947486877441
22-06-2000,16.375,16.8125,465100,16.9375,16.625,10.11188793182373
23-06-2000,16.3125,16.375,537500,17.0625,16.875,10.263947486877441
26-06-2000,16.75,16.75,369100,17.125,16.875,10.263947486877441
27-06-2000,16.75,16.75,536900,17.0625,17.0,10.339977264404297
28-06-2000,17.0,17.0625,430600,17.25,17.203125,10.463522911071777
29-06-2000,16.625,17.0625,404000,17.1875,17.0625,10.377989768981934
30-06-2000,15.0625,17.0,933200,17.125,15.0625,9.161524772644043
03-07-2000,16.0,16.0,582100,17.0,16.8125,10.225933074951172
05-07-2000,16.8125,16.9375,972500,17.8125,17.0625,10.377989768981934
06-07-2000,16.8125,16.8125,643300,17.0625,16.9375,10.301961898803711
07-07-2000,16.6875,17.0,287900,17.0,16.75,10.18791675567627
10-07-2000,16.625,16.75,416700,16.875,16.6875,10.14990520477295
11-07-2000,16.1875,16.75,531800,16.75,16.3125,9.921818733215332
12-07-2000,15.75,16.3125,581300,16.4375,15.8125,9.61769962310791
13-07-2000,15.6875,15.8125,821000,16.5,16.4375,9.997846603393555
14-07-2000,16.4375,16.4375,760900,16.6875,16.625,10.11188793182373
17-07-2000,16.5,16.6875,367400,16.875,16.5625,10.073871612548828
18-07-2000,16.3125,16.5,238900,16.625,16.3125,9.921818733215332
19-07-2000,15.9375,16.3125,223100,16.3125,15.9375,9.69372844696045
20-07-2000,12.0625,13.25,6313900,13.5,12.0625,7.336820602416992
21-07-2000,10.375,11.8125,6054900,11.875,11.0,6.690575122833252
24-07-2000,11.1875,11.5,1741100,11.8125,11.6875,7.108732223510742
25-07-2000,11.5,11.875,918400,11.9375,11.5625,7.032705783843994
26-07-2000,11.5625,11.5625,1455500,12.4375,11.6875,7.108732223510742
27-07-2000,11.6875,11.75,518400,12.0,12.0,7.298806190490723
28-07-2000,11.0625,11.875,668400,12.0,11.25,6.877019882202148
31-07-2000,11.125,11.125,585900,11.5,11.375,6.953427314758301
01-08-2000,11.0,11.25,1134100,11.375,11.125,6.800604343414307
02-08-2000,11.1875,11.25,491100,11.8125,11.1875,6.838811874389648
03-08-2000,10.5625,11.1875,1029700,11.25,10.75,6.571372032165527
04-08-2000,10.1875,10.75,2131800,11.0,10.3125,6.303932189941406
07-08-2000,10.375,10.4375,1413300,10.875,10.8125,6.6095781326293945
08-08-2000,10.5,10.5625,809700,10.8125,10.625,6.494958877563477
09-08-2000,10.5,10.5,929700,10.6875,10.625,6.494958877563477
10-08-2000,10.625,10.625,1212800,11.0625,11.0,6.724195957183838
11-08-2000,10.75,10.9375,614300,11.0,10.875,6.6477813720703125
14-08-2000,10.875,10.9375,2205200,11.125,11.125,6.800604343414307
15-08-2000,10.625,11.125,921900,11.125,10.625,6.494958877563477
16-08-2000,10.5625,10.75,3032800,11.0625,10.8125,6.6095781326293945
17-08-2000,10.5,10.75,897600,11.0,10.875,6.6477813720703125
18-08-2000,10.8125,10.8125,764800,11.3125,11.0,6.724195957183838
21-08-2000,10.75,11.0,490500,11.1875,10.9375,6.685985565185547
22-08-2000,10.875,10.875,583100,11.25,11.125,6.800604343414307
23-08-2000,11.0625,11.125,673300,11.3125,11.0625,6.762402057647705
24-08-2000,11.0,11.125,1067500,11.5,11.3125,6.915222644805908
25-08-2000,11.4375,11.5,980300,11.875,11.8125,7.220869064331055
28-08-2000,11.8125,11.875,1469200,12.5625,12.3125,7.526515960693359
29-08-2000,11.875,12.3125,790800,12.4375,12.25,7.488304615020752
30-08-2000,11.9375,12.0625,582700,12.1875,12.0,7.335483551025391
31-08-2000,11.6875,12.0625,891200,12.375,12.328125,7.5360636711120605
01-09-2000,12.0625,12.4375,675200,12.75,12.5,7.641127109527588
05-09-2000,12.25,12.375,1362800,12.8125,12.3125,7.526515960693359
06-09-2000,11.625,12.375,777000,12.4375,11.875,7.259072303771973
07-09-2000,11.75,11.9375,541600,12.25,12.25,7.488304615020752
08-09-2000,11.8125,12.375,479900,12.5,11.875,7.259072303771973
11-09-2000,11.3125,11.875,975100,11.875,11.4375,6.991632461547852
12-09-2000,11.0,11.0625,818200,11.375,11.125,6.800604343414307
13-09-2000,10.9375,11.1875,568600,11.25,11.0,6.724195957183838
14-09-2000,10.6875,10.875,1550000,11.4375,11.4375,6.991632461547852
15-09-2000,11.125,11.25,2129500,11.375,11.25,6.877019882202148
18-09-2000,10.75,11.375,883100,11.5,11.0,6.724195957183838
19-09-2000,11.0,11.0625,353000,11.375,11.1875,6.838811874389648
20-09-2000,10.9375,12.0,2189200,12.25,11.0,6.724195957183838
21-09-2000,10.9375,11.125,1005100,11.5,11.0,6.724195957183838
22-09-2000,10.875,10.9375,541300,11.25,10.9375,6.685985565185547
25-09-2000,10.625,10.9375,516600,10.9375,10.6875,6.5331645011901855
26-09-2000,10.625,10.6875,464000,10.8125,10.75,6.571372032165527
27-09-2000,10.5625,10.75,1227200,11.625,11.4375,6.991632461547852
28-09-2000,11.125,11.5,819800,11.5625,11.375,6.953427314758301
29-09-2000,11.0625,11.4375,1040500,11.625,11.4375,6.991632461547852
02-10-2000,11.0,11.3125,558300,11.375,11.375,6.953427314758301
03-10-2000,11.0625,11.375,523700,11.4375,11.25,6.877019882202148
04-10-2000,11.0625,11.1875,616900,11.4375,11.1875,6.838811874389648
05-10-2000,11.0625,11.125,403500,11.25,11.1875,6.838811874389648
06-10-2000,11.0625,11.1875,1239100,11.6875,11.6875,7.1444549560546875
09-10-2000,11.5625,11.625,721200,12.125,11.875,7.259072303771973
10-10-2000,11.75,12.125,824300,12.3125,11.75,7.1826629638671875
11-10-2000,11.5,11.75,1093800,11.875,11.625,7.1062493324279785
12-10-2000,9.0,9.75,4227800,10.0625,10.0625,6.151110649108887
13-10-2000,9.9375,10.0,836700,10.6875,10.125,6.189315319061279
16-10-2000,10.0,10.1875,3424100,10.6875,10.3125,6.303932189941406
17-10-2000,9.9375,10.4375,840600,10.5625,10.0,6.112903118133545
18-10-2000,9.625,9.875,863400,10.1875,10.125,6.189315319061279
19-10-2000,9.9375,10.0,1263800,10.375,10.3125,6.303932189941406
20-10-2000,9.8125,10.0625,2980300,10.25,10.0,6.112903118133545
23-10-2000,9.8125,9.8125,739000,10.0625,9.9375,6.074700355529785
24-10-2000,9.8125,10.0,2258400,10.125,9.875,6.036496162414551
25-10-2000,9.875,9.875,631000,10.3125,10.25,6.26572322845459
26-10-2000,10.125,10.125,666400,10.5625,10.3125,6.303932189941406
27-10-2000,10.1875,10.375,328600,10.5625,10.25,6.26572322845459
30-10-2000,10.125,10.25,730400,10.5625,10.4375,6.417911052703857
31-10-2000,10.3125,10.4375,1583200,10.8125,10.75,6.610065460205078
01-11-2000,10.5625,10.6875,1002700,10.75,10.6875,6.571632385253906
02-11-2000,10.5,10.5625,956200,11.1875,11.0625,6.802219867706299
03-11-2000,11.0625,11.0625,1164800,11.875,11.5625,7.109663009643555
06-11-2000,11.3125,11.4375,311900,11.5,11.375,6.994368076324463
07-11-2000,11.25,11.3125,166500,11.5625,11.5625,7.109663009643555
08-11-2000,11.5,11.5,1993900,12.9375,12.4375,7.647690773010254
09-11-2000,11.875,12.3125,401100,12.375,12.0,7.378676891326904
10-11-2000,11.375,12.0,689500,12.0625,11.5,7.071231842041016
13-11-2000,11.375,11.375,1079500,12.125,11.9375,7.340244770050049
14-11-2000,11.875,12.0,550900,12.25,12.0625,7.417104244232178
15-11-2000,11.875,12.0625,887300,12.125,11.875,7.301814079284668
16-11-2000,11.5625,11.875,1584700,11.9375,11.6875,7.1865234375
17-11-2000,11.5625,11.6875,793600,11.875,11.875,7.301814079284668
20-11-2000,11.5,11.8125,821800,11.875,11.625,7.148092746734619
21-11-2000,11.25,11.625,381100,11.625,11.375,6.994368076324463
22-11-2000,11.25,11.3125,267300,11.375,11.25,6.917511940002441
24-11-2000,11.1875,11.25,217400,11.625,11.5,7.071231842041016
27-11-2000,11.4375,11.5,619000,11.8125,11.5,7.071231842041016
28-11-2000,11.5,11.5625,851800,12.0,11.9375,7.340244770050049
29-11-2000,11.5,12.0,898600,12.0625,11.5625,7.109663009643555
30-11-2000,11.5,11.5625,541500,11.75,11.5625,7.109663009643555
01-12-2000,11.4375,11.5,541600,11.8125,11.6875,7.1865234375
04-12-2000,11.5625,11.5625,935500,12.0625,11.875,7.301814079284668
05-12-2000,11.75,11.75,551500,12.125,11.75,7.224951267242432
06-12-2000,11.5,11.6875,676600,11.8125,11.5625,7.109663009643555
07-12-2000,8.375,8.5,6576900,9.3125,9.125,5.610867977142334
08-12-2000,9.25,9.375,1871300,9.9375,9.75,5.995174407958984
11-12-2000,9.375,9.75,1286100,9.75,9.4375,5.803022861480713
12-12-2000,9.4375,9.4375,1156100,9.6875,9.6875,5.956744194030762
13-12-2000,9.3125,9.75,1082400,9.75,9.3125,5.726162433624268
14-12-2000,9.3125,9.3125,686600,9.625,9.375,5.76459264755249
15-12-2000,9.25,9.375,848600,9.5625,9.4375,5.803022861480713
18-12-2000,9.4375,9.5,1153600,9.625,9.4375,5.803022861480713
19-12-2000,9.25,9.375,808900,9.5625,9.5,5.841452121734619
20-12-2000,9.25,9.375,584700,9.4375,9.375,5.76459264755249
21-12-2000,9.3125,9.375,1173700,9.75,9.6875,5.956744194030762
22-12-2000,9.625,9.6875,635600,9.875,9.8125,6.033607006072998
26-12-2000,9.5,9.6875,1398700,9.6875,9.6875,5.956744194030762
27-12-2000,9.5,9.5625,779200,10.125,10.0625,6.187330722808838
28-12-2000,10.0,10.0,868700,10.9375,10.625,6.533202648162842
29-12-2000,10.5,10.625,1023700,10.75,10.625,6.533202648162842
02-01-2001,10.3125,10.75,1159300,11.0,10.3125,6.34105110168457
03-01-2001,10.4375,10.4375,647700,10.9375,10.875,6.686923027038574
04-01-2001,11.0,11.0,911100,11.625,11.5625,7.109663009643555
05-01-2001,11.25,11.6875,668300,11.8125,11.4375,7.032799243927002
08-01-2001,11.1875,11.4375,695700,11.625,11.4375,7.032799243927002
09-01-2001,11.4375,11.875,754700,12.875,12.25,7.532398700714111
10-01-2001,11.875,11.875,468100,12.4375,12.3125,7.570830345153809
11-01-2001,12.0,12.375,554000,12.6875,12.25,7.532398700714111
12-01-2001,12.0625,12.25,926100,12.75,12.625,7.762984752655029
16-01-2001,12.0625,12.3125,517500,12.625,12.5625,7.724551200866699
17-01-2001,12.3125,12.4375,601700,12.625,12.625,7.762984752655029
18-01-2001,12.5,12.625,683200,12.875,12.8125,7.8782734870910645
19-01-2001,12.125,12.875,424700,12.875,12.4375,7.647690773010254
22-01-2001,12.125,12.3125,372400,12.4375,12.375,7.609260559082031
23-01-2001,12.25,12.375,552600,12.6875,12.625,7.762984752655029
24-01-2001,12.25,12.375,685900,12.6875,12.25,7.532398700714111
25-01-2001,11.75,12.3125,1303700,12.3125,12.0,7.378676891326904
26-01-2001,11.375,12.0,953000,12.0,11.5,7.071231842041016
29-01-2001,11.369999885559082,11.5,1137700,11.920000076293945,11.859999656677246,7.292591094970703
30-01-2001,11.670000076293945,11.899999618530273,615000,11.989999771118164,11.949999809265137,7.366565227508545
31-01-2001,11.699999809265137,11.800000190734863,407400,11.949999809265137,11.880000114440918,7.323415279388428
01-02-2001,11.600000381469727,11.880000114440918,539500,11.890000343322754,11.829999923706055,7.292591094970703
02-02-2001,11.949999809265137,11.949999809265137,1689600,12.25,12.0,7.397389888763428
05-02-2001,11.760000228881836,12.100000381469727,1048400,12.399999618530273,12.25,7.5515007972717285
06-02-2001,12.140000343322754,12.350000381469727,2030400,14.630000114440918,13.5,8.322062492370605
07-02-2001,12.90999984741211,13.369999885559082,525600,13.380000114440918,12.90999984741211,7.958355903625488
08-02-2001,12.5600004196167,12.920000076293945,635300,13.359999656677246,13.079999923706055,8.063152313232422
09-02-2001,12.390000343322754,13.119999885559082,792100,13.380000114440918,12.869999885559082,7.93369722366333
12-02-2001,12.199999809265137,12.75,1107000,12.930000305175781,12.550000190734863,7.7364325523376465
13-02-2001,12.300000190734863,12.300000190734863,846600,12.890000343322754,12.399999618530273,7.643964767456055
14-02-2001,12.399999618530273,12.399999618530273,590100,12.979999542236328,12.819999694824219,7.902875900268555
15-02-2001,12.789999961853027,13.0,753800,13.109999656677246,13.0,8.013835906982422
16-02-2001,12.510000228881836,12.899999618530273,428200,12.90999984741211,12.600000381469727,7.767258167266846
20-02-2001,12.350000381469727,12.600000381469727,374800,13.0,12.350000381469727,7.61314582824707
21-02-2001,12.270000457763672,12.449999809265137,512700,12.600000381469727,12.5,7.705612659454346
22-02-2001,12.180000305175781,12.399999618530273,2318600,12.600000381469727,12.529999732971191,7.724107265472412
23-02-2001,12.25,12.5,706200,12.680000305175781,12.680000305175781,7.816573143005371
26-02-2001,12.75,12.779999732971191,865300,13.470000267028809,13.0,8.013835906982422
27-02-2001,12.600000381469727,13.350000381469727,639600,13.449999809265137,13.25,8.167947769165039
28-02-2001,12.180000305175781,13.25,1461600,13.699999809265137,12.279999732971191,7.56999397277832
01-03-2001,12.15999984741211,12.449999809265137,498000,12.899999618530273,12.899999618530273,7.952188491821289
02-03-2001,12.260000228881836,13.199999809265137,425600,13.229999542236328,12.649999618530273,7.798081398010254
05-03-2001,12.529999732971191,12.550000190734863,369600,13.100000381469727,13.100000381469727,8.075484275817871
06-03-2001,12.960000038146973,13.109999656677246,523200,13.300000190734863,13.0600004196167,8.050827980041504
07-03-2001,12.8100004196167,12.8100004196167,719500,13.649999618530273,13.510000228881836,8.32822322845459
08-03-2001,13.449999809265137,13.5,423600,13.829999923706055,13.670000076293945,8.426854133605957
09-03-2001,13.5600004196167,13.649999618530273,585700,14.050000190734863,14.050000190734863,8.661105155944824
12-03-2001,13.5,14.0,901200,14.029999732971191,13.579999923706055,8.371376991271973
13-03-2001,13.420000076293945,13.680000305175781,592200,13.699999809265137,13.699999809265137,8.445352554321289
14-03-2001,13.300000190734863,13.5,1084500,13.579999923706055,13.350000381469727,8.229593276977539
15-03-2001,13.260000228881836,13.329999923706055,357900,13.850000381469727,13.489999771118164,8.315897941589355
16-03-2001,12.859999656677246,12.949999809265137,668700,13.34000015258789,13.020000457763672,8.026167869567871
19-03-2001,13.020000457763672,13.119999885559082,180300,13.489999771118164,13.199999809265137,8.137131690979004
20-03-2001,13.140000343322754,13.399999618530273,304400,13.609999656677246,13.149999618530273,8.106304168701172
21-03-2001,12.869999885559082,13.25,288100,13.449999809265137,13.289999961853027,8.192608833312988
22-03-2001,11.869999885559082,13.15999984741211,860100,13.15999984741211,12.260000228881836,7.55766487121582
23-03-2001,11.899999618530273,12.260000228881836,458300,12.680000305175781,12.600000381469727,7.767258167266846
26-03-2001,12.15999984741211,12.699999809265137,333700,12.75,12.710000038146973,7.835068702697754
27-03-2001,12.220000267028809,12.609999656677246,663500,12.619999885559082,12.460000038146973,7.680953502655029
28-03-2001,12.3100004196167,12.460000038146973,334100,12.600000381469727,12.359999656677246,7.619311332702637
29-03-2001,12.529999732971191,12.710000038146973,304100,12.899999618530273,12.779999732971191,7.878219127655029
30-03-2001,12.470000267028809,12.779999732971191,286100,13.0,12.899999618530273,7.952188491821289
02-04-2001,12.5600004196167,12.800000190734863,414500,12.979999542236328,12.979999542236328,8.001507759094238
03-04-2001,12.260000228881836,12.979999542236328,497900,12.979999542236328,12.520000457763672,7.717942237854004
04-04-2001,12.289999961853027,12.529999732971191,468700,12.579999923706055,12.399999618530273,7.643964767456055
05-04-2001,12.449999809265137,12.550000190734863,607700,12.699999809265137,12.59000015258789,7.761091232299805
06-04-2001,12.149999618530273,12.5,668500,12.550000190734863,12.460000038146973,7.680953502655029
09-04-2001,11.880000114440918,12.359999656677246,642100,12.5600004196167,12.399999618530273,7.643964767456055
10-04-2001,12.149999618530273,12.449999809265137,828400,12.5,12.300000190734863,7.582324504852295
11-04-2001,11.800000190734863,12.199999809265137,650600,12.229999542236328,12.0,7.397389888763428
12-04-2001,11.859999656677246,12.100000381469727,605300,12.149999618530273,12.050000190734863,7.428210735321045
16-04-2001,11.869999885559082,12.0,449500,12.199999809265137,12.0,7.397389888763428
17-04-2001,11.670000076293945,11.899999618530273,411500,11.989999771118164,11.979999542236328,7.385062217712402
18-04-2001,11.850000381469727,12.0,1108100,12.350000381469727,12.050000190734863,7.428210735321045
19-04-2001,11.600000381469727,12.050000190734863,708000,12.0600004196167,11.680000305175781,7.200125217437744
20-04-2001,11.510000228881836,11.75,1219200,11.800000190734863,11.789999961853027,7.267932415008545
23-04-2001,10.5,11.25,685500,11.920000076293945,11.800000190734863,7.274099826812744
24-04-2001,11.510000228881836,11.899999618530273,543000,11.920000076293945,11.829999923706055,7.292591094970703
25-04-2001,11.350000381469727,11.829999923706055,297900,11.829999923706055,11.569999694824219,7.132314205169678
26-04-2001,11.479999542236328,11.600000381469727,395900,11.75,11.699999809265137,7.212454795837402
27-04-2001,11.550000190734863,11.670000076293945,557800,12.25,12.0,7.416406631469727
30-04-2001,11.760000228881836,12.100000381469727,756000,12.350000381469727,12.25,7.570913314819336
01-05-2001,12.1899995803833,12.199999809265137,808600,13.0,12.5600004196167,7.762503623962402
02-05-2001,12.34000015258789,12.5600004196167,757800,13.5,13.5,8.343453407287598
03-05-2001,12.390000343322754,13.0,678600,13.149999618530273,12.949999809265137,8.00353717803955
04-05-2001,12.600000381469727,13.0,247000,13.0,12.949999809265137,8.00353717803955
07-05-2001,12.819999694824219,13.0,334800,13.380000114440918,12.989999771118164,8.028258323669434
08-05-2001,12.949999809265137,12.949999809265137,298800,13.25,13.020000457763672,8.046799659729004
09-05-2001,12.800000190734863,13.119999885559082,273300,13.25,13.020000457763672,8.046799659729004
10-05-2001,12.819999694824219,13.5,240200,13.5,13.0,8.034439086914062
11-05-2001,12.779999732971191,13.350000381469727,368600,13.350000381469727,13.199999809265137,8.158044815063477
14-05-2001,13.199999809265137,13.25,323100,13.449999809265137,13.319999694824219,8.23220443725586
15-05-2001,13.319999694824219,13.329999923706055,757800,13.949999809265137,13.75,8.497965812683105
16-05-2001,13.699999809265137,13.75,583600,14.149999618530273,14.050000190734863,8.683375358581543
17-05-2001,13.899999618530273,14.0,855600,14.800000190734863,14.5600004196167,8.998566627502441
18-05-2001,14.449999809265137,14.649999618530273,821900,14.970000267028809,14.699999809265137,9.085097312927246
21-05-2001,14.0,14.5,459700,15.119999885559082,15.09000015258789,9.326129913330078
22-05-2001,14.399999618530273,14.600000381469727,565700,15.109999656677246,14.899999618530273,9.208703994750977
23-05-2001,14.84000015258789,15.149999618530273,717600,15.399999618530273,14.90999984741211,9.214883804321289
24-05-2001,14.75,14.8100004196167,697600,14.930000305175781,14.800000190734863,9.146900177001953
25-05-2001,14.550000190734863,14.720000267028809,792700,14.850000381469727,14.729999542236328,9.10363483428955
29-05-2001,14.609999656677246,14.949999809265137,897900,14.949999809265137,14.760000228881836,9.122179985046387
30-05-2001,14.569999694824219,14.65999984741211,1005800,14.949999809265137,14.710000038146973,9.091276168823242
31-05-2001,14.75,14.75,299700,15.0,15.0,9.270506858825684
01-06-2001,14.869999885559082,14.949999809265137,549100,15.25,15.199999809265137,9.394111633300781
04-06-2001,14.949999809265137,15.0,207200,15.5,15.479999542236328,9.567161560058594
05-06-2001,15.09000015258789,15.229999542236328,395200,15.600000381469727,15.539999961853027,9.604246139526367
06-06-2001,15.170000076293945,15.5,250400,15.5600004196167,15.390000343322754,9.511542320251465
07-06-2001,14.850000381469727,15.170000076293945,2889000,15.3100004196167,15.300000190734863,9.455920219421387
08-06-2001,14.579999923706055,15.199999809265137,889500,15.25,15.0,9.270506858825684
11-06-2001,14.869999885559082,15.0,884200,15.390000343322754,15.050000190734863,9.301406860351562
12-06-2001,14.949999809265137,15.0,176100,15.149999618530273,15.140000343322754,9.357029914855957
13-06-2001,14.949999809265137,15.149999618530273,252300,15.149999618530273,14.989999771118164,9.264326095581055
14-06-2001,14.699999809265137,14.899999618530273,642000,14.989999771118164,14.869999885559082,9.19016170501709
15-06-2001,14.609999656677246,14.649999618530273,439600,14.899999618530273,14.739999771118164,9.109819412231445
18-06-2001,14.460000038146973,14.460000038146973,366800,14.979999542236328,14.979999542236328,9.258147239685059
19-06-2001,14.619999885559082,14.880000114440918,198900,14.899999618530273,14.710000038146973,9.091276168823242
20-06-2001,14.050000190734863,14.710000038146973,639500,14.710000038146973,14.619999885559082,9.035652160644531
21-06-2001,14.34000015258789,14.720000267028809,550700,14.819999694824219,14.800000190734863,9.146900177001953
22-06-2001,14.399999618530273,14.899999618530273,471200,14.930000305175781,14.630000114440918,9.04183578491211
25-06-2001,14.270000457763672,14.529999732971191,236300,14.59000015258789,14.319999694824219,8.850244522094727
26-06-2001,14.140000343322754,14.220000267028809,637800,14.720000267028809,14.539999961853027,8.986210823059082
27-06-2001,14.229999542236328,14.289999961853027,358100,14.75,14.479999542236328,8.949131965637207
28-06-2001,14.460000038146973,14.460000038146973,345600,14.65999984741211,14.600000381469727,9.02329158782959
29-06-2001,14.369999885559082,14.5,1001500,14.9399995803833,14.449999809265137,8.930587768554688
02-07-2001,14.130000114440918,14.449999809265137,361300,14.869999885559082,14.869999885559082,9.19016170501709
03-07-2001,14.449999809265137,14.869999885559082,191100,14.989999771118164,14.989999771118164,9.264326095581055
05-07-2001,14.470000267028809,14.920000076293945,819800,14.930000305175781,14.699999809265137,9.085097312927246
06-07-2001,13.90999984741211,14.4399995803833,424400,14.5,14.300000190734863,8.837879180908203
09-07-2001,14.109999656677246,14.3100004196167,357100,14.579999923706055,14.550000190734863,8.992395401000977
10-07-2001,14.109999656677246,14.550000190734863,498600,14.550000190734863,14.229999542236328,8.794620513916016
11-07-2001,14.0,14.0,254100,14.25,14.25,8.806982040405273
12-07-2001,13.920000076293945,14.039999961853027,346100,14.609999656677246,14.5,8.9614896774292
13-07-2001,13.880000114440918,14.149999618530273,351500,14.600000381469727,14.520000457763672,8.97385311126709
16-07-2001,14.100000381469727,14.100000381469727,323200,14.5,14.289999961853027,8.831703186035156
17-07-2001,14.1899995803833,14.1899995803833,233200,14.600000381469727,14.399999618530273,8.899688720703125
18-07-2001,14.140000343322754,14.399999618530273,183000,14.399999618530273,14.399999618530273,8.899688720703125
19-07-2001,14.220000267028809,14.399999618530273,246900,14.65999984741211,14.260000228881836,8.813163757324219
20-07-2001,14.180000305175781,14.260000228881836,711000,15.010000228881836,15.0,9.270506858825684
23-07-2001,15.100000381469727,15.100000381469727,1208600,16.0,15.479999542236328,9.567161560058594
24-07-2001,15.369999885559082,15.949999809265137,842800,15.989999771118164,15.399999618530273,9.517716407775879
25-07-2001,15.300000190734863,15.300000190734863,617000,15.699999809265137,15.619999885559082,9.653687477111816
26-07-2001,15.350000381469727,15.399999618530273,458000,15.989999771118164,15.899999618530273,9.826737403869629
27-07-2001,15.8100004196167,15.90999984741211,531000,16.100000381469727,16.059999465942383,9.92562198638916
30-07-2001,15.520000457763672,16.030000686645508,587400,16.149999618530273,15.670000076293945,9.702716827392578
31-07-2001,15.829999923706055,15.920000076293945,797900,16.299999237060547,16.100000381469727,9.968966484069824
01-08-2001,16.1299991607666,16.200000762939453,434800,16.299999237060547,16.260000228881836,10.068036079406738
02-08-2001,16.1299991607666,16.360000610351562,467400,16.399999618530273,16.209999084472656,10.037078857421875
03-08-2001,16.06999969482422,16.219999313354492,238600,16.43000030517578,16.43000030517578,10.173300743103027
06-08-2001,16.190000534057617,16.43000030517578,832000,16.790000915527344,16.200000762939453,10.03088665008545
07-08-2001,15.84000015258789,16.209999084472656,615800,16.209999084472656,15.890000343322754,9.838935852050781
08-08-2001,15.869999885559082,16.0,439500,16.149999618530273,16.0,9.907044410705566
09-08-2001,15.800000190734863,16.0,236100,16.100000381469727,15.9399995803833,9.869898796081543
10-08-2001,15.800000190734863,16.040000915527344,188300,16.049999237060547,15.979999542236328,9.89466381072998
13-08-2001,16.010000228881836,16.049999237060547,441900,16.280000686645508,16.25,10.061846733093262
14-08-2001,16.3700008392334,16.450000762939453,530600,16.8799991607666,16.540000915527344,10.241411209106445
15-08-2001,16.270000457763672,16.5,255400,16.739999771118164,16.520000457763672,10.229023933410645
16-08-2001,16.25,16.6200008392334,152800,16.649999618530273,16.5,10.216647148132324
17-08-2001,16.25,16.440000534057617,251300,16.549999237060547,16.329999923706055,10.111376762390137
20-08-2001,16.350000381469727,16.350000381469727,488600,16.989999771118164,16.979999542236328,10.51385498046875
21-08-2001,16.68000030517578,16.850000381469727,366000,17.18000030517578,16.690000534057617,10.334288597106934
22-08-2001,16.729999542236328,16.84000015258789,695500,17.450000762939453,17.450000762939453,10.804871559143066
23-08-2001,16.649999618530273,17.399999618530273,395200,17.40999984741211,16.739999771118164,10.365250587463379
24-08-2001,16.600000381469727,16.75,262900,17.200000762939453,16.940000534057617,10.48908805847168
27-08-2001,17.0,17.0,684400,17.469999313354492,17.3700008392334,10.75533676147461
28-08-2001,17.020000457763672,17.270000457763672,259600,17.34000015258789,17.18000030517578,10.637691497802734
29-08-2001,17.0,17.18000030517578,858900,17.6200008392334,17.260000228881836,10.68722915649414
30-08-2001,16.399999618530273,17.260000228881836,1023000,17.389999389648438,16.959999084472656,10.501468658447266
31-08-2001,16.799999237060547,16.959999084472656,1055900,17.450000762939453,17.34000015258789,10.736760139465332
04-09-2001,16.850000381469727,17.399999618530273,828800,17.469999313354492,16.860000610351562,10.439549446105957
05-09-2001,16.719999313354492,16.860000610351562,575900,17.18000030517578,17.0,10.526236534118652
06-09-2001,16.350000381469727,17.0,544900,17.09000015258789,16.399999618530273,10.154725074768066
07-09-2001,15.65999984741211,16.299999237060547,888600,16.299999237060547,15.760000228881836,9.758440017700195
10-09-2001,15.100000381469727,15.75,836800,15.949999809265137,15.199999809265137,9.41169261932373
17-09-2001,13.920000076293945,14.5,999300,14.5,13.930000305175781,8.625322341918945
18-09-2001,13.40999984741211,14.029999732971191,408000,14.029999732971191,13.569999694824219,8.402410507202148
19-09-2001,12.920000076293945,13.569999694824219,577500,13.699999809265137,13.699999809265137,8.482909202575684
20-09-2001,12.600000381469727,13.699999809265137,825400,14.390000343322754,12.600000381469727,7.801794528961182
21-09-2001,11.600000381469727,11.600000381469727,802200,13.399999618530273,13.399999618530273,8.297151565551758
24-09-2001,13.449999809265137,13.550000190734863,1178400,14.149999618530273,13.729999542236328,8.501487731933594
25-09-2001,12.829999923706055,13.829999923706055,877200,14.010000228881836,13.140000343322754,8.136162757873535
26-09-2001,12.899999618530273,13.640000343322754,434400,13.800000190734863,13.0,8.049476623535156
27-09-2001,12.529999732971191,13.100000381469727,925100,13.260000228881836,13.1899995803833,8.167121887207031
28-09-2001,13.390000343322754,13.550000190734863,613000,14.0,14.0,8.668665885925293
01-10-2001,13.15999984741211,13.899999618530273,399200,13.899999618530273,13.380000114440918,8.284768104553223
02-10-2001,13.380000114440918,13.479999542236328,572300,14.130000114440918,14.109999656677246,8.736776351928711
03-10-2001,14.079999923706055,14.109999656677246,813200,14.869999885559082,14.550000190734863,9.009223937988281
04-10-2001,14.449999809265137,14.649999618530273,445300,15.0,14.789999961853027,9.157825469970703
05-10-2001,14.359999656677246,15.029999732971191,447400,15.300000190734863,15.09000015258789,9.343585014343262
08-10-2001,14.760000228881836,15.079999923706055,284300,15.09000015258789,14.960000038146973,9.263087272644043
09-10-2001,14.4399995803833,14.710000038146973,321500,15.079999923706055,14.949999809265137,9.25689697265625
10-10-2001,14.960000038146973,15.050000190734863,400700,15.670000076293945,15.609999656677246,9.665560722351074
11-10-2001,15.75,15.75,437000,16.389999389648438,16.020000457763672,9.919426918029785
12-10-2001,15.609999656677246,15.970000267028809,463700,16.15999984741211,16.06999969482422,9.95038890838623
15-10-2001,15.670000076293945,16.0,419500,16.049999237060547,16.030000686645508,9.92562198638916
16-10-2001,16.040000915527344,16.200000762939453,469500,16.399999618530273,16.399999618530273,10.154725074768066
17-10-2001,15.850000381469727,16.649999618530273,492000,16.770000457763672,16.020000457763672,9.919426918029785
18-10-2001,16.100000381469727,16.200000762939453,447100,16.549999237060547,16.280000686645508,10.080422401428223
19-10-2001,16.350000381469727,16.399999618530273,711700,16.809999465942383,16.809999465942383,10.408589363098145
22-10-2001,16.950000762939453,17.100000381469727,1124300,17.729999542236328,17.670000076293945,10.94109058380127
23-10-2001,17.15999984741211,17.68000030517578,1069500,17.899999618530273,17.25,10.68103313446045
24-10-2001,16.75,17.34000015258789,723200,17.3799991607666,17.020000457763672,10.53862190246582
25-10-2001,16.709999084472656,16.920000076293945,595900,17.1200008392334,16.81999969482422,10.414780616760254
26-10-2001,16.760000228881836,16.8700008392334,1144700,17.030000686645508,17.0,10.526236534118652
29-10-2001,16.860000610351562,17.030000686645508,362000,17.229999542236328,17.0,10.526236534118652
30-10-2001,16.489999771118164,16.75,554700,17.0,16.950000762939453,10.513833045959473
31-10-2001,16.43000030517578,16.950000762939453,503900,17.139999389648438,16.56999969482422,10.278122901916504
01-11-2001,16.350000381469727,16.799999237060547,664900,17.25,17.25,10.699917793273926
02-11-2001,17.049999237060547,17.25,597700,17.479999542236328,17.389999389648438,10.78675365447998
05-11-2001,17.5,17.5,1307300,17.899999618530273,17.6200008392334,10.929424285888672
06-11-2001,17.600000381469727,17.700000762939453,1023900,17.979999542236328,17.93000030517578,11.121713638305664
07-11-2001,17.8700008392334,17.8700008392334,1437500,18.440000534057617,18.170000076293945,11.270583152770996
08-11-2001,16.809999465942383,18.0,1933000,18.049999237060547,16.889999389648438,10.47661304473877
09-11-2001,17.0,17.190000534057617,744300,17.479999542236328,17.0,10.544848442077637
12-11-2001,16.40999984741211,17.010000228881836,728800,17.010000228881836,16.799999237060547,10.420793533325195
13-11-2001,17.110000610351562,17.149999618530273,929500,18.329999923706055,18.190000534057617,11.282990455627441
14-11-2001,17.799999237060547,18.0,542600,18.170000076293945,17.81999969482422,11.053482055664062
15-11-2001,17.670000076293945,17.670000076293945,443700,18.25,18.010000228881836,11.171334266662598
16-11-2001,17.719999313354492,18.0,627400,18.09000015258789,17.770000457763672,11.022470474243164
19-11-2001,17.799999237060547,17.969999313354492,842400,18.239999771118164,18.219999313354492,11.301596641540527
20-11-2001,17.850000381469727,18.100000381469727,528500,18.229999542236328,17.8799991607666,11.090693473815918
21-11-2001,17.559999465942383,17.899999618530273,364600,18.059999465942383,18.0,11.165130615234375
23-11-2001,17.700000762939453,17.799999237060547,179400,17.8700008392334,17.780000686645508,11.028671264648438
26-11-2001,17.239999771118164,17.780000686645508,860700,17.780000686645508,17.280000686645508,10.718525886535645
27-11-2001,16.25,16.489999771118164,4180800,16.670000076293945,16.579999923706055,10.28432559967041
28-11-2001,16.40999984741211,16.579999923706055,1212200,16.600000381469727,16.59000015258789,10.290529251098633
29-11-2001,16.420000076293945,16.610000610351562,724600,16.610000610351562,16.489999771118164,10.228504180908203
30-11-2001,16.399999618530273,16.5,1075100,16.600000381469727,16.450000762939453,10.203690528869629
03-12-2001,16.25,16.399999618530273,657200,16.649999618530273,16.459999084472656,10.20988941192627
04-12-2001,16.25,16.5,1138900,16.600000381469727,16.489999771118164,10.228504180908203
05-12-2001,16.5,16.600000381469727,1206600,16.739999771118164,16.729999542236328,10.37736988067627
06-12-2001,16.06999969482422,16.75,1133300,17.1200008392334,16.959999084472656,10.520038604736328
07-12-2001,16.8799991607666,17.200000762939453,1129500,17.209999084472656,17.1200008392334,10.619282722473145
10-12-2001,16.75,17.1200008392334,483500,17.1200008392334,16.860000610351562,10.458006858825684
11-12-2001,16.5,16.860000610351562,714500,17.030000686645508,16.639999389648438,10.321541786193848
12-12-2001,16.6200008392334,16.899999618530273,936500,16.979999542236328,16.6200008392334,10.309139251708984
13-12-2001,16.469999313354492,16.850000381469727,809000,16.850000381469727,16.790000915527344,10.41458797454834
14-12-2001,16.149999618530273,16.799999237060547,736100,16.799999237060547,16.59000015258789,10.290529251098633
17-12-2001,16.75,16.829999923706055,990600,17.309999465942383,16.899999618530273,10.482818603515625
18-12-2001,16.610000610351562,17.049999237060547,783500,17.200000762939453,16.6299991607666,10.315340995788574
19-12-2001,16.079999923706055,16.489999771118164,1678600,16.56999969482422,16.479999542236328,10.222296714782715
20-12-2001,16.200000762939453,16.299999237060547,683900,16.610000610351562,16.350000381469727,10.141660690307617
21-12-2001,16.399999618530273,16.5,1077600,16.739999771118164,16.399999618530273,10.1726713180542
24-12-2001,16.450000762939453,16.450000762939453,234100,16.860000610351562,16.56999969482422,10.278122901916504
26-12-2001,16.100000381469727,16.799999237060547,591500,16.989999771118164,16.25,10.079632759094238
27-12-2001,16.299999237060547,16.450000762939453,852300,16.850000381469727,16.75,10.389772415161133
28-12-2001,16.280000686645508,16.780000686645508,648100,16.8700008392334,16.5,10.23470401763916
31-12-2001,16.229999542236328,16.5,376300,16.75,16.229999542236328,10.06722640991211
02-01-2002,15.90999984741211,16.25,747500,16.350000381469727,16.200000762939453,10.04861831665039
03-01-2002,16.079999923706055,16.100000381469727,782900,16.600000381469727,16.280000686645508,10.098240852355957
04-01-2002,16.0,16.0,3345300,16.84000015258789,16.5,10.23470401763916
07-01-2002,16.299999237060547,16.5,1283400,17.0,16.299999237060547,10.110645294189453
08-01-2002,16.700000762939453,17.0,1224300,17.049999237060547,16.8799991607666,10.47041130065918
09-01-2002,16.709999084472656,16.899999618530273,1249000,17.299999237060547,16.809999465942383,10.426995277404785
10-01-2002,16.75,16.75,917600,17.219999313354492,16.969999313354492,10.52623462677002
11-01-2002,16.700000762939453,16.950000762939453,983500,17.100000381469727,16.799999237060547,10.420793533325195
14-01-2002,16.690000534057617,17.049999237060547,767100,17.200000762939453,16.690000534057617,10.352557182312012
15-01-2002,16.700000762939453,16.700000762939453,693500,17.049999237060547,16.770000457763672,10.402183532714844
16-01-2002,16.670000076293945,16.670000076293945,267400,16.979999542236328,16.760000228881836,10.395976066589355
17-01-2002,16.5,16.760000228881836,567200,16.8700008392334,16.860000610351562,10.458006858825684
18-01-2002,16.450000762939453,16.709999084472656,1474900,17.149999618530273,16.450000762939453,10.203690528869629
22-01-2002,16.440000534057617,16.5,309400,16.799999237060547,16.610000610351562,10.302936553955078
23-01-2002,16.290000915527344,16.5,400300,16.729999542236328,16.670000076293945,10.340156555175781
24-01-2002,16.559999465942383,16.690000534057617,353300,17.1200008392334,16.75,10.389772415161133
25-01-2002,16.25,16.700000762939453,769400,16.790000915527344,16.34000015258789,10.135457038879395
28-01-2002,16.299999237060547,16.34000015258789,794600,16.56999969482422,16.360000610351562,10.147863388061523
29-01-2002,15.949999809265137,16.399999618530273,1268100,16.690000534057617,15.979999542236328,9.912153244018555
30-01-2002,15.65999984741211,16.049999237060547,1232300,16.549999237060547,16.469999313354492,10.235310554504395
31-01-2002,16.149999618530273,16.270000457763672,427000,16.600000381469727,16.5,10.25395393371582
01-02-2002,16.170000076293945,16.5,702000,16.549999237060547,16.420000076293945,10.20423698425293
04-02-2002,15.920000076293945,16.420000076293945,431500,16.479999542236328,16.010000228881836,9.949441909790039
05-02-2002,15.5,16.209999084472656,1362400,16.459999084472656,15.5,9.632502555847168
06-02-2002,15.199999809265137,15.600000381469727,1539600,15.710000038146973,15.390000343322754,9.5641450881958
07-02-2002,13.199999809265137,13.550000190734863,5848200,14.449999809265137,14.350000381469727,8.917834281921387
08-02-2002,13.399999618530273,14.350000381469727,3546200,14.359999656677246,13.550000190734863,8.420672416687012
11-02-2002,13.399999618530273,13.699999809265137,1713300,13.75,13.600000381469727,8.451742172241211
12-02-2002,13.539999961853027,13.630000114440918,1841400,13.75,13.59000015258789,8.44553279876709
13-02-2002,13.25,13.649999618530273,1479100,13.6899995803833,13.25,8.234235763549805
14-02-2002,12.84000015258789,13.300000190734863,3245900,13.579999923706055,13.5,8.389598846435547
15-02-2002,13.050000190734863,13.699999809265137,1308700,13.699999809265137,13.199999809265137,8.203164100646973
19-02-2002,13.020000457763672,13.300000190734863,612000,13.329999923706055,13.140000343322754,8.165875434875488
20-02-2002,13.0,13.0,720600,13.329999923706055,13.239999771118164,8.228020668029785
21-02-2002,13.229999542236328,13.300000190734863,2029400,13.550000190734863,13.4399995803833,8.352312088012695
22-02-2002,13.15999984741211,13.359999656677246,1345700,13.649999618530273,13.520000457763672,8.402029991149902
25-02-2002,13.199999809265137,13.550000190734863,980900,13.850000381469727,13.520000457763672,8.402029991149902
26-02-2002,13.3100004196167,13.619999885559082,2014200,13.829999923706055,13.800000190734863,8.576038360595703
27-02-2002,13.979999542236328,14.100000381469727,1328200,14.289999961853027,14.229999542236328,8.843255043029785
28-02-2002,14.199999809265137,14.260000228881836,1207300,14.430000305175781,14.3100004196167,8.89297103881836
01-03-2002,14.210000038146973,14.899999618530273,903500,14.899999618530273,14.479999542236328,8.998619079589844
04-03-2002,14.300000190734863,14.649999618530273,1474100,14.699999809265137,14.600000381469727,9.073197364807129
05-03-2002,14.5,14.59000015258789,756100,14.850000381469727,14.75,9.166411399841309
06-03-2002,14.649999618530273,14.649999618530273,1330500,15.25,15.0600004196167,9.35905933380127
07-03-2002,14.720000267028809,15.0600004196167,725500,15.199999809265137,14.989999771118164,9.315559387207031
08-03-2002,14.880000114440918,15.010000228881836,336400,15.220000267028809,15.029999732971191,9.340417861938477
11-03-2002,14.829999923706055,15.25,1210900,15.390000343322754,15.239999771118164,9.470921516418457
12-03-2002,14.899999618530273,15.220000267028809,1771900,15.359999656677246,15.350000381469727,9.539284706115723
13-03-2002,15.09000015258789,15.5,898700,15.5,15.380000114440918,9.557921409606934
14-03-2002,15.15999984741211,15.380000114440918,546900,15.380000114440918,15.25,9.477136611938477
15-03-2002,15.210000038146973,15.319999694824219,1019600,15.789999961853027,15.600000381469727,9.694647789001465
18-03-2002,15.270000457763672,15.600000381469727,1457300,15.600000381469727,15.449999809265137,9.601431846618652
19-03-2002,15.460000038146973,15.460000038146973,1074000,15.979999542236328,15.90999984741211,9.887297630310059
20-03-2002,15.729999542236328,15.850000381469727,947600,16.1299991607666,15.880000114440918,9.86865234375
21-03-2002,15.470000267028809,15.850000381469727,498200,15.90999984741211,15.75,9.787864685058594
22-03-2002,15.3100004196167,15.550000190734863,426000,15.920000076293945,15.640000343322754,9.719507217407227
25-03-2002,15.420000076293945,15.930000305175781,298800,15.930000305175781,15.550000190734863,9.66357421875
26-03-2002,15.25,15.550000190734863,826100,15.90999984741211,15.539999961853027,9.65736198425293
27-03-2002,15.4399995803833,15.4399995803833,456600,15.760000228881836,15.640000343322754,9.719507217407227
28-03-2002,15.529999732971191,15.649999618530273,597000,16.0,15.819999694824219,9.831368446350098
01-04-2002,15.460000038146973,15.760000228881836,533000,15.979999542236328,15.90999984741211,9.887297630310059
02-04-2002,15.4399995803833,15.90999984741211,528400,15.930000305175781,15.65999984741211,9.731932640075684
03-04-2002,15.350000381469727,15.65999984741211,621200,15.800000190734863,15.430000305175781,9.589004516601562
04-04-2002,15.079999923706055,15.279999732971191,464700,15.550000190734863,15.34000015258789,9.533073425292969
05-04-2002,15.34000015258789,15.34000015258789,280900,15.699999809265137,15.600000381469727,9.694647789001465
08-04-2002,15.479999542236328,15.550000190734863,344800,15.75,15.670000076293945,9.738149642944336
09-04-2002,15.529999732971191,15.670000076293945,432000,16.290000915527344,16.15999984741211,10.0426607131958
10-04-2002,16.110000610351562,16.15999984741211,522900,16.56999969482422,16.450000762939453,10.222881317138672
11-04-2002,16.149999618530273,16.450000762939453,431500,16.530000686645508,16.270000457763672,10.111021995544434
12-04-2002,16.209999084472656,16.25,445900,16.549999237060547,16.5,10.25395393371582
15-04-2002,16.139999389648438,16.649999618530273,623900,16.75,16.31999969482422,10.142091751098633
16-04-2002,16.1200008392334,16.3700008392334,386800,16.600000381469727,16.190000534057617,10.061304092407227
17-04-2002,16.139999389648438,16.389999389648438,587800,16.559999465942383,16.139999389648438,10.030233383178711
18-04-2002,16.1200008392334,16.200000762939453,509600,16.75,16.520000457763672,10.26638412475586
19-04-2002,16.420000076293945,16.799999237060547,488400,16.8799991607666,16.649999618530273,10.34716510772705
22-04-2002,16.40999984741211,16.75,722400,16.979999542236328,16.450000762939453,10.222881317138672
23-04-2002,16.149999618530273,16.170000076293945,708100,16.719999313354492,16.479999542236328,10.241523742675781
24-04-2002,16.1200008392334,16.600000381469727,611400,16.600000381469727,16.209999084472656,10.073731422424316
25-04-2002,15.899999618530273,16.059999465942383,788000,16.770000457763672,16.649999618530273,10.34716510772705
26-04-2002,16.200000762939453,16.600000381469727,309100,16.600000381469727,16.200000762939453,10.067517280578613
29-04-2002,15.949999809265137,16.0,638200,16.420000076293945,15.989999771118164,9.95544719696045
30-04-2002,15.920000076293945,15.930000305175781,637300,16.299999237060547,15.979999542236328,9.949220657348633
01-05-2002,15.779999732971191,15.880000114440918,1173400,16.600000381469727,16.600000381469727,10.33523941040039
02-05-2002,16.100000381469727,16.600000381469727,556900,16.649999618530273,16.309999465942383,10.154680252075195
03-05-2002,16.1200008392334,16.149999618530273,769400,16.59000015258789,16.25,10.117327690124512
06-05-2002,15.850000381469727,16.350000381469727,432100,16.479999542236328,15.930000305175781,9.918089866638184
07-05-2002,15.649999618530273,15.930000305175781,488600,16.100000381469727,15.8100004196167,9.843381881713867
08-05-2002,16.0,16.0,406000,16.450000762939453,16.34000015258789,10.173360824584961
09-05-2002,15.859999656677246,16.34000015258789,882900,16.450000762939453,15.920000076293945,9.911867141723633
10-05-2002,15.449999809265137,15.970000267028809,687800,16.0,15.75,9.806021690368652
13-05-2002,15.699999809265137,15.779999732971191,396300,15.979999542236328,15.850000381469727,9.86828327178955
14-05-2002,15.6899995803833,15.949999809265137,307700,15.949999809265137,15.829999923706055,9.85583209991455
15-05-2002,15.270000457763672,15.699999809265137,1096200,15.960000038146973,15.350000381469727,9.556985855102539
16-05-2002,15.100000381469727,15.3100004196167,1244200,15.800000190734863,15.279999732971191,9.513400077819824
17-05-2002,14.899999618530273,15.029999732971191,1340800,15.279999732971191,15.050000190734863,9.370200157165527
20-05-2002,14.699999809265137,15.050000190734863,740500,15.460000038146973,15.199999809265137,9.463589668273926
21-05-2002,14.970000267028809,15.149999618530273,637600,15.279999732971191,15.109999656677246,9.407554626464844
22-05-2002,14.949999809265137,15.0,1228700,15.399999618530273,15.329999923706055,9.544526100158691
23-05-2002,14.920000076293945,15.329999923706055,786100,15.399999618530273,15.270000457763672,9.507176399230957
24-05-2002,15.149999618530273,15.170000076293945,546300,15.859999656677246,15.859999656677246,9.874507904052734
28-05-2002,15.119999885559082,15.800000190734863,666900,15.8100004196167,15.180000305175781,9.451139450073242
29-05-2002,14.90999984741211,14.930000305175781,973200,15.40999984741211,15.300000190734863,9.525849342346191
30-05-2002,15.0,15.300000190734863,721000,15.449999809265137,15.210000038146973,9.469819068908691
31-05-2002,15.15999984741211,15.199999809265137,591500,15.380000114440918,15.300000190734863,9.525849342346191
03-06-2002,15.020000457763672,15.220000267028809,846100,15.40999984741211,15.100000381469727,9.401328086853027
04-06-2002,14.609999656677246,15.0,1240800,15.050000190734863,14.869999885559082,9.258133888244629
05-06-2002,14.390000343322754,14.859999656677246,1432100,14.859999656677246,14.4399995803833,8.990409851074219
06-06-2002,14.0,14.4399995803833,1287400,14.819999694824219,14.109999656677246,8.784954071044922
07-06-2002,13.90999984741211,14.109999656677246,612100,14.6899995803833,14.619999885559082,9.102481842041016
10-06-2002,14.59000015258789,14.619999885559082,354900,14.949999809265137,14.600000381469727,9.090030670166016
11-06-2002,14.329999923706055,14.699999809265137,637000,15.0,14.699999809265137,9.152291297912598
12-06-2002,14.050000190734863,14.699999809265137,547500,14.739999771118164,14.300000190734863,8.90324592590332
13-06-2002,14.079999923706055,14.300000190734863,474400,14.640000343322754,14.119999885559082,8.791177749633789
14-06-2002,13.300000190734863,14.020000457763672,1352000,14.40999984741211,14.25,8.872119903564453
17-06-2002,14.270000457763672,14.270000457763672,926600,15.0,14.75,9.18342113494873
18-06-2002,14.529999732971191,14.649999618530273,793000,15.100000381469727,14.869999885559082,9.258133888244629
19-06-2002,14.649999618530273,14.770000457763672,923300,15.069999694824219,15.0,9.339073181152344
20-06-2002,14.800000190734863,15.0,723400,15.180000305175781,14.890000343322754,9.27058219909668
21-06-2002,14.399999618530273,14.399999618530273,840200,15.050000190734863,14.90999984741211,9.283036231994629
24-06-2002,14.460000038146973,14.859999656677246,358800,15.039999961853027,14.649999618530273,9.1211576461792
25-06-2002,14.279999732971191,14.75,472200,14.899999618530273,14.390000343322754,8.959280967712402
26-06-2002,13.960000038146973,14.289999961853027,623400,14.350000381469727,14.140000343322754,8.803635597229004
27-06-2002,13.720000267028809,14.15999984741211,928300,14.5,14.5,9.027770042419434
28-06-2002,13.5600004196167,14.449999809265137,584300,14.449999809265137,13.5600004196167,8.442523002624512
01-07-2002,13.350000381469727,13.609999656677246,904300,13.859999656677246,13.430000305175781,8.361581802368164
02-07-2002,13.029999732971191,13.25,736800,13.359999656677246,13.079999923706055,8.143671989440918
03-07-2002,12.65999984741211,13.079999923706055,1152100,13.25,13.010000228881836,8.100086212158203
05-07-2002,13.039999961853027,13.25,417600,13.899999618530273,13.739999771118164,8.554587364196777
08-07-2002,13.5,13.6899995803833,505400,13.920000076293945,13.510000228881836,8.411393165588379
09-07-2002,13.149999618530273,13.40999984741211,683000,13.550000190734863,13.149999618530273,8.187249183654785
10-07-2002,12.84000015258789,13.170000076293945,491100,13.420000076293945,12.850000381469727,8.000473976135254
11-07-2002,12.199999809265137,12.850000381469727,699200,12.949999809265137,12.550000190734863,7.813689708709717
12-07-2002,12.399999618530273,12.399999618530273,558000,12.819999694824219,12.600000381469727,7.84481954574585
15-07-2002,11.930000305175781,12.5,791800,12.739999771118164,12.739999771118164,7.931983470916748
16-07-2002,12.100000381469727,12.640000343322754,597700,12.640000343322754,12.210000038146973,7.602002143859863
17-07-2002,11.850000381469727,12.260000228881836,626700,12.630000114440918,11.930000305175781,7.427676677703857
18-07-2002,11.65999984741211,11.90999984741211,602900,12.149999618530273,11.84000015258789,7.371641635894775
19-07-2002,11.449999809265137,11.5,681000,11.989999771118164,11.6899995803833,7.278249740600586
22-07-2002,11.4399995803833,11.649999618530273,1125900,12.279999732971191,11.729999542236328,7.303155422210693
23-07-2002,10.869999885559082,11.699999809265137,684900,11.800000190734863,11.369999885559082,7.079014778137207
24-07-2002,10.75,11.0,979300,11.739999771118164,11.59000015258789,7.215991020202637
25-07-2002,10.850000381469727,11.199999809265137,921000,11.619999885559082,11.300000190734863,7.035431385040283
26-07-2002,11.140000343322754,11.270000457763672,504200,11.449999809265137,11.329999923706055,7.054112911224365
29-07-2002,11.520000457763672,11.829999923706055,671000,12.09000015258789,12.050000190734863,7.502387046813965
30-07-2002,11.5,11.920000076293945,857500,12.289999961853027,12.1899995803833,7.608495712280273
31-07-2002,11.930000305175781,12.149999618530273,851300,12.329999923706055,12.25,7.645943641662598
01-08-2002,12.199999809265137,12.25,987500,12.569999694824219,12.529999732971191,7.820708274841309
02-08-2002,11.800000190734863,12.380000114440918,914700,12.380000114440918,11.880000114440918,7.415003299713135
05-08-2002,11.649999618530273,11.84000015258789,441900,12.0,11.859999656677246,7.402517318725586
06-08-2002,11.920000076293945,12.109999656677246,568800,12.359999656677246,12.010000228881836,7.496148109436035
07-08-2002,11.65999984741211,12.289999961853027,649900,12.399999618530273,11.899999618530273,7.427489280700684
08-08-2002,11.600000381469727,11.899999618530273,603400,12.300000190734863,12.300000190734863,7.677152156829834
09-08-2002,12.039999961853027,12.100000381469727,581700,12.399999618530273,12.350000381469727,7.708359241485596
12-08-2002,11.8100004196167,12.319999694824219,301700,12.319999694824219,12.010000228881836,7.496148109436035
13-08-2002,11.90999984741211,11.90999984741211,480400,12.270000457763672,12.020000457763672,7.502387046813965
14-08-2002,11.90999984741211,12.029999732971191,562300,12.359999656677246,12.260000228881836,7.65218448638916
15-08-2002,12.050000190734863,12.180000305175781,580200,12.699999809265137,12.699999809265137,7.926813125610352
16-08-2002,12.359999656677246,12.699999809265137,605400,12.829999923706055,12.600000381469727,7.864397048950195
19-08-2002,12.59000015258789,12.699999809265137,502400,13.119999885559082,13.050000190734863,8.145270347595215
20-08-2002,12.680000305175781,12.800000190734863,457200,13.050000190734863,12.949999809265137,8.082857131958008
21-08-2002,13.010000228881836,13.199999809265137,1348600,13.460000038146973,13.390000343322754,8.357481956481934
22-08-2002,12.949999809265137,13.350000381469727,682500,13.670000076293945,13.600000381469727,8.488558769226074
23-08-2002,13.350000381469727,13.5,1408500,13.789999961853027,13.460000038146973,8.401174545288086
26-08-2002,13.15999984741211,13.460000038146973,398900,13.489999771118164,13.270000457763672,8.282587051391602
27-08-2002,12.869999885559082,13.279999732971191,784400,13.449999809265137,13.239999771118164,8.263861656188965
28-08-2002,13.039999961853027,13.140000343322754,693900,13.210000038146973,13.210000038146973,8.245131492614746
29-08-2002,12.829999923706055,13.109999656677246,655400,13.3100004196167,13.3100004196167,8.307554244995117
30-08-2002,12.989999771118164,13.260000228881836,263700,13.350000381469727,13.149999618530273,8.207687377929688
03-09-2002,12.569999694824219,12.949999809265137,754200,13.0,12.869999885559082,8.032920837402344
04-09-2002,12.75,12.869999885559082,525600,13.239999771118164,13.210000038146973,8.245131492614746
05-09-2002,12.800000190734863,13.109999656677246,776000,13.109999656677246,12.880000114440918,8.039162635803223
06-09-2002,12.75,12.979999542236328,1137500,13.109999656677246,12.800000190734863,7.98923397064209
09-09-2002,12.65999984741211,12.779999732971191,1093800,13.0,12.75,7.958022594451904
10-09-2002,12.550000190734863,12.800000190734863,861800,12.850000381469727,12.800000190734863,7.98923397064209
11-09-2002,12.600000381469727,12.949999809265137,562300,12.949999809265137,12.75,7.958022594451904
12-09-2002,12.350000381469727,12.699999809265137,709800,12.710000038146973,12.550000190734863,7.833189964294434
13-09-2002,12.199999809265137,12.449999809265137,475200,12.600000381469727,12.5,7.801982879638672
16-09-2002,12.25,12.350000381469727,437500,12.640000343322754,12.520000457763672,7.814466953277588
17-09-2002,12.0,12.75,628100,12.779999732971191,12.039999961853027,7.514866828918457
18-09-2002,11.920000076293945,12.039999961853027,537400,12.260000228881836,12.149999618530273,7.583528518676758
19-09-2002,11.770000457763672,12.050000190734863,467000,12.100000381469727,11.890000343322754,7.421244144439697
20-09-2002,11.779999732971191,11.989999771118164,589200,12.180000305175781,11.890000343322754,7.421244144439697
23-09-2002,11.5,11.789999961853027,596900,11.869999885559082,11.649999618530273,7.271446228027344
24-09-2002,11.550000190734863,11.550000190734863,919700,11.819999694824219,11.770000457763672,7.346344470977783
25-09-2002,11.720000267028809,11.720000267028809,556100,12.229999542236328,12.09000015258789,7.546074867248535
26-09-2002,11.5,12.1899995803833,2145900,12.210000038146973,11.680000305175781,7.290172576904297
27-09-2002,11.100000381469727,11.670000076293945,1571800,11.760000228881836,11.140000343322754,6.953126430511475
30-09-2002,10.699999809265137,11.140000343322754,1947800,11.34000015258789,11.130000114440918,6.946885108947754
01-10-2002,11.029999732971191,11.350000381469727,1108900,11.380000114440918,11.350000381469727,7.084201335906982
02-10-2002,10.5,11.350000381469727,1128100,11.350000381469727,10.899999618530273,6.803330898284912
03-10-2002,10.90999984741211,11.149999618530273,737400,11.180000305175781,11.069999694824219,6.909438133239746
04-10-2002,10.5600004196167,11.149999618530273,1517300,11.359999656677246,11.170000076293945,6.971851348876953
07-10-2002,10.739999771118164,10.800000190734863,1069700,11.100000381469727,10.890000343322754,6.797089099884033
08-10-2002,10.579999923706055,10.989999771118164,954600,11.09000015258789,10.869999885559082,6.784604072570801
09-10-2002,10.489999771118164,10.569999694824219,948400,10.819999694824219,10.630000114440918,6.6348042488098145
10-10-2002,10.180000305175781,10.550000190734863,1617100,10.609999656677246,10.300000190734863,6.428835868835449
11-10-2002,10.399999618530273,10.399999618530273,1081400,10.84000015258789,10.729999542236328,6.697223663330078
14-10-2002,10.600000381469727,10.729999542236328,546900,11.020000457763672,10.800000190734863,6.740913391113281
15-10-2002,10.850000381469727,10.899999618530273,1383500,11.260000228881836,11.0,6.865746021270752
16-10-2002,10.489999771118164,11.0,858100,11.100000381469727,10.869999885559082,6.784604072570801
17-10-2002,10.949999809265137,11.300000190734863,1156300,11.399999618530273,10.949999809265137,6.834537982940674
18-10-2002,10.850000381469727,10.949999809265137,1059200,11.119999885559082,10.850000381469727,6.772121429443359
21-10-2002,10.15999984741211,10.199999809265137,1329500,11.0600004196167,11.0,6.865746021270752
22-10-2002,10.260000228881836,10.960000038146973,1109600,10.979999542236328,10.420000076293945,6.503734111785889
23-10-2002,10.270000457763672,10.470000267028809,577900,10.670000076293945,10.4399995803833,6.516213893890381
24-10-2002,10.420000076293945,10.539999961853027,608700,10.699999809265137,10.470000267028809,6.534942150115967
25-10-2002,10.300000190734863,10.399999618530273,832700,10.680000305175781,10.630000114440918,6.6348042488098145
28-10-2002,10.100000381469727,10.65999984741211,936400,10.699999809265137,10.15999984741211,6.341451644897461
29-10-2002,9.869999885559082,10.199999809265137,1521300,10.3100004196167,10.100000381469727,6.3040008544921875
30-10-2002,9.899999618530273,10.140000343322754,1452600,10.149999618530273,10.0600004196167,6.297741413116455
31-10-2002,10.0600004196167,10.0600004196167,1263600,10.300000190734863,10.220000267028809,6.3979058265686035
01-11-2002,10.109999656677246,10.220000267028809,814800,10.699999809265137,10.649999618530273,6.667091369628906
04-11-2002,10.449999809265137,10.75,934200,10.800000190734863,10.5,6.5731892585754395
05-11-2002,10.420000076293945,10.600000381469727,1248100,10.75,10.550000190734863,6.604490280151367
06-11-2002,10.430000305175781,10.569999694824219,796500,10.75,10.640000343322754,6.660833358764648
07-11-2002,10.40999984741211,10.640000343322754,952000,10.9399995803833,10.779999732971191,6.748478412628174
08-11-2002,10.550000190734863,10.789999961853027,556900,10.930000305175781,10.739999771118164,6.723433494567871
11-11-2002,10.369999885559082,10.710000038146973,580800,10.800000190734863,10.5,6.5731892585754395
12-11-2002,10.4399995803833,10.470000267028809,269700,10.640000343322754,10.489999771118164,6.566929340362549
13-11-2002,10.4399995803833,10.529999732971191,677300,10.90999984741211,10.770000457763672,6.742215633392334
14-11-2002,10.819999694824219,10.869999885559082,1785500,11.970000267028809,11.350000381469727,7.105307102203369
15-11-2002,11.369999885559082,11.449999809265137,814300,11.789999961853027,11.680000305175781,7.311892032623291
18-11-2002,12.010000228881836,12.130000114440918,1590800,12.359999656677246,12.199999809265137,7.637421131134033
19-11-2002,11.899999618530273,12.170000076293945,1166000,12.329999923706055,12.069999694824219,7.556038856506348
20-11-2002,11.949999809265137,12.0,759200,12.4399995803833,12.279999732971191,7.687500953674316
21-11-2002,12.380000114440918,12.449999809265137,1071200,12.84000015258789,12.720000267028809,7.962949275970459
22-11-2002,12.640000343322754,12.6899995803833,959300,13.119999885559082,12.890000343322754,8.069375991821289
25-11-2002,12.670000076293945,12.970000267028809,984100,13.100000381469727,13.079999923706055,8.188319206237793
26-11-2002,12.550000190734863,13.079999923706055,952300,13.079999923706055,12.640000343322754,7.9128642082214355
27-11-2002,12.600000381469727,12.630000114440918,769600,13.109999656677246,13.079999923706055,8.188319206237793
29-11-2002,12.75,13.109999656677246,541900,13.1899995803833,12.819999694824219,8.02554988861084
02-12-2002,12.649999618530273,13.25,963700,13.479999542236328,13.0,8.13823413848877
03-12-2002,12.600000381469727,12.899999618530273,1141900,12.930000305175781,12.760000228881836,7.987992286682129
04-12-2002,12.600000381469727,12.600000381469727,872500,12.800000190734863,12.6899995803833,7.9441680908203125
05-12-2002,12.390000343322754,12.710000038146973,1404500,12.800000190734863,12.510000228881836,7.831489086151123
06-12-2002,12.220000267028809,12.40999984741211,884900,12.5,12.329999923706055,7.718803882598877
09-12-2002,11.800000190734863,12.229999542236328,843800,12.229999542236328,11.829999923706055,7.405792713165283
10-12-2002,11.680000305175781,11.680000305175781,475500,12.15999984741211,12.15999984741211,7.612377643585205
11-12-2002,11.859999656677246,12.0600004196167,293000,12.069999694824219,11.859999656677246,7.424572467803955
12-12-2002,11.829999923706055,11.869999885559082,721300,12.15999984741211,12.109999656677246,7.58107852935791
13-12-2002,11.859999656677246,12.010000228881836,421200,12.100000381469727,11.869999885559082,7.430834770202637
16-12-2002,11.829999923706055,11.880000114440918,429500,12.119999885559082,12.069999694824219,7.556038856506348
17-12-2002,11.920000076293945,12.109999656677246,492100,12.109999656677246,11.9399995803833,7.474653720855713
18-12-2002,11.5600004196167,11.989999771118164,903300,12.079999923706055,11.680000305175781,7.311892032623291
19-12-2002,11.300000190734863,11.380000114440918,1465600,11.75,11.420000076293945,7.149125099182129
20-12-2002,11.210000038146973,11.279999732971191,1010800,11.520000457763672,11.34000015258789,7.099044322967529
23-12-2002,11.210000038146973,11.239999771118164,804400,11.539999961853027,11.399999618530273,7.136605739593506
24-12-2002,11.020000457763672,11.399999618530273,455500,11.399999618530273,11.140000343322754,6.973840713500977
26-12-2002,11.1899995803833,11.199999809265137,393800,11.449999809265137,11.34000015258789,7.099044322967529
27-12-2002,11.100000381469727,11.270000457763672,607700,11.359999656677246,11.119999885559082,6.9613213539123535
30-12-2002,11.010000228881836,11.130000114440918,700200,11.3100004196167,11.210000038146973,7.017661094665527
31-12-2002,11.170000076293945,11.170000076293945,575800,11.609999656677246,11.550000190734863,7.230511665344238
02-01-2003,11.420000076293945,11.600000381469727,934000,11.6899995803833,11.619999885559082,7.274328708648682
03-01-2003,11.479999542236328,11.619999885559082,528800,11.729999542236328,11.550000190734863,7.230511665344238
06-01-2003,11.5600004196167,11.630000114440918,525600,11.760000228881836,11.699999809265137,7.324411869049072
07-01-2003,11.630000114440918,11.800000190734863,629300,11.899999618530273,11.770000457763672,7.368229866027832
08-01-2003,11.510000228881836,11.670000076293945,429800,11.6899995803833,11.630000114440918,7.280589580535889
09-01-2003,11.630000114440918,11.630000114440918,466600,11.90999984741211,11.899999618530273,7.449617385864258
10-01-2003,11.710000038146973,11.75,434500,11.949999809265137,11.850000381469727,7.418313980102539
13-01-2003,11.739999771118164,11.859999656677246,598500,12.010000228881836,11.960000038146973,7.48717737197876
14-01-2003,11.789999961853027,11.859999656677246,456600,12.069999694824219,12.069999694824219,7.556038856506348
15-01-2003,11.890000343322754,12.0600004196167,716100,12.100000381469727,12.100000381469727,7.574820041656494
16-01-2003,11.949999809265137,12.0600004196167,756200,12.130000114440918,12.069999694824219,7.556038856506348
17-01-2003,11.920000076293945,12.069999694824219,386600,12.09000015258789,12.029999732971191,7.530999183654785
21-01-2003,11.84000015258789,12.079999923706055,687500,12.130000114440918,11.930000305175781,7.468392848968506
22-01-2003,11.649999618530273,11.9399995803833,1061600,11.960000038146973,11.960000038146973,7.48717737197876
23-01-2003,11.960000038146973,11.960000038146973,676700,12.100000381469727,12.0,7.512214183807373
24-01-2003,11.920000076293945,12.010000228881836,720400,12.119999885559082,12.020000457763672,7.52473783493042
27-01-2003,11.600000381469727,12.020000457763672,804200,12.09000015258789,11.890000343322754,7.44335412979126
28-01-2003,11.850000381469727,11.9399995803833,582400,12.130000114440918,12.069999694824219,7.556038856506348
29-01-2003,11.710000038146973,11.890000343322754,605600,12.050000190734863,11.989999771118164,7.524659156799316
30-01-2003,11.699999809265137,11.9399995803833,949000,12.050000190734863,11.75,7.374039649963379
31-01-2003,11.75,11.75,1025600,12.029999732971191,12.0,7.530932426452637
03-02-2003,11.960000038146973,12.149999618530273,897500,12.25,12.050000190734863,7.56231689453125
04-02-2003,11.600000381469727,11.949999809265137,870700,11.979999542236328,11.619999885559082,7.292454719543457
05-02-2003,11.579999923706055,11.720000267028809,706700,11.84000015258789,11.649999618530273,7.311282157897949
06-02-2003,11.510000228881836,11.649999618530273,604300,11.75,11.539999961853027,7.242247581481934
07-02-2003,11.489999771118164,11.630000114440918,347100,11.729999542236328,11.5,7.217144012451172
10-02-2003,11.300000190734863,11.479999542236328,641400,11.59000015258789,11.550000190734863,7.248525142669678
11-02-2003,11.430000305175781,11.550000190734863,429000,11.699999809265137,11.430000305175781,7.173214435577393
12-02-2003,11.229999542236328,11.470000267028809,832000,11.569999694824219,11.289999961853027,7.085356712341309
13-02-2003,11.600000381469727,11.600000381469727,1798500,11.899999618530273,11.800000190734863,7.405420780181885
14-02-2003,11.739999771118164,11.850000381469727,1710100,11.970000267028809,11.899999618530273,7.4681782722473145
18-02-2003,11.970000267028809,12.0,1080600,12.300000190734863,12.279999732971191,7.706655025482178
19-02-2003,11.8100004196167,12.279999732971191,1143200,12.279999732971191,11.899999618530273,7.4681782722473145
20-02-2003,12.039999961853027,12.199999809265137,1303300,12.229999542236328,12.140000343322754,7.618795394897461
21-02-2003,12.050000190734863,12.140000343322754,847700,12.279999732971191,12.140000343322754,7.618795394897461
24-02-2003,11.979999542236328,12.149999618530273,806400,12.149999618530273,12.0600004196167,7.568592071533203
25-02-2003,11.880000114440918,12.010000228881836,497400,12.229999542236328,12.149999618530273,7.625073432922363
26-02-2003,12.039999961853027,12.149999618530273,834900,12.369999885559082,12.0600004196167,7.568592071533203
27-02-2003,12.050000190734863,12.119999885559082,958800,12.130000114440918,12.100000381469727,7.593690872192383
28-02-2003,12.050000190734863,12.140000343322754,1188400,12.180000305175781,12.109999656677246,7.599968910217285
03-03-2003,12.079999923706055,12.180000305175781,1845500,12.319999694824219,12.15999984741211,7.631350040435791
04-03-2003,12.029999732971191,12.140000343322754,647000,12.180000305175781,12.079999923706055,7.5811381340026855
05-03-2003,12.0600004196167,12.149999618530273,797000,12.25,12.119999885559082,7.606243133544922
06-03-2003,12.0,12.050000190734863,800300,12.229999542236328,12.220000267028809,7.66900110244751
07-03-2003,12.119999885559082,12.220000267028809,858800,12.539999961853027,12.520000457763672,7.857275485992432
10-03-2003,12.1899995803833,12.520000457763672,532800,12.539999961853027,12.210000038146973,7.662727355957031
11-03-2003,12.020000457763672,12.170000076293945,551400,12.25,12.029999732971191,7.549764156341553
12-03-2003,11.710000038146973,11.979999542236328,686000,12.149999618530273,12.140000343322754,7.618795394897461
13-03-2003,12.300000190734863,12.449999809265137,2364100,13.100000381469727,13.09000015258789,8.214996337890625
14-03-2003,12.84000015258789,13.09000015258789,1156300,13.100000381469727,12.970000267028809,8.139686584472656
17-03-2003,12.920000076293945,12.979999542236328,1251500,13.800000190734863,13.800000190734863,8.660576820373535
18-03-2003,13.529999732971191,13.800000190734863,1220000,13.90999984741211,13.84000015258789,8.685681343078613
19-03-2003,13.680000305175781,13.84000015258789,629700,13.989999771118164,13.84000015258789,8.685681343078613
20-03-2003,13.619999885559082,13.84000015258789,1160000,14.180000305175781,13.899999618530273,8.723334312438965
21-03-2003,13.989999771118164,14.100000381469727,975000,14.600000381469727,14.59000015258789,9.156360626220703
24-03-2003,13.600000381469727,14.25,838400,14.260000228881836,13.720000267028809,8.610365867614746
25-03-2003,13.619999885559082,13.670000076293945,862900,14.170000076293945,13.899999618530273,8.723334312438965
26-03-2003,13.84000015258789,13.930000305175781,820300,14.149999618530273,14.020000457763672,8.7986421585083
27-03-2003,13.670000076293945,13.920000076293945,777400,14.020000457763672,13.949999809265137,8.754712104797363
28-03-2003,13.789999961853027,13.899999618530273,997400,13.960000038146973,13.859999656677246,8.69823169708252
31-03-2003,13.6899995803833,13.8100004196167,1657100,13.930000305175781,13.890000343322754,8.717055320739746
01-04-2003,13.65999984741211,13.789999961853027,1394100,13.960000038146973,13.960000038146973,8.760985374450684
02-04-2003,13.989999771118164,14.100000381469727,1093900,14.399999618530273,14.34000015258789,8.999469757080078
03-04-2003,14.34000015258789,14.390000343322754,1479300,14.850000381469727,14.75,9.256773948669434
04-04-2003,14.770000457763672,14.800000190734863,1451400,14.989999771118164,14.989999771118164,9.407392501831055
07-04-2003,14.640000343322754,15.050000190734863,1657500,15.149999618530273,14.789999961853027,9.281877517700195
08-04-2003,14.600000381469727,14.779999732971191,595400,14.850000381469727,14.850000381469727,9.319531440734863
09-04-2003,14.729999542236328,14.850000381469727,1100100,15.050000190734863,14.899999618530273,9.350910186767578
10-04-2003,14.5,14.949999809265137,772200,14.970000267028809,14.75,9.256773948669434
11-04-2003,14.59000015258789,14.75,681100,14.90999984741211,14.75,9.256773948669434
14-04-2003,14.699999809265137,14.789999961853027,672300,14.899999618530273,14.850000381469727,9.319531440734863
15-04-2003,14.729999542236328,14.850000381469727,1086300,15.140000343322754,15.079999923706055,9.463876724243164
16-04-2003,14.84000015258789,15.050000190734863,737300,15.09000015258789,14.84000015258789,9.313255310058594
17-04-2003,14.09000015258789,14.850000381469727,2159900,14.850000381469727,14.199999809265137,8.911603927612305
21-04-2003,14.949999809265137,14.949999809265137,4312700,15.649999618530273,15.5600004196167,9.765115737915039
22-04-2003,15.180000305175781,15.460000038146973,3519300,16.079999923706055,16.0,10.041247367858887
23-04-2003,15.65999984741211,16.049999237060547,1576800,16.100000381469727,15.84000015258789,9.940836906433105
24-04-2003,15.75,15.9399995803833,1119700,15.9399995803833,15.880000114440918,9.965937614440918
25-04-2003,15.75,15.899999618530273,1228100,16.040000915527344,16.0,10.041247367858887
28-04-2003,15.770000457763672,16.0,1208500,16.200000762939453,16.0,10.041247367858887
29-04-2003,15.869999885559082,15.989999771118164,1608800,16.139999389648438,16.079999923706055,10.11041259765625
30-04-2003,15.920000076293945,16.079999923706055,1172700,16.139999389648438,16.0,10.060111045837402
01-05-2003,15.579999923706055,15.920000076293945,1947200,16.170000076293945,16.139999389648438,10.148140907287598
02-05-2003,15.920000076293945,16.139999389648438,1031200,16.18000030517578,15.949999809265137,10.028669357299805
05-05-2003,15.920000076293945,16.049999237060547,1635800,16.06999969482422,16.049999237060547,10.091547012329102
06-05-2003,16.059999465942383,16.059999465942383,2171800,16.610000610351562,16.56999969482422,10.418498039245605
07-05-2003,15.979999542236328,16.549999237060547,1954700,16.549999237060547,16.0,10.060111045837402
08-05-2003,15.680000305175781,15.850000381469727,1178500,16.020000457763672,15.949999809265137,10.028669357299805
09-05-2003,15.9399995803833,16.049999237060547,1056400,16.15999984741211,16.110000610351562,10.129273414611816
12-05-2003,15.880000114440918,16.0,830300,16.200000762939453,16.200000762939453,10.185861587524414
13-05-2003,15.899999618530273,16.149999618530273,1000800,16.170000076293945,16.06999969482422,10.104124069213867
14-05-2003,15.739999771118164,16.0,626700,16.010000228881836,15.819999694824219,9.94693660736084
15-05-2003,15.630000114440918,15.949999809265137,545000,15.989999771118164,15.979999542236328,10.047533988952637
16-05-2003,15.670000076293945,15.979999542236328,1027900,16.149999618530273,16.149999618530273,10.154423713684082
19-05-2003,15.609999656677246,16.049999237060547,562500,16.049999237060547,15.670000076293945,9.852620124816895
20-05-2003,15.300000190734863,15.680000305175781,596700,15.779999732971191,15.470000267028809,9.726869583129883
21-05-2003,15.149999618530273,15.199999809265137,665500,15.449999809265137,15.449999809265137,9.714290618896484
22-05-2003,15.3100004196167,15.399999618530273,617800,15.600000381469727,15.420000076293945,9.695427894592285
23-05-2003,15.199999809265137,15.380000114440918,701000,15.680000305175781,15.59000015258789,9.80231761932373
27-05-2003,15.510000228881836,15.600000381469727,753800,15.890000343322754,15.84000015258789,9.959510803222656
28-05-2003,15.59000015258789,15.739999771118164,749700,15.859999656677246,15.640000343322754,9.833757400512695
29-05-2003,15.6899995803833,15.739999771118164,1009900,16.020000457763672,16.0,10.060111045837402
30-05-2003,15.850000381469727,15.979999542236328,879400,16.100000381469727,16.010000228881836,10.06639575958252
02-06-2003,15.949999809265137,16.010000228881836,864100,16.280000686645508,16.059999465942383,10.097832679748535
03-06-2003,15.899999618530273,16.15999984741211,868300,16.18000030517578,15.970000267028809,10.041248321533203
04-06-2003,15.9399995803833,15.989999771118164,881000,16.40999984741211,16.399999618530273,10.311609268188477
05-06-2003,16.18000030517578,16.40999984741211,1159400,16.850000381469727,16.850000381469727,10.59455394744873
06-06-2003,16.540000915527344,16.850000381469727,1251800,17.010000228881836,16.68000030517578,10.487663269042969
09-06-2003,16.25,16.65999984741211,530700,16.719999313354492,16.3700008392334,10.292750358581543
10-06-2003,16.309999465942383,16.520000457763672,812100,16.709999084472656,16.700000762939453,10.500239372253418
11-06-2003,16.700000762939453,16.780000686645508,1533600,17.360000610351562,17.360000610351562,10.915218353271484
12-06-2003,17.25,17.360000610351562,676900,17.469999313354492,17.360000610351562,10.915218353271484
13-06-2003,17.3700008392334,17.43000030517578,824600,17.56999969482422,17.43000030517578,10.959234237670898
16-06-2003,17.520000457763672,17.6299991607666,1124200,18.030000686645508,18.030000686645508,11.336487770080566
17-06-2003,17.75,18.030000686645508,597700,18.049999237060547,17.940000534057617,11.27989673614502
18-06-2003,16.700000762939453,17.950000762939453,1971900,17.950000762939453,17.200000762939453,10.814615249633789
19-06-2003,16.920000076293945,17.200000762939453,551300,17.350000381469727,17.020000457763672,10.701445579528809
20-06-2003,17.040000915527344,17.25,646000,17.25,17.170000076293945,10.795754432678223
23-06-2003,16.860000610351562,17.170000076293945,509800,17.170000076293945,17.0,10.688867568969727
24-06-2003,16.920000076293945,16.950000762939453,629400,17.25,17.219999313354492,10.827191352844238
25-06-2003,17.219999313354492,17.219999313354492,598200,17.450000762939453,17.260000228881836,10.85234546661377
26-06-2003,17.219999313354492,17.270000457763672,579600,17.700000762939453,17.639999389648438,11.091268539428711
27-06-2003,17.31999969482422,17.670000076293945,841100,17.670000076293945,17.5,11.003244400024414
30-06-2003,17.40999984741211,17.5,633100,17.700000762939453,17.489999771118164,10.996955871582031
01-07-2003,17.260000228881836,17.489999771118164,933100,18.020000457763672,18.020000457763672,11.330198287963867
02-07-2003,17.899999618530273,17.950000762939453,747300,18.309999465942383,18.239999771118164,11.468523025512695
03-07-2003,17.920000076293945,18.25,417400,18.309999465942383,18.06999969482422,11.361635208129883
07-07-2003,18.079999923706055,18.09000015258789,622600,18.450000762939453,18.350000381469727,11.537688255310059
08-07-2003,18.15999984741211,18.350000381469727,554200,18.520000457763672,18.3799991607666,11.556551933288574
09-07-2003,17.950000762939453,18.329999923706055,1614700,18.3799991607666,18.079999923706055,11.367928504943848
10-07-2003,17.75,18.020000457763672,1384900,18.020000457763672,17.81999969482422,11.204449653625488
11-07-2003,17.690000534057617,17.709999084472656,937600,17.899999618530273,17.799999237060547,11.191871643066406
14-07-2003,17.719999313354492,17.799999237060547,896000,17.920000076293945,17.729999542236328,11.14786148071289
15-07-2003,17.719999313354492,17.850000381469727,1096300,18.010000228881836,17.719999313354492,11.141569137573242
16-07-2003,17.6299991607666,17.770000457763672,1487700,17.959999084472656,17.770000457763672,11.173008918762207
17-07-2003,17.270000457763672,17.670000076293945,1278600,17.700000762939453,17.309999465942383,10.883776664733887
18-07-2003,17.299999237060547,17.399999618530273,1016900,17.959999084472656,17.940000534057617,11.27989673614502
21-07-2003,17.6200008392334,18.0,1791800,18.049999237060547,17.790000915527344,11.18558406829834
22-07-2003,17.670000076293945,17.850000381469727,983800,18.209999084472656,18.209999084472656,11.449663162231445
23-07-2003,18.170000076293945,18.239999771118164,1078100,18.799999237060547,18.780000686645508,11.808053970336914
24-07-2003,18.639999389648438,18.739999771118164,1081000,19.059999465942383,18.770000457763672,11.801767349243164
25-07-2003,18.719999313354492,18.739999771118164,642000,19.200000762939453,19.139999389648438,12.034406661987305
28-07-2003,18.940000534057617,19.09000015258789,492000,19.25,19.200000762939453,12.072132110595703
29-07-2003,18.799999237060547,19.190000534057617,952400,19.190000534057617,18.829999923706055,11.839491844177246
30-07-2003,18.649999618530273,18.850000381469727,667300,18.8799991607666,18.670000076293945,11.757623672485352
31-07-2003,18.65999984741211,18.8700008392334,933600,19.09000015258789,18.850000381469727,11.870981216430664
01-08-2003,18.729999542236328,18.75,534600,18.979999542236328,18.920000076293945,11.915063858032227
04-08-2003,18.610000610351562,18.950000762939453,792000,18.950000762939453,18.670000076293945,11.757623672485352
05-08-2003,18.559999465942383,18.75,676800,18.979999542236328,18.610000610351562,11.719839096069336
06-08-2003,18.399999618530273,18.579999923706055,661800,18.770000457763672,18.770000457763672,11.820598602294922
07-08-2003,18.75,18.75,878400,19.09000015258789,19.06999969482422,12.009528160095215
08-08-2003,18.989999771118164,19.06999969482422,707000,19.270000457763672,18.989999771118164,11.959144592285156
11-08-2003,18.700000762939453,19.09000015258789,474900,19.09000015258789,18.889999389648438,11.896166801452637
12-08-2003,18.899999618530273,19.0,953900,19.15999984741211,19.0,11.965446472167969
13-08-2003,18.790000915527344,19.100000381469727,705200,19.110000610351562,18.81999969482422,11.852084159851074
14-08-2003,18.780000686645508,18.90999984741211,668800,19.06999969482422,19.030000686645508,11.984338760375977
15-08-2003,18.520000457763672,19.049999237060547,384000,19.049999237060547,18.700000762939453,11.776519775390625
18-08-2003,18.700000762939453,18.700000762939453,667900,19.190000534057617,19.059999465942383,12.003230094909668
19-08-2003,18.8700008392334,19.059999465942383,819900,19.06999969482422,18.899999618530273,11.9024658203125
20-08-2003,18.719999313354492,18.889999389648438,894200,19.3700008392334,19.139999389648438,12.053609848022461
21-08-2003,18.860000610351562,19.139999389648438,491600,19.229999542236328,18.940000534057617,11.92766284942627
22-08-2003,18.549999237060547,19.0,716900,19.049999237060547,18.610000610351562,11.719839096069336
25-08-2003,18.190000534057617,18.690000534057617,1515700,18.690000534057617,18.25,11.493124008178711
26-08-2003,18.100000381469727,18.25,1036500,18.440000534057617,18.43000030517578,11.60647964477539
27-08-2003,18.15999984741211,18.3799991607666,604600,18.399999618530273,18.239999771118164,11.486824989318848
28-08-2003,18.100000381469727,18.329999923706055,556100,18.389999389648438,18.360000610351562,11.562397956848145
29-08-2003,18.170000076293945,18.360000610351562,760500,18.579999923706055,18.5,11.650564193725586
02-09-2003,18.360000610351562,18.520000457763672,903600,18.6299991607666,18.540000915527344,11.67575740814209
03-09-2003,18.469999313354492,18.520000457763672,1126900,18.889999389648438,18.790000915527344,11.833191871643066
04-09-2003,18.600000381469727,18.690000534057617,824500,18.799999237060547,18.729999542236328,11.795411109924316
05-09-2003,18.700000762939453,18.719999313354492,508600,18.899999618530273,18.729999542236328,11.795411109924316
08-09-2003,18.65999984741211,18.770000457763672,577300,18.850000381469727,18.780000686645508,11.826898574829102
09-09-2003,18.31999969482422,18.84000015258789,950700,18.8799991607666,18.670000076293945,11.757623672485352
10-09-2003,18.469999313354492,18.690000534057617,900500,18.690000534057617,18.559999465942383,11.68834400177002
11-09-2003,18.510000228881836,18.559999465942383,611300,18.850000381469727,18.850000381469727,11.870981216430664
12-09-2003,18.540000915527344,18.700000762939453,536100,18.780000686645508,18.75,11.808000564575195
15-09-2003,18.510000228881836,18.75,788100,18.899999618530273,18.899999618530273,11.9024658203125
16-09-2003,18.690000534057617,18.899999618530273,523800,19.0,19.0,11.965446472167969
17-09-2003,18.790000915527344,18.850000381469727,895300,19.219999313354492,19.040000915527344,11.990633964538574
18-09-2003,18.81999969482422,19.040000915527344,805600,19.18000030517578,18.899999618530273,11.9024658203125
19-09-2003,18.700000762939453,18.860000610351562,713800,18.93000030517578,18.899999618530273,11.9024658203125
22-09-2003,18.65999984741211,18.850000381469727,298800,18.889999389648438,18.850000381469727,11.870981216430664
23-09-2003,18.799999237060547,18.850000381469727,516200,18.920000076293945,18.899999618530273,11.9024658203125
24-09-2003,18.459999084472656,18.860000610351562,659900,18.8799991607666,18.639999389648438,11.738731384277344
25-09-2003,18.360000610351562,18.600000381469727,1017100,18.610000610351562,18.43000030517578,11.60647964477539
26-09-2003,18.209999084472656,18.350000381469727,729200,18.40999984741211,18.260000228881836,11.499423027038574
29-09-2003,18.209999084472656,18.209999084472656,506900,18.670000076293945,18.670000076293945,11.757623672485352
30-09-2003,18.5,18.56999969482422,1282700,18.81999969482422,18.68000030517578,11.763917922973633
01-10-2003,18.709999084472656,18.719999313354492,842900,19.25,19.25,12.122885704040527
02-10-2003,19.149999618530273,19.25,2532600,20.299999237060547,20.270000457763672,12.765239715576172
03-10-2003,19.200000762939453,20.15999984741211,2466300,20.389999389648438,20.360000610351562,12.821914672851562
06-10-2003,20.149999618530273,20.260000228881836,1006300,20.729999542236328,20.729999542236328,13.054932594299316
07-10-2003,20.209999084472656,20.530000686645508,685400,20.6200008392334,20.6200008392334,12.985649108886719
08-10-2003,20.260000228881836,20.75,582400,20.75,20.3799991607666,12.834513664245605
09-10-2003,20.43000030517578,20.530000686645508,747100,21.0,20.790000915527344,13.092711448669434
10-10-2003,20.479999542236328,20.780000686645508,535800,20.850000381469727,20.649999618530273,13.004549026489258
13-10-2003,20.600000381469727,20.6200008392334,750100,20.889999389648438,20.889999389648438,13.155693054199219
14-10-2003,20.450000762939453,20.889999389648438,656000,20.889999389648438,20.739999771118164,13.061230659484863
15-10-2003,20.520000457763672,20.709999084472656,443200,20.81999969482422,20.700000762939453,13.036041259765625
16-10-2003,20.6299991607666,20.649999618530273,940700,20.8700008392334,20.850000381469727,13.130499839782715
17-10-2003,20.600000381469727,20.8799991607666,639900,20.8799991607666,20.639999389648438,12.998244285583496
20-10-2003,20.59000015258789,21.030000686645508,2122400,21.739999771118164,21.700000762939453,13.665796279907227
21-10-2003,21.25,22.100000381469727,4429700,22.299999237060547,21.950000762939453,13.823235511779785
22-10-2003,21.280000686645508,21.950000762939453,2450600,22.059999465942383,21.889999389648438,13.785446166992188
23-10-2003,21.579999923706055,21.780000686645508,1035800,21.860000610351562,21.760000228881836,13.703583717346191
24-10-2003,21.3700008392334,21.3700008392334,1227200,21.959999084472656,21.84000015258789,13.7539644241333
27-10-2003,21.5,21.700000762939453,1611900,22.110000610351562,21.790000915527344,13.722479820251465
28-10-2003,21.81999969482422,22.0,901000,22.100000381469727,22.100000381469727,13.91770076751709
29-10-2003,21.780000686645508,22.06999969482422,877500,22.06999969482422,21.8700008392334,13.77286148071289
30-10-2003,21.75,21.950000762939453,873300,22.100000381469727,21.940000534057617,13.835914611816406
31-10-2003,21.68000030517578,21.850000381469727,1240700,22.0,21.799999237060547,13.74763298034668
03-11-2003,21.770000457763672,21.850000381469727,1474900,22.270000457763672,22.270000457763672,14.044028282165527
04-11-2003,22.15999984741211,22.270000457763672,1340900,22.6299991607666,22.479999542236328,14.176453590393066
05-11-2003,22.34000015258789,22.530000686645508,998900,22.6200008392334,22.40999984741211,14.132311820983887
06-11-2003,22.139999389648438,22.510000228881836,800500,22.600000381469727,22.34000015258789,14.088163375854492
07-11-2003,22.200000762939453,22.450000762939453,735300,22.489999771118164,22.299999237060547,14.062942504882812
10-11-2003,22.020000457763672,22.399999618530273,458600,22.469999313354492,22.06999969482422,13.917892456054688
11-11-2003,21.860000610351562,22.0,490700,22.09000015258789,22.040000915527344,13.898980140686035
12-11-2003,21.989999771118164,22.010000228881836,1071300,22.40999984741211,22.389999389648438,14.119698524475098
13-11-2003,22.030000686645508,22.3799991607666,602200,22.56999969482422,22.3799991607666,14.113390922546387
14-11-2003,22.09000015258789,22.450000762939453,872900,22.5,22.190000534057617,13.993569374084473
17-11-2003,21.690000534057617,22.200000762939453,757300,22.200000762939453,21.829999923706055,13.766549110412598
18-11-2003,21.31999969482422,21.760000228881836,739200,21.920000076293945,21.3799991607666,13.482769966125488
19-11-2003,20.8799991607666,21.329999923706055,1122500,21.440000534057617,21.350000381469727,13.463848114013672
20-11-2003,21.030000686645508,21.299999237060547,785700,21.459999084472656,21.399999618530273,13.495377540588379
21-11-2003,21.420000076293945,21.5,599200,21.8700008392334,21.790000915527344,13.74133014678955
24-11-2003,21.709999084472656,21.75,764600,22.149999618530273,22.100000381469727,13.936819076538086
25-11-2003,21.8700008392334,22.149999618530273,517800,22.190000534057617,21.969999313354492,13.854835510253906
26-11-2003,21.889999389648438,21.969999313354492,374400,22.1200008392334,22.06999969482422,13.917892456054688
28-11-2003,21.969999313354492,22.06999969482422,187200,22.110000610351562,22.110000610351562,13.94312572479248
01-12-2003,21.93000030517578,22.110000610351562,866400,22.290000915527344,22.1200008392334,13.949426651000977
02-12-2003,21.850000381469727,22.170000076293945,818000,22.200000762939453,21.899999618530273,13.810693740844727
03-12-2003,21.40999984741211,21.899999618530273,1180800,21.899999618530273,21.440000534057617,13.520607948303223
04-12-2003,21.200000762939453,21.540000915527344,912400,21.639999389648438,21.31999969482422,13.444931983947754
05-12-2003,20.81999969482422,21.25,775100,21.309999465942383,20.8799991607666,13.167457580566406
08-12-2003,20.079999923706055,20.799999237060547,2185700,20.90999984741211,20.170000076293945,12.719708442687988
09-12-2003,19.649999618530273,20.31999969482422,2266700,20.389999389648438,19.700000762939453,12.423314094543457
10-12-2003,19.520000457763672,19.549999237060547,2506600,19.780000686645508,19.6299991607666,12.379172325134277
11-12-2003,19.649999618530273,19.700000762939453,1880900,19.969999313354492,19.75,12.454845428466797
12-12-2003,19.739999771118164,19.899999618530273,1676800,19.950000762939453,19.829999923706055,12.505295753479004
15-12-2003,19.989999771118164,20.0,1712900,20.31999969482422,20.040000915527344,12.637726783752441
16-12-2003,19.6299991607666,20.09000015258789,1285800,20.200000762939453,19.889999389648438,12.543137550354004
17-12-2003,19.729999542236328,19.979999542236328,1560200,20.3799991607666,20.290000915527344,12.795390129089355
18-12-2003,20.25,20.25,1307300,20.65999984741211,20.65999984741211,13.028718948364258
19-12-2003,20.959999084472656,21.149999618530273,1957200,21.389999389648438,21.1299991607666,13.325108528137207
22-12-2003,20.59000015258789,21.100000381469727,1277900,21.1200008392334,20.81999969482422,13.129622459411621
23-12-2003,20.760000228881836,20.760000228881836,1142900,21.43000030517578,21.43000030517578,13.514294624328613
24-12-2003,21.139999389648438,21.25,366000,21.290000915527344,21.25,13.400785446166992
26-12-2003,21.170000076293945,21.299999237060547,165700,21.3799991607666,21.219999313354492,13.38187026977539
29-12-2003,21.110000610351562,21.219999313354492,650800,21.389999389648438,21.280000686645508,13.419710159301758
30-12-2003,21.190000534057617,21.280000686645508,665300,21.399999618530273,21.329999923706055,13.451238632202148
31-12-2003,21.18000030517578,21.299999237060547,475700,21.440000534057617,21.280000686645508,13.419710159301758
02-01-2004,20.920000076293945,21.479999542236328,647400,21.549999237060547,21.020000457763672,13.255743026733398
05-01-2004,20.8799991607666,21.170000076293945,1113000,21.479999542236328,21.3799991607666,13.482769966125488
06-01-2004,21.280000686645508,21.43000030517578,924000,21.600000381469727,21.59000015258789,13.615206718444824
07-01-2004,21.25,21.549999237060547,917500,21.579999923706055,21.489999771118164,13.55213737487793
08-01-2004,21.030000686645508,21.530000686645508,975800,21.690000534057617,21.030000686645508,13.262049674987793
09-01-2004,20.959999084472656,21.030000686645508,628000,21.239999771118164,21.0,13.243133544921875
12-01-2004,20.760000228881836,20.90999984741211,808200,21.079999923706055,20.950000762939453,13.211600303649902
13-01-2004,21.049999237060547,21.06999969482422,843000,21.360000610351562,21.229999542236328,13.388175010681152
14-01-2004,21.34000015258789,21.3799991607666,958000,21.65999984741211,21.450000762939453,13.526907920837402
15-01-2004,21.3700008392334,21.440000534057617,441700,21.75,21.56999969482422,13.60258674621582
16-01-2004,21.649999618530273,21.700000762939453,704700,22.030000686645508,21.790000915527344,13.74133014678955
20-01-2004,21.25,21.780000686645508,543800,21.790000915527344,21.25,13.400785446166992
21-01-2004,21.190000534057617,21.229999542236328,1201100,21.600000381469727,21.510000228881836,13.564748764038086
22-01-2004,21.299999237060547,21.610000610351562,554700,21.760000228881836,21.389999389648438,13.489070892333984
23-01-2004,21.209999084472656,21.530000686645508,960800,21.530000686645508,21.399999618530273,13.495377540588379
26-01-2004,20.90999984741211,21.280000686645508,1195200,21.3799991607666,21.010000228881836,13.249434471130371
27-01-2004,20.520000457763672,20.600000381469727,1034000,20.81999969482422,20.690000534057617,13.047632217407227
28-01-2004,20.170000076293945,20.760000228881836,851900,20.850000381469727,20.18000030517578,12.72601318359375
29-01-2004,19.709999084472656,20.149999618530273,1315300,20.200000762939453,19.899999618530273,12.568129539489746
30-01-2004,19.639999389648438,19.899999618530273,1311400,19.899999618530273,19.75,12.473387718200684
02-02-2004,19.75,19.75,1492200,20.06999969482422,19.829999923706055,12.523913383483887
03-02-2004,19.729999542236328,19.829999923706055,890500,19.959999084472656,19.809999465942383,12.511282920837402
04-02-2004,19.3799991607666,19.600000381469727,1058900,19.68000030517578,19.5,12.315499305725098
05-02-2004,19.489999771118164,19.549999237060547,1183300,20.25,20.06999969482422,12.675491333007812
06-02-2004,19.8799991607666,19.969999313354492,1279200,20.690000534057617,20.690000534057617,13.067057609558105
09-02-2004,20.209999084472656,20.950000762939453,1818500,21.040000915527344,20.760000228881836,13.111268997192383
10-02-2004,20.760000228881836,20.809999465942383,1515200,21.030000686645508,20.84000015258789,13.161797523498535
11-02-2004,20.639999389648438,20.84000015258789,1927400,21.549999237060547,21.399999618530273,13.515470504760742
12-02-2004,21.229999542236328,21.469999313354492,1399200,21.889999389648438,21.709999084472656,13.711250305175781
13-02-2004,21.549999237060547,21.75,840100,21.899999618530273,21.81999969482422,13.780734062194824
17-02-2004,21.75,21.889999389648438,1199600,22.110000610351562,21.770000457763672,13.749155044555664
18-02-2004,21.6200008392334,21.770000457763672,1421300,22.059999465942383,21.799999237060547,13.76810073852539
19-02-2004,21.760000228881836,22.049999237060547,996600,22.110000610351562,21.81999969482422,13.780734062194824
20-02-2004,21.3799991607666,21.81999969482422,1019200,21.81999969482422,21.690000534057617,13.698626518249512
23-02-2004,21.469999313354492,21.6299991607666,879400,21.780000686645508,21.510000228881836,13.584943771362305
24-02-2004,21.25,21.579999923706055,830900,21.719999313354492,21.6299991607666,13.660728454589844
25-02-2004,21.440000534057617,21.639999389648438,1639200,21.84000015258789,21.56999969482422,13.62283992767334
26-02-2004,21.25,21.489999771118164,928900,21.68000030517578,21.56999969482422,13.62283992767334
27-02-2004,21.520000457763672,21.719999313354492,564100,21.989999771118164,21.8700008392334,13.8123140335083
01-03-2004,21.84000015258789,21.84000015258789,1002300,22.34000015258789,22.170000076293945,14.001779556274414
02-03-2004,22.1299991607666,22.239999771118164,727800,22.450000762939453,22.25,14.052301406860352
03-03-2004,22.200000762939453,22.299999237060547,977400,22.6200008392334,22.5,14.21019458770752
04-03-2004,22.100000381469727,22.43000030517578,504000,22.510000228881836,22.420000076293945,14.15966510772705
05-03-2004,22.239999771118164,22.350000381469727,1693000,22.68000030517578,22.56999969482422,14.25439739227295
08-03-2004,22.610000610351562,22.639999389648438,1415100,22.979999542236328,22.860000610351562,14.437553405761719
09-03-2004,22.270000457763672,22.719999313354492,1636500,22.799999237060547,22.329999923706055,14.102827072143555
10-03-2004,21.969999313354492,22.149999618530273,985300,22.350000381469727,21.969999313354492,13.875462532043457
11-03-2004,21.350000381469727,21.8700008392334,871300,21.8700008392334,21.389999389648438,13.509153366088867
12-03-2004,21.469999313354492,21.59000015258789,452900,21.8799991607666,21.739999771118164,13.73020076751709
15-03-2004,21.420000076293945,21.739999771118164,629800,21.739999771118164,21.5,13.578630447387695
16-03-2004,21.670000076293945,21.700000762939453,1036600,22.1200008392334,21.959999084472656,13.869152069091797
17-03-2004,21.93000030517578,21.959999084472656,471100,22.06999969482422,22.030000686645508,13.913358688354492
18-03-2004,21.6200008392334,21.93000030517578,383200,22.020000457763672,21.989999771118164,13.888087272644043
19-03-2004,21.920000076293945,21.989999771118164,842300,22.360000610351562,22.209999084472656,14.027033805847168
22-03-2004,21.309999465942383,22.0,1262400,22.049999237060547,21.540000915527344,13.603885650634766
23-03-2004,21.309999465942383,21.59000015258789,1306000,21.670000076293945,21.489999771118164,13.57231330871582
24-03-2004,21.049999237060547,21.59000015258789,1346300,21.68000030517578,21.1299991607666,13.344947814941406
25-03-2004,21.059999465942383,21.1299991607666,1129400,21.420000076293945,21.360000610351562,13.49021053314209
26-03-2004,21.239999771118164,21.43000030517578,560800,21.540000915527344,21.239999771118164,13.414423942565918
29-03-2004,21.329999923706055,21.350000381469727,884400,21.5,21.399999618530273,13.515470504760742
30-03-2004,21.31999969482422,21.40999984741211,851200,21.5,21.399999618530273,13.515470504760742
31-03-2004,21.350000381469727,21.489999771118164,1133800,21.809999465942383,21.75,13.736519813537598
01-04-2004,21.65999984741211,21.700000762939453,1145200,22.34000015258789,22.260000228881836,14.058614730834961
02-04-2004,22.299999237060547,22.389999389648438,907400,22.68000030517578,22.68000030517578,14.323869705200195
05-04-2004,22.540000915527344,22.540000915527344,567300,22.920000076293945,22.889999389648438,14.456498146057129
06-04-2004,22.81999969482422,22.940000534057617,1949500,23.329999923706055,23.329999923706055,14.734390258789062
07-04-2004,22.850000381469727,23.239999771118164,632900,23.25,22.899999618530273,14.462814331054688
08-04-2004,22.530000686645508,23.030000686645508,734000,23.079999923706055,22.6200008392334,14.285983085632324
12-04-2004,22.5,22.770000457763672,548100,22.8700008392334,22.600000381469727,14.27334976196289
13-04-2004,22.290000915527344,22.549999237060547,639200,22.639999389648438,22.360000610351562,14.121773719787598
14-04-2004,22.209999084472656,22.299999237060547,309400,22.399999618530273,22.329999923706055,14.102827072143555
15-04-2004,22.100000381469727,22.329999923706055,363900,22.350000381469727,22.219999313354492,14.033357620239258
16-04-2004,21.81999969482422,22.149999618530273,905500,22.15999984741211,21.8700008392334,13.8123140335083
19-04-2004,20.579999923706055,21.850000381469727,2855400,21.850000381469727,21.0,13.262850761413574
20-04-2004,20.149999618530273,20.75,1958500,20.75,20.25,12.789175987243652
21-04-2004,20.299999237060547,20.299999237060547,1129300,20.690000534057617,20.649999618530273,13.041799545288086
22-04-2004,20.719999313354492,20.719999313354492,946100,21.059999465942383,20.889999389648438,13.193375587463379
23-04-2004,20.520000457763672,20.889999389648438,616400,20.889999389648438,20.700000762939453,13.073380470275879
26-04-2004,20.09000015258789,20.649999618530273,1728500,20.65999984741211,20.209999084472656,12.763916015625
27-04-2004,19.920000076293945,20.200000762939453,1854400,20.209999084472656,19.950000762939453,12.59970760345459
28-04-2004,19.360000610351562,19.959999084472656,2084500,19.979999542236328,19.40999984741211,12.258662223815918
29-04-2004,19.100000381469727,19.350000381469727,1962900,19.5,19.18000030517578,12.150964736938477
30-04-2004,18.889999389648438,19.3700008392334,1612500,19.389999389648438,18.889999389648438,11.96723747253418
03-05-2004,18.920000076293945,18.969999313354492,1196300,19.229999542236328,19.100000381469727,12.1002779006958
04-05-2004,18.8799991607666,19.149999618530273,769200,19.239999771118164,18.940000534057617,11.99891471862793
05-05-2004,18.84000015258789,18.959999084472656,965000,19.139999389648438,18.959999084472656,12.011584281921387
06-05-2004,18.739999771118164,18.780000686645508,836900,18.969999313354492,18.84000015258789,11.935565948486328
07-05-2004,18.440000534057617,18.790000915527344,641000,18.940000534057617,18.5,11.720170974731445
10-05-2004,18.200000762939453,18.350000381469727,803300,18.510000228881836,18.40999984741211,11.663148880004883
11-05-2004,17.770000457763672,18.450000762939453,1546200,18.549999237060547,17.920000076293945,11.352724075317383
12-05-2004,17.520000457763672,17.920000076293945,1874000,18.09000015258789,17.850000381469727,11.308378219604492
13-05-2004,17.600000381469727,17.700000762939453,1163700,18.09000015258789,17.979999542236328,11.390730857849121
14-05-2004,17.65999984741211,18.030000686645508,930500,18.31999969482422,17.700000762939453,11.213348388671875
17-05-2004,17.149999618530273,17.399999618530273,1320600,17.549999237060547,17.549999237060547,11.11832046508789
18-05-2004,17.690000534057617,17.700000762939453,1142100,18.200000762939453,18.06999969482422,11.447750091552734
19-05-2004,18.190000534057617,18.31999969482422,1865400,18.65999984741211,18.649999618530273,11.815194129943848
20-05-2004,18.40999984741211,18.649999618530273,868200,18.739999771118164,18.43000030517578,11.675820350646973
21-05-2004,18.540000915527344,18.600000381469727,1460600,19.040000915527344,19.040000915527344,12.062268257141113
24-05-2004,18.969999313354492,19.25,1111000,19.399999618530273,19.309999465942383,12.233320236206055
25-05-2004,19.06999969482422,19.299999237060547,875900,19.3799991607666,19.350000381469727,12.258665084838867
26-05-2004,19.100000381469727,19.350000381469727,1112200,19.469999313354492,19.450000762939453,12.322015762329102
27-05-2004,19.469999313354492,19.59000015258789,1101900,19.600000381469727,19.549999237060547,12.385361671447754
28-05-2004,19.559999465942383,19.59000015258789,2052300,19.8700008392334,19.65999984741211,12.455046653747559
01-06-2004,19.43000030517578,19.68000030517578,554200,19.700000762939453,19.649999618530273,12.448718070983887
02-06-2004,19.450000762939453,19.68000030517578,486500,19.700000762939453,19.610000610351562,12.423379898071289
03-06-2004,18.940000534057617,19.5,1406600,19.540000915527344,18.979999542236328,12.024258613586426
04-06-2004,19.0,19.219999313354492,575600,19.329999923706055,19.100000381469727,12.1002779006958
07-06-2004,19.149999618530273,19.149999618530273,1047800,19.31999969482422,19.299999237060547,12.226984977722168
08-06-2004,19.200000762939453,19.350000381469727,1083600,19.5,19.450000762939453,12.322015762329102
09-06-2004,19.31999969482422,19.450000762939453,1263500,19.600000381469727,19.350000381469727,12.258665084838867
10-06-2004,19.010000228881836,19.530000686645508,1166700,19.530000686645508,19.06999969482422,12.081274032592773
14-06-2004,19.020000457763672,19.09000015258789,983600,19.270000457763672,19.25,12.195308685302734
15-06-2004,19.1299991607666,19.31999969482422,774700,19.40999984741211,19.18000030517578,12.150964736938477
16-06-2004,19.040000915527344,19.190000534057617,783900,19.280000686645508,19.110000610351562,12.106616020202637
17-06-2004,18.959999084472656,19.049999237060547,937900,19.1299991607666,19.079999923706055,12.087603569030762
18-06-2004,18.950000762939453,18.979999542236328,505400,19.1200008392334,18.950000762939453,12.005253791809082
21-06-2004,18.719999313354492,18.950000762939453,808800,19.010000228881836,18.719999313354492,11.859541893005371
22-06-2004,18.540000915527344,18.760000228881836,1367700,18.780000686645508,18.670000076293945,11.82786750793457
23-06-2004,18.719999313354492,18.719999313354492,1170500,19.1299991607666,19.09000015258789,12.093942642211914
24-06-2004,19.049999237060547,19.110000610351562,752400,19.229999542236328,19.200000762939453,12.163630485534668
25-06-2004,19.18000030517578,19.219999313354492,666100,19.530000686645508,19.350000381469727,12.258665084838867
28-06-2004,19.290000915527344,19.3799991607666,459100,19.639999389648438,19.290000915527344,12.220649719238281
29-06-2004,18.700000762939453,19.229999542236328,997700,19.239999771118164,18.780000686645508,11.897553443908691
30-06-2004,18.790000915527344,18.799999237060547,1102400,19.059999465942383,19.0,12.036927223205566
01-07-2004,18.709999084472656,18.8700008392334,1391000,19.0,18.889999389648438,11.96723747253418
02-07-2004,18.649999618530273,18.889999389648438,730900,18.889999389648438,18.729999542236328,11.865877151489258
06-07-2004,18.459999084472656,18.690000534057617,559300,18.700000762939453,18.489999771118164,11.713826179504395
07-07-2004,18.15999984741211,18.5,1597100,18.530000686645508,18.299999237060547,11.59345817565918
08-07-2004,18.139999389648438,18.200000762939453,827800,18.299999237060547,18.260000228881836,11.568120956420898
09-07-2004,17.979999542236328,18.299999237060547,1515700,18.440000534057617,17.979999542236328,11.390730857849121
12-07-2004,17.940000534057617,18.020000457763672,1362300,18.020000457763672,17.959999084472656,11.378063201904297
13-07-2004,17.75,17.969999313354492,925900,18.200000762939453,18.18000030517578,11.517441749572754
14-07-2004,17.90999984741211,18.190000534057617,894600,18.309999465942383,17.959999084472656,11.378063201904297
15-07-2004,17.8799991607666,17.950000762939453,1444200,18.100000381469727,18.0,11.403404235839844
16-07-2004,17.399999618530273,17.75,3444100,18.100000381469727,17.959999084472656,11.378063201904297
19-07-2004,17.770000457763672,17.799999237060547,1826600,17.979999542236328,17.969999313354492,11.38439655303955
20-07-2004,17.84000015258789,17.920000076293945,1611100,18.09000015258789,18.040000915527344,11.428747177124023
21-07-2004,18.09000015258789,18.09000015258789,982400,18.530000686645508,18.299999237060547,11.59345817565918
22-07-2004,17.899999618530273,18.299999237060547,981000,18.309999465942383,18.1200008392334,11.479426383972168
23-07-2004,17.920000076293945,18.1200008392334,1358700,18.209999084472656,17.959999084472656,11.378063201904297
26-07-2004,17.90999984741211,17.950000762939453,1509700,18.040000915527344,17.950000762939453,11.37172794342041
27-07-2004,17.93000030517578,17.950000762939453,988100,18.450000762939453,18.40999984741211,11.663148880004883
28-07-2004,17.950000762939453,18.329999923706055,958100,18.399999618530273,18.360000610351562,11.631470680236816
29-07-2004,18.15999984741211,18.450000762939453,530800,18.479999542236328,18.25,11.599688529968262
30-07-2004,18.079999923706055,18.280000686645508,482600,18.350000381469727,18.170000076293945,11.548846244812012
02-08-2004,17.950000762939453,18.18000030517578,999600,18.18000030517578,18.059999465942383,11.478928565979004
03-08-2004,17.780000686645508,18.059999465942383,733300,18.059999465942383,17.780000686645508,11.300963401794434
04-08-2004,17.559999465942383,17.739999771118164,1222600,17.809999465942383,17.729999542236328,11.269184112548828
05-08-2004,17.59000015258789,17.770000457763672,1312500,17.770000457763672,17.670000076293945,11.231043815612793
06-08-2004,17.5,17.520000457763672,1271400,17.670000076293945,17.610000610351562,11.192907333374023
09-08-2004,17.469999313354492,17.559999465942383,878000,17.719999313354492,17.530000686645508,11.142062187194824
10-08-2004,17.420000076293945,17.489999771118164,1153600,17.6299991607666,17.6200008392334,11.199267387390137
11-08-2004,17.5,17.6200008392334,697200,17.760000228881836,17.760000228881836,11.288251876831055
12-08-2004,17.510000228881836,17.719999313354492,904100,17.729999542236328,17.6200008392334,11.199267387390137
13-08-2004,17.530000686645508,17.610000610351562,1174500,17.670000076293945,17.6299991607666,11.205621719360352
16-08-2004,16.979999542236328,17.200000762939453,1795500,17.649999618530273,17.600000381469727,11.186554908752441
17-08-2004,17.579999923706055,17.68000030517578,1195800,17.770000457763672,17.75,11.281889915466309
18-08-2004,17.770000457763672,17.780000686645508,823300,17.950000762939453,17.950000762939453,11.409014701843262
19-08-2004,17.3799991607666,17.5,1944800,17.850000381469727,17.850000381469727,11.345450401306152
20-08-2004,17.709999084472656,17.799999237060547,1439800,18.049999237060547,17.8799991607666,11.364519119262695
23-08-2004,17.850000381469727,17.8799991607666,905900,18.09000015258789,18.040000915527344,11.46622085571289
24-08-2004,18.1299991607666,18.1299991607666,1088200,18.309999465942383,18.229999542236328,11.586981773376465
25-08-2004,18.030000686645508,18.190000534057617,1136800,18.540000915527344,18.469999313354492,11.739521026611328
26-08-2004,18.40999984741211,18.469999313354492,538400,18.579999923706055,18.540000915527344,11.784016609191895
27-08-2004,18.5,18.549999237060547,418500,18.579999923706055,18.520000457763672,11.771307945251465
30-08-2004,18.389999389648438,18.450000762939453,435800,18.540000915527344,18.459999084472656,11.73316764831543
31-08-2004,18.389999389648438,18.389999389648438,456800,18.59000015258789,18.530000686645508,11.777661323547363
01-09-2004,18.34000015258789,18.540000915527344,568800,18.649999618530273,18.420000076293945,11.707745552062988
02-09-2004,18.43000030517578,18.459999084472656,654800,18.860000610351562,18.84000015258789,11.974699020385742
03-09-2004,18.84000015258789,18.84000015258789,676500,18.989999771118164,18.940000534057617,12.038254737854004
07-09-2004,18.860000610351562,18.940000534057617,516000,19.15999984741211,18.959999084472656,12.0509672164917
08-09-2004,18.709999084472656,19.0,933100,19.010000228881836,18.719999313354492,11.89842414855957
09-09-2004,18.469999313354492,18.719999313354492,743800,18.81999969482422,18.56999969482422,11.803084373474121
10-09-2004,18.549999237060547,18.579999923706055,462100,18.93000030517578,18.920000076293945,12.025547981262207
13-09-2004,18.729999542236328,18.920000076293945,599000,19.010000228881836,18.829999923706055,11.968335151672363
14-09-2004,17.809999465942383,18.829999923706055,491800,18.829999923706055,18.489999771118164,11.752232551574707
15-09-2004,18.25,18.520000457763672,643200,18.549999237060547,18.360000610351562,11.669608116149902
16-09-2004,18.3799991607666,18.440000534057617,321400,18.5,18.420000076293945,11.707745552062988
17-09-2004,18.399999618530273,18.479999542236328,728600,18.600000381469727,18.399999618530273,11.69503116607666
20-09-2004,17.979999542236328,18.40999984741211,640200,18.420000076293945,18.299999237060547,11.63146686553955
21-09-2004,18.270000457763672,18.350000381469727,712200,18.729999542236328,18.709999084472656,11.892072677612305
22-09-2004,18.350000381469727,18.610000610351562,890100,18.649999618530273,18.360000610351562,11.669608116149902
23-09-2004,18.059999465942383,18.270000457763672,813900,18.3799991607666,18.309999465942383,11.637829780578613
24-09-2004,18.100000381469727,18.31999969482422,577600,18.3799991607666,18.219999313354492,11.5806245803833
27-09-2004,18.139999389648438,18.219999313354492,441900,18.420000076293945,18.420000076293945,11.707745552062988
28-09-2004,18.100000381469727,18.520000457763672,465900,18.520000457763672,18.25,11.599688529968262
29-09-2004,18.219999313354492,18.239999771118164,1151100,18.700000762939453,18.670000076293945,11.866645812988281
30-09-2004,18.56999969482422,18.68000030517578,820400,18.84000015258789,18.799999237060547,11.949275016784668
01-10-2004,18.709999084472656,18.84000015258789,1399900,18.969999313354492,18.969999313354492,12.05732250213623
04-10-2004,19.0,19.100000381469727,682800,19.399999618530273,19.1200008392334,12.152667045593262
05-10-2004,18.770000457763672,19.1200008392334,676500,19.209999084472656,18.809999465942383,11.9556303024292
06-10-2004,18.780000686645508,18.84000015258789,443400,19.020000457763672,19.020000457763672,12.089101791381836
07-10-2004,18.780000686645508,19.010000228881836,270400,19.010000228881836,18.90999984741211,12.01918888092041
08-10-2004,18.719999313354492,18.899999618530273,653800,18.959999084472656,18.75,11.917490005493164
11-10-2004,18.719999313354492,18.850000381469727,622000,18.969999313354492,18.829999923706055,11.968335151672363
12-10-2004,18.399999618530273,18.829999923706055,935400,18.829999923706055,18.420000076293945,11.707745552062988
13-10-2004,18.149999618530273,18.420000076293945,541300,18.579999923706055,18.270000457763672,11.612405776977539
14-10-2004,18.079999923706055,18.229999542236328,692000,18.510000228881836,18.469999313354492,11.739521026611328
15-10-2004,18.3799991607666,18.440000534057617,722600,18.6200008392334,18.459999084472656,11.73316764831543
18-10-2004,17.100000381469727,18.0,4480400,18.010000228881836,17.260000228881836,10.970449447631836
19-10-2004,16.899999618530273,17.0,1922800,17.299999237060547,17.049999237060547,10.836973190307617
20-10-2004,16.940000534057617,17.049999237060547,1219600,17.079999923706055,17.0,10.805194854736328
21-10-2004,17.030000686645508,17.030000686645508,1228000,17.360000610351562,17.299999237060547,10.995871543884277
22-10-2004,17.260000228881836,17.350000381469727,948700,17.469999313354492,17.399999618530273,11.059432983398438
25-10-2004,17.190000534057617,17.290000915527344,319900,17.3700008392334,17.260000228881836,10.970449447631836
26-10-2004,17.1200008392334,17.18000030517578,1074700,17.34000015258789,17.280000686645508,10.983158111572266
27-10-2004,17.139999389648438,17.239999771118164,1424600,17.489999771118164,17.469999313354492,11.103925704956055
28-10-2004,17.25,17.40999984741211,2417600,17.8799991607666,17.729999542236328,11.308021545410156
29-10-2004,17.479999542236328,17.649999618530273,1508900,17.760000228881836,17.690000534057617,11.282506942749023
01-11-2004,17.59000015258789,17.719999313354492,2036800,17.950000762939453,17.950000762939453,11.448332786560059
02-11-2004,17.920000076293945,17.920000076293945,465000,18.309999465942383,18.09000015258789,11.53762435913086
03-11-2004,18.110000610351562,18.190000534057617,1231000,18.440000534057617,18.440000534057617,11.760852813720703
04-11-2004,18.219999313354492,18.3700008392334,430800,18.399999618530273,18.350000381469727,11.703447341918945
05-11-2004,18.40999984741211,18.459999084472656,430700,18.59000015258789,18.5,11.799118995666504
08-11-2004,18.34000015258789,18.530000686645508,808100,18.540000915527344,18.510000228881836,11.805496215820312
09-11-2004,18.299999237060547,18.459999084472656,652500,18.559999465942383,18.520000457763672,11.811873435974121
10-11-2004,18.25,18.559999465942383,694000,18.579999923706055,18.280000686645508,11.65880012512207
11-11-2004,18.239999771118164,18.3799991607666,579200,18.700000762939453,18.700000762939453,11.926678657531738
12-11-2004,18.65999984741211,18.739999771118164,525000,19.1200008392334,19.0,12.118013381958008
15-11-2004,18.829999923706055,19.010000228881836,474900,19.049999237060547,18.850000381469727,12.022343635559082
16-11-2004,18.790000915527344,18.8799991607666,605000,19.25,19.170000076293945,12.226432800292969
17-11-2004,18.850000381469727,19.170000076293945,496600,19.25,18.950000762939453,12.086125373840332
18-11-2004,18.920000076293945,18.950000762939453,501400,19.190000534057617,19.190000534057617,12.239190101623535
19-11-2004,18.649999618530273,19.18000030517578,422100,19.18000030517578,18.860000610351562,12.02872371673584
22-11-2004,18.530000686645508,18.860000610351562,390500,18.860000610351562,18.81999969482422,12.003209114074707
23-11-2004,18.770000457763672,18.81999969482422,334500,18.90999984741211,18.899999618530273,12.054234504699707
24-11-2004,18.850000381469727,18.860000610351562,332500,19.040000915527344,18.989999771118164,12.111635208129883
26-11-2004,18.940000534057617,19.030000686645508,281400,19.030000686645508,18.979999542236328,12.105257034301758
29-11-2004,18.899999618530273,18.979999542236328,496700,19.09000015258789,18.90999984741211,12.060612678527832
30-11-2004,18.75,18.90999984741211,1136600,19.200000762939453,19.030000686645508,12.137146949768066
01-12-2004,18.979999542236328,19.020000457763672,805400,19.6200008392334,19.6200008392334,12.513440132141113
02-12-2004,19.34000015258789,19.56999969482422,561800,19.56999969482422,19.350000381469727,12.341239929199219
03-12-2004,19.030000686645508,19.34000015258789,1144600,19.389999389648438,19.059999465942383,12.156281471252441
06-12-2004,18.309999465942383,18.989999771118164,1915500,19.049999237060547,18.31999969482422,11.684313774108887
07-12-2004,18.149999618530273,18.31999969482422,1173100,18.600000381469727,18.309999465942383,11.677936553955078
08-12-2004,18.1299991607666,18.25,824100,18.3799991607666,18.25,11.639666557312012
09-12-2004,18.1200008392334,18.170000076293945,802800,18.350000381469727,18.149999618530273,11.575895309448242
10-12-2004,17.719999313354492,18.530000686645508,1388400,18.530000686645508,17.969999313354492,11.461088180541992
13-12-2004,18.110000610351562,18.149999618530273,480000,18.450000762939453,18.43000030517578,11.754470825195312
14-12-2004,18.34000015258789,18.34000015258789,842800,18.809999465942383,18.780000686645508,11.97769832611084
15-12-2004,18.6200008392334,18.700000762939453,353700,18.889999389648438,18.770000457763672,11.971321105957031
16-12-2004,18.559999465942383,18.700000762939453,521200,18.899999618530273,18.760000228881836,11.964946746826172
17-12-2004,18.25,18.450000762939453,974900,18.530000686645508,18.40999984741211,11.741716384887695
20-12-2004,18.459999084472656,18.459999084472656,529400,18.860000610351562,18.700000762939453,11.926678657531738
21-12-2004,18.75,18.770000457763672,676900,19.200000762939453,19.0,12.118013381958008
22-12-2004,18.8700008392334,19.0,509400,19.100000381469727,18.959999084472656,12.092498779296875
23-12-2004,18.84000015258789,18.90999984741211,375300,19.25,19.190000534057617,12.239190101623535
27-12-2004,19.110000610351562,19.200000762939453,325500,19.389999389648438,19.219999313354492,12.258328437805176
28-12-2004,19.25,19.25,739700,19.760000228881836,19.700000762939453,12.564461708068848
29-12-2004,19.469999313354492,19.649999618530273,465400,19.649999618530273,19.469999313354492,12.417776107788086
30-12-2004,19.3799991607666,19.5,517100,19.600000381469727,19.479999542236328,12.42414665222168
31-12-2004,19.3799991607666,19.5,282200,19.670000076293945,19.3799991607666,12.360377311706543
03-01-2005,19.049999237060547,19.389999389648438,1080400,19.469999313354492,19.100000381469727,12.18178939819336
04-01-2005,18.950000762939453,19.100000381469727,960400,19.170000076293945,19.049999237060547,12.149901390075684
05-01-2005,18.850000381469727,18.979999542236328,466200,19.100000381469727,18.899999618530273,12.054234504699707
06-01-2005,18.760000228881836,18.899999618530273,503400,18.959999084472656,18.920000076293945,12.066991806030273
07-01-2005,18.59000015258789,18.90999984741211,491100,18.90999984741211,18.600000381469727,11.862887382507324
10-01-2005,18.520000457763672,18.530000686645508,342100,18.850000381469727,18.649999618530273,11.894783973693848
11-01-2005,18.6200008392334,18.649999618530273,250000,18.739999771118164,18.670000076293945,11.907540321350098
12-01-2005,18.110000610351562,18.450000762939453,1201200,19.09000015258789,19.059999465942383,12.156281471252441
13-01-2005,18.530000686645508,18.969999313354492,1558700,18.979999542236328,18.559999465942383,11.837379455566406
14-01-2005,18.530000686645508,18.549999237060547,747500,18.690000534057617,18.65999984741211,11.901166915893555
18-01-2005,18.5,18.5,727500,19.170000076293945,18.940000534057617,12.07974624633789
19-01-2005,18.75,18.899999618530273,586200,18.979999542236328,18.90999984741211,12.060612678527832
20-01-2005,19.219999313354492,19.350000381469727,1817300,19.6200008392334,19.440000534057617,12.398638725280762
21-01-2005,19.34000015258789,19.3700008392334,960900,19.59000015258789,19.549999237060547,12.468795776367188
24-01-2005,19.010000228881836,19.559999465942383,859700,19.719999313354492,19.010000228881836,12.1243896484375
25-01-2005,19.100000381469727,19.1200008392334,1064700,19.260000228881836,19.229999542236328,12.264700889587402
26-01-2005,18.979999542236328,19.229999542236328,823100,19.34000015258789,19.139999389648438,12.207305908203125
27-01-2005,18.93000030517578,19.139999389648438,1117000,19.18000030517578,18.979999542236328,12.105257034301758
28-01-2005,18.75,18.979999542236328,575400,18.979999542236328,18.799999237060547,12.028481483459473
31-01-2005,18.969999313354492,19.0,1742000,19.600000381469727,19.600000381469727,12.540332794189453
01-02-2005,19.399999618530273,19.600000381469727,1770100,20.139999389648438,20.079999923706055,12.847440719604492
02-02-2005,20.049999237060547,20.049999237060547,1449700,20.700000762939453,20.600000381469727,13.180140495300293
03-02-2005,20.15999984741211,20.5,1528600,20.559999465942383,20.270000457763672,12.96900749206543
04-02-2005,20.200000762939453,20.299999237060547,917200,20.530000686645508,20.399999618530273,13.052183151245117
07-02-2005,19.799999237060547,19.899999618530273,1400700,20.25,20.0,12.796255111694336
08-02-2005,19.90999984741211,20.049999237060547,1322500,20.950000762939453,20.790000915527344,13.301705360412598
09-02-2005,20.219999313354492,20.84000015258789,725100,20.899999618530273,20.219999313354492,12.937016487121582
10-02-2005,20.100000381469727,20.219999313354492,823100,20.34000015258789,20.299999237060547,12.988202095031738
11-02-2005,20.229999542236328,20.3799991607666,1283400,20.420000076293945,20.299999237060547,12.988202095031738
14-02-2005,20.049999237060547,20.25,486800,20.25,20.149999618530273,12.892223358154297
15-02-2005,20.049999237060547,20.049999237060547,548500,20.270000457763672,20.239999771118164,12.949808120727539
16-02-2005,19.959999084472656,20.190000534057617,733200,20.309999465942383,20.040000915527344,12.821845054626465
17-02-2005,20.0,20.0,1312900,20.200000762939453,20.0,12.796255111694336
18-02-2005,20.149999618530273,20.200000762939453,1636400,20.420000076293945,20.290000915527344,12.98179817199707
22-02-2005,19.809999465942383,20.139999389648438,913400,20.450000762939453,19.84000015258789,12.693885803222656
23-02-2005,19.75,19.809999465942383,1047500,20.329999923706055,20.299999237060547,12.988202095031738
24-02-2005,20.170000076293945,20.309999465942383,659300,20.520000457763672,20.5,13.11616039276123
25-02-2005,20.469999313354492,20.5,894400,20.93000030517578,20.93000030517578,13.391282081604004
28-02-2005,20.860000610351562,20.93000030517578,1324000,21.239999771118164,21.1200008392334,13.512843132019043
01-03-2005,20.989999771118164,21.020000457763672,1153500,21.5,21.06999969482422,13.480857849121094
02-03-2005,20.75,20.969999313354492,2439400,21.170000076293945,20.790000915527344,13.301705360412598
03-03-2005,20.520000457763672,20.799999237060547,598800,20.799999237060547,20.6200008392334,13.1929349899292
04-03-2005,20.670000076293945,20.81999969482422,504800,20.920000076293945,20.780000686645508,13.295306205749512
07-03-2005,20.75,20.84000015258789,440300,21.010000228881836,21.0,13.436066627502441
08-03-2005,20.829999923706055,20.989999771118164,639800,21.059999465942383,20.959999084472656,13.410469055175781
09-03-2005,20.579999923706055,20.860000610351562,764800,20.920000076293945,20.600000381469727,13.180140495300293
10-03-2005,20.549999237060547,20.610000610351562,547300,20.84000015258789,20.739999771118164,13.269720077514648
11-03-2005,20.700000762939453,20.84000015258789,415100,20.950000762939453,20.799999237060547,13.308103561401367
14-03-2005,20.75,20.809999465942383,619600,21.040000915527344,21.010000228881836,13.44246768951416
15-03-2005,20.81999969482422,21.010000228881836,1279400,21.149999618530273,20.959999084472656,13.410469055175781
16-03-2005,20.540000915527344,20.8700008392334,976300,20.920000076293945,20.6200008392334,13.1929349899292
17-03-2005,20.420000076293945,20.729999542236328,2262200,20.770000457763672,20.600000381469727,13.180140495300293
18-03-2005,20.43000030517578,20.610000610351562,1637500,20.610000610351562,20.520000457763672,13.128955841064453
21-03-2005,20.510000228881836,20.540000915527344,777100,20.780000686645508,20.6299991607666,13.199336051940918
22-03-2005,20.200000762939453,20.579999923706055,2265700,20.799999237060547,20.200000762939453,12.92421817779541
23-03-2005,20.209999084472656,20.209999084472656,1424200,20.700000762939453,20.56999969482422,13.160948753356934
24-03-2005,20.600000381469727,20.719999313354492,1826500,20.760000228881836,20.709999084472656,13.250516891479492
28-03-2005,20.510000228881836,20.860000610351562,863800,21.0,20.510000228881836,13.122557640075684
29-03-2005,20.229999542236328,20.510000228881836,880600,20.700000762939453,20.25,12.956205368041992
30-03-2005,20.350000381469727,20.350000381469727,573000,20.6299991607666,20.549999237060547,13.148152351379395
31-03-2005,20.43000030517578,20.56999969482422,649700,20.600000381469727,20.450000762939453,13.0841646194458
01-04-2005,20.270000457763672,20.549999237060547,1067000,20.809999465942383,20.399999618530273,13.052183151245117
04-04-2005,20.139999389648438,20.31999969482422,514000,20.469999313354492,20.219999313354492,12.937016487121582
05-04-2005,20.18000030517578,20.31999969482422,746000,20.549999237060547,20.3700008392334,13.032988548278809
06-04-2005,20.260000228881836,20.3799991607666,653300,20.510000228881836,20.329999923706055,13.007400512695312
07-04-2005,20.030000686645508,20.239999771118164,1171800,20.3700008392334,20.219999313354492,12.937016487121582
08-04-2005,20.200000762939453,20.3700008392334,524500,20.459999084472656,20.329999923706055,13.007400512695312
11-04-2005,19.979999542236328,20.270000457763672,618800,20.3799991607666,20.290000915527344,12.98179817199707
12-04-2005,20.110000610351562,20.239999771118164,318300,20.549999237060547,20.489999771118164,13.109760284423828
13-04-2005,19.940000534057617,20.5,1292900,20.579999923706055,20.0,12.796255111694336
14-04-2005,19.440000534057617,20.0,1093100,20.0,19.530000686645508,12.495543479919434
15-04-2005,19.190000534057617,19.5,2679000,19.510000228881836,19.290000915527344,12.341985702514648
18-04-2005,18.399999618530273,18.649999618530273,3793000,19.459999084472656,19.309999465942383,12.354785919189453
19-04-2005,18.8700008392334,19.309999465942383,1547200,19.489999771118164,19.010000228881836,12.162839889526367
20-04-2005,18.510000228881836,18.979999542236328,2310700,19.0,18.75,11.996485710144043
21-04-2005,18.950000762939453,18.950000762939453,1323500,19.40999984741211,19.299999237060547,12.348386764526367
22-04-2005,18.68000030517578,19.299999237060547,779000,19.299999237060547,18.809999465942383,12.03487777709961
25-04-2005,18.760000228881836,18.81999969482422,635400,19.1299991607666,19.1200008392334,12.233223915100098
26-04-2005,18.770000457763672,19.049999237060547,830400,19.100000381469727,18.770000457763672,12.009284019470215
27-04-2005,18.549999237060547,18.59000015258789,750200,18.969999313354492,18.959999084472656,12.130847930908203
28-04-2005,18.579999923706055,18.799999237060547,652500,18.860000610351562,18.649999618530273,11.989418983459473
29-04-2005,18.610000610351562,18.690000534057617,793700,18.920000076293945,18.920000076293945,12.162999153137207
02-05-2005,18.770000457763672,18.920000076293945,812900,19.079999923706055,18.8799991607666,12.137277603149414
03-05-2005,18.860000610351562,18.8799991607666,851800,19.239999771118164,19.110000610351562,12.285138130187988
04-05-2005,19.1200008392334,19.1200008392334,1005900,19.559999465942383,19.479999542236328,12.522993087768555
05-05-2005,19.3799991607666,19.3799991607666,805500,19.75,19.719999313354492,12.677282333374023
06-05-2005,19.75,19.75,908300,19.90999984741211,19.799999237060547,12.728714942932129
09-05-2005,19.610000610351562,19.790000915527344,435300,19.950000762939453,19.790000915527344,12.722285270690918
10-05-2005,19.270000457763672,19.950000762939453,865600,19.950000762939453,19.549999237060547,12.567995071411133
11-05-2005,19.40999984741211,19.65999984741211,629800,19.81999969482422,19.809999465942383,12.735139846801758
12-05-2005,19.219999313354492,19.950000762939453,875900,20.059999465942383,19.6200008392334,12.612993240356445
13-05-2005,19.549999237060547,19.799999237060547,742600,19.959999084472656,19.75,12.696571350097656
16-05-2005,19.709999084472656,19.829999923706055,407400,20.06999969482422,20.059999465942383,12.895854949951172
17-05-2005,19.889999389648438,19.950000762939453,616100,20.170000076293945,20.1200008392334,12.934429168701172
18-05-2005,20.040000915527344,20.200000762939453,920800,20.649999618530273,20.549999237060547,13.210865020751953
19-05-2005,20.440000534057617,20.600000381469727,857600,20.700000762939453,20.520000457763672,13.191574096679688
20-05-2005,20.469999313354492,20.469999313354492,806200,20.989999771118164,20.790000915527344,13.365148544311523
23-05-2005,20.549999237060547,20.84000015258789,660700,20.84000015258789,20.649999618530273,13.275147438049316
24-05-2005,20.309999465942383,20.600000381469727,530300,20.600000381469727,20.3799991607666,13.10157299041748
25-05-2005,19.8799991607666,20.280000686645508,734700,20.280000686645508,19.950000762939453,12.825143814086914
26-05-2005,20.0,20.049999237060547,449000,20.3799991607666,20.190000534057617,12.979430198669434
27-05-2005,20.06999969482422,20.15999984741211,552100,20.360000610351562,20.31999969482422,13.06299877166748
31-05-2005,20.100000381469727,20.260000228881836,546700,20.309999465942383,20.18000030517578,12.973001480102539
01-06-2005,20.020000457763672,20.15999984741211,680200,20.31999969482422,20.229999542236328,13.005148887634277
02-06-2005,20.200000762939453,20.260000228881836,817500,20.639999389648438,20.600000381469727,13.243003845214844
03-06-2005,20.299999237060547,20.530000686645508,468300,20.649999618530273,20.329999923706055,13.069437026977539
06-06-2005,19.989999771118164,20.3799991607666,901000,20.3799991607666,20.25,13.017999649047852
07-06-2005,20.270000457763672,20.280000686645508,502700,20.520000457763672,20.3700008392334,13.0951509475708
08-06-2005,20.18000030517578,20.469999313354492,359300,20.469999313354492,20.239999771118164,13.011573791503906
09-06-2005,19.8799991607666,20.299999237060547,679400,20.299999237060547,19.989999771118164,12.850859642028809
10-06-2005,19.8799991607666,20.0,385800,20.239999771118164,20.030000686645508,12.876567840576172
13-06-2005,19.899999618530273,19.959999084472656,387400,20.31999969482422,20.149999618530273,12.953718185424805
14-06-2005,20.1299991607666,20.1299991607666,304100,20.5,20.440000534057617,13.140149116516113
15-06-2005,20.100000381469727,20.510000228881836,530200,20.610000610351562,20.3799991607666,13.10157299041748
16-06-2005,20.360000610351562,20.450000762939453,413200,20.65999984741211,20.579999923706055,13.230148315429688
17-06-2005,20.600000381469727,20.81999969482422,965900,20.81999969482422,20.65999984741211,13.281576156616211
20-06-2005,20.350000381469727,20.600000381469727,504100,20.700000762939453,20.579999923706055,13.230148315429688
21-06-2005,20.389999389648438,20.56999969482422,285900,20.690000534057617,20.520000457763672,13.191574096679688
22-06-2005,20.450000762939453,20.600000381469727,405200,20.770000457763672,20.530000686645508,13.198001861572266
23-06-2005,20.06999969482422,20.43000030517578,491300,20.510000228881836,20.100000381469727,12.9215726852417
24-06-2005,19.969999313354492,20.110000610351562,715000,20.260000228881836,20.149999618530273,12.953718185424805
27-06-2005,19.829999923706055,20.1200008392334,549300,20.1200008392334,19.920000076293945,12.8058500289917
28-06-2005,20.0,20.010000228881836,622900,20.479999542236328,20.3700008392334,13.0951509475708
29-06-2005,20.350000381469727,20.399999618530273,374400,20.549999237060547,20.479999542236328,13.165860176086426
30-06-2005,20.489999771118164,20.489999771118164,851200,20.959999084472656,20.790000915527344,13.365148544311523
01-07-2005,20.6299991607666,20.770000457763672,353100,20.90999984741211,20.850000381469727,13.403717994689941
05-07-2005,20.850000381469727,20.850000381469727,1321400,21.760000228881836,21.540000915527344,13.847295761108398
06-07-2005,21.350000381469727,21.450000762939453,1230900,21.799999237060547,21.6299991607666,13.90515422821045
07-07-2005,21.0,21.200000762939453,466300,21.579999923706055,21.510000228881836,13.828009605407715
08-07-2005,21.139999389648438,21.450000762939453,411000,21.6299991607666,21.56999969482422,13.866586685180664
11-07-2005,21.309999465942383,21.690000534057617,901800,21.729999542236328,21.469999313354492,13.802295684814453
12-07-2005,21.200000762939453,21.479999542236328,519800,21.56999969482422,21.549999237060547,13.853714942932129
13-07-2005,21.030000686645508,21.559999465942383,1099900,21.559999465942383,21.100000381469727,13.564441680908203
14-07-2005,21.0,21.09000015258789,752300,21.489999771118164,21.09000015258789,13.558009147644043
15-07-2005,21.0,21.0,819000,21.65999984741211,21.479999542236328,13.808717727661133
18-07-2005,21.34000015258789,22.0,2485600,22.350000381469727,21.559999465942383,13.860152244567871
19-07-2005,21.479999542236328,21.610000610351562,1084000,22.219999313354492,22.110000610351562,14.213727951049805
20-07-2005,21.610000610351562,21.979999542236328,1223200,22.0,21.850000381469727,14.046586036682129
21-07-2005,21.31999969482422,21.8700008392334,734400,21.8700008392334,21.34000015258789,13.71872615814209
22-07-2005,21.010000228881836,21.219999313354492,689700,21.459999084472656,21.299999237060547,13.69300651550293
25-07-2005,21.260000228881836,21.389999389648438,878700,21.6299991607666,21.469999313354492,13.802295684814453
26-07-2005,21.15999984741211,21.43000030517578,675100,21.639999389648438,21.600000381469727,13.885866165161133
27-07-2005,21.559999465942383,21.700000762939453,1031700,21.84000015258789,21.729999542236328,13.969449043273926
28-07-2005,21.639999389648438,21.719999313354492,1164700,22.0,21.93000030517578,14.156647682189941
29-07-2005,21.809999465942383,21.899999618530273,687800,22.0,21.940000534057617,14.163101196289062
01-08-2005,21.860000610351562,21.959999084472656,918300,22.09000015258789,21.899999618530273,14.137279510498047
02-08-2005,21.68000030517578,21.93000030517578,517000,21.979999542236328,21.700000762939453,14.008171081542969
03-08-2005,21.479999542236328,21.579999923706055,486000,21.700000762939453,21.6299991607666,13.962982177734375
04-08-2005,21.440000534057617,21.549999237060547,707600,21.709999084472656,21.440000534057617,13.840337753295898
05-08-2005,21.049999237060547,21.469999313354492,453800,21.559999465942383,21.229999542236328,13.7047758102417
08-08-2005,21.020000457763672,21.219999313354492,630500,21.3799991607666,21.18000030517578,13.672493934631348
09-08-2005,21.200000762939453,21.299999237060547,1087500,21.489999771118164,21.290000915527344,13.743507385253906
10-08-2005,21.1200008392334,21.350000381469727,503100,21.469999313354492,21.200000762939453,13.685403823852539
11-08-2005,20.90999984741211,21.260000228881836,1015200,21.350000381469727,21.010000228881836,13.562756538391113
12-08-2005,20.860000610351562,21.0,569000,21.15999984741211,20.899999618530273,13.491743087768555
15-08-2005,20.760000228881836,20.920000076293945,568500,21.020000457763672,20.989999771118164,13.549840927124023
16-08-2005,20.709999084472656,21.0,546300,21.0,20.719999313354492,13.375548362731934
17-08-2005,20.579999923706055,20.670000076293945,612800,20.84000015258789,20.6200008392334,13.310989379882812
18-08-2005,20.260000228881836,20.43000030517578,622100,20.579999923706055,20.350000381469727,13.136698722839355
19-08-2005,20.360000610351562,20.5,530700,20.610000610351562,20.43000030517578,13.188340187072754
22-08-2005,20.190000534057617,20.399999618530273,746900,20.600000381469727,20.299999237060547,13.104425430297852
23-08-2005,20.06999969482422,20.31999969482422,770500,20.5,20.350000381469727,13.136698722839355
24-08-2005,20.350000381469727,20.350000381469727,817200,20.600000381469727,20.510000228881836,13.239983558654785
25-08-2005,20.299999237060547,20.510000228881836,365200,20.579999923706055,20.489999771118164,13.227072715759277
26-08-2005,20.1299991607666,20.3799991607666,378300,20.450000762939453,20.18000030517578,13.02695369720459
29-08-2005,20.059999465942383,20.059999465942383,491600,20.360000610351562,20.299999237060547,13.104425430297852
30-08-2005,19.969999313354492,20.239999771118164,657500,20.34000015258789,20.1299991607666,12.994680404663086
31-08-2005,20.1299991607666,20.139999389648438,1140900,20.700000762939453,20.700000762939453,13.36263656616211
01-09-2005,20.459999084472656,20.600000381469727,931700,20.899999618530273,20.510000228881836,13.239983558654785
02-09-2005,20.200000762939453,20.6200008392334,349500,20.90999984741211,20.389999389648438,13.162515640258789
06-09-2005,20.530000686645508,20.530000686645508,635700,21.020000457763672,20.8799991607666,13.47883415222168
07-09-2005,20.670000076293945,20.700000762939453,2670700,21.3700008392334,21.309999465942383,13.7564115524292
08-09-2005,21.170000076293945,21.329999923706055,810300,21.610000610351562,21.280000686645508,13.737041473388672
09-09-2005,21.280000686645508,21.350000381469727,548900,21.6299991607666,21.450000762939453,13.846790313720703
12-09-2005,21.469999313354492,21.549999237060547,1661900,22.100000381469727,22.010000228881836,14.208292007446289
13-09-2005,21.719999313354492,21.979999542236328,767900,22.09000015258789,21.93000030517578,14.156647682189941
14-09-2005,21.520000457763672,21.93000030517578,496800,22.049999237060547,21.530000686645508,13.898433685302734
15-09-2005,21.549999237060547,21.700000762939453,905200,21.989999771118164,21.6200008392334,13.956533432006836
16-09-2005,21.5,21.729999542236328,1515100,21.8799991607666,21.799999237060547,14.07272720336914
19-09-2005,21.260000228881836,21.81999969482422,710300,21.93000030517578,21.270000457763672,13.730592727661133
20-09-2005,20.65999984741211,21.299999237060547,1720500,21.329999923706055,20.790000915527344,13.420730590820312
21-09-2005,20.43000030517578,20.719999313354492,1368100,20.780000686645508,20.520000457763672,13.246437072753906
22-09-2005,20.200000762939453,20.450000762939453,1466200,20.56999969482422,20.5,13.233525276184082
23-09-2005,20.190000534057617,20.440000534057617,1258600,20.459999084472656,20.270000457763672,13.085050582885742
26-09-2005,20.040000915527344,20.34000015258789,899200,20.56999969482422,20.040000915527344,12.936582565307617
27-09-2005,18.989999771118164,20.040000915527344,1732000,20.049999237060547,19.799999237060547,12.781645774841309
28-09-2005,19.639999389648438,19.950000762939453,1329800,20.020000457763672,19.729999542236328,12.736461639404297
29-09-2005,19.399999618530273,19.700000762939453,858000,19.700000762939453,19.450000762939453,12.555713653564453
30-09-2005,19.399999618530273,19.5,618500,19.790000915527344,19.649999618530273,12.68481731414795
03-10-2005,19.6299991607666,19.719999313354492,712500,19.90999984741211,19.799999237060547,12.781645774841309
04-10-2005,19.549999237060547,19.799999237060547,518700,20.030000686645508,19.600000381469727,12.652547836303711
05-10-2005,19.09000015258789,19.549999237060547,740500,19.59000015258789,19.1200008392334,12.34268856048584
06-10-2005,18.959999084472656,19.059999465942383,875800,19.3700008392334,19.15999984741211,12.36850643157959
07-10-2005,19.239999771118164,19.25,524100,19.479999542236328,19.31999969482422,12.471796035766602
10-10-2005,19.1299991607666,19.40999984741211,698900,19.479999542236328,19.149999618530273,12.362048149108887
11-10-2005,19.030000686645508,19.18000030517578,726700,19.3799991607666,19.299999237060547,12.458882331848145
12-10-2005,18.950000762939453,19.200000762939453,1025000,19.350000381469727,19.040000915527344,12.291044235229492
13-10-2005,18.850000381469727,18.950000762939453,882400,19.209999084472656,18.969999313354492,12.245851516723633
14-10-2005,18.719999313354492,18.989999771118164,1192600,19.049999237060547,18.719999313354492,12.08446979522705
17-10-2005,17.75,17.799999237060547,2641800,18.8799991607666,18.790000915527344,12.129660606384277
18-10-2005,18.469999313354492,18.700000762939453,1102800,18.75,18.68000030517578,12.058647155761719
19-10-2005,18.459999084472656,18.600000381469727,882000,18.959999084472656,18.959999084472656,12.239399909973145
20-10-2005,19.18000030517578,19.18000030517578,1361700,19.540000915527344,19.40999984741211,12.529892921447754
21-10-2005,19.049999237060547,19.520000457763672,1084300,19.530000686645508,19.100000381469727,12.329773902893066
24-10-2005,19.0,19.139999389648438,840700,19.479999542236328,19.450000762939453,12.555713653564453
25-10-2005,18.8700008392334,19.3700008392334,688500,19.40999984741211,19.049999237060547,12.297496795654297
26-10-2005,18.829999923706055,19.030000686645508,853500,19.079999923706055,18.920000076293945,12.213582038879395
27-10-2005,18.520000457763672,18.850000381469727,976400,18.899999618530273,18.579999923706055,11.994095802307129
28-10-2005,18.5,18.5,1380100,18.969999313354492,18.940000534057617,12.285998344421387
31-10-2005,18.799999237060547,18.959999084472656,1339100,19.139999389648438,18.84000015258789,12.221137046813965
01-11-2005,18.809999465942383,18.860000610351562,1311100,19.110000610351562,19.06999969482422,12.370330810546875
02-11-2005,18.950000762939453,19.079999923706055,609000,19.540000915527344,19.5,12.649261474609375
03-11-2005,19.270000457763672,19.5,973000,19.860000610351562,19.350000381469727,12.551957130432129
04-11-2005,18.969999313354492,19.3700008392334,752800,19.3799991607666,19.209999084472656,12.461142539978027
07-11-2005,19.219999313354492,19.309999465942383,651600,19.75,19.649999618530273,12.746560096740723
08-11-2005,19.260000228881836,19.610000610351562,601300,19.729999542236328,19.489999771118164,12.64277458190918
09-11-2005,19.309999465942383,19.5,1220300,19.690000534057617,19.59000015258789,12.707642555236816
10-11-2005,19.440000534057617,19.6299991607666,513000,20.0,20.0,12.973600387573242
11-11-2005,19.65999984741211,20.0,270800,20.0,19.719999313354492,12.791973114013672
14-11-2005,19.549999237060547,19.690000534057617,394400,19.829999923706055,19.770000457763672,12.82440185546875
15-11-2005,19.450000762939453,19.75,677700,19.979999542236328,19.84000015258789,12.869815826416016
16-11-2005,19.600000381469727,19.850000381469727,317600,19.8700008392334,19.739999771118164,12.804945945739746
17-11-2005,19.649999618530273,19.790000915527344,884000,20.25,20.139999389648438,13.064414978027344
18-11-2005,20.020000457763672,20.25,546600,20.270000457763672,20.100000381469727,13.038469314575195
21-11-2005,20.020000457763672,20.06999969482422,403500,20.25,20.219999313354492,13.116312980651855
22-11-2005,20.010000228881836,20.139999389648438,969500,20.469999313354492,20.420000076293945,13.24604606628418
23-11-2005,20.399999618530273,20.459999084472656,707700,20.579999923706055,20.530000686645508,13.317402839660645
25-11-2005,20.350000381469727,20.6299991607666,121000,20.690000534057617,20.6299991607666,13.382271766662598
28-11-2005,20.34000015258789,20.600000381469727,502300,20.729999542236328,20.399999618530273,13.233076095581055
29-11-2005,20.440000534057617,20.56999969482422,637800,20.610000610351562,20.469999313354492,13.278482437133789
30-11-2005,20.299999237060547,20.420000076293945,467400,20.700000762939453,20.420000076293945,13.24604606628418
01-12-2005,20.299999237060547,20.399999618530273,620500,20.520000457763672,20.469999313354492,13.278482437133789
02-12-2005,20.420000076293945,20.520000457763672,409400,20.690000534057617,20.639999389648438,13.388754844665527
05-12-2005,20.34000015258789,20.56999969482422,471400,20.700000762939453,20.56999969482422,13.343345642089844
06-12-2005,20.469999313354492,20.59000015258789,1308800,20.75,20.510000228881836,13.304429054260254
07-12-2005,20.450000762939453,20.479999542236328,456600,20.6299991607666,20.5,13.297941207885742
08-12-2005,20.190000534057617,20.530000686645508,574600,20.600000381469727,20.209999084472656,13.109825134277344
09-12-2005,20.209999084472656,20.270000457763672,474600,20.469999313354492,20.31999969482422,13.181178092956543
12-12-2005,20.010000228881836,20.25,596200,20.350000381469727,20.079999923706055,13.025496482849121
13-12-2005,20.059999465942383,20.100000381469727,615200,20.350000381469727,20.280000686645508,13.155231475830078
14-12-2005,20.110000610351562,20.239999771118164,713600,20.530000686645508,20.280000686645508,13.155231475830078
15-12-2005,20.030000686645508,20.25,656000,20.350000381469727,20.309999465942383,13.174691200256348
16-12-2005,20.18000030517578,20.25,1045300,20.5,20.290000915527344,13.16171932220459
19-12-2005,20.260000228881836,20.309999465942383,982500,20.530000686645508,20.360000610351562,13.207130432128906
20-12-2005,20.1200008392334,20.280000686645508,323300,20.34000015258789,20.15999984741211,13.077388763427734
21-12-2005,20.209999084472656,20.299999237060547,320400,20.479999542236328,20.270000457763672,13.148740768432617
22-12-2005,20.280000686645508,20.280000686645508,495000,20.68000030517578,20.530000686645508,13.317402839660645
23-12-2005,20.299999237060547,20.579999923706055,433600,20.579999923706055,20.360000610351562,13.207130432128906
27-12-2005,20.309999465942383,20.399999618530273,391500,20.760000228881836,20.350000381469727,13.200641632080078
28-12-2005,20.15999984741211,20.350000381469727,1110600,20.450000762939453,20.190000534057617,13.096851348876953
29-12-2005,20.149999618530273,20.229999542236328,653300,20.43000030517578,20.229999542236328,13.12279987335205
30-12-2005,20.06999969482422,20.149999618530273,330800,20.260000228881836,20.18000030517578,13.090361595153809
03-01-2006,19.690000534057617,20.1299991607666,1183800,20.299999237060547,20.0,12.973600387573242
04-01-2006,19.709999084472656,19.959999084472656,1314800,19.959999084472656,19.84000015258789,12.869815826416016
05-01-2006,19.520000457763672,19.81999969482422,1144500,19.860000610351562,19.610000610351562,12.720613479614258
06-01-2006,19.6200008392334,19.729999542236328,756800,20.020000457763672,19.989999771118164,12.967117309570312
09-01-2006,20.049999237060547,20.049999237060547,1820800,20.979999542236328,20.190000534057617,13.096851348876953
10-01-2006,20.90999984741211,21.299999237060547,2475800,21.56999969482422,21.559999465942383,13.985546112060547
11-01-2006,21.110000610351562,21.510000228881836,1008000,21.59000015258789,21.219999313354492,13.764992713928223
12-01-2006,20.950000762939453,21.15999984741211,590700,21.31999969482422,21.049999237060547,13.654719352722168
13-01-2006,21.09000015258789,21.110000610351562,820400,21.520000457763672,21.5,13.94662094116211
17-01-2006,21.170000076293945,21.450000762939453,1009200,21.5,21.450000762939453,13.914188385009766
18-01-2006,21.309999465942383,21.350000381469727,747900,21.56999969482422,21.459999084472656,13.920673370361328
19-01-2006,21.469999313354492,21.559999465942383,1234600,21.8799991607666,21.760000228881836,14.115274429321289
20-01-2006,20.93000030517578,21.760000228881836,865500,21.780000686645508,21.0,13.622281074523926
23-01-2006,20.950000762939453,21.0,526600,21.25,21.049999237060547,13.654719352722168
24-01-2006,21.030000686645508,21.100000381469727,504300,21.420000076293945,21.389999389648438,13.87526798248291
25-01-2006,21.209999084472656,21.389999389648438,432300,21.469999313354492,21.280000686645508,13.803906440734863
26-01-2006,21.309999465942383,21.450000762939453,810400,21.579999923706055,21.510000228881836,13.953113555908203
27-01-2006,21.43000030517578,21.520000457763672,387600,21.719999313354492,21.520000457763672,13.959592819213867
30-01-2006,21.309999465942383,21.530000686645508,487100,21.729999542236328,21.34000015258789,13.900976181030273
31-01-2006,21.0,21.280000686645508,834700,21.3700008392334,21.200000762939453,13.809768676757812
01-02-2006,20.950000762939453,21.209999084472656,823600,21.350000381469727,21.100000381469727,13.744636535644531
02-02-2006,20.75,21.049999237060547,1111400,21.239999771118164,20.84000015258789,13.57526683807373
03-02-2006,20.59000015258789,20.59000015258789,746700,20.899999618530273,20.75,13.516644477844238
06-02-2006,20.0,21.5,1734800,21.899999618530273,20.6200008392334,13.43195629119873
07-02-2006,20.100000381469727,20.3799991607666,1429400,20.81999969482422,20.489999771118164,13.347273826599121
08-02-2006,20.43000030517578,20.459999084472656,1213300,20.84000015258789,20.520000457763672,13.366814613342285
09-02-2006,20.5,20.530000686645508,943200,20.920000076293945,20.75,13.516644477844238
10-02-2006,20.40999984741211,20.790000915527344,862300,20.8799991607666,20.5,13.35378646850586
13-02-2006,20.399999618530273,20.5,1331800,20.540000915527344,20.440000534057617,13.314704895019531
14-02-2006,20.25,20.420000076293945,1867400,20.549999237060547,20.489999771118164,13.347273826599121
15-02-2006,20.270000457763672,20.520000457763672,1527500,20.649999618530273,20.43000030517578,13.308188438415527
16-02-2006,20.290000915527344,20.420000076293945,1729800,20.5,20.3700008392334,13.269107818603516
17-02-2006,20.170000076293945,20.299999237060547,1312200,20.399999618530273,20.260000228881836,13.197455406188965
21-02-2006,20.020000457763672,20.290000915527344,1340500,20.31999969482422,20.149999618530273,13.125799179077148
22-02-2006,20.030000686645508,20.200000762939453,984000,20.399999618530273,20.329999923706055,13.243058204650879
23-02-2006,20.270000457763672,20.360000610351562,1270700,20.6299991607666,20.440000534057617,13.314704895019531
24-02-2006,20.209999084472656,20.43000030517578,960500,20.469999313354492,20.34000015258789,13.249567031860352
27-02-2006,20.260000228881836,20.3799991607666,1725900,20.5,20.299999237060547,13.223511695861816
28-02-2006,20.209999084472656,20.299999237060547,5165000,20.40999984741211,20.290000915527344,13.216994285583496
01-03-2006,20.43000030517578,20.479999542236328,2061300,20.549999237060547,20.479999542236328,13.340763092041016
02-03-2006,20.43000030517578,20.440000534057617,2246200,20.600000381469727,20.559999465942383,13.392868041992188
03-03-2006,20.489999771118164,20.540000915527344,1291000,20.6299991607666,20.59000015258789,13.412419319152832
06-03-2006,20.549999237060547,20.600000381469727,1041800,20.81999969482422,20.68000030517578,13.47104549407959
07-03-2006,20.649999618530273,20.729999542236328,1170500,20.799999237060547,20.75,13.516644477844238
08-03-2006,20.610000610351562,20.700000762939453,1117600,20.860000610351562,20.829999923706055,13.568756103515625
09-03-2006,20.670000076293945,20.790000915527344,686200,20.93000030517578,20.799999237060547,13.549212455749512
10-03-2006,20.700000762939453,20.780000686645508,516500,20.850000381469727,20.850000381469727,13.581782341003418
13-03-2006,20.81999969482422,20.84000015258789,560400,20.989999771118164,20.93000030517578,13.633891105651855
14-03-2006,20.5,20.850000381469727,862600,20.959999084472656,20.920000076293945,13.6273775100708
15-03-2006,20.790000915527344,20.889999389648438,897200,21.049999237060547,21.040000915527344,13.705549240112305
16-03-2006,20.709999084472656,21.020000457763672,785500,21.020000457763672,20.950000762939453,13.646923065185547
17-03-2006,20.860000610351562,20.93000030517578,723800,20.93000030517578,20.899999618530273,13.614350318908691
20-03-2006,20.700000762939453,20.8700008392334,746500,21.0,20.889999389648438,13.607836723327637
21-03-2006,20.829999923706055,20.829999923706055,895500,20.940000534057617,20.899999618530273,13.614350318908691
22-03-2006,20.709999084472656,20.90999984741211,702800,20.950000762939453,20.90999984741211,13.620870590209961
23-03-2006,20.559999465942383,20.829999923706055,880900,20.860000610351562,20.760000228881836,13.523155212402344
24-03-2006,20.75,20.75,753500,20.90999984741211,20.760000228881836,13.523155212402344
27-03-2006,20.649999618530273,20.729999542236328,1072100,20.860000610351562,20.799999237060547,13.549212455749512
28-03-2006,20.6200008392334,20.790000915527344,1400800,21.010000228881836,20.969999313354492,13.659950256347656
29-03-2006,20.979999542236328,21.0,936700,21.149999618530273,21.09000015258789,13.738118171691895
30-03-2006,20.979999542236328,21.059999465942383,681200,21.219999313354492,21.09000015258789,13.738118171691895
31-03-2006,21.0,21.079999923706055,673000,21.25,21.100000381469727,13.744636535644531
03-04-2006,20.850000381469727,21.170000076293945,795100,21.219999313354492,20.860000610351562,13.58829402923584
04-04-2006,20.829999923706055,20.829999923706055,1400600,21.010000228881836,20.889999389648438,13.607836723327637
05-04-2006,20.770000457763672,20.81999969482422,855100,20.979999542236328,20.93000030517578,13.633891105651855
06-04-2006,20.850000381469727,20.8799991607666,555100,20.959999084472656,20.899999618530273,13.614350318908691
07-04-2006,20.770000457763672,20.940000534057617,556100,21.270000457763672,20.780000686645508,13.536179542541504
10-04-2006,20.81999969482422,20.829999923706055,887200,21.079999923706055,20.959999084472656,13.653440475463867
11-04-2006,20.809999465942383,21.020000457763672,843400,21.049999237060547,20.950000762939453,13.646923065185547
12-04-2006,20.770000457763672,20.979999542236328,743600,20.979999542236328,20.899999618530273,13.614350318908691
13-04-2006,20.75,20.829999923706055,639900,21.079999923706055,21.010000228881836,13.686002731323242
17-04-2006,20.610000610351562,20.979999542236328,682300,21.049999237060547,20.639999389648438,13.444979667663574
18-04-2006,20.540000915527344,20.600000381469727,1271600,20.950000762939453,20.950000762939453,13.646923065185547
19-04-2006,20.889999389648438,20.899999618530273,776600,21.06999969482422,20.950000762939453,13.646923065185547
20-04-2006,20.719999313354492,20.889999389648438,1204500,21.0,20.8799991607666,13.601323127746582
21-04-2006,20.81999969482422,20.950000762939453,836300,20.989999771118164,20.93000030517578,13.633891105651855
24-04-2006,20.350000381469727,20.729999542236328,1664500,21.079999923706055,20.81999969482422,13.562240600585938
25-04-2006,20.190000534057617,20.770000457763672,1242700,20.770000457763672,20.25,13.190934181213379
26-04-2006,20.18000030517578,20.299999237060547,730900,20.420000076293945,20.200000762939453,13.158367156982422
27-04-2006,19.84000015258789,20.030000686645508,1145300,20.18000030517578,19.84000015258789,13.0010986328125
28-04-2006,19.6299991607666,19.84000015258789,983700,19.989999771118164,19.709999084472656,12.91590690612793
01-05-2006,19.739999771118164,19.799999237060547,1309400,20.0,19.860000610351562,13.014206886291504
02-05-2006,19.700000762939453,19.8700008392334,854600,19.959999084472656,19.799999237060547,12.974886894226074
03-05-2006,19.719999313354492,19.81999969482422,2089100,19.899999618530273,19.799999237060547,12.974886894226074
04-05-2006,19.780000686645508,19.809999465942383,1219300,19.950000762939453,19.8700008392334,13.020757675170898
05-05-2006,19.799999237060547,19.90999984741211,815600,20.010000228881836,19.93000030517578,13.060078620910645
08-05-2006,19.850000381469727,19.90999984741211,984200,20.079999923706055,19.969999313354492,13.086287498474121
09-05-2006,19.969999313354492,19.969999313354492,706400,20.149999618530273,20.030000686645508,13.125604629516602
10-05-2006,19.889999389648438,19.969999313354492,5779700,20.139999389648438,19.940000534057617,13.066630363464355
11-05-2006,19.790000915527344,19.899999618530273,941300,19.989999771118164,19.860000610351562,13.014206886291504
12-05-2006,19.670000076293945,19.84000015258789,1287100,19.940000534057617,19.8700008392334,13.020757675170898
15-05-2006,19.690000534057617,19.860000610351562,1748300,19.889999389648438,19.850000381469727,13.007648468017578
16-05-2006,19.510000228881836,19.90999984741211,1878700,19.90999984741211,19.510000228881836,12.784849166870117
17-05-2006,19.309999465942383,19.450000762939453,1622600,19.540000915527344,19.309999465942383,12.653790473937988
18-05-2006,19.190000534057617,19.309999465942383,845700,19.420000076293945,19.209999084472656,12.588261604309082
19-05-2006,19.15999984741211,19.25,913100,19.459999084472656,19.329999923706055,12.66689682006836
22-05-2006,19.170000076293945,19.290000915527344,1744500,19.43000030517578,19.200000762939453,12.581705093383789
23-05-2006,18.969999313354492,19.229999542236328,1250400,19.350000381469727,18.969999313354492,12.430989265441895
24-05-2006,18.639999389648438,18.969999313354492,1653600,19.010000228881836,18.899999618530273,12.385115623474121
25-05-2006,18.579999923706055,18.979999542236328,1751300,19.15999984741211,18.65999984741211,12.227850914001465
26-05-2006,18.700000762939453,18.770000457763672,974500,18.93000030517578,18.780000686645508,12.30648422241211
30-05-2006,18.489999771118164,18.780000686645508,1113300,18.790000915527344,18.5,12.122998237609863
31-05-2006,18.469999313354492,18.5,1259300,18.739999771118164,18.540000915527344,12.149209976196289
01-06-2006,18.510000228881836,18.59000015258789,1853200,18.809999465942383,18.690000534057617,12.247507095336914
02-06-2006,18.5,18.709999084472656,2620900,18.850000381469727,18.84000015258789,12.345805168151855
05-06-2006,18.520000457763672,18.780000686645508,2324600,18.8799991607666,18.520000457763672,12.136101722717285
06-06-2006,18.530000686645508,18.649999618530273,1352100,18.75,18.610000610351562,12.19507884979248
07-06-2006,18.290000915527344,18.610000610351562,2115800,18.68000030517578,18.329999923706055,12.0115966796875
08-06-2006,18.260000228881836,18.34000015258789,1330400,18.469999313354492,18.40999984741211,12.064024925231934
09-06-2006,18.360000610351562,18.399999618530273,1848000,18.59000015258789,18.520000457763672,12.136101722717285
12-06-2006,18.280000686645508,18.5,863900,18.5,18.299999237060547,11.991941452026367
13-06-2006,18.06999969482422,18.260000228881836,1478800,18.3799991607666,18.200000762939453,11.926411628723145
14-06-2006,17.959999084472656,18.190000534057617,2413600,18.219999313354492,17.989999771118164,11.788795471191406
15-06-2006,17.969999313354492,17.989999771118164,2581200,18.100000381469727,18.040000915527344,11.821564674377441
16-06-2006,17.989999771118164,18.0,2340000,18.309999465942383,18.110000610351562,11.86743450164795
19-06-2006,17.950000762939453,18.139999389648438,1431200,18.200000762939453,17.959999084472656,11.769133567810059
20-06-2006,17.899999618530273,18.010000228881836,1034600,18.030000686645508,17.940000534057617,11.75602912902832
21-06-2006,17.90999984741211,17.90999984741211,1583800,18.040000915527344,18.020000457763672,11.808454513549805
22-06-2006,17.959999084472656,17.989999771118164,2067400,18.110000610351562,18.030000686645508,11.815009117126465
23-06-2006,17.989999771118164,18.010000228881836,993700,18.1299991607666,18.010000228881836,11.801905632019043
26-06-2006,17.969999313354492,18.0,883700,18.18000030517578,18.0,11.7953519821167
27-06-2006,17.920000076293945,18.0,1427100,18.049999237060547,18.0,11.7953519821167
28-06-2006,17.950000762939453,18.0,1213600,18.020000457763672,18.0,11.7953519821167
29-06-2006,17.959999084472656,18.0,1945500,18.110000610351562,18.049999237060547,11.828117370605469
30-06-2006,17.989999771118164,18.030000686645508,1533200,18.170000076293945,18.110000610351562,11.86743450164795
03-07-2006,18.030000686645508,18.110000610351562,897600,18.15999984741211,18.1299991607666,11.880537986755371
05-07-2006,17.969999313354492,18.079999923706055,1388800,18.149999618530273,18.079999923706055,11.84777545928955
06-07-2006,18.020000457763672,18.059999465942383,876200,18.190000534057617,18.079999923706055,11.84777545928955
07-07-2006,18.0,18.030000686645508,1022800,18.219999313354492,18.100000381469727,11.860882759094238
10-07-2006,18.079999923706055,18.1200008392334,919200,18.25,18.110000610351562,11.86743450164795
11-07-2006,17.889999389648438,18.079999923706055,879000,18.15999984741211,18.139999389648438,11.887085914611816
12-07-2006,17.84000015258789,18.170000076293945,1304100,18.200000762939453,17.850000381469727,11.697054862976074
13-07-2006,17.709999084472656,17.799999237060547,887800,17.8799991607666,17.739999771118164,11.62497329711914
14-07-2006,17.3799991607666,17.719999313354492,1359800,17.739999771118164,17.510000228881836,11.47425365447998
17-07-2006,17.510000228881836,17.520000457763672,1785200,18.040000915527344,18.010000228881836,11.801905632019043
18-07-2006,17.56999969482422,18.0,1150800,18.020000457763672,17.829999923706055,11.683947563171387
19-07-2006,17.829999923706055,17.899999618530273,1024900,18.020000457763672,18.020000457763672,11.808454513549805
20-07-2006,17.6299991607666,17.989999771118164,1076600,17.989999771118164,17.68000030517578,11.58565616607666
21-07-2006,17.459999084472656,17.690000534057617,2273400,17.719999313354492,17.489999771118164,11.461150169372559
24-07-2006,17.0,17.0,3550600,19.18000030517578,19.149999618530273,12.548942565917969
25-07-2006,19.139999389648438,19.25,1717400,19.450000762939453,19.200000762939453,12.581705093383789
26-07-2006,19.020000457763672,19.139999389648438,916400,19.290000915527344,19.06999969482422,12.496519088745117
27-07-2006,18.520000457763672,19.100000381469727,780800,19.110000610351562,18.600000381469727,12.188525199890137
28-07-2006,18.579999923706055,18.579999923706055,1607500,19.100000381469727,19.010000228881836,12.538093566894531
31-07-2006,18.420000076293945,18.90999984741211,1959800,18.920000076293945,18.700000762939453,12.333633422851562
01-08-2006,18.389999389648438,18.670000076293945,1471700,18.729999542236328,18.389999389648438,12.129167556762695
02-08-2006,18.350000381469727,18.389999389648438,1479400,18.75,18.610000610351562,12.274271011352539
03-08-2006,18.479999542236328,18.549999237060547,1024200,18.780000686645508,18.719999313354492,12.346823692321777
04-08-2006,18.700000762939453,19.0,887300,19.200000762939453,18.809999465942383,12.406183242797852
07-08-2006,18.649999618530273,18.739999771118164,971900,18.770000457763672,18.690000534057617,12.32703685760498
08-08-2006,18.559999465942383,18.719999313354492,861400,18.889999389648438,18.56999969482422,12.24789047241211
09-08-2006,18.399999618530273,18.6299991607666,950300,18.790000915527344,18.5,12.201720237731934
10-08-2006,18.399999618530273,18.43000030517578,865700,18.68000030517578,18.540000915527344,12.228104591369629
11-08-2006,18.510000228881836,18.540000915527344,410600,18.670000076293945,18.549999237060547,12.234696388244629
14-08-2006,18.579999923706055,18.729999542236328,609300,18.850000381469727,18.700000762939453,12.333633422851562
15-08-2006,18.829999923706055,18.829999923706055,629300,19.110000610351562,19.110000610351562,12.604046821594238
16-08-2006,19.1299991607666,19.170000076293945,899400,19.59000015258789,19.540000915527344,12.887656211853027
17-08-2006,19.43000030517578,19.489999771118164,1022300,19.84000015258789,19.719999313354492,13.006372451782227
18-08-2006,19.610000610351562,19.809999465942383,856000,19.889999389648438,19.829999923706055,13.078924179077148
21-08-2006,19.639999389648438,19.790000915527344,709800,19.850000381469727,19.770000457763672,13.03935432434082
22-08-2006,19.75,19.81999969482422,624600,19.959999084472656,19.93000030517578,13.144883155822754
23-08-2006,19.479999542236328,19.979999542236328,1468300,19.979999542236328,19.6200008392334,12.940414428710938
24-08-2006,19.540000915527344,19.600000381469727,1285500,19.649999618530273,19.59000015258789,12.92062759399414
25-08-2006,19.450000762939453,19.600000381469727,1198500,19.610000610351562,19.56999969482422,12.907437324523926
28-08-2006,19.56999969482422,19.600000381469727,1304600,20.0,19.950000762939453,13.15807056427002
29-08-2006,19.860000610351562,19.989999771118164,2837800,20.059999465942383,19.979999542236328,13.177852630615234
30-08-2006,19.959999084472656,20.0,2092300,20.34000015258789,20.200000762939453,13.322957992553711
31-08-2006,20.0,20.200000762939453,1413200,20.31999969482422,20.299999237060547,13.388914108276367
01-09-2006,20.209999084472656,20.350000381469727,934800,20.530000686645508,20.290000915527344,13.382323265075684
05-09-2006,20.229999542236328,20.290000915527344,1008700,20.450000762939453,20.360000610351562,13.428488731384277
06-09-2006,20.09000015258789,20.329999923706055,1179200,20.34000015258789,20.200000762939453,13.322957992553711
07-09-2006,20.389999389648438,20.850000381469727,2569100,20.920000076293945,20.5,13.520825386047363
08-09-2006,20.600000381469727,20.639999389648438,1794300,20.979999542236328,20.790000915527344,13.7120943069458
11-09-2006,20.75,20.790000915527344,1431400,21.260000228881836,21.1299991607666,13.936341285705566
12-09-2006,21.0,21.079999923706055,1908500,21.540000915527344,21.530000686645508,14.20016860961914
13-09-2006,21.450000762939453,21.459999084472656,1972100,21.8799991607666,21.719999313354492,14.32547664642334
14-09-2006,21.68000030517578,21.729999542236328,1586500,22.030000686645508,21.969999313354492,14.490365982055664
15-09-2006,21.68000030517578,22.100000381469727,1778700,22.149999618530273,21.889999389648438,14.437602043151855
18-09-2006,21.829999923706055,21.889999389648438,807500,22.15999984741211,21.8700008392334,14.424415588378906
19-09-2006,21.760000228881836,21.809999465942383,1449300,22.110000610351562,22.06999969482422,14.556319236755371
20-09-2006,21.75,22.1200008392334,1008700,22.200000762939453,22.1299991607666,14.595893859863281
21-09-2006,21.81999969482422,22.15999984741211,991800,22.200000762939453,22.030000686645508,14.52994155883789
22-09-2006,21.530000686645508,21.950000762939453,844900,22.079999923706055,21.920000076293945,14.457390785217285
25-09-2006,21.770000457763672,21.770000457763672,852800,22.200000762939453,22.149999618530273,14.609081268310547
26-09-2006,22.06999969482422,22.09000015258789,818600,22.3700008392334,22.280000686645508,14.694826126098633
27-09-2006,22.200000762939453,22.290000915527344,641000,22.360000610351562,22.280000686645508,14.694826126098633
28-09-2006,22.270000457763672,22.389999389648438,1122700,22.639999389648438,22.600000381469727,14.905879974365234
29-09-2006,22.3799991607666,22.40999984741211,1336800,22.75,22.75,15.004823684692383
02-10-2006,22.559999465942383,22.75,1696200,22.790000915527344,22.600000381469727,14.905879974365234
03-10-2006,22.459999084472656,22.59000015258789,1148600,22.709999084472656,22.489999771118164,14.833332061767578
04-10-2006,22.479999542236328,22.5,1370100,22.90999984741211,22.90999984741211,15.110342025756836
05-10-2006,22.43000030517578,22.739999771118164,1590000,22.790000915527344,22.6200008392334,14.919073104858398
06-10-2006,22.469999313354492,22.6200008392334,1598000,22.709999084472656,22.6200008392334,14.919073104858398
09-10-2006,22.40999984741211,22.600000381469727,1545500,22.829999923706055,22.790000915527344,15.031196594238281
10-10-2006,22.799999237060547,22.860000610351562,1429400,23.020000457763672,23.0,15.169702529907227
11-10-2006,22.829999923706055,22.959999084472656,984400,23.0,22.959999084472656,15.143329620361328
12-10-2006,22.8799991607666,22.989999771118164,1257600,23.100000381469727,23.100000381469727,15.235665321350098
13-10-2006,22.950000762939453,23.0,1048500,23.170000076293945,23.15999984741211,15.275238037109375
16-10-2006,23.100000381469727,23.200000762939453,1274300,23.239999771118164,23.200000762939453,15.30161190032959
17-10-2006,23.049999237060547,23.079999923706055,1412200,23.440000534057617,23.420000076293945,15.446720123291016
18-10-2006,23.299999237060547,23.5,1535700,23.59000015258789,23.40999984741211,15.440126419067383
19-10-2006,23.209999084472656,23.260000228881836,1420000,23.479999542236328,23.329999923706055,15.387359619140625
20-10-2006,23.079999923706055,23.40999984741211,955400,23.40999984741211,23.299999237060547,15.367571830749512
23-10-2006,23.799999237060547,24.149999618530273,7610000,25.950000762939453,25.329999923706055,16.70646858215332
24-10-2006,25.18000030517578,25.40999984741211,3400400,25.579999923706055,25.440000534057617,16.77901268005371
25-10-2006,24.799999237060547,25.0,3850400,25.1200008392334,25.049999237060547,16.521787643432617
26-10-2006,25.0,25.010000228881836,1314300,25.299999237060547,25.209999084472656,16.62731170654297
27-10-2006,24.989999771118164,25.15999984741211,1502000,25.299999237060547,25.100000381469727,16.554763793945312
30-10-2006,25.040000915527344,25.15999984741211,3008900,25.559999465942383,25.5,16.89937973022461
31-10-2006,25.459999084472656,25.5,4551000,25.959999084472656,25.920000076293945,17.17772674560547
01-11-2006,25.889999389648438,25.920000076293945,5752000,26.760000228881836,26.639999389648438,17.65488052368164
02-11-2006,26.43000030517578,26.5,5610100,27.1299991607666,26.600000381469727,17.628368377685547
03-11-2006,26.34000015258789,26.700000762939453,6022200,27.5,27.010000228881836,17.90009307861328
06-11-2006,26.729999542236328,27.18000030517578,2560200,27.31999969482422,27.0,17.893457412719727
07-11-2006,26.850000381469727,27.0,2272200,27.329999923706055,27.100000381469727,17.95973014831543
08-11-2006,26.93000030517578,27.049999237060547,2338500,27.190000534057617,27.0,17.893457412719727
09-11-2006,26.8799991607666,27.0,2293200,27.040000915527344,26.989999771118164,17.8868408203125
10-11-2006,26.889999389648438,27.0,1799400,27.09000015258789,26.93000030517578,17.847070693969727
13-11-2006,26.559999465942383,26.979999542236328,2303800,27.010000228881836,26.75,17.72777557373047
14-11-2006,26.709999084472656,26.850000381469727,2359800,26.969999313354492,26.950000762939453,17.86032485961914
15-11-2006,26.84000015258789,26.899999618530273,2151500,26.969999313354492,26.8700008392334,17.80730438232422
16-11-2006,26.75,26.889999389648438,1472400,26.989999771118164,26.90999984741211,17.833824157714844
17-11-2006,26.690000534057617,26.850000381469727,1614200,26.899999618530273,26.829999923706055,17.780799865722656
20-11-2006,26.729999542236328,26.84000015258789,2108300,27.1299991607666,27.0,17.893457412719727
21-11-2006,26.8700008392334,27.0,2173800,27.1299991607666,27.100000381469727,17.95973014831543
22-11-2006,27.030000686645508,27.1299991607666,2987600,27.389999389648438,27.299999237060547,18.0922794342041
24-11-2006,27.059999465942383,27.209999084472656,411000,27.229999542236328,27.18000030517578,18.012754440307617
27-11-2006,26.799999237060547,27.170000076293945,1920900,27.229999542236328,26.81999969482422,17.774168014526367
28-11-2006,26.299999237060547,26.81999969482422,1605700,26.81999969482422,26.610000610351562,17.635005950927734
29-11-2006,26.579999923706055,26.610000610351562,2334800,26.899999618530273,26.729999542236328,17.714529037475586
30-11-2006,26.469999313354492,26.700000762939453,1457800,26.850000381469727,26.75,17.72777557373047
01-12-2006,26.139999389648438,26.8700008392334,1404300,26.899999618530273,26.450000762939453,17.528966903686523
04-12-2006,26.420000076293945,26.579999923706055,1786700,26.84000015258789,26.75,17.72777557373047
05-12-2006,26.850000381469727,26.950000762939453,2125100,27.290000915527344,27.110000610351562,17.96636390686035
06-12-2006,27.0,27.100000381469727,1869000,27.280000686645508,27.190000534057617,18.019376754760742
07-12-2006,26.6299991607666,27.149999618530273,1952000,27.43000030517578,26.8700008392334,17.80730438232422
08-12-2006,26.43000030517578,26.8700008392334,1663700,26.940000534057617,26.530000686645508,17.581989288330078
11-12-2006,26.540000915527344,26.670000076293945,3071700,27.040000915527344,26.8799991607666,17.813934326171875
12-12-2006,26.600000381469727,26.809999465942383,2093100,26.950000762939453,26.729999542236328,17.714529037475586
13-12-2006,26.719999313354492,26.8799991607666,1442200,26.989999771118164,26.780000686645508,17.747661590576172
14-12-2006,26.719999313354492,26.75,1067200,27.100000381469727,27.049999237060547,17.926597595214844
15-12-2006,26.940000534057617,27.06999969482422,2035900,27.1200008392334,27.010000228881836,17.90009307861328
18-12-2006,27.100000381469727,27.100000381469727,2656300,27.690000534057617,27.239999771118164,18.052522659301758
19-12-2006,27.010000228881836,27.100000381469727,1869700,27.420000076293945,27.34000015258789,18.11878204345703
20-12-2006,27.059999465942383,27.3700008392334,3100900,27.670000076293945,27.43000030517578,18.178428649902344
21-12-2006,27.040000915527344,27.399999618530273,1186600,27.5,27.09000015258789,17.953105926513672
22-12-2006,26.93000030517578,27.18000030517578,742700,27.229999542236328,27.149999618530273,17.99287223815918
26-12-2006,27.010000228881836,27.030000686645508,968100,27.290000915527344,27.170000076293945,18.006128311157227
27-12-2006,27.170000076293945,27.25,1356400,27.40999984741211,27.270000457763672,18.072389602661133
28-12-2006,27.18000030517578,27.25,909400,27.479999542236328,27.309999465942383,18.09890365600586
29-12-2006,27.209999084472656,27.329999923706055,731600,27.479999542236328,27.25,18.05913734436035
03-01-2007,27.200000762939453,27.299999237060547,2260800,27.829999923706055,27.489999771118164,18.218198776245117
04-01-2007,27.3799991607666,27.479999542236328,1709700,27.690000534057617,27.530000686645508,18.244705200195312
05-01-2007,27.170000076293945,27.420000076293945,1029100,27.5,27.360000610351562,18.13204002380371
08-01-2007,27.040000915527344,27.290000915527344,1208300,27.329999923706055,27.139999389648438,17.986242294311523
09-01-2007,27.200000762939453,27.229999542236328,2202900,27.719999313354492,27.649999618530273,18.324228286743164
10-01-2007,27.43000030517578,27.649999618530273,967900,27.799999237060547,27.780000686645508,18.410381317138672
11-01-2007,27.639999389648438,27.760000228881836,812600,27.8799991607666,27.8700008392334,18.47003173828125
12-01-2007,27.56999969482422,27.950000762939453,1822100,27.959999084472656,27.899999618530273,18.489912033081055
16-01-2007,27.719999313354492,27.90999984741211,1462000,28.1299991607666,27.799999237060547,18.423643112182617
17-01-2007,27.75,27.829999923706055,1122500,28.030000686645508,27.940000534057617,18.51641845703125
18-01-2007,27.700000762939453,27.899999618530273,1503700,28.290000915527344,28.139999389648438,18.648963928222656
19-01-2007,28.030000686645508,28.190000534057617,1282400,28.40999984741211,28.290000915527344,18.748371124267578
22-01-2007,28.079999923706055,28.299999237060547,1131600,28.489999771118164,28.110000610351562,18.629085540771484
23-01-2007,27.989999771118164,28.020000457763672,3393500,28.8700008392334,28.770000457763672,19.066476821899414
24-01-2007,28.610000610351562,28.81999969482422,739900,28.940000534057617,28.90999984741211,19.15926170349121
25-01-2007,28.190000534057617,28.600000381469727,1210800,28.6200008392334,28.200000762939453,18.6887264251709
26-01-2007,27.90999984741211,28.34000015258789,912500,28.389999389648438,28.260000228881836,18.728492736816406
29-01-2007,28.1200008392334,28.260000228881836,1068500,28.760000228881836,28.649999618530273,18.98695182800293
30-01-2007,28.190000534057617,28.540000915527344,731300,28.6299991607666,28.489999771118164,18.960330963134766
31-01-2007,28.15999984741211,28.420000076293945,894500,28.440000534057617,28.399999618530273,18.900436401367188
01-02-2007,28.40999984741211,28.5,1164900,28.75,28.68000030517578,19.086780548095703
02-02-2007,28.540000915527344,28.719999313354492,911000,28.979999542236328,28.809999465942383,19.173294067382812
05-02-2007,28.1200008392334,28.809999465942383,1071000,28.850000381469727,28.829999923706055,19.18659782409668
06-02-2007,28.389999389648438,28.84000015258789,1223500,28.8799991607666,28.690000534057617,19.093441009521484
07-02-2007,28.459999084472656,28.670000076293945,945200,29.0,28.90999984741211,19.239845275878906
08-02-2007,28.729999542236328,28.950000762939453,1426400,29.270000457763672,29.1200008392334,19.37960433959961
09-02-2007,28.030000686645508,29.229999542236328,3080500,29.469999313354492,28.3799991607666,18.88712501525879
12-02-2007,28.06999969482422,28.639999389648438,2148200,28.979999542236328,28.709999084472656,19.10673713684082
13-02-2007,28.280000686645508,28.670000076293945,1536200,28.700000762939453,28.469999313354492,18.947025299072266
14-02-2007,28.450000762939453,28.5,1626600,29.0,28.979999542236328,19.28643226623535
15-02-2007,28.90999984741211,28.979999542236328,2326200,29.59000015258789,29.440000534057617,19.592561721801758
16-02-2007,29.110000610351562,29.299999237060547,1592100,29.6299991607666,29.600000381469727,19.699047088623047
20-02-2007,29.209999084472656,29.600000381469727,2208000,29.6200008392334,29.31999969482422,19.512704849243164
21-02-2007,29.09000015258789,29.09000015258789,2722500,29.709999084472656,29.479999542236328,19.619192123413086
22-02-2007,29.5,29.639999389648438,1278900,29.799999237060547,29.649999618530273,19.732318878173828
23-02-2007,29.229999542236328,29.559999465942383,2543100,29.700000762939453,29.309999465942383,19.506053924560547
26-02-2007,29.149999618530273,29.530000686645508,2255800,29.549999237060547,29.25,19.466110229492188
27-02-2007,28.149999618530273,28.860000610351562,1677100,28.989999771118164,28.639999389648438,19.06015968322754
28-02-2007,27.610000610351562,28.600000381469727,2949300,28.600000381469727,28.270000457763672,18.813920974731445
01-03-2007,27.68000030517578,28.079999923706055,2476800,29.239999771118164,28.989999771118164,19.2930850982666
02-03-2007,28.5,28.81999969482422,1529000,29.15999984741211,28.780000686645508,19.153331756591797
05-03-2007,28.25,28.420000076293945,1939000,29.059999465942383,28.790000915527344,19.15998077392578
06-03-2007,28.530000686645508,28.8799991607666,2021900,29.459999084472656,29.299999237060547,19.4993896484375
07-03-2007,29.09000015258789,29.350000381469727,2204400,29.700000762939453,29.170000076293945,19.41287612915039
08-03-2007,29.170000076293945,29.309999465942383,992200,29.6299991607666,29.469999313354492,19.612529754638672
09-03-2007,29.34000015258789,29.610000610351562,1129100,29.770000457763672,29.610000610351562,19.705698013305664
12-03-2007,29.3700008392334,29.540000915527344,1389300,29.739999771118164,29.600000381469727,19.699047088623047
13-03-2007,28.899999618530273,29.459999084472656,1412700,29.520000457763672,28.969999313354492,19.279773712158203
14-03-2007,28.600000381469727,29.1299991607666,1531300,29.329999923706055,29.149999618530273,19.399568557739258
15-03-2007,29.110000610351562,29.110000610351562,1394700,29.520000457763672,29.270000457763672,19.479434967041016
16-03-2007,29.1200008392334,29.350000381469727,1233800,29.450000762939453,29.15999984741211,19.406221389770508
19-03-2007,29.209999084472656,29.299999237060547,821500,29.790000915527344,29.510000228881836,19.639144897460938
20-03-2007,29.40999984741211,29.510000228881836,911300,29.950000762939453,29.950000762939453,19.931970596313477
21-03-2007,29.709999084472656,29.899999618530273,1334000,30.100000381469727,30.0,19.965248107910156
22-03-2007,29.860000610351562,29.979999542236328,1523600,30.239999771118164,29.950000762939453,19.931970596313477
23-03-2007,29.75,30.010000228881836,1434300,30.15999984741211,29.829999923706055,19.852115631103516
26-03-2007,29.209999084472656,29.649999618530273,1420400,29.739999771118164,29.65999984741211,19.738983154296875
27-03-2007,29.030000686645508,29.559999465942383,1408100,29.65999984741211,29.280000686645508,19.48607635498047
28-03-2007,28.770000457763672,29.65999984741211,1502200,29.65999984741211,28.799999237060547,19.16663932800293
29-03-2007,28.719999313354492,29.639999389648438,1247400,29.639999389648438,28.809999465942383,19.173294067382812
30-03-2007,28.56999969482422,28.8799991607666,3027600,29.15999984741211,28.6200008392334,19.046850204467773
02-04-2007,28.100000381469727,28.559999465942383,1722300,28.940000534057617,28.75,19.13336753845215
03-04-2007,28.709999084472656,28.75,2395500,28.979999542236328,28.860000610351562,19.206573486328125
04-04-2007,28.719999313354492,28.959999084472656,1657400,28.969999313354492,28.969999313354492,19.279773712158203
05-04-2007,28.829999923706055,29.049999237060547,859100,29.489999771118164,29.420000076293945,19.579254150390625
09-04-2007,29.469999313354492,29.540000915527344,772500,29.829999923706055,29.639999389648438,19.725662231445312
10-04-2007,29.59000015258789,29.649999618530273,940100,29.850000381469727,29.790000915527344,19.82549285888672
11-04-2007,29.600000381469727,29.709999084472656,1694400,29.93000030517578,29.850000381469727,19.865421295166016
12-04-2007,29.84000015258789,30.0,2216600,30.459999084472656,30.149999618530273,20.06507110595703
13-04-2007,29.899999618530273,30.25,977800,30.350000381469727,30.149999618530273,20.06507110595703
16-04-2007,29.979999542236328,30.270000457763672,978700,30.34000015258789,30.059999465942383,20.005186080932617
17-04-2007,29.959999084472656,30.0,1260700,30.229999542236328,30.09000015258789,20.025142669677734
18-04-2007,29.940000534057617,30.0,1466700,30.200000762939453,29.950000762939453,19.931970596313477
19-04-2007,29.6299991607666,30.68000030517578,1040300,30.68000030517578,30.1299991607666,20.0517635345459
20-04-2007,30.010000228881836,30.229999542236328,1994700,30.979999542236328,30.209999084472656,20.104999542236328
23-04-2007,31.75,31.75,6477100,33.43000030517578,32.540000915527344,21.655635833740234
24-04-2007,30.950000762939453,31.549999237060547,3183600,32.16999816894531,31.15999984741211,20.73723793029785
25-04-2007,31.280000686645508,31.280000686645508,2047900,31.860000610351562,31.549999237060547,20.996784210205078
26-04-2007,31.020000457763672,31.6299991607666,4677200,31.75,31.3799991607666,20.88364601135254
27-04-2007,30.950000762939453,31.0,1995400,31.549999237060547,31.40999984741211,21.010744094848633
30-04-2007,31.459999084472656,31.5,2991000,31.8700008392334,31.610000610351562,21.1445255279541
01-05-2007,31.5,31.65999984741211,2990800,32.20000076293945,32.040000915527344,21.43216323852539
02-05-2007,32.2400016784668,32.31999969482422,1730600,32.88999938964844,32.84000015258789,21.96729278564453
03-05-2007,32.63999938964844,32.9900016784668,1890500,33.04999923706055,33.0,22.074329376220703
04-05-2007,32.529998779296875,33.20000076293945,1442000,33.25,32.75,21.907094955444336
07-05-2007,32.599998474121094,32.83000183105469,1688700,33.02000045776367,32.709999084472656,21.880334854125977
08-05-2007,32.65999984741211,32.709999084472656,1102000,33.0,32.97999954223633,22.06094741821289
09-05-2007,32.849998474121094,32.900001525878906,2632700,33.2400016784668,33.02000045776367,22.08770751953125
10-05-2007,32.689998626708984,32.95000076293945,1366100,33.0099983215332,32.790000915527344,21.933849334716797
11-05-2007,32.61000061035156,32.849998474121094,1176100,33.029998779296875,32.939998626708984,22.034189224243164
14-05-2007,32.2400016784668,32.79999923706055,1943000,32.9900016784668,32.369998931884766,21.652902603149414
15-05-2007,32.150001525878906,32.5099983215332,1563700,32.61000061035156,32.16999816894531,21.519119262695312
16-05-2007,30.850000381469727,32.29999923706055,3624600,32.29999923706055,31.1200008392334,20.81675910949707
17-05-2007,31.0,31.209999084472656,2730900,31.649999618530273,31.139999389648438,20.830137252807617
18-05-2007,31.100000381469727,31.229999542236328,1879800,31.920000076293945,31.8700008392334,21.318449020385742
21-05-2007,31.809999465942383,31.90999984741211,2608100,32.04999923706055,31.93000030517578,21.35858154296875
22-05-2007,31.6200008392334,31.8799991607666,3054100,32.29999923706055,32.220001220703125,21.552566528320312
23-05-2007,32.11000061035156,32.22999954223633,2183200,32.599998474121094,32.470001220703125,21.71979522705078
24-05-2007,32.02000045776367,32.36000061035156,1809500,32.83000183105469,32.18000030517578,21.52581214904785
25-05-2007,32.099998474121094,32.099998474121094,1612700,32.4900016784668,32.43000030517578,21.693044662475586
29-05-2007,32.310001373291016,32.400001525878906,2091900,32.84000015258789,32.65999984741211,21.846891403198242
30-05-2007,32.0,32.29999923706055,2922200,32.61000061035156,32.5,21.73986053466797
31-05-2007,31.969999313354492,32.599998474121094,2819300,32.7599983215332,32.150001525878906,21.505748748779297
01-06-2007,32.11000061035156,32.150001525878906,2539300,32.7400016784668,32.459999084472656,21.713104248046875
04-06-2007,32.29999923706055,32.29999923706055,1925300,32.77000045776367,32.630001068115234,21.826828002929688
05-06-2007,31.3799991607666,31.6299991607666,2948400,32.08000183105469,31.829999923706055,21.29169273376465
06-06-2007,31.360000610351562,31.540000915527344,2599000,31.950000762939453,31.899999618530273,21.33851432800293
07-06-2007,31.479999542236328,31.850000381469727,1978500,32.0,31.549999237060547,21.104385375976562
08-06-2007,30.979999542236328,31.579999923706055,2490100,31.600000381469727,31.229999542236328,20.890342712402344
11-06-2007,30.989999771118164,31.200000762939453,1350300,31.459999084472656,31.209999084472656,20.876956939697266
12-06-2007,30.559999465942383,31.149999618530273,1391600,31.190000534057617,30.6200008392334,20.482295989990234
13-06-2007,30.389999389648438,30.5,3068800,31.229999542236328,31.229999542236328,20.890342712402344
14-06-2007,31.020000457763672,31.350000381469727,1436800,31.850000381469727,31.56999969482422,21.117767333984375
15-06-2007,31.420000076293945,31.860000610351562,1235800,31.959999084472656,31.440000534057617,21.030811309814453
18-06-2007,30.969999313354492,31.450000762939453,3170100,31.540000915527344,30.989999771118164,20.729793548583984
19-06-2007,30.920000076293945,31.0,1266600,31.209999084472656,31.18000030517578,20.85689353942871
20-06-2007,30.780000686645508,31.34000015258789,1233900,31.520000457763672,30.790000915527344,20.59601593017578
21-06-2007,30.549999237060547,30.81999969482422,2391300,31.709999084472656,31.6299991607666,21.157907485961914
22-06-2007,31.219999313354492,31.6299991607666,2059000,31.649999618530273,31.299999237060547,20.93716049194336
25-06-2007,31.31999969482422,31.75,2154500,32.279998779296875,31.81999969482422,21.284997940063477
26-06-2007,31.260000228881836,32.349998474121094,2260900,32.45000076293945,31.40999984741211,21.010744094848633
27-06-2007,31.219999313354492,31.459999084472656,1737900,31.559999465942383,31.309999465942383,20.94385528564453
28-06-2007,31.18000030517578,31.31999969482422,1275200,31.799999237060547,31.56999969482422,21.117767333984375
29-06-2007,31.229999542236328,31.850000381469727,1734700,31.93000030517578,31.40999984741211,21.010744094848633
02-07-2007,31.440000534057617,31.440000534057617,1622100,32.38999938964844,32.310001373291016,21.61276626586914
03-07-2007,32.040000915527344,32.52000045776367,751600,32.650001525878906,32.18000030517578,21.52581214904785
05-07-2007,31.899999618530273,32.380001068115234,1278000,32.41999816894531,32.15999984741211,21.512434005737305
06-07-2007,31.84000015258789,32.02000045776367,1138000,32.5,32.4900016784668,21.73317527770996
09-07-2007,32.459999084472656,32.689998626708984,1939000,33.099998474121094,32.470001220703125,21.71979522705078
10-07-2007,31.6299991607666,32.400001525878906,1921100,32.45000076293945,31.6299991607666,21.157907485961914
11-07-2007,31.440000534057617,31.549999237060547,2256100,32.04999923706055,31.799999237060547,21.27161979675293
12-07-2007,31.799999237060547,32.0,1666600,32.5,32.5,21.73986053466797
13-07-2007,32.0099983215332,32.36000061035156,1944600,32.52000045776367,32.439998626708984,21.699729919433594
16-07-2007,32.25,32.599998474121094,2959800,32.86000061035156,32.310001373291016,21.61276626586914
17-07-2007,32.27000045776367,32.310001373291016,1767500,32.79999923706055,32.779998779296875,21.92716407775879
18-07-2007,32.20000076293945,32.70000076293945,2199800,32.79999923706055,32.61000061035156,21.813447952270508
19-07-2007,32.470001220703125,32.61000061035156,2362300,32.790000915527344,32.709999084472656,21.880334854125977
20-07-2007,32.209999084472656,32.83000183105469,3049300,33.0099983215332,32.560001373291016,21.780000686645508
23-07-2007,29.5,33.310001373291016,6008900,33.4900016784668,30.799999237060547,20.602703094482422
24-07-2007,30.270000457763672,30.549999237060547,2794600,30.850000381469727,30.270000457763672,20.248184204101562
25-07-2007,29.280000686645508,30.399999618530273,4269400,30.510000228881836,29.489999771118164,19.726421356201172
26-07-2007,28.290000915527344,29.200000762939453,3744000,29.239999771118164,28.790000915527344,19.258174896240234
27-07-2007,27.969999313354492,28.5,3895000,28.559999465942383,28.059999465942383,18.769866943359375
30-07-2007,27.700000762939453,28.100000381469727,3308200,28.719999313354492,28.579999923706055,19.227340698242188
31-07-2007,28.020000457763672,28.579999923706055,2707200,29.030000686645508,28.020000457763672,18.850595474243164
01-08-2007,27.8799991607666,28.25,2942400,28.940000534057617,28.8700008392334,19.422435760498047
02-08-2007,28.260000228881836,28.790000915527344,3591400,29.1200008392334,28.81999969482422,19.388797760009766
03-08-2007,27.610000610351562,28.81999969482422,2554800,28.989999771118164,27.649999618530273,18.601673126220703
06-08-2007,27.290000915527344,27.709999084472656,2137000,28.209999084472656,28.049999237060547,18.870784759521484
07-08-2007,27.040000915527344,27.799999237060547,3674900,27.799999237060547,27.479999542236328,18.4873104095459
08-08-2007,26.579999923706055,27.479999542236328,3688900,27.579999923706055,26.920000076293945,18.11056900024414
09-08-2007,25.899999618530273,26.84000015258789,4997500,27.049999237060547,26.15999984741211,17.599275588989258
10-08-2007,25.25,25.530000686645508,4487000,28.0,27.729999542236328,18.655500411987305
13-08-2007,27.469999313354492,28.059999465942383,3442800,29.030000686645508,27.6299991607666,18.588214874267578
14-08-2007,26.770000457763672,27.799999237060547,2205800,27.84000015258789,27.290000915527344,18.359481811523438
15-08-2007,27.06999969482422,27.190000534057617,2925000,28.229999542236328,27.610000610351562,18.574766159057617
16-08-2007,26.889999389648438,27.34000015258789,3530900,27.84000015258789,27.219999313354492,18.312395095825195
17-08-2007,27.049999237060547,27.889999389648438,1711100,27.989999771118164,27.510000228881836,18.50748634338379
20-08-2007,27.5,27.5,1993800,28.90999984741211,28.559999465942383,19.21388053894043
21-08-2007,27.729999542236328,28.270000457763672,1697300,28.440000534057617,27.979999542236328,18.82368278503418
22-08-2007,27.899999618530273,28.0,2388100,28.719999313354492,28.68000030517578,19.29460906982422
23-08-2007,28.450000762939453,28.6299991607666,1332400,28.950000762939453,28.59000015258789,19.234067916870117
24-08-2007,28.40999984741211,28.600000381469727,940200,29.1299991607666,29.09000015258789,19.5704402923584
27-08-2007,28.420000076293945,28.860000610351562,1124500,29.059999465942383,28.530000686645508,19.193700790405273
28-08-2007,28.040000915527344,28.469999313354492,1573000,28.639999389648438,28.079999923706055,18.890960693359375
29-08-2007,27.950000762939453,28.299999237060547,1896400,28.530000686645508,28.530000686645508,19.193700790405273
30-08-2007,27.780000686645508,28.459999084472656,1755600,28.459999084472656,27.940000534057617,18.796777725219727
31-08-2007,28.079999923706055,28.31999969482422,1621300,28.549999237060547,28.209999084472656,18.978424072265625
04-09-2007,27.65999984741211,27.950000762939453,1773700,28.100000381469727,27.950000762939453,18.803497314453125
05-09-2007,27.3700008392334,27.75,1765500,27.899999618530273,27.6200008392334,18.581491470336914
06-09-2007,27.079999923706055,27.59000015258789,2158500,28.1200008392334,27.1299991607666,18.25184440612793
07-09-2007,26.079999923706055,26.989999771118164,2981600,27.049999237060547,26.219999313354492,17.639631271362305
10-09-2007,26.479999542236328,26.5,2031600,27.25,26.90999984741211,18.103837966918945
11-09-2007,26.920000076293945,26.93000030517578,1510600,27.600000381469727,27.479999542236328,18.4873104095459
12-09-2007,27.3799991607666,27.530000686645508,2127500,28.219999313354492,27.899999618530273,18.769866943359375
13-09-2007,27.700000762939453,27.979999542236328,789000,28.079999923706055,27.770000457763672,18.682409286499023
14-09-2007,27.559999465942383,28.520000457763672,998100,28.520000457763672,27.649999618530273,18.601673126220703
17-09-2007,27.530000686645508,27.68000030517578,1075800,27.850000381469727,27.549999237060547,18.534395217895508
18-09-2007,27.450000762939453,27.579999923706055,1550700,28.209999084472656,28.139999389648438,18.93132781982422
19-09-2007,28.15999984741211,28.15999984741211,1888900,29.030000686645508,28.950000762939453,19.476259231567383
20-09-2007,28.540000915527344,28.950000762939453,1410700,29.219999313354492,28.690000534057617,19.30134391784668
21-09-2007,28.459999084472656,28.690000534057617,1121100,29.030000686645508,28.549999237060547,19.207157135009766
24-09-2007,28.25,28.530000686645508,1002900,28.950000762939453,28.290000915527344,19.032241821289062
25-09-2007,27.760000228881836,28.280000686645508,1435700,28.440000534057617,28.3700008392334,19.0860595703125
26-09-2007,28.0,28.350000381469727,1292300,28.510000228881836,28.190000534057617,18.9649658203125
27-09-2007,27.90999984741211,28.139999389648438,835000,28.3700008392334,28.079999923706055,18.890960693359375
28-09-2007,27.780000686645508,27.989999771118164,1316700,28.299999237060547,27.8799991607666,18.756412506103516
01-10-2007,27.850000381469727,27.850000381469727,2285500,29.8700008392334,29.809999465942383,20.054824829101562
02-10-2007,29.75,29.75,1963300,30.68000030517578,30.540000915527344,20.54594612121582
03-10-2007,29.639999389648438,30.399999618530273,1495300,30.520000457763672,29.75,20.014463424682617
04-10-2007,28.690000534057617,29.649999618530273,1513600,29.950000762939453,28.700000762939453,19.308073043823242
05-10-2007,28.510000228881836,28.510000228881836,1597300,29.260000228881836,29.1299991607666,19.59735107421875
08-10-2007,28.510000228881836,29.299999237060547,1335400,29.360000610351562,28.59000015258789,19.234067916870117
09-10-2007,28.530000686645508,28.649999618530273,2023700,29.3799991607666,29.280000686645508,19.698270797729492
10-10-2007,29.100000381469727,29.280000686645508,2597600,30.079999923706055,29.93000030517578,20.135557174682617
11-10-2007,28.780000686645508,30.0,1829900,30.1299991607666,28.93000030517578,19.462797164916992
12-10-2007,28.84000015258789,28.90999984741211,1030100,29.440000534057617,29.0,19.509897232055664
15-10-2007,28.549999237060547,28.899999618530273,1584900,29.270000457763672,29.020000457763672,19.523357391357422
16-10-2007,28.75,29.030000686645508,1500900,29.270000457763672,29.030000686645508,19.530086517333984
17-10-2007,28.90999984741211,29.350000381469727,1636500,29.75,29.149999618530273,19.61080551147461
18-10-2007,28.889999389648438,29.139999389648438,1479000,29.40999984741211,29.25,19.678083419799805
19-10-2007,28.260000228881836,28.84000015258789,2823400,29.079999923706055,28.40999984741211,19.112972259521484
22-10-2007,28.0,29.729999542236328,3827200,29.729999542236328,28.399999618530273,19.106239318847656
23-10-2007,28.3700008392334,28.459999084472656,2113700,28.959999084472656,28.860000610351562,19.415712356567383
24-10-2007,28.530000686645508,28.530000686645508,2207500,29.75,29.6299991607666,19.933732986450195
25-10-2007,28.81999969482422,29.600000381469727,1819800,29.899999618530273,29.209999084472656,19.651174545288086
26-10-2007,28.729999542236328,29.31999969482422,2150200,29.350000381469727,29.049999237060547,19.543537139892578
29-10-2007,28.81999969482422,29.040000915527344,2179500,29.56999969482422,29.350000381469727,19.745363235473633
30-10-2007,29.040000915527344,29.15999984741211,1761000,29.860000610351562,29.329999923706055,19.84006118774414
31-10-2007,29.290000915527344,29.290000915527344,1363700,30.170000076293945,29.850000381469727,20.191808700561523
01-11-2007,28.239999771118164,29.850000381469727,2642600,29.850000381469727,28.260000228881836,19.11626625061035
02-11-2007,28.06999969482422,28.290000915527344,2038500,28.850000381469727,28.809999465942383,19.488311767578125
05-11-2007,28.719999313354492,28.850000381469727,1646200,29.190000534057617,28.8700008392334,19.528900146484375
06-11-2007,28.18000030517578,28.850000381469727,2375100,29.139999389648438,28.459999084472656,19.251556396484375
07-11-2007,27.709999084472656,28.440000534057617,2025400,28.440000534057617,27.790000915527344,18.79834747314453
08-11-2007,26.559999465942383,27.790000915527344,2743200,27.989999771118164,26.959999084472656,18.23688507080078
09-11-2007,25.920000076293945,26.65999984741211,3364700,26.709999084472656,25.959999084472656,17.560453414916992
12-11-2007,25.309999465942383,25.860000610351562,1896300,26.1299991607666,25.729999542236328,17.40487289428711
13-11-2007,25.6299991607666,26.0,2243200,27.049999237060547,26.899999618530273,18.196308135986328
14-11-2007,26.360000610351562,27.010000228881836,2687800,27.100000381469727,26.450000762939453,17.89190673828125
15-11-2007,26.190000534057617,26.600000381469727,3350400,27.440000534057617,26.8700008392334,18.17601776123047
16-11-2007,26.829999923706055,27.56999969482422,3725500,28.149999618530273,27.450000762939453,18.5683536529541
19-11-2007,26.899999618530273,27.219999313354492,1807800,27.469999313354492,26.979999542236328,18.250423431396484
20-11-2007,26.8799991607666,26.979999542236328,3000000,27.469999313354492,27.299999237060547,18.466886520385742
21-11-2007,26.6200008392334,27.1299991607666,1626600,27.200000762939453,26.8799991607666,18.182781219482422
23-11-2007,26.75,27.110000610351562,454200,27.15999984741211,27.010000228881836,18.27071189880371
26-11-2007,26.959999084472656,26.959999084472656,2195200,28.0,27.149999618530273,18.36541175842285
27-11-2007,27.079999923706055,27.350000381469727,1844200,27.68000030517578,27.610000610351562,18.67658042907715
28-11-2007,27.290000915527344,27.760000228881836,1758200,28.0,27.84000015258789,18.8321590423584
29-11-2007,27.1200008392334,27.809999465942383,1625100,27.809999465942383,27.399999618530273,18.534528732299805
30-11-2007,27.3700008392334,27.670000076293945,1860300,27.959999084472656,27.770000457763672,18.78481674194336
03-12-2007,26.90999984741211,27.520000457763672,1752800,28.110000610351562,27.09000015258789,18.3248348236084
04-12-2007,26.8700008392334,26.8700008392334,997300,27.479999542236328,27.260000228881836,18.4398250579834
05-12-2007,26.989999771118164,27.459999084472656,1654000,27.739999771118164,27.06999969482422,18.311302185058594
06-12-2007,26.239999771118164,27.270000457763672,3073200,27.270000457763672,26.799999237060547,18.128664016723633
07-12-2007,26.65999984741211,26.799999237060547,1389800,27.229999542236328,26.770000457763672,18.108369827270508
10-12-2007,26.469999313354492,26.790000915527344,1132700,26.8700008392334,26.68000030517578,18.047487258911133
11-12-2007,26.1299991607666,26.770000457763672,1452600,27.209999084472656,26.15999984741211,17.695743560791016
12-12-2007,25.979999542236328,26.75,1799700,27.100000381469727,26.219999313354492,17.7363224029541
13-12-2007,26.059999465942383,26.139999389648438,1758100,26.350000381469727,26.31999969482422,17.803970336914062
14-12-2007,25.579999923706055,26.3799991607666,2301500,26.3799991607666,25.709999084472656,17.391340255737305
17-12-2007,25.5,25.549999237060547,1627500,26.299999237060547,25.84000015258789,17.479278564453125
18-12-2007,25.450000762939453,26.020000457763672,1979600,26.1200008392334,25.81999969482422,17.46575164794922
19-12-2007,25.649999618530273,25.8799991607666,1379300,26.049999237060547,25.850000381469727,17.486042022705078
20-12-2007,25.25,26.0,3030200,26.170000076293945,25.850000381469727,17.486042022705078
21-12-2007,25.760000228881836,26.110000610351562,1640200,26.440000534057617,25.950000762939453,17.553686141967773
24-12-2007,25.81999969482422,25.81999969482422,396300,26.549999237060547,26.469999313354492,17.905433654785156
26-12-2007,26.440000534057617,26.639999389648438,1583100,27.399999618530273,26.989999771118164,18.257179260253906
27-12-2007,26.3799991607666,26.969999313354492,1156000,27.110000610351562,26.3799991607666,17.844558715820312
28-12-2007,25.90999984741211,26.770000457763672,776500,26.770000457763672,25.90999984741211,17.526626586914062
31-12-2007,25.579999923706055,25.81999969482422,1243500,25.950000762939453,25.579999923706055,17.30340003967285
02-01-2008,24.8700008392334,25.520000457763672,1622100,25.770000457763672,25.0,16.91106414794922
03-01-2008,24.649999618530273,25.020000457763672,1156800,25.219999313354492,24.68000030517578,16.694602966308594
04-01-2008,23.670000076293945,24.450000762939453,3502600,24.489999771118164,23.739999771118164,16.05875015258789
07-01-2008,23.399999618530273,23.93000030517578,1518300,23.959999084472656,23.670000076293945,16.011404037475586
08-01-2008,23.25,23.75,3185600,23.950000762939453,23.420000076293945,15.84228515625
09-01-2008,22.209999084472656,23.15999984741211,3651400,23.260000228881836,22.780000686645508,15.4093656539917
10-01-2008,22.530000686645508,22.719999313354492,2895600,23.760000228881836,23.290000915527344,15.754350662231445
11-01-2008,22.219999313354492,23.0,2362000,23.030000686645508,22.34000015258789,15.111727714538574
14-01-2008,22.389999389648438,22.469999313354492,1764400,22.65999984741211,22.510000228881836,15.226731300354004
15-01-2008,21.729999542236328,22.15999984741211,2529800,22.270000457763672,21.729999542236328,14.699097633361816
16-01-2008,21.700000762939453,21.799999237060547,4032200,23.350000381469727,23.079999923706055,15.612298965454102
17-01-2008,22.1299991607666,23.0,2585200,23.290000915527344,22.360000610351562,15.125255584716797
18-01-2008,22.290000915527344,22.469999313354492,3338600,23.0,22.829999923706055,15.44318962097168
22-01-2008,21.56999969482422,21.81999969482422,3549100,24.1200008392334,24.040000915527344,16.261682510375977
23-01-2008,23.229999542236328,23.43000030517578,3432500,25.0,24.860000610351562,16.816362380981445
24-01-2008,24.170000076293945,24.899999618530273,1911200,25.049999237060547,24.709999084472656,16.71489906311035
25-01-2008,23.760000228881836,24.780000686645508,2105100,24.940000534057617,23.950000762939453,16.200801849365234
28-01-2008,23.600000381469727,23.940000534057617,1673800,24.600000381469727,24.56999969482422,16.620195388793945
29-01-2008,24.079999923706055,24.719999313354492,2199300,24.719999313354492,24.6299991607666,16.660778045654297
30-01-2008,24.1299991607666,24.530000686645508,1722500,25.200000762939453,24.56999969482422,16.72886848449707
31-01-2008,24.1299991607666,24.1299991607666,3090500,26.31999969482422,25.969999313354492,17.68207359313965
01-02-2008,25.729999542236328,25.959999084472656,2080200,26.559999465942383,26.1299991607666,17.791017532348633
04-02-2008,25.549999237060547,26.040000915527344,1357700,26.1299991607666,25.729999542236328,17.518674850463867
05-02-2008,25.549999237060547,27.15999984741211,2440200,27.15999984741211,25.579999923706055,17.416540145874023
06-02-2008,24.690000534057617,25.700000762939453,2350700,25.700000762939453,24.75,16.85142707824707
07-02-2008,24.110000610351562,24.489999771118164,2530000,26.020000457763672,25.6299991607666,17.450586318969727
08-02-2008,25.65999984741211,25.899999618530273,2135600,26.3799991607666,25.8700008392334,17.61399269104004
11-02-2008,26.079999923706055,26.989999771118164,2986100,26.989999771118164,26.40999984741211,17.981660842895508
12-02-2008,26.549999237060547,26.549999237060547,1966800,27.280000686645508,26.940000534057617,18.34251594543457
13-02-2008,26.760000228881836,27.09000015258789,1536800,27.43000030517578,27.110000610351562,18.458267211914062
14-02-2008,26.360000610351562,27.170000076293945,1926000,27.170000076293945,26.389999389648438,17.96804428100586
15-02-2008,26.270000457763672,26.350000381469727,1392400,26.790000915527344,26.770000457763672,18.22677230834961
19-02-2008,26.020000457763672,27.010000228881836,1709700,27.139999389648438,26.1299991607666,17.791017532348633
20-02-2008,26.100000381469727,26.1299991607666,3454800,27.639999389648438,27.389999389648438,18.648906707763672
21-02-2008,26.649999618530273,27.889999389648438,1507700,27.889999389648438,26.719999313354492,18.192726135253906
22-02-2008,26.229999542236328,26.780000686645508,1542300,26.860000610351562,26.860000610351562,18.288053512573242
25-02-2008,26.530000686645508,26.93000030517578,1317000,27.3700008392334,27.34000015258789,18.6148624420166
26-02-2008,27.049999237060547,27.260000228881836,1637900,27.979999542236328,27.829999923706055,18.948488235473633
27-02-2008,27.030000686645508,27.719999313354492,1432800,27.920000076293945,27.06999969482422,18.431032180786133
28-02-2008,26.610000610351562,27.100000381469727,1487500,27.149999618530273,26.760000228881836,18.21996307373047
29-02-2008,25.670000076293945,26.489999771118164,1918100,26.559999465942383,25.770000457763672,17.545909881591797
03-03-2008,25.399999618530273,25.709999084472656,1938500,25.959999084472656,25.940000534057617,17.661651611328125
04-03-2008,25.59000015258789,25.959999084472656,1635000,26.329999923706055,26.149999618530273,17.804637908935547
05-03-2008,25.989999771118164,26.18000030517578,2214000,27.0,26.6299991607666,18.131450653076172
06-03-2008,25.920000076293945,26.540000915527344,1179800,26.68000030517578,25.950000762939453,17.668460845947266
07-03-2008,25.6299991607666,25.93000030517578,1731300,26.5,25.8799991607666,17.620800018310547
10-03-2008,25.260000228881836,25.829999923706055,1979800,26.290000915527344,25.290000915527344,17.219100952148438
11-03-2008,25.56999969482422,25.940000534057617,1823800,26.559999465942383,26.559999465942383,18.08379554748535
12-03-2008,26.209999084472656,26.56999969482422,1485800,26.770000457763672,26.3700008392334,17.954425811767578
13-03-2008,25.920000076293945,25.940000534057617,2209500,27.209999084472656,27.020000457763672,18.396991729736328
14-03-2008,25.959999084472656,27.360000610351562,1410400,27.360000610351562,26.420000076293945,17.98847007751465
17-03-2008,25.969999313354492,26.09000015258789,1775500,26.56999969482422,26.170000076293945,17.818262100219727
18-03-2008,26.299999237060547,26.68000030517578,1511600,27.010000228881836,26.979999542236328,18.3697566986084
19-03-2008,27.040000915527344,27.059999465942383,1973700,27.850000381469727,27.040000915527344,18.410612106323242
20-03-2008,27.09000015258789,27.09000015258789,2306700,27.739999771118164,27.719999313354492,18.873592376708984
24-03-2008,27.65999984741211,27.75,1633500,28.969999313354492,28.469999313354492,19.384248733520508
25-03-2008,28.200000762939453,28.469999313354492,2123700,29.06999969482422,28.81999969482422,19.622547149658203
26-03-2008,27.639999389648438,28.600000381469727,1739400,28.68000030517578,28.059999465942383,19.10508918762207
27-03-2008,28.020000457763672,28.31999969482422,1569800,28.670000076293945,28.200000762939453,19.20041275024414
28-03-2008,28.06999969482422,28.149999618530273,1555200,28.540000915527344,28.170000076293945,19.179990768432617
31-03-2008,27.729999542236328,28.329999923706055,1628400,28.469999313354492,27.899999618530273,18.996150970458984
01-04-2008,28.149999618530273,28.149999618530273,2066300,29.299999237060547,29.270000457763672,19.92894172668457
02-04-2008,29.06999969482422,29.170000076293945,2243000,29.719999313354492,29.549999237060547,20.11957359313965
03-04-2008,29.1200008392334,29.309999465942383,2443900,30.360000610351562,30.1299991607666,20.514484405517578
04-04-2008,29.979999542236328,30.25,1425000,30.799999237060547,30.329999923706055,20.650653839111328
07-04-2008,29.979999542236328,30.610000610351562,1535700,30.760000228881836,30.270000457763672,20.60980224609375
08-04-2008,29.489999771118164,29.969999313354492,1751900,30.100000381469727,29.75,20.255748748779297
09-04-2008,29.329999923706055,29.940000534057617,1185100,29.979999542236328,29.3700008392334,19.997024536132812
10-04-2008,29.170000076293945,29.25,2213600,30.59000015258789,30.389999389648438,20.69150733947754
11-04-2008,29.420000076293945,30.260000228881836,1378500,30.479999542236328,29.690000534057617,20.214908599853516
14-04-2008,29.610000610351562,29.989999771118164,1920000,30.8799991607666,30.40999984741211,20.70511817932129
15-04-2008,30.0,30.670000076293945,1426600,30.670000076293945,30.190000534057617,20.55533218383789
16-04-2008,30.25,30.40999984741211,1689500,30.719999313354492,30.56999969482422,20.814062118530273
17-04-2008,30.219999313354492,30.489999771118164,1428300,30.84000015258789,30.690000534057617,20.895769119262695
18-04-2008,30.780000686645508,30.979999542236328,2461800,31.770000457763672,31.549999237060547,21.481311798095703
21-04-2008,32.5099983215332,32.79999923706055,8959400,35.06999969482422,34.650001525878906,23.591995239257812
22-04-2008,33.77000045776367,34.63999938964844,3073000,35.31999969482422,34.18000030517578,23.27199363708496
23-04-2008,33.619998931884766,34.25,2685500,34.25,33.90999984741211,23.088163375854492
24-04-2008,33.79999923706055,33.88999938964844,3758700,34.400001525878906,34.04999923706055,23.1834774017334
25-04-2008,33.86000061035156,34.18000030517578,2194400,35.04999923706055,34.9900016784668,23.823486328125
28-04-2008,34.61000061035156,34.75,2747000,35.560001373291016,35.279998779296875,24.020938873291016
29-04-2008,35.0099983215332,35.15999984741211,2715900,35.9900016784668,35.779998779296875,24.500259399414062
30-04-2008,35.41999816894531,35.88999938964844,3586700,36.099998474121094,35.560001373291016,24.349618911743164
01-05-2008,35.5,35.58000183105469,3280100,36.20000076293945,36.130001068115234,24.739919662475586
02-05-2008,35.439998626708984,36.40999984741211,2374900,36.650001525878906,35.709999084472656,24.45233726501465
05-05-2008,35.29999923706055,35.79999923706055,3321600,35.93000030517578,35.65999984741211,24.4180965423584
06-05-2008,35.27000045776367,35.529998779296875,2761100,36.0,35.83000183105469,24.534496307373047
07-05-2008,34.720001220703125,35.849998474121094,3000400,36.0,34.81999969482422,23.842893600463867
08-05-2008,34.290000915527344,34.91999816894531,3308100,35.439998626708984,35.40999984741211,24.246906280517578
09-05-2008,34.709999084472656,34.97999954223633,2348000,35.66999816894531,35.58000183105469,24.363313674926758
12-05-2008,35.380001068115234,35.59000015258789,2478500,36.16999816894531,36.119998931884766,24.733074188232422
13-05-2008,36.16999816894531,36.31999969482422,3135000,37.13999938964844,36.93000030517578,25.287723541259766
14-05-2008,36.5,37.119998931884766,2646700,37.349998474121094,36.59000015258789,25.054903030395508
15-05-2008,36.45000076293945,36.63999938964844,1916000,37.29999923706055,37.189998626708984,25.465761184692383
16-05-2008,35.56999969482422,37.11000061035156,2542800,37.189998626708984,36.2599983215332,24.828943252563477
19-05-2008,35.4900016784668,36.220001220703125,2325100,36.380001068115234,35.599998474121094,24.376998901367188
20-05-2008,35.09000015258789,35.36000061035156,1938100,35.470001220703125,35.31999969482422,24.185277938842773
21-05-2008,34.06999969482422,35.349998474121094,2499400,35.599998474121094,34.43000030517578,23.575849533081055
22-05-2008,34.20000076293945,34.40999984741211,2242100,35.02000045776367,34.36000061035156,23.52792739868164
23-05-2008,33.84000015258789,34.18000030517578,1325500,34.540000915527344,34.310001373291016,23.493682861328125
27-05-2008,34.279998779296875,34.369998931884766,2259300,35.11000061035156,34.880001068115234,23.883989334106445
28-05-2008,34.81999969482422,35.029998779296875,1749600,35.310001373291016,34.970001220703125,23.945613861083984
29-05-2008,34.7599983215332,34.849998474121094,2858900,35.84000015258789,35.70000076293945,24.445476531982422
30-05-2008,35.41999816894531,35.58000183105469,2829600,36.27000045776367,36.2400016784668,24.81524658203125
02-06-2008,35.75,36.33000183105469,2370100,36.36000061035156,36.18000030517578,24.7741641998291
03-06-2008,36.25,36.400001525878906,3503600,37.2400016784668,37.04999923706055,25.369895935058594
04-06-2008,36.810001373291016,37.04999923706055,5134100,39.45000076293945,38.79999923706055,26.568204879760742
05-06-2008,38.29999923706055,38.7400016784668,3152400,39.29999923706055,39.290000915527344,26.90372657775879
06-06-2008,37.27000045776367,39.060001373291016,2716300,39.08000183105469,37.5099983215332,25.68486785888672
09-06-2008,37.439998626708984,37.790000915527344,1877800,38.599998474121094,38.439998626708984,26.321683883666992
10-06-2008,37.959999084472656,38.20000076293945,2850100,39.630001068115234,39.08000183105469,26.759939193725586
11-06-2008,37.34000015258789,38.880001068115234,2476200,39.0,37.459999084472656,25.6506404876709
12-06-2008,37.68000030517578,37.88999938964844,1231000,38.7400016784668,37.86000061035156,25.924531936645508
13-06-2008,37.7400016784668,38.189998626708984,1745700,39.56999969482422,39.0,26.70514678955078
16-06-2008,38.16999816894531,38.72999954223633,1318200,39.380001068115234,39.25,26.8763427734375
17-06-2008,38.540000915527344,39.400001525878906,2059000,39.470001220703125,38.880001068115234,26.622976303100586
18-06-2008,37.65999984741211,38.66999816894531,1779800,38.709999084472656,37.810001373291016,25.890300750732422
19-06-2008,37.599998474121094,37.66999816894531,1369500,38.33000183105469,38.0,26.020397186279297
20-06-2008,37.060001373291016,38.0,2291300,38.0,37.189998626708984,25.465761184692383
23-06-2008,36.83000183105469,37.439998626708984,1616200,37.599998474121094,36.93000030517578,25.287723541259766
24-06-2008,36.619998931884766,36.790000915527344,1967700,38.029998779296875,37.40999984741211,25.616397857666016
25-06-2008,37.599998474121094,37.709999084472656,2861900,38.83000183105469,38.22999954223633,26.177892684936523
26-06-2008,36.70000076293945,37.7400016784668,1993000,37.86000061035156,36.7400016784668,25.157617568969727
27-06-2008,34.77000045776367,36.970001220703125,4840700,36.970001220703125,35.13999938964844,24.062021255493164
30-06-2008,34.58000183105469,34.58000183105469,3643400,36.279998779296875,35.720001220703125,24.459177017211914
01-07-2008,34.59000015258789,35.58000183105469,2763700,35.970001220703125,35.36000061035156,24.212669372558594
02-07-2008,34.43000030517578,35.41999816894531,3155100,35.810001373291016,34.47999954223633,23.61009407043457
03-07-2008,34.310001373291016,34.939998626708984,1158200,35.34000015258789,34.88999938964844,23.89082908630371
07-07-2008,34.4900016784668,35.130001068115234,2352600,35.70000076293945,34.779998779296875,23.815515518188477
08-07-2008,34.439998626708984,34.93000030517578,1561400,35.86000061035156,35.849998474121094,24.548189163208008
09-07-2008,34.41999816894531,35.65999984741211,2500100,36.13999938964844,34.43000030517578,23.575849533081055
10-07-2008,33.75,34.02000045776367,2264900,34.849998474121094,34.209999084472656,23.425207138061523
11-07-2008,33.72999954223633,34.0,2418700,35.22999954223633,34.849998474121094,23.863445281982422
14-07-2008,34.560001373291016,35.09000015258789,2170600,35.380001068115234,34.970001220703125,23.945613861083984
15-07-2008,34.279998779296875,34.619998931884766,4451800,38.040000915527344,37.04999923706055,25.369895935058594
16-07-2008,35.7599983215332,36.84000015258789,3826200,36.95000076293945,36.380001068115234,24.911123275756836
17-07-2008,36.18000030517578,36.650001525878906,2883800,38.130001068115234,37.9900016784668,26.0135555267334
18-07-2008,37.290000915527344,38.220001220703125,3791400,39.97999954223633,37.9900016784668,26.0135555267334
21-07-2008,35.86000061035156,38.68000030517578,5063300,38.68000030517578,37.349998474121094,25.575307846069336
22-07-2008,36.849998474121094,37.27000045776367,3714600,38.9900016784668,38.72999954223633,26.520263671875
23-07-2008,38.25,38.70000076293945,3611500,40.27000045776367,39.81999969482422,27.266645431518555
24-07-2008,39.099998474121094,39.75,2746200,40.47999954223633,39.849998474121094,27.287181854248047
25-07-2008,39.880001068115234,39.97999954223633,3837800,41.349998474121094,40.40999984741211,27.670642852783203
28-07-2008,37.95000076293945,38.560001373291016,3417800,39.560001373291016,38.150001525878906,26.123117446899414
29-07-2008,37.54999923706055,38.220001220703125,2630700,39.619998931884766,39.4900016784668,27.040679931640625
30-07-2008,39.22999954223633,39.31999969482422,2637400,40.459999084472656,39.630001068115234,27.274681091308594
31-07-2008,38.599998474121094,39.65999984741211,2848400,40.040000915527344,38.720001220703125,26.648387908935547
01-08-2008,38.0,39.02000045776367,1772400,39.150001525878906,38.7599983215332,26.675907135009766
04-08-2008,37.529998779296875,38.540000915527344,1978300,38.689998626708984,38.04999923706055,26.187265396118164
05-08-2008,38.189998626708984,38.189998626708984,2520200,40.18000030517578,40.18000030517578,27.6531982421875
06-08-2008,39.400001525878906,40.11000061035156,1866800,40.11000061035156,39.939998626708984,27.48802375793457
07-08-2008,38.2599983215332,39.61000061035156,2145000,39.61000061035156,38.70000076293945,26.634626388549805
08-08-2008,38.75,39.13999938964844,1668000,40.869998931884766,40.79999923706055,28.07990264892578
11-08-2008,40.31999969482422,40.95000076293945,1953800,41.68000030517578,40.61000061035156,27.949146270751953
12-08-2008,39.90999984741211,40.7400016784668,1605400,41.15999984741211,40.38999938964844,27.797731399536133
13-08-2008,38.59000015258789,40.02000045776367,1368200,40.02000045776367,39.41999816894531,27.13013458251953
14-08-2008,38.959999084472656,38.970001220703125,1396000,39.7400016784668,39.560001373291016,27.226503372192383
15-08-2008,38.95000076293945,39.7400016784668,1181900,40.290000915527344,39.689998626708984,27.315961837768555
18-08-2008,38.349998474121094,39.72999954223633,1206900,40.0,38.4900016784668,26.49008560180664
19-08-2008,36.0,36.13999938964844,2167500,37.650001525878906,37.290000915527344,25.664207458496094
20-08-2008,36.65999984741211,37.33000183105469,1263300,37.59000015258789,37.0,25.464622497558594
21-08-2008,35.95000076293945,36.459999084472656,2423400,36.959999084472656,36.31999969482422,24.996623992919922
22-08-2008,36.02000045776367,36.5,1912400,36.880001068115234,36.619998931884766,25.203094482421875
25-08-2008,35.709999084472656,36.59000015258789,1516400,36.59000015258789,35.900001525878906,24.707565307617188
26-08-2008,35.2599983215332,35.91999816894531,1857900,35.91999816894531,35.68000030517578,24.556150436401367
27-08-2008,35.45000076293945,35.70000076293945,1503300,36.349998474121094,36.16999816894531,24.893388748168945
28-08-2008,36.16999816894531,36.5,1276500,37.06999969482422,36.810001373291016,25.33385467529297
29-08-2008,36.41999816894531,36.43000030517578,2250100,37.54999923706055,37.400001525878906,25.739919662475586
02-09-2008,37.43000030517578,37.63999938964844,3725700,38.93000030517578,38.02000045776367,26.166629791259766
03-09-2008,38.02000045776367,38.040000915527344,1835800,38.7400016784668,38.349998474121094,26.39374351501465
04-09-2008,37.119998931884766,38.22999954223633,1666800,38.29999923706055,37.119998931884766,25.547199249267578
05-09-2008,36.25,36.880001068115234,2213300,37.13999938964844,37.02000045776367,25.478384017944336
08-09-2008,37.34000015258789,37.93000030517578,2174300,38.130001068115234,38.099998474121094,26.221683502197266
09-09-2008,37.59000015258789,38.279998779296875,2575700,38.790000915527344,37.720001220703125,25.96014404296875
10-09-2008,37.7599983215332,38.279998779296875,2695000,38.88999938964844,38.439998626708984,26.455669403076172
11-09-2008,37.22999954223633,37.86000061035156,2373400,38.43000030517578,38.31999969482422,26.373088836669922
12-09-2008,37.45000076293945,37.86000061035156,1715200,38.25,37.880001068115234,26.070266723632812
15-09-2008,36.95000076293945,37.5099983215332,2734700,38.290000915527344,37.470001220703125,25.788084030151367
16-09-2008,33.22999954223633,36.540000915527344,3272500,38.47999954223633,38.11000061035156,26.228557586669922
17-09-2008,36.58000183105469,37.58000183105469,3201800,37.810001373291016,36.630001068115234,25.209964752197266
18-09-2008,35.08000183105469,37.40999984741211,4998800,37.880001068115234,36.970001220703125,25.44398307800293
19-09-2008,35.790000915527344,36.08000183105469,4627000,41.5,36.54999923706055,25.15491485595703
22-09-2008,36.18000030517578,36.220001220703125,2039900,37.9900016784668,36.2599983215332,24.9553279876709
23-09-2008,36.130001068115234,36.650001525878906,1680100,36.91999816894531,36.279998779296875,24.969085693359375
24-09-2008,35.66999816894531,36.34000015258789,1482300,36.7400016784668,36.04999923706055,24.810800552368164
25-09-2008,35.810001373291016,36.279998779296875,2108100,37.29999923706055,36.02000045776367,24.790157318115234
26-09-2008,35.04999923706055,35.470001220703125,1547200,35.97999954223633,35.65999984741211,24.542390823364258
29-09-2008,33.22999954223633,34.79999923706055,3056300,35.810001373291016,34.0,23.39991569519043
30-09-2008,33.22999954223633,34.119998931884766,2534700,35.279998779296875,34.720001220703125,23.895450592041016
01-10-2008,33.7599983215332,34.650001525878906,1484700,34.709999084472656,34.369998931884766,23.654569625854492
02-10-2008,32.470001220703125,34.310001373291016,2445300,34.33000183105469,32.849998474121094,22.60845375061035
03-10-2008,32.72999954223633,33.209999084472656,2421500,33.84000015258789,32.84000015258789,22.601572036743164
06-10-2008,30.56999969482422,32.11000061035156,2622400,32.7400016784668,31.719999313354492,21.830751419067383
07-10-2008,30.5,31.93000030517578,3127600,32.310001373291016,30.510000228881836,20.997989654541016
08-10-2008,30.049999237060547,30.739999771118164,4744000,33.470001220703125,31.799999237060547,21.885805130004883
09-10-2008,28.329999923706055,30.959999084472656,4895700,31.799999237060547,28.739999771118164,19.77981185913086
10-10-2008,27.020000457763672,27.6299991607666,4793700,30.84000015258789,30.0,20.64699363708496
13-10-2008,30.010000228881836,30.600000381469727,2798400,31.0,31.0,21.335222244262695
14-10-2008,29.110000610351562,35.0,2831200,35.0,29.979999542236328,20.63322639465332
15-10-2008,28.100000381469727,29.540000915527344,2207300,30.110000610351562,28.5,19.61464500427246
16-10-2008,27.959999084472656,28.43000030517578,3912400,30.190000534057617,30.09000015258789,20.708927154541016
17-10-2008,29.34000015258789,29.899999618530273,2646500,31.049999237060547,30.1200008392334,20.729578018188477
20-10-2008,27.3700008392334,31.0,3680700,31.0,28.8700008392334,19.869285583496094
21-10-2008,28.170000076293945,28.290000915527344,3299800,29.68000030517578,29.200000762939453,20.096406936645508
22-10-2008,26.309999465942383,28.799999237060547,3353200,28.799999237060547,26.969999313354492,18.561647415161133
23-10-2008,25.6200008392334,27.010000228881836,3048600,27.34000015258789,27.170000076293945,18.699291229248047
24-10-2008,25.040000915527344,25.110000610351562,2335500,26.690000534057617,26.110000610351562,17.969762802124023
27-10-2008,25.239999771118164,25.860000610351562,1945400,26.639999389648438,25.950000762939453,17.85965347290039
28-10-2008,24.850000381469727,26.280000686645508,2933700,28.479999542236328,28.479999542236328,19.60087776184082
29-10-2008,27.899999618530273,28.5,2276500,29.8799991607666,28.829999923706055,19.84176254272461
30-10-2008,26.969999313354492,29.280000686645508,3668000,29.530000686645508,28.260000228881836,19.5853328704834
31-10-2008,27.709999084472656,27.709999084472656,2726700,29.600000381469727,29.09000015258789,20.160552978515625
03-11-2008,26.950000762939453,29.200000762939453,2910600,29.40999984741211,27.1200008392334,18.79526138305664
04-11-2008,26.940000534057617,27.31999969482422,2606300,28.309999465942383,28.239999771118164,19.57147216796875
05-11-2008,27.790000915527344,27.84000015258789,2389000,28.610000610351562,28.100000381469727,19.47444725036621
06-11-2008,27.469999313354492,27.989999771118164,2648400,28.239999771118164,27.790000915527344,19.259605407714844
07-11-2008,27.0,28.040000915527344,1797900,28.1299991607666,27.729999542236328,19.218021392822266
10-11-2008,26.489999771118164,28.06999969482422,2208700,28.280000686645508,26.84000015258789,18.601219177246094
11-11-2008,25.6200008392334,26.3799991607666,1659200,27.030000686645508,26.389999389648438,18.289348602294922
12-11-2008,24.950000762939453,25.90999984741211,2224300,26.040000915527344,25.059999465942383,17.367603302001953
13-11-2008,24.65999984741211,24.950000762939453,4145000,27.450000762939453,27.399999618530273,18.98931121826172
14-11-2008,26.5,27.389999389648438,2631500,27.950000762939453,26.940000534057617,18.670515060424805
17-11-2008,25.0,26.209999084472656,2016300,26.329999923706055,25.059999465942383,17.367603302001953
18-11-2008,24.1299991607666,25.43000030517578,2209100,25.510000228881836,24.860000610351562,17.228994369506836
19-11-2008,22.899999618530273,24.6200008392334,2845300,24.850000381469727,23.100000381469727,16.009246826171875
20-11-2008,22.219999313354492,23.059999465942383,2925200,24.100000381469727,22.530000686645508,15.614205360412598
21-11-2008,21.940000534057617,22.770000457763672,3238500,24.510000228881836,24.440000534057617,16.93791389465332
24-11-2008,24.350000381469727,24.729999542236328,2326300,26.5,26.1200008392334,18.10222625732422
25-11-2008,25.079999923706055,26.610000610351562,2287900,27.149999618530273,26.170000076293945,18.13687515258789
26-11-2008,25.3799991607666,25.5,2171100,27.43000030517578,27.290000915527344,18.913084030151367
28-11-2008,26.5,27.190000534057617,834700,27.399999618530273,26.799999237060547,18.57349395751953
01-12-2008,25.5,26.43000030517578,2247700,26.600000381469727,25.5,17.67254066467285
02-12-2008,25.110000610351562,25.75,2110400,26.40999984741211,26.40999984741211,18.303207397460938
03-12-2008,25.75,25.93000030517578,1796400,27.290000915527344,27.110000610351562,18.7883358001709
04-12-2008,26.489999771118164,26.579999923706055,1598000,27.649999618530273,26.969999313354492,18.691312789916992
05-12-2008,26.34000015258789,26.459999084472656,1796100,28.030000686645508,27.84000015258789,19.294260025024414
08-12-2008,27.149999618530273,28.309999465942383,2126100,29.079999923706055,28.610000610351562,19.82789421081543
09-12-2008,28.0,28.3700008392334,1562000,28.8799991607666,28.06999969482422,19.453659057617188
10-12-2008,27.690000534057617,28.1299991607666,1469200,28.5,28.06999969482422,19.453659057617188
11-12-2008,27.15999984741211,28.270000457763672,1524200,28.350000381469727,27.3700008392334,18.968528747558594
12-12-2008,26.549999237060547,27.0,1594700,27.350000381469727,27.040000915527344,18.739822387695312
15-12-2008,26.690000534057617,27.360000610351562,1876300,27.559999465942383,27.309999465942383,18.926939010620117
16-12-2008,27.260000228881836,27.40999984741211,2688700,28.950000762939453,28.8700008392334,20.008085250854492
17-12-2008,28.350000381469727,29.0,1881600,29.540000915527344,28.959999084472656,20.07046127319336
18-12-2008,28.219999313354492,29.489999771118164,1816300,29.59000015258789,28.6299991607666,19.841758728027344
19-12-2008,28.489999771118164,28.93000030517578,2285100,29.59000015258789,29.170000076293945,20.21599578857422
22-12-2008,28.399999618530273,29.170000076293945,2349600,29.459999084472656,28.809999465942383,19.966506958007812
23-12-2008,28.459999084472656,28.6200008392334,1672300,29.690000534057617,28.989999771118164,20.091257095336914
24-12-2008,28.8799991607666,29.5,472300,29.670000076293945,29.1299991607666,20.188274383544922
26-12-2008,28.719999313354492,29.030000686645508,515200,29.299999237060547,29.040000915527344,20.125905990600586
29-12-2008,28.100000381469727,29.010000228881836,1683000,29.18000030517578,28.299999237060547,19.613052368164062
30-12-2008,28.139999389648438,28.389999389648438,1677200,29.040000915527344,29.020000457763672,20.112043380737305
31-12-2008,28.81999969482422,29.09000015258789,1314800,29.31999969482422,29.170000076293945,20.21599578857422
02-01-2009,28.709999084472656,29.360000610351562,1253400,29.90999984741211,29.600000381469727,20.514005661010742
05-01-2009,28.81999969482422,29.639999389648438,1887500,29.739999771118164,29.420000076293945,20.389263153076172
06-01-2009,28.670000076293945,29.43000030517578,2099100,29.690000534057617,29.280000686645508,20.292234420776367
07-01-2009,28.420000076293945,28.639999389648438,3111700,29.739999771118164,29.610000610351562,20.52093505859375
08-01-2009,28.049999237060547,29.31999969482422,2623200,29.440000534057617,28.899999618530273,20.02888298034668
09-01-2009,27.850000381469727,28.850000381469727,1683200,28.850000381469727,27.979999542236328,19.39127540588379
12-01-2009,26.989999771118164,27.90999984741211,2014300,28.139999389648438,27.200000762939453,18.850709915161133
13-01-2009,26.549999237060547,27.110000610351562,2181800,27.459999084472656,26.989999771118164,18.705167770385742
14-01-2009,26.059999465942383,26.690000534057617,1761500,26.739999771118164,26.469999313354492,18.34478187561035
15-01-2009,25.950000762939453,26.350000381469727,1743400,27.1299991607666,26.850000381469727,18.608144760131836
16-01-2009,26.329999923706055,27.049999237060547,1464000,27.09000015258789,26.889999389648438,18.635868072509766
20-01-2009,25.799999237060547,26.559999465942383,1938200,26.950000762939453,25.84000015258789,17.908178329467773
21-01-2009,25.790000915527344,26.06999969482422,2419700,26.959999084472656,26.950000762939453,18.677448272705078
22-01-2009,25.75,26.3799991607666,1904500,26.56999969482422,26.190000534057617,18.150737762451172
23-01-2009,25.479999542236328,25.709999084472656,1332900,26.25,25.84000015258789,17.908178329467773
26-01-2009,25.459999084472656,25.920000076293945,1128400,26.479999542236328,25.940000534057617,17.977474212646484
27-01-2009,25.700000762939453,25.959999084472656,1101200,26.309999465942383,26.059999465942383,18.06064224243164
28-01-2009,26.059999465942383,26.209999084472656,1332700,26.670000076293945,26.6200008392334,18.448747634887695
29-01-2009,25.290000915527344,26.1299991607666,1665800,26.530000686645508,25.5,17.67254066467285
30-01-2009,24.030000686645508,25.520000457763672,2414300,25.520000457763672,24.1299991607666,16.855270385742188
02-02-2009,21.68000030517578,22.469999313354492,6743000,22.549999237060547,21.93000030517578,15.318528175354004
03-02-2009,21.700000762939453,22.010000228881836,2746700,22.68000030517578,22.540000915527344,15.744629859924316
04-02-2009,21.899999618530273,22.40999984741211,1881100,22.719999313354492,22.59000015258789,15.77955150604248
05-02-2009,22.389999389648438,22.540000915527344,4561000,23.56999969482422,23.31999969482422,16.28947639465332
06-02-2009,23.010000228881836,23.200000762939453,2859600,23.770000457763672,23.540000915527344,16.44314193725586
09-02-2009,23.56999969482422,23.56999969482422,5320800,25.489999771118164,25.06999969482422,17.511878967285156
10-02-2009,24.15999984741211,24.790000915527344,3590100,25.1200008392334,24.229999542236328,16.925121307373047
11-02-2009,23.920000076293945,24.18000030517578,2872400,24.309999465942383,24.170000076293945,16.883209228515625
12-02-2009,23.18000030517578,23.84000015258789,3410700,24.149999618530273,24.010000228881836,16.771448135375977
13-02-2009,23.739999771118164,24.049999237060547,2154700,24.360000610351562,23.799999237060547,16.624755859375
17-02-2009,21.68000030517578,23.469999313354492,3163800,23.850000381469727,23.510000228881836,16.422189712524414
18-02-2009,23.020000457763672,23.700000762939453,2935600,23.700000762939453,23.329999923706055,16.296457290649414
19-02-2009,23.010000228881836,23.459999084472656,3623700,24.030000686645508,23.1299991607666,16.156755447387695
20-02-2009,22.799999237060547,23.0,5298400,23.549999237060547,23.200000762939453,16.205646514892578
23-02-2009,22.40999984741211,23.200000762939453,3189800,23.350000381469727,22.5,15.716687202453613
24-02-2009,22.360000610351562,22.709999084472656,3616300,23.040000915527344,22.8700008392334,15.975137710571289
25-02-2009,22.170000076293945,22.729999542236328,4359600,23.450000762939453,22.989999771118164,16.058961868286133
26-02-2009,22.469999313354492,23.1299991607666,2849000,23.469999313354492,22.579999923706055,15.772567749023438
27-02-2009,22.1200008392334,22.31999969482422,3298900,23.530000686645508,22.889999389648438,15.989108085632324
02-03-2009,22.329999923706055,22.739999771118164,3455900,23.0,22.510000228881836,15.723675727844238
03-03-2009,22.1200008392334,22.799999237060547,5406600,22.969999313354492,22.239999771118164,15.535069465637207
04-03-2009,21.600000381469727,22.579999923706055,4462200,22.809999465942383,22.420000076293945,15.660805702209473
05-03-2009,21.790000915527344,21.979999542236328,5132600,22.56999969482422,22.0,15.367425918579102
06-03-2009,21.43000030517578,21.940000534057617,3479300,22.360000610351562,22.06999969482422,15.416326522827148
09-03-2009,21.139999389648438,21.920000076293945,2772900,22.1200008392334,21.31999969482422,14.892433166503906
10-03-2009,21.31999969482422,21.59000015258789,2676500,22.440000534057617,22.350000381469727,15.611907958984375
11-03-2009,21.899999618530273,22.31999969482422,2506300,22.6299991607666,22.059999465942383,15.409337997436523
12-03-2009,21.84000015258789,21.979999542236328,2145100,23.18000030517578,23.079999923706055,16.121828079223633
13-03-2009,22.8799991607666,23.209999084472656,1957300,23.399999618530273,23.25,16.240568161010742
16-03-2009,22.700000762939453,23.40999984741211,2430100,23.459999084472656,22.780000686645508,15.912274360656738
17-03-2009,22.489999771118164,22.719999313354492,1939000,23.190000534057617,23.190000534057617,16.19866180419922
18-03-2009,22.8700008392334,23.329999923706055,2748500,23.940000534057617,23.700000762939453,16.554908752441406
19-03-2009,23.270000457763672,23.860000610351562,1619800,23.860000610351562,23.700000762939453,16.554908752441406
20-03-2009,23.190000534057617,23.709999084472656,1973200,23.950000762939453,23.299999237060547,16.27550506591797
23-03-2009,23.170000076293945,23.40999984741211,2306400,23.809999465942383,23.790000915527344,16.61778450012207
24-03-2009,22.8700008392334,23.459999084472656,2727400,23.700000762939453,22.920000076293945,16.010059356689453
25-03-2009,23.09000015258789,23.09000015258789,2839300,24.329999923706055,24.059999465942383,16.806371688842773
26-03-2009,24.139999389648438,24.25,3335700,25.559999465942383,25.260000228881836,17.644601821899414
27-03-2009,25.1299991607666,25.1299991607666,2385800,25.75,25.459999084472656,17.784297943115234
30-03-2009,24.290000915527344,24.8700008392334,3388600,25.329999923706055,24.93000030517578,17.414091110229492
31-03-2009,24.75,25.479999542236328,2333100,25.56999969482422,25.06999969482422,17.511878967285156
01-04-2009,24.760000228881836,24.93000030517578,2185200,25.350000381469727,25.239999771118164,17.630624771118164
02-04-2009,25.450000762939453,25.450000762939453,2393500,26.889999389648438,26.3700008392334,18.419954299926758
03-04-2009,26.09000015258789,26.489999771118164,1817200,26.739999771118164,26.739999771118164,18.678409576416016
06-04-2009,26.25,26.6200008392334,1650800,26.950000762939453,26.829999923706055,18.741270065307617
07-04-2009,25.610000610351562,26.520000457763672,1380300,26.700000762939453,25.690000534057617,17.944963455200195
08-04-2009,25.65999984741211,25.65999984741211,1986900,26.299999237060547,26.110000610351562,18.23833656311035
09-04-2009,26.270000457763672,26.549999237060547,1257900,26.860000610351562,26.860000610351562,18.762231826782227
13-04-2009,26.329999923706055,26.780000686645508,915400,26.84000015258789,26.690000534057617,18.643482208251953
14-04-2009,25.6299991607666,26.31999969482422,1732000,26.5,25.690000534057617,17.944963455200195
15-04-2009,25.260000228881836,25.690000534057617,1508000,26.1200008392334,25.549999237060547,17.84716796875
16-04-2009,25.559999465942383,25.770000457763672,2055700,26.389999389648438,26.190000534057617,18.294225692749023
17-04-2009,26.34000015258789,26.389999389648438,3413800,28.020000457763672,27.90999984741211,19.49567413330078
20-04-2009,26.809999465942383,27.489999771118164,3410800,29.229999542236328,27.15999984741211,18.971786499023438
21-04-2009,26.010000228881836,26.329999923706055,3380700,26.600000381469727,26.459999084472656,18.482820510864258
22-04-2009,26.420000076293945,26.530000686645508,3578600,28.260000228881836,27.68000030517578,19.33501434326172
23-04-2009,26.809999465942383,27.670000076293945,1977000,27.690000534057617,27.3700008392334,19.118478775024414
24-04-2009,27.350000381469727,27.639999389648438,1402600,28.25,27.75,19.383913040161133
27-04-2009,27.170000076293945,27.56999969482422,1752700,27.940000534057617,27.399999618530273,19.13943099975586
28-04-2009,27.0,27.1299991607666,1479800,28.1200008392334,27.709999084472656,19.355972290039062
29-04-2009,27.739999771118164,27.790000915527344,1735800,28.93000030517578,28.59000015258789,20.115859985351562
30-04-2009,26.399999618530273,28.860000610351562,4806600,28.889999389648438,26.65999984741211,18.75791358947754
01-05-2009,25.829999923706055,26.6200008392334,4400400,27.059999465942383,26.850000381469727,18.89159393310547
04-05-2009,26.8700008392334,27.0,3812100,27.8700008392334,27.84000015258789,19.588157653808594
05-05-2009,27.510000228881836,27.799999237060547,2799100,28.670000076293945,28.559999465942383,20.09474754333496
06-05-2009,27.459999084472656,28.6200008392334,2330000,29.059999465942383,27.780000686645508,19.545940399169922
07-05-2009,26.270000457763672,28.059999465942383,3343300,28.170000076293945,26.479999542236328,18.63126564025879
08-05-2009,25.649999618530273,26.56999969482422,3020500,26.899999618530273,26.059999465942383,18.335756301879883
11-05-2009,25.1299991607666,25.6299991607666,2696800,25.90999984741211,25.40999984741211,17.878414154052734
12-05-2009,24.600000381469727,25.59000015258789,2185200,25.610000610351562,24.829999923706055,17.470333099365234
13-05-2009,23.389999389648438,24.59000015258789,3589300,24.649999618530273,23.5,16.534542083740234
14-05-2009,23.030000686645508,23.68000030517578,2606000,24.059999465942383,23.1200008392334,16.267179489135742
15-05-2009,22.459999084472656,23.040000915527344,4785200,23.34000015258789,22.93000030517578,16.13349723815918
18-05-2009,23.030000686645508,23.1299991607666,3342100,23.90999984741211,23.90999984741211,16.823017120361328
19-05-2009,23.520000457763672,24.059999465942383,2239100,24.260000228881836,24.010000228881836,16.89337730407715
20-05-2009,23.329999923706055,24.1200008392334,2480100,24.440000534057617,23.450000762939453,16.499357223510742
21-05-2009,22.270000457763672,23.170000076293945,2563300,23.190000534057617,22.579999923706055,15.887239456176758
22-05-2009,22.579999923706055,23.049999237060547,2116100,23.5,22.739999771118164,15.999811172485352
26-05-2009,22.65999984741211,22.65999984741211,3039200,23.8700008392334,23.579999923706055,16.590824127197266
27-05-2009,23.049999237060547,23.729999542236328,3658000,23.729999542236328,23.170000076293945,16.30236053466797
28-05-2009,22.979999542236328,23.5,3686100,23.90999984741211,23.760000228881836,16.717479705810547
29-05-2009,23.760000228881836,23.809999465942383,4583800,25.40999984741211,25.40999984741211,17.878414154052734
01-06-2009,25.43000030517578,25.549999237060547,4312300,26.290000915527344,26.020000457763672,18.3076114654541
02-06-2009,25.770000457763672,26.200000762939453,2789600,26.489999771118164,26.010000228881836,18.30057716369629
03-06-2009,25.170000076293945,26.260000228881836,3170300,26.260000228881836,25.549999237060547,17.9769229888916
04-06-2009,24.950000762939453,25.809999465942383,2733500,25.809999465942383,25.649999618530273,18.047283172607422
05-06-2009,25.15999984741211,25.899999618530273,2411000,25.899999618530273,25.399999618530273,17.871376037597656
08-06-2009,24.920000076293945,25.489999771118164,2546200,25.510000228881836,25.3700008392334,17.850271224975586
09-06-2009,25.059999465942383,25.5,2226700,25.59000015258789,25.450000762939453,17.906557083129883
10-06-2009,25.450000762939453,25.649999618530273,4205100,26.520000457763672,25.989999771118164,18.286500930786133
11-06-2009,25.8700008392334,26.059999465942383,2403800,26.389999389648438,26.030000686645508,18.314645767211914
12-06-2009,24.739999771118164,25.489999771118164,3272700,25.649999618530273,25.09000015258789,17.653268814086914
15-06-2009,24.40999984741211,25.079999923706055,2734900,25.329999923706055,24.639999389648438,17.33664321899414
16-06-2009,24.280000686645508,24.920000076293945,2062800,25.040000915527344,24.280000686645508,17.083351135253906
17-06-2009,24.280000686645508,24.389999389648438,2227900,25.1299991607666,24.799999237060547,17.449220657348633
18-06-2009,24.610000610351562,24.8700008392334,1492300,25.09000015258789,24.770000457763672,17.428110122680664
19-06-2009,25.010000228881836,25.420000076293945,2265500,25.459999084472656,25.139999389648438,17.688446044921875
22-06-2009,24.299999237060547,25.0,2377900,25.059999465942383,24.299999237060547,17.097421646118164
23-06-2009,23.75,24.549999237060547,2585200,24.549999237060547,23.969999313354492,16.865230560302734
24-06-2009,23.59000015258789,24.110000610351562,2019200,24.450000762939453,23.770000457763672,16.724512100219727
25-06-2009,23.530000686645508,23.799999237060547,2100400,24.479999542236328,24.399999618530273,17.16778564453125
26-06-2009,24.170000076293945,24.469999313354492,2133500,24.75,24.469999313354492,17.21703338623047
29-06-2009,23.90999984741211,24.6299991607666,3039000,24.760000228881836,24.469999313354492,17.21703338623047
30-06-2009,24.09000015258789,24.6200008392334,2264400,24.760000228881836,24.239999771118164,17.05520248413086
01-07-2009,24.260000228881836,24.399999618530273,1518500,24.790000915527344,24.6299991607666,17.32960319519043
02-07-2009,23.8700008392334,24.440000534057617,2073800,24.6299991607666,23.8799991607666,16.801908493041992
06-07-2009,23.270000457763672,23.780000686645508,2090700,24.0,23.56999969482422,16.583797454833984
07-07-2009,23.0,23.459999084472656,1577200,23.520000457763672,23.040000915527344,16.210895538330078
08-07-2009,22.790000915527344,23.0,2035600,23.219999313354492,23.170000076293945,16.30236053466797
09-07-2009,22.920000076293945,23.309999465942383,2009400,23.3700008392334,23.170000076293945,16.30236053466797
10-07-2009,22.920000076293945,23.1200008392334,2014400,23.31999969482422,23.190000534057617,16.316429138183594
13-07-2009,22.920000076293945,23.260000228881836,2330800,23.790000915527344,23.690000534057617,16.668224334716797
14-07-2009,23.350000381469727,23.690000534057617,2167100,23.920000076293945,23.860000610351562,16.787837982177734
15-07-2009,23.899999618530273,24.079999923706055,1907900,24.530000686645508,24.489999771118164,17.231101989746094
16-07-2009,24.299999237060547,24.399999618530273,2053200,24.84000015258789,24.770000457763672,17.428110122680664
17-07-2009,24.899999618530273,24.899999618530273,3938400,25.600000381469727,25.3799991607666,17.857309341430664
20-07-2009,25.93000030517578,26.469999313354492,5697300,26.850000381469727,26.450000762939453,18.610157012939453
21-07-2009,25.93000030517578,26.450000762939453,2101400,26.770000457763672,26.3799991607666,18.560903549194336
22-07-2009,25.809999465942383,26.329999923706055,2294400,26.540000915527344,26.170000076293945,18.41315269470215
23-07-2009,25.950000762939453,26.149999618530273,2513200,26.610000610351562,26.610000610351562,18.722736358642578
24-07-2009,25.950000762939453,26.530000686645508,2425600,26.649999618530273,26.489999771118164,18.638303756713867
27-07-2009,25.65999984741211,26.530000686645508,2096400,26.600000381469727,26.25,18.469440460205078
28-07-2009,25.860000610351562,26.100000381469727,1505900,26.209999084472656,26.020000457763672,18.3076114654541
29-07-2009,25.8700008392334,25.950000762939453,1884700,26.399999618530273,26.290000915527344,18.497583389282227
30-07-2009,26.110000610351562,26.479999542236328,1917300,26.65999984741211,26.15999984741211,18.547216415405273
31-07-2009,26.149999618530273,26.149999618530273,2434500,26.969999313354492,26.5,18.78827476501465
03-08-2009,26.139999389648438,26.8799991607666,2404600,26.8799991607666,26.239999771118164,18.60393524169922
04-08-2009,26.149999618530273,26.239999771118164,1908300,26.3700008392334,26.3700008392334,18.69609832763672
05-08-2009,25.90999984741211,26.299999237060547,1734000,26.6200008392334,26.170000076293945,18.554304122924805
06-08-2009,26.049999237060547,26.34000015258789,1702000,26.469999313354492,26.190000534057617,18.568485260009766
07-08-2009,26.3799991607666,26.520000457763672,1521000,27.06999969482422,26.969999313354492,19.121498107910156
10-08-2009,26.5,27.1299991607666,2102100,27.1299991607666,26.760000228881836,18.972606658935547
11-08-2009,26.360000610351562,26.700000762939453,1517700,26.719999313354492,26.549999237060547,18.823719024658203
12-08-2009,26.309999465942383,26.56999969482422,1972100,26.8700008392334,26.399999618530273,18.717369079589844
13-08-2009,26.290000915527344,26.559999465942383,1804700,26.979999542236328,26.90999984741211,19.078956604003906
14-08-2009,26.440000534057617,27.010000228881836,1393600,27.020000457763672,26.610000610351562,18.866262435913086
17-08-2009,25.93000030517578,26.420000076293945,2021800,26.420000076293945,26.0,18.43376922607422
18-08-2009,25.899999618530273,26.110000610351562,1658300,26.299999237060547,26.09000015258789,18.497581481933594
19-08-2009,25.719999313354492,25.93000030517578,1534500,26.209999084472656,26.110000610351562,18.511764526367188
20-08-2009,25.81999969482422,26.079999923706055,1853000,26.190000534057617,25.93000030517578,18.38414192199707
21-08-2009,26.010000228881836,26.010000228881836,2231600,27.010000228881836,27.010000228881836,19.149852752685547
24-08-2009,26.969999313354492,27.049999237060547,2905100,27.3799991607666,27.25,19.320009231567383
25-08-2009,27.219999313354492,27.360000610351562,2104700,27.850000381469727,27.780000686645508,19.69577980041504
26-08-2009,27.549999237060547,27.719999313354492,2195100,28.0,27.829999923706055,19.731224060058594
27-08-2009,27.6200008392334,27.709999084472656,2629500,28.280000686645508,28.110000610351562,19.929752349853516
28-08-2009,28.079999923706055,28.260000228881836,2670700,28.399999618530273,28.329999923706055,20.085725784301758
31-08-2009,27.889999389648438,28.40999984741211,3403000,28.450000762939453,28.389999389648438,20.128259658813477
01-09-2009,27.65999984741211,28.280000686645508,4244600,28.75,27.8799991607666,19.76667594909668
02-09-2009,27.6299991607666,27.850000381469727,2483900,28.0,27.700000762939453,19.639060974121094
03-09-2009,27.65999984741211,27.780000686645508,3291200,28.479999542236328,28.43000030517578,20.156620025634766
04-09-2009,28.350000381469727,28.440000534057617,2285300,28.739999771118164,28.690000534057617,20.34096336364746
08-09-2009,28.670000076293945,28.850000381469727,2430700,29.09000015258789,28.809999465942383,20.42603874206543
09-09-2009,28.3700008392334,28.889999389648438,2471700,28.90999984741211,28.600000381469727,20.277158737182617
10-09-2009,28.280000686645508,28.700000762939453,2299600,28.700000762939453,28.440000534057617,20.163711547851562
11-09-2009,28.219999313354492,28.520000457763672,1590700,28.600000381469727,28.3700008392334,20.11408233642578
14-09-2009,28.1200008392334,28.260000228881836,2328200,28.75,28.75,20.383501052856445
15-09-2009,28.469999313354492,28.709999084472656,2404900,28.8799991607666,28.600000381469727,20.277158737182617
16-09-2009,28.65999984741211,28.65999984741211,2851800,29.040000915527344,28.809999465942383,20.42603874206543
17-09-2009,28.520000457763672,28.75,2461100,28.979999542236328,28.75,20.383501052856445
18-09-2009,28.760000228881836,28.920000076293945,2685100,29.360000610351562,28.899999618530273,20.489850997924805
21-09-2009,28.469999313354492,28.809999465942383,1395800,28.809999465942383,28.5,20.20625114440918
22-09-2009,28.229999542236328,28.690000534057617,2128700,28.780000686645508,28.399999618530273,20.13534927368164
23-09-2009,27.809999465942383,28.600000381469727,2707000,28.670000076293945,27.8799991607666,19.76667594909668
24-09-2009,27.209999084472656,28.049999237060547,2849000,28.049999237060547,27.309999465942383,19.362552642822266
25-09-2009,26.979999542236328,27.329999923706055,1896700,27.3799991607666,27.18000030517578,19.2703857421875
28-09-2009,27.139999389648438,27.350000381469727,2024000,27.6299991607666,27.200000762939453,19.284555435180664
29-09-2009,27.280000686645508,27.3799991607666,1789600,27.760000228881836,27.530000686645508,19.51852798461914
30-09-2009,27.1200008392334,27.6299991607666,2526600,27.809999465942383,27.75,19.67450714111328
01-10-2009,27.239999771118164,27.639999389648438,2724900,27.729999542236328,27.260000228881836,19.327102661132812
02-10-2009,26.93000030517578,27.110000610351562,2096600,27.200000762939453,27.06999969482422,19.19239044189453
05-10-2009,26.950000762939453,27.15999984741211,1799800,27.280000686645508,27.219999313354492,19.298742294311523
06-10-2009,27.239999771118164,27.299999237060547,1962500,27.739999771118164,27.649999618530273,19.603607177734375
07-10-2009,27.3700008392334,27.68000030517578,1591100,27.81999969482422,27.479999542236328,19.483081817626953
08-10-2009,27.65999984741211,27.700000762939453,1511100,28.200000762939453,28.010000228881836,19.858850479125977
09-10-2009,27.829999923706055,28.049999237060547,1542000,28.190000534057617,28.18000030517578,19.979379653930664
12-10-2009,28.139999389648438,28.299999237060547,2646800,28.610000610351562,28.139999389648438,19.95101547241211
13-10-2009,28.100000381469727,28.100000381469727,1153000,28.530000686645508,28.3799991607666,20.12116813659668
14-10-2009,28.31999969482422,28.610000610351562,1676000,28.719999313354492,28.479999542236328,20.19207191467285
15-10-2009,28.280000686645508,28.280000686645508,1512000,28.799999237060547,28.690000534057617,20.34096336364746
16-10-2009,28.540000915527344,28.639999389648438,4746800,29.68000030517578,29.520000457763672,20.92942237854004
19-10-2009,28.030000686645508,29.700000762939453,6066800,29.799999237060547,28.420000076293945,20.149538040161133
20-10-2009,27.90999984741211,28.510000228881836,2303800,28.510000228881836,28.110000610351562,19.929752349853516
21-10-2009,28.110000610351562,28.190000534057617,2622600,28.600000381469727,28.1299991607666,19.943925857543945
22-10-2009,27.84000015258789,28.219999313354492,2186500,28.530000686645508,28.3799991607666,20.12116813659668
23-10-2009,27.979999542236328,28.59000015258789,1764000,28.59000015258789,28.030000686645508,19.87302589416504
26-10-2009,28.1299991607666,28.149999618530273,1889800,28.719999313354492,28.190000534057617,19.986467361450195
27-10-2009,27.65999984741211,28.209999084472656,2068700,28.280000686645508,27.729999542236328,19.66033172607422
28-10-2009,27.010000228881836,27.84000015258789,2800100,27.940000534057617,27.1200008392334,19.227846145629883
29-10-2009,27.059999465942383,27.149999618530273,1679100,27.59000015258789,27.5,19.64211654663086
30-10-2009,26.950000762939453,27.489999771118164,2963100,27.670000076293945,27.270000457763672,19.477828979492188
02-11-2009,26.81999969482422,27.229999542236328,2849600,27.709999084472656,27.649999618530273,19.749250411987305
03-11-2009,27.239999771118164,27.579999923706055,1941200,27.790000915527344,27.649999618530273,19.749250411987305
04-11-2009,27.540000915527344,27.780000686645508,2049100,28.049999237060547,27.760000228881836,19.827817916870117
05-11-2009,27.639999389648438,27.920000076293945,1768700,28.110000610351562,27.729999542236328,19.806400299072266
06-11-2009,27.59000015258789,27.770000457763672,1963800,28.0,27.90999984741211,19.934959411621094
09-11-2009,28.389999389648438,28.540000915527344,4651300,29.0,28.75,20.534942626953125
10-11-2009,28.56999969482422,28.729999542236328,2010800,28.889999389648438,28.809999465942383,20.577789306640625
11-11-2009,28.8700008392334,28.989999771118164,2255200,29.3700008392334,29.219999313354492,20.870643615722656
12-11-2009,28.829999923706055,29.299999237060547,2066000,29.450000762939453,28.899999618530273,20.64207649230957
13-11-2009,28.8799991607666,28.989999771118164,2343700,29.25,29.100000381469727,20.78492546081543
16-11-2009,29.299999237060547,29.3700008392334,2998800,30.149999618530273,30.149999618530273,21.53489875793457
17-11-2009,29.760000228881836,30.290000915527344,1760300,30.290000915527344,29.860000610351562,21.32776641845703
18-11-2009,29.829999923706055,30.1299991607666,2282800,30.31999969482422,29.959999084472656,21.399192810058594
19-11-2009,29.1299991607666,29.940000534057617,2097600,29.989999771118164,29.3700008392334,20.977779388427734
20-11-2009,28.950000762939453,29.399999618530273,2070600,29.399999618530273,29.100000381469727,20.78492546081543
23-11-2009,29.079999923706055,29.709999084472656,2501700,30.18000030517578,29.25,20.892061233520508
24-11-2009,28.940000534057617,29.329999923706055,1743700,29.440000534057617,29.020000457763672,20.727787017822266
25-11-2009,29.079999923706055,29.110000610351562,1267100,29.700000762939453,29.59000015258789,21.13491439819336
27-11-2009,29.0,29.25,769700,29.489999771118164,29.34000015258789,20.956344604492188
30-11-2009,29.25,29.489999771118164,2606600,29.670000076293945,29.649999618530273,21.17776870727539
01-12-2009,29.90999984741211,29.920000076293945,2076800,30.209999084472656,30.049999237060547,21.463470458984375
02-12-2009,30.100000381469727,30.170000076293945,2064400,30.709999084472656,30.510000228881836,21.79203224182129
03-12-2009,30.059999465942383,30.459999084472656,1296600,30.739999771118164,30.09000015258789,21.492040634155273
04-12-2009,29.809999465942383,30.350000381469727,1512300,30.729999542236328,30.18000030517578,21.556318283081055
07-12-2009,30.280000686645508,30.280000686645508,1934600,31.18000030517578,30.829999923706055,22.02059555053711
08-12-2009,30.350000381469727,30.8700008392334,1435100,30.8700008392334,30.399999618530273,21.713464736938477
09-12-2009,29.68000030517578,30.389999389648438,2248200,30.389999389648438,30.209999084472656,21.5777530670166
10-12-2009,30.329999923706055,30.329999923706055,1609300,30.81999969482422,30.489999771118164,21.77774429321289
11-12-2009,30.459999084472656,30.68000030517578,1239600,30.940000534057617,30.829999923706055,22.02059555053711
14-12-2009,30.8700008392334,30.989999771118164,1739100,31.31999969482422,31.170000076293945,22.263437271118164
15-12-2009,30.989999771118164,31.1200008392334,2000400,31.770000457763672,31.5,22.4991455078125
16-12-2009,31.530000686645508,31.709999084472656,1341900,32.040000915527344,31.6299991607666,22.59200096130371
17-12-2009,31.040000915527344,31.3700008392334,1189500,31.700000762939453,31.530000686645508,22.520580291748047
18-12-2009,31.3799991607666,31.610000610351562,1800800,31.770000457763672,31.6200008392334,22.584857940673828
21-12-2009,31.90999984741211,31.989999771118164,1412400,32.470001220703125,32.0,22.856277465820312
22-12-2009,31.81999969482422,32.220001220703125,1286900,32.25,31.889999389648438,22.777708053588867
23-12-2009,31.75,31.81999969482422,759800,32.150001525878906,32.11000061035156,22.934850692749023
24-12-2009,31.889999389648438,32.099998474121094,345300,32.189998626708984,32.16999816894531,22.977703094482422
28-12-2009,32.11000061035156,32.2400016784668,675800,32.36000061035156,32.290000915527344,23.06340789794922
29-12-2009,32.09000015258789,32.400001525878906,770700,32.43000030517578,32.099998474121094,22.927705764770508
30-12-2009,32.0,32.13999938964844,746300,32.439998626708984,32.43000030517578,23.163415908813477
31-12-2009,32.060001373291016,32.369998931884766,891100,32.56999969482422,32.060001373291016,22.899131774902344
04-01-2010,32.31999969482422,32.529998779296875,1652600,32.75,32.540000915527344,23.241975784301758
05-01-2010,31.850000381469727,32.630001068115234,1646900,32.630001068115234,32.18000030517578,22.98484230041504
06-01-2010,31.700000762939453,32.220001220703125,1307500,32.220001220703125,32.150001525878906,22.963415145874023
07-01-2010,31.3700008392334,32.060001373291016,3140300,32.2599983215332,31.690000534057617,22.63486099243164
08-01-2010,31.469999313354492,32.09000015258789,2699600,32.34000015258789,31.770000457763672,22.692001342773438
11-01-2010,31.5,31.899999618530273,1082500,32.0,31.739999771118164,22.670564651489258
12-01-2010,31.040000915527344,31.649999618530273,3105500,31.690000534057617,31.239999771118164,22.31344223022461
13-01-2010,31.200000762939453,31.219999313354492,1277300,31.760000228881836,31.690000534057617,22.63486099243164
14-01-2010,31.510000228881836,31.610000610351562,1269000,32.06999969482422,32.02000045776367,22.870561599731445
15-01-2010,31.700000762939453,31.989999771118164,2017200,32.2400016784668,32.15999984741211,22.970556259155273
19-01-2010,31.979999542236328,32.18000030517578,998500,32.43000030517578,32.33000183105469,23.091983795166016
20-01-2010,31.799999237060547,32.08000183105469,1499100,32.310001373291016,32.2599983215332,23.041980743408203
21-01-2010,32.0,32.150001525878906,2252400,32.540000915527344,32.099998474121094,22.927705764770508
22-01-2010,31.229999542236328,32.0,1615100,32.27000045776367,31.290000915527344,22.349159240722656
25-01-2010,31.209999084472656,31.450000762939453,1101000,31.6200008392334,31.420000076293945,22.44200897216797
26-01-2010,31.25,31.299999237060547,1045500,31.59000015258789,31.280000686645508,22.34201431274414
27-01-2010,31.010000228881836,31.209999084472656,1042300,31.530000686645508,31.489999771118164,22.49200439453125
28-01-2010,31.219999313354492,31.559999465942383,971500,31.729999542236328,31.540000915527344,22.527719497680664
29-01-2010,30.530000686645508,31.6200008392334,2446200,31.6200008392334,30.549999237060547,21.95985221862793
01-02-2010,30.549999237060547,30.719999313354492,2397600,31.3799991607666,31.190000534057617,22.419897079467773
02-02-2010,31.06999969482422,31.270000457763672,2635000,32.0099983215332,31.959999084472656,22.973386764526367
03-02-2010,31.690000534057617,31.850000381469727,1631600,32.22999954223633,32.06999969482422,23.052448272705078
04-02-2010,31.219999313354492,31.84000015258789,2043400,32.029998779296875,31.260000228881836,22.470212936401367
05-02-2010,30.200000762939453,31.200000762939453,2782800,31.350000381469727,30.799999237060547,22.13955307006836
08-02-2010,33.529998779296875,33.650001525878906,11443600,35.189998626708984,34.709999084472656,24.950138092041016
09-02-2010,34.470001220703125,34.7599983215332,4256100,35.279998779296875,35.060001373291016,25.201717376708984
10-02-2010,34.88999938964844,35.040000915527344,3308300,35.61000061035156,35.29999923706055,25.37423324584961
11-02-2010,35.060001373291016,35.33000183105469,2432600,36.189998626708984,36.13999938964844,25.978044509887695
12-02-2010,35.470001220703125,35.91999816894531,4321800,36.0,35.54999923706055,25.553936004638672
16-02-2010,34.7599983215332,35.84000015258789,3858100,35.97999954223633,35.029998779296875,25.180150985717773
17-02-2010,35.02000045776367,35.13999938964844,1485800,35.5099983215332,35.43000030517578,25.467681884765625
18-02-2010,35.18000030517578,35.33000183105469,1821500,35.81999969482422,35.7599983215332,25.704875946044922
19-02-2010,35.369998931884766,35.619998931884766,1565200,35.9900016784668,35.79999923706055,25.733638763427734
22-02-2010,35.41999816894531,35.90999984741211,1627800,35.91999816894531,35.52000045776367,25.532379150390625
23-02-2010,35.04999923706055,35.5,1283800,35.540000915527344,35.279998779296875,25.3598575592041
24-02-2010,35.11000061035156,35.47999954223633,1461100,35.540000915527344,35.47999954223633,25.503616333007812
25-02-2010,34.650001525878906,35.20000076293945,2058100,35.7400016784668,35.689998626708984,25.654565811157227
26-02-2010,35.40999984741211,35.529998779296875,1570700,35.9900016784668,35.779998779296875,25.71926498413086
01-03-2010,35.5,35.79999923706055,1668600,36.189998626708984,36.060001373291016,25.9205379486084
02-03-2010,36.04999923706055,36.15999984741211,2394400,36.68000030517578,36.61000061035156,26.315881729125977
03-03-2010,36.29999923706055,36.59000015258789,1665100,36.66999816894531,36.33000183105469,26.114612579345703
04-03-2010,36.310001373291016,36.310001373291016,1514500,36.72999954223633,36.72999954223633,26.402135848999023
05-03-2010,36.61000061035156,36.939998626708984,1363900,37.52000045776367,37.470001220703125,26.934064865112305
08-03-2010,37.290000915527344,37.470001220703125,1398500,37.72999954223633,37.5,26.95562744140625
09-03-2010,37.400001525878906,37.400001525878906,1147600,37.93000030517578,37.68000030517578,27.085010528564453
10-03-2010,37.43000030517578,37.66999816894531,1623000,38.0099983215332,38.0099983215332,27.32222557067871
11-03-2010,37.650001525878906,37.900001525878906,897900,38.150001525878906,38.09000015258789,27.37972068786621
12-03-2010,37.75,38.81999969482422,942300,38.81999969482422,38.20000076293945,27.45879554748535
15-03-2010,37.38999938964844,37.61000061035156,1839200,37.90999984741211,37.630001068115234,27.0490665435791
16-03-2010,37.63999938964844,37.68000030517578,1767000,38.130001068115234,37.849998474121094,27.207212448120117
17-03-2010,37.77000045776367,37.97999954223633,1404400,38.2400016784668,38.13999938964844,27.41567039489746
18-03-2010,37.91999816894531,38.209999084472656,1110700,38.34000015258789,38.099998474121094,27.386920928955078
19-03-2010,37.849998474121094,37.88999938964844,1436300,38.34000015258789,37.88999938964844,27.235971450805664
22-03-2010,37.79999923706055,38.0099983215332,1408500,38.29999923706055,38.25,27.49474334716797
23-03-2010,37.900001525878906,38.38999938964844,1177600,38.5,38.22999954223633,27.480377197265625
24-03-2010,37.790000915527344,38.150001525878906,1344500,38.290000915527344,38.060001373291016,27.358171463012695
25-03-2010,38.06999969482422,38.18000030517578,1809500,38.56999969482422,38.099998474121094,27.386920928955078
26-03-2010,38.11000061035156,38.13999938964844,1676400,38.68000030517578,38.40999984741211,27.609756469726562
29-03-2010,38.560001373291016,38.560001373291016,2225300,39.22999954223633,39.220001220703125,28.191997528076172
30-03-2010,39.029998779296875,39.22999954223633,1140700,39.59000015258789,39.04999923706055,28.06978988647461
31-03-2010,38.25,39.04999923706055,1372400,39.06999969482422,38.279998779296875,27.51630210876465
01-04-2010,38.119998931884766,38.54999923706055,1591400,38.779998779296875,38.36000061035156,27.573810577392578
05-04-2010,38.290000915527344,38.290000915527344,1282300,39.209999084472656,39.130001068115234,28.127300262451172
06-04-2010,38.4900016784668,39.189998626708984,1557500,39.189998626708984,38.93000030517578,27.98354721069336
07-04-2010,38.130001068115234,38.83000183105469,1089900,39.0,38.400001525878906,27.602561950683594
08-04-2010,38.0,38.31999969482422,870100,38.75,38.66999816894531,27.796642303466797
09-04-2010,38.439998626708984,38.79999923706055,1323800,39.0,38.93000030517578,27.98354721069336
12-04-2010,38.81999969482422,39.06999969482422,1007400,39.2400016784668,39.099998474121094,28.10573387145996
13-04-2010,39.06999969482422,39.2400016784668,965800,39.43000030517578,39.310001373291016,28.256685256958008
14-04-2010,39.220001220703125,39.33000183105469,1190700,39.58000183105469,39.52000045776367,28.407634735107422
15-04-2010,39.38999938964844,39.560001373291016,1301500,40.25,40.13999938964844,28.853300094604492
16-04-2010,39.779998779296875,40.400001525878906,2632300,40.529998779296875,39.849998474121094,28.644853591918945
19-04-2010,39.91999816894531,40.369998931884766,4461900,41.0,40.90999984741211,29.40679359436035
20-04-2010,40.72999954223633,41.209999084472656,1939400,41.5,40.95000076293945,29.4355525970459
21-04-2010,39.810001373291016,40.63999938964844,2152500,40.72999954223633,40.130001068115234,28.846118927001953
22-04-2010,39.66999816894531,39.880001068115234,1113600,40.459999084472656,40.40999984741211,29.04738998413086
23-04-2010,40.099998474121094,40.470001220703125,1378400,40.72999954223633,40.529998779296875,29.133642196655273
26-04-2010,40.38999938964844,40.689998626708984,1531000,41.0,40.40999984741211,29.04738998413086
27-04-2010,39.310001373291016,40.189998626708984,1984000,40.58000183105469,39.439998626708984,28.35013198852539
28-04-2010,38.75,39.459999084472656,1896400,39.7599983215332,39.029998779296875,28.0554141998291
29-04-2010,38.66999816894531,39.060001373291016,1570000,39.400001525878906,39.31999969482422,28.446081161499023
30-04-2010,38.31999969482422,39.31999969482422,2156400,39.58000183105469,38.36000061035156,27.751571655273438
03-05-2010,38.459999084472656,38.470001220703125,1996800,40.29999923706055,40.119998931884766,29.02484703063965
04-05-2010,38.779998779296875,40.18000030517578,3052800,40.349998474121094,38.939998626708984,28.171167373657227
05-05-2010,38.439998626708984,38.54999923706055,2650900,39.810001373291016,39.5,28.576311111450195
06-05-2010,36.0,39.34000015258789,4113400,39.900001525878906,39.290000915527344,28.424381256103516
07-05-2010,38.310001373291016,39.0099983215332,4268600,39.599998474121094,38.970001220703125,28.19287872314453
10-05-2010,39.900001525878906,40.38999938964844,2804000,40.900001525878906,40.79999923706055,29.51678466796875
11-05-2010,40.349998474121094,40.5,3953000,42.189998626708984,41.279998779296875,29.864038467407227
12-05-2010,41.47999954223633,41.54999923706055,2864800,42.4900016784668,42.400001525878906,30.67430877685547
13-05-2010,40.75,41.810001373291016,2130500,42.20000076293945,40.849998474121094,29.55296516418457
14-05-2010,39.599998474121094,40.25,2128700,40.59000015258789,40.279998779296875,29.140588760375977
17-05-2010,40.099998474121094,40.279998779296875,2811100,41.650001525878906,41.52000045776367,30.037670135498047
18-05-2010,41.11000061035156,41.599998474121094,3804400,42.59000015258789,41.619998931884766,30.110008239746094
19-05-2010,40.66999816894531,41.47999954223633,2265300,41.97999954223633,41.08000183105469,29.7193546295166
20-05-2010,39.5,40.11000061035156,3560900,40.63999938964844,39.77000045776367,28.771636962890625
21-05-2010,38.75,39.09000015258789,5254900,40.20000076293945,39.529998779296875,28.598003387451172
24-05-2010,39.27000045776367,39.5099983215332,2505900,39.93000030517578,39.310001373291016,28.4388484954834
25-05-2010,36.5,38.4900016784668,3281700,38.939998626708984,38.939998626708984,28.171167373657227
26-05-2010,39.310001373291016,39.47999954223633,3924300,40.18000030517578,39.54999923706055,28.612472534179688
27-05-2010,40.06999969482422,40.38999938964844,2480500,40.59000015258789,40.56999969482422,29.35039520263672
28-05-2010,39.91999816894531,40.66999816894531,1903600,40.84000015258789,40.150001525878906,29.046550750732422
01-06-2010,39.33000183105469,39.72999954223633,1453100,40.38999938964844,39.36000061035156,28.475027084350586
02-06-2010,39.22999954223633,39.56999969482422,1697000,40.29999923706055,40.29999923706055,29.15506935119629
03-06-2010,39.54999923706055,40.54999923706055,2379700,40.81999969482422,39.7599983215332,28.764387130737305
04-06-2010,38.599998474121094,38.849998474121094,2712300,39.849998474121094,39.13999938964844,28.31586265563965
07-06-2010,38.33000183105469,39.27000045776367,1787700,39.47999954223633,38.41999816894531,27.79497718811035
08-06-2010,37.38999938964844,38.40999984741211,3411800,38.720001220703125,38.11000061035156,27.570707321166992
09-06-2010,38.16999816894531,38.29999923706055,1673900,39.310001373291016,38.439998626708984,27.809436798095703
10-06-2010,39.0,39.0,3236100,40.630001068115234,40.56999969482422,29.35039520263672
11-06-2010,39.54999923706055,40.27000045776367,2386800,40.540000915527344,40.38999938964844,29.220170974731445
14-06-2010,40.47999954223633,40.75,1727100,41.209999084472656,40.5099983215332,29.306991577148438
15-06-2010,41.0,41.0,1445300,41.86000061035156,41.849998474121094,30.276412963867188
16-06-2010,41.40999984741211,41.61000061035156,2502600,43.029998779296875,42.68000030517578,30.876876831054688
17-06-2010,42.540000915527344,42.970001220703125,2129800,43.099998474121094,42.869998931884766,31.014333724975586
18-06-2010,42.7400016784668,43.0099983215332,1978500,43.38999938964844,42.880001068115234,31.021556854248047
21-06-2010,42.0,43.279998779296875,2400600,43.380001068115234,42.209999084472656,30.5368595123291
22-06-2010,41.16999816894531,42.36000061035156,2657100,42.66999816894531,41.27000045776367,29.856809616088867
23-06-2010,40.619998931884766,41.290000915527344,2588000,41.4900016784668,41.119998931884766,29.748302459716797
24-06-2010,41.54999923706055,42.18000030517578,9033900,43.709999084472656,42.86000061035156,31.00710105895996
25-06-2010,41.790000915527344,42.810001373291016,4663600,43.220001220703125,43.0,31.108388900756836
28-06-2010,42.560001373291016,43.060001373291016,1292300,43.5099983215332,42.959999084472656,31.079450607299805
29-06-2010,41.72999954223633,42.31999969482422,2376100,42.720001220703125,42.040000915527344,30.413875579833984
30-06-2010,41.040000915527344,41.900001525878906,2359900,42.38999938964844,41.099998474121094,29.73382568359375
01-07-2010,40.56999969482422,41.25,3674700,41.709999084472656,40.849998474121094,29.55296516418457
02-07-2010,40.189998626708984,41.060001373291016,2389600,41.060001373291016,40.45000076293945,29.26358413696289
06-07-2010,39.720001220703125,40.709999084472656,2522700,41.15999984741211,40.08000183105469,28.99590492248535
07-07-2010,39.91999816894531,40.0099983215332,1996600,41.11000061035156,41.04999923706055,29.697654724121094
08-07-2010,40.66999816894531,41.29999923706055,1461600,41.52000045776367,41.040000915527344,29.69042205810547
09-07-2010,40.90999984741211,41.22999954223633,1215300,41.65999984741211,41.59000015258789,30.088314056396484
12-07-2010,41.5,41.58000183105469,1248900,42.20000076293945,41.77000045776367,30.21854019165039
13-07-2010,41.810001373291016,42.18000030517578,1484300,42.470001220703125,42.16999816894531,30.50792121887207
14-07-2010,41.38999938964844,42.189998626708984,2799900,42.189998626708984,41.4900016784668,30.015972137451172
15-07-2010,40.70000076293945,41.5,2897400,41.790000915527344,41.09000015258789,29.726594924926758
16-07-2010,39.279998779296875,40.689998626708984,3541700,40.90999984741211,39.5,28.576311111450195
19-07-2010,37.650001525878906,37.939998626708984,4868500,40.0,39.349998474121094,28.467790603637695
20-07-2010,38.93000030517578,39.08000183105469,3367000,41.0099983215332,40.790000915527344,29.509550094604492
21-07-2010,39.2599983215332,41.0,4370800,41.099998474121094,39.34000015258789,28.460554122924805
22-07-2010,39.72999954223633,39.72999954223633,1528000,40.650001525878906,40.099998474121094,29.01038360595703
23-07-2010,40.099998474121094,40.11000061035156,1305900,41.029998779296875,40.95000076293945,29.62531852722168
26-07-2010,40.79999923706055,41.11000061035156,2437800,42.560001373291016,42.5,30.746658325195312
27-07-2010,41.880001068115234,42.459999084472656,1252200,42.54999923706055,42.09000015258789,30.450031280517578
28-07-2010,41.27000045776367,42.0099983215332,1201500,42.38999938964844,41.529998779296875,30.04490852355957
29-07-2010,41.02000045776367,41.54999923706055,1597400,42.369998931884766,41.83000183105469,30.445219039916992
30-07-2010,41.41999816894531,41.41999816894531,2410400,42.470001220703125,42.150001525878906,30.67812156677246
02-08-2010,42.689998626708984,42.79999923706055,1638100,43.209999084472656,43.09000015258789,31.362287521362305
03-08-2010,42.34000015258789,43.150001525878906,1246300,43.220001220703125,42.43000030517578,30.88191795349121
04-08-2010,42.349998474121094,42.5099983215332,1054800,43.619998931884766,43.560001373291016,31.704378128051758
05-08-2010,43.22999954223633,43.439998626708984,1162400,43.58000183105469,43.52000045776367,31.67525291442871
06-08-2010,42.41999816894531,43.0,1585000,43.31999969482422,43.31999969482422,31.52968978881836
09-08-2010,43.54999923706055,43.560001373291016,1305600,44.11000061035156,43.709999084472656,31.813547134399414
10-08-2010,42.95000076293945,43.31999969482422,1673500,43.86000061035156,43.72999954223633,31.828105926513672
11-08-2010,42.400001525878906,43.130001068115234,1046700,43.130001068115234,42.52000045776367,30.947425842285156
12-08-2010,41.790000915527344,42.0099983215332,1373300,42.65999984741211,42.47999954223633,30.918312072753906
13-08-2010,42.29999923706055,42.439998626708984,1579800,42.95000076293945,42.779998779296875,31.13665771484375
16-08-2010,42.18000030517578,42.400001525878906,814100,42.86000061035156,42.790000915527344,31.143930435180664
17-08-2010,42.970001220703125,43.150001525878906,1844300,44.16999816894531,43.869998931884766,31.929996490478516
18-08-2010,43.709999084472656,44.040000915527344,1181600,44.59000015258789,43.9900016784668,32.017333984375
19-08-2010,42.529998779296875,43.849998474121094,1018400,43.88999938964844,43.0099983215332,31.304059982299805
20-08-2010,41.93000030517578,42.599998474121094,1232500,42.81999969482422,42.470001220703125,30.911039352416992
23-08-2010,42.189998626708984,42.66999816894531,1164000,42.95000076293945,42.189998626708984,30.707246780395508
24-08-2010,41.08000183105469,41.869998931884766,1708200,41.869998931884766,41.20000076293945,29.9866886138916
25-08-2010,40.13999938964844,40.91999816894531,2209600,41.119998931884766,41.02000045776367,29.855674743652344
26-08-2010,40.369998931884766,41.130001068115234,1378000,41.279998779296875,40.38999938964844,29.397130966186523
27-08-2010,40.02000045776367,40.54999923706055,2983900,41.060001373291016,40.939998626708984,29.797456741333008
30-08-2010,40.11000061035156,40.900001525878906,818700,41.13999938964844,40.150001525878906,29.22246742248535
31-08-2010,39.56999969482422,39.91999816894531,1857700,40.689998626708984,40.36000061035156,29.375307083129883
01-09-2010,40.63999938964844,40.66999816894531,1525100,41.79999923706055,41.66999816894531,30.328765869140625
02-09-2010,41.689998626708984,41.689998626708984,2156000,43.040000915527344,43.02000045776367,31.31133270263672
03-09-2010,42.90999984741211,43.5099983215332,1146000,43.70000076293945,43.4900016784668,31.653430938720703
07-09-2010,43.0099983215332,43.0099983215332,1700000,44.09000015258789,43.22999954223633,31.464187622070312
08-09-2010,42.939998626708984,43.27000045776367,1643000,43.97999954223633,43.029998779296875,31.318605422973633
09-09-2010,43.029998779296875,43.52000045776367,1428300,43.650001525878906,43.04999923706055,31.33316993713379
10-09-2010,42.959999084472656,43.150001525878906,1271100,43.380001068115234,43.34000015258789,31.54423713684082
13-09-2010,43.599998474121094,43.70000076293945,1070700,44.279998779296875,44.09000015258789,32.09011459350586
14-09-2010,43.75,44.06999969482422,650000,44.16999816894531,43.900001525878906,31.951833724975586
15-09-2010,43.52000045776367,43.72999954223633,935300,44.5,44.36000061035156,32.286643981933594
16-09-2010,43.900001525878906,44.29999923706055,949000,44.47999954223633,44.43000030517578,32.33757781982422
17-09-2010,44.5,44.5099983215332,2133700,45.130001068115234,44.70000076293945,32.53409957885742
20-09-2010,44.650001525878906,44.709999084472656,1366600,45.54999923706055,45.380001068115234,33.029014587402344
21-09-2010,44.86000061035156,45.529998779296875,1063600,45.529998779296875,45.0,32.7524528503418
22-09-2010,43.68000030517578,44.869998931884766,1424800,45.150001525878906,43.7599983215332,31.84992790222168
23-09-2010,43.220001220703125,43.5,1130400,44.2400016784668,43.720001220703125,31.820823669433594
24-09-2010,44.20000076293945,44.22999954223633,966800,44.630001068115234,44.380001068115234,32.30118942260742
27-09-2010,44.220001220703125,44.400001525878906,1171700,45.22999954223633,45.029998779296875,32.7742805480957
28-09-2010,44.25,45.029998779296875,733400,45.369998931884766,45.209999084472656,32.9052848815918
29-09-2010,44.349998474121094,45.0099983215332,954300,45.11000061035156,45.040000915527344,32.781558990478516
30-09-2010,44.33000183105469,45.2599983215332,1463400,45.849998474121094,44.5099983215332,32.395809173583984
01-10-2010,44.2400016784668,45.119998931884766,793300,45.18000030517578,44.61000061035156,32.46860122680664
04-10-2010,44.25,44.70000076293945,783800,45.369998931884766,44.54999923706055,32.42491912841797
05-10-2010,44.84000015258789,45.08000183105469,1175200,45.91999816894531,45.790000915527344,33.32743835449219
06-10-2010,45.52000045776367,45.75,1060800,46.040000915527344,45.79999923706055,33.334716796875
07-10-2010,45.06999969482422,46.0099983215332,773500,46.150001525878906,45.38999938964844,33.036293029785156
08-10-2010,45.09000015258789,45.58000183105469,965000,45.7599983215332,45.63999938964844,33.218257904052734
11-10-2010,45.61000061035156,45.72999954223633,876900,46.029998779296875,45.90999984741211,33.414772033691406
12-10-2010,45.20000076293945,45.86000061035156,781100,45.86000061035156,45.7599983215332,33.305606842041016
13-10-2010,45.88999938964844,45.97999954223633,989600,46.56999969482422,46.119998931884766,33.56761932373047
14-10-2010,45.689998626708984,46.220001220703125,985900,46.369998931884766,45.970001220703125,33.458438873291016
15-10-2010,44.45000076293945,45.29999923706055,2651600,45.720001220703125,45.08000183105469,32.8106689453125
18-10-2010,46.70000076293945,48.0,3575200,48.779998779296875,46.810001373291016,34.06982421875
19-10-2010,45.52000045776367,46.310001373291016,1870100,46.599998474121094,46.209999084472656,33.63311767578125
20-10-2010,45.869998931884766,46.310001373291016,1197200,46.599998474121094,46.25,33.662227630615234
21-10-2010,45.52000045776367,46.41999816894531,1637000,46.41999816894531,45.68000030517578,33.247379302978516
22-10-2010,45.70000076293945,45.7599983215332,847100,46.029998779296875,46.0,33.480289459228516
25-10-2010,45.81999969482422,46.119998931884766,931200,46.75,45.959999084472656,33.45116424560547
26-10-2010,45.54999923706055,45.81999969482422,1193600,46.18000030517578,45.91999816894531,33.42203903198242
27-10-2010,45.2599983215332,45.619998931884766,956000,46.209999084472656,45.91999816894531,33.42203903198242
28-10-2010,45.29999923706055,45.959999084472656,826000,46.040000915527344,45.7599983215332,33.4879150390625
29-10-2010,45.47999954223633,45.77000045776367,1193600,46.310001373291016,46.25,33.84648895263672
01-11-2010,46.25,46.470001220703125,976900,46.790000915527344,46.650001525878906,34.13923645019531
02-11-2010,46.720001220703125,46.97999954223633,1354700,47.400001525878906,47.31999969482422,34.629547119140625
03-11-2010,46.81999969482422,47.40999984741211,996800,47.5099983215332,47.150001525878906,34.5051383972168
04-11-2010,46.79999923706055,47.560001373291016,1272500,47.560001373291016,47.27000045776367,34.59295654296875
05-11-2010,46.84000015258789,47.34000015258789,876800,47.400001525878906,47.2599983215332,34.585636138916016
08-11-2010,46.79999923706055,47.09000015258789,611800,47.369998931884766,47.31999969482422,34.629547119140625
09-11-2010,46.47999954223633,47.400001525878906,902200,47.459999084472656,46.66999816894531,34.15386962890625
10-11-2010,46.31999969482422,46.720001220703125,1176200,46.91999816894531,46.54999923706055,34.0660514831543
11-11-2010,46.27000045776367,46.31999969482422,1131000,47.45000076293945,47.25,34.57831573486328
12-11-2010,46.5,47.0,518700,47.2400016784668,46.81999969482422,34.26362609863281
15-11-2010,46.619998931884766,47.06999969482422,522000,47.16999816894531,46.65999984741211,34.146549224853516
16-11-2010,45.709999084472656,46.40999984741211,778700,47.150001525878906,45.970001220703125,33.6416015625
17-11-2010,45.68000030517578,45.77000045776367,644800,46.529998779296875,46.41999816894531,33.970909118652344
18-11-2010,46.91999816894531,47.08000183105469,649900,47.54999923706055,47.220001220703125,34.55637741088867
19-11-2010,47.06999969482422,47.220001220703125,722700,47.790000915527344,47.790000915527344,34.97349548339844
22-11-2010,46.970001220703125,47.709999084472656,1142500,47.79999923706055,47.220001220703125,34.55637741088867
23-11-2010,46.54999923706055,46.779998779296875,920200,47.2599983215332,47.220001220703125,34.55637741088867
24-11-2010,47.40999984741211,47.619998931884766,892900,47.849998474121094,47.56999969482422,34.81249237060547
26-11-2010,47.0099983215332,47.29999923706055,627300,47.79999923706055,47.720001220703125,34.922279357910156
29-11-2010,46.5,47.25,1620500,47.290000915527344,47.02000045776367,34.40999984741211
30-11-2010,46.63999938964844,46.72999954223633,2266100,47.9900016784668,47.65999984741211,34.878353118896484
01-12-2010,47.7400016784668,48.130001068115234,1193900,48.5,47.7599983215332,34.9515380859375
02-12-2010,47.790000915527344,47.93000030517578,1150100,49.04999923706055,49.040000915527344,35.88827133178711
03-12-2010,48.70000076293945,48.779998779296875,1114400,49.5,49.38999938964844,36.1443977355957
06-12-2010,49.0099983215332,49.400001525878906,1116600,49.66999816894531,49.279998779296875,36.06389236450195
07-12-2010,49.61000061035156,49.72999954223633,967300,50.16999816894531,49.689998626708984,36.363948822021484
08-12-2010,49.400001525878906,49.79999923706055,756900,50.0099983215332,49.439998626708984,36.181007385253906
09-12-2010,49.029998779296875,49.70000076293945,489000,49.70000076293945,49.41999816894531,36.16636657714844
10-12-2010,49.33000183105469,49.68000030517578,501500,49.810001373291016,49.650001525878906,36.334678649902344
13-12-2010,48.369998931884766,49.95000076293945,1260500,49.95000076293945,48.38999938964844,35.4125862121582
14-12-2010,48.5,48.5,835500,49.75,48.790000915527344,35.7053108215332
15-12-2010,48.439998626708984,48.90999984741211,680000,49.0,48.630001068115234,35.58823013305664
16-12-2010,48.4900016784668,48.7400016784668,796500,49.380001068115234,49.2599983215332,36.04927062988281
17-12-2010,48.900001525878906,49.34000015258789,1422200,49.4900016784668,49.439998626708984,36.181007385253906
20-12-2010,49.11000061035156,49.47999954223633,657400,49.58000183105469,49.31999969482422,36.09317398071289
21-12-2010,48.9900016784668,49.709999084472656,572600,49.7400016784668,49.27000045776367,36.056583404541016
22-12-2010,49.16999816894531,49.540000915527344,335100,49.7400016784668,49.619998931884766,36.31272888183594
23-12-2010,48.5,49.630001068115234,604300,49.630001068115234,48.52000045776367,35.50773620605469
27-12-2010,48.11000061035156,48.45000076293945,515900,48.70000076293945,48.5099983215332,35.50041198730469
28-12-2010,47.20000076293945,48.66999816894531,1012500,48.689998626708984,47.40999984741211,34.69540786743164
29-12-2010,47.400001525878906,47.59000015258789,583900,48.290000915527344,48.25,35.310150146484375
30-12-2010,48.099998474121094,48.20000076293945,1803600,48.459999084472656,48.290000915527344,35.33940505981445
31-12-2010,46.90999984741211,48.150001525878906,972200,48.290000915527344,47.18000030517578,34.52709197998047
03-01-2011,46.0,47.75,2466600,47.75,46.630001068115234,34.12459945678711
04-01-2011,45.310001373291016,46.58000183105469,1543100,46.59000015258789,46.0099983215332,33.670867919921875
05-01-2011,45.290000915527344,45.66999816894531,1423100,46.56999969482422,46.2400016784668,33.83918762207031
06-01-2011,45.380001068115234,46.33000183105469,1715800,46.33000183105469,46.04999923706055,33.700138092041016
07-01-2011,45.689998626708984,46.189998626708984,1552200,46.5099983215332,46.06999969482422,33.714778900146484
10-01-2011,45.61000061035156,45.97999954223633,1455200,46.220001220703125,45.97999954223633,33.648921966552734
11-01-2011,45.880001068115234,46.34000015258789,2376800,46.970001220703125,45.9900016784668,33.65623474121094
12-01-2011,44.959999084472656,46.20000076293945,2313600,46.209999084472656,45.040000915527344,32.96100616455078
13-01-2011,44.209999084472656,44.90999984741211,2224200,44.939998626708984,44.650001525878906,32.67559814453125
14-01-2011,42.540000915527344,42.86000061035156,6680600,45.33000183105469,44.4900016784668,32.55851364135742
18-01-2011,43.66999816894531,44.25,2737400,44.459999084472656,44.04999923706055,32.23649978637695
19-01-2011,44.0099983215332,44.099998474121094,1975200,44.81999969482422,44.54999923706055,32.6024055480957
20-01-2011,44.2599983215332,44.459999084472656,1397700,44.7599983215332,44.65999984741211,32.68291473388672
21-01-2011,44.54999923706055,45.0,1616800,45.279998779296875,44.61000061035156,32.64632797241211
24-01-2011,43.939998626708984,44.560001373291016,1941900,44.619998931884766,44.4900016784668,32.55851364135742
25-01-2011,43.810001373291016,44.439998626708984,1533400,44.540000915527344,44.43000030517578,32.51460647583008
26-01-2011,44.38999938964844,44.54999923706055,1412600,44.97999954223633,44.849998474121094,32.82194519042969
27-01-2011,44.61000061035156,44.77000045776367,1008200,45.09000015258789,44.97999954223633,32.91709518432617
28-01-2011,43.810001373291016,44.779998779296875,1099000,45.04999923706055,43.90999984741211,32.31364822387695
31-01-2011,43.79999923706055,44.09000015258789,1301000,44.310001373291016,44.09000015258789,32.446128845214844
01-02-2011,43.47999954223633,44.36000061035156,2358600,44.4900016784668,43.86000061035156,32.276859283447266
02-02-2011,43.09000015258789,43.790000915527344,1960700,44.209999084472656,43.38999938964844,31.930980682373047
03-02-2011,43.29999923706055,43.29999923706055,2097400,44.709999084472656,44.58000183105469,32.806724548339844
04-02-2011,44.439998626708984,44.7599983215332,1113900,45.04999923706055,44.81999969482422,32.98332595825195
07-02-2011,43.45000076293945,43.45000076293945,2188600,45.81999969482422,45.630001068115234,33.579410552978516
08-02-2011,45.209999084472656,45.59000015258789,766800,45.849998474121094,45.83000183105469,33.72659683227539
09-02-2011,45.29999923706055,45.720001220703125,1045600,46.02000045776367,45.5099983215332,33.49110412597656
10-02-2011,45.189998626708984,45.38999938964844,924400,45.72999954223633,45.689998626708984,33.623558044433594
11-02-2011,45.31999969482422,45.459999084472656,1171900,45.75,45.45000076293945,33.44695281982422
14-02-2011,44.90999984741211,45.27000045776367,1164100,45.27000045776367,45.08000183105469,33.174659729003906
15-02-2011,44.040000915527344,44.779998779296875,1657800,45.0099983215332,44.25,32.563865661621094
16-02-2011,44.220001220703125,44.4900016784668,2251900,45.0,44.7599983215332,32.93917465209961
17-02-2011,44.58000183105469,44.59000015258789,1482800,46.15999984741211,45.61000061035156,33.564701080322266
18-02-2011,45.52000045776367,45.52000045776367,911700,45.86000061035156,45.7400016784668,33.66037368774414
22-02-2011,44.83000183105469,45.2599983215332,1039000,45.56999969482422,45.02000045776367,33.13050842285156
23-02-2011,43.79999923706055,44.90999984741211,1516300,44.9900016784668,44.099998474121094,32.45347213745117
24-02-2011,43.47999954223633,43.970001220703125,1278000,44.33000183105469,44.040000915527344,32.40932083129883
25-02-2011,43.90999984741211,44.09000015258789,1023000,44.70000076293945,44.61000061035156,32.82878875732422
28-02-2011,44.529998779296875,44.650001525878906,1078200,45.099998474121094,44.900001525878906,33.04220199584961
01-03-2011,44.540000915527344,44.849998474121094,1335600,45.15999984741211,44.560001373291016,32.79197311401367
02-03-2011,44.119998931884766,44.33000183105469,942100,45.099998474121094,45.0,33.11578369140625
03-03-2011,45.209999084472656,45.2599983215332,841400,46.27000045776367,46.130001068115234,33.94737243652344
04-03-2011,46.0099983215332,46.150001525878906,1856300,46.66999816894531,46.59000015258789,34.285884857177734
07-03-2011,46.54999923706055,46.88999938964844,2050200,47.209999084472656,47.0,34.587608337402344
08-03-2011,46.93000030517578,47.150001525878906,1165200,47.4900016784668,47.33000183105469,34.8304557800293
09-03-2011,46.790000915527344,47.130001068115234,1073600,47.36000061035156,47.33000183105469,34.8304557800293
10-03-2011,46.650001525878906,46.90999984741211,1166100,47.27000045776367,46.91999816894531,34.52873611450195
11-03-2011,46.45000076293945,46.7400016784668,1214600,47.0,46.86000061035156,34.48459243774414
14-03-2011,46.380001068115234,46.65999984741211,959500,47.0,46.68000030517578,34.352108001708984
15-03-2011,45.58000183105469,45.97999954223633,1669800,46.36000061035156,46.040000915527344,33.88113021850586
16-03-2011,45.4900016784668,46.02000045776367,1288700,46.189998626708984,45.619998931884766,33.572052001953125
17-03-2011,45.689998626708984,46.22999954223633,1177900,46.25,45.77000045776367,33.682437896728516
18-03-2011,46.09000015258789,46.38999938964844,1112200,46.4900016784668,46.279998779296875,34.05775833129883
21-03-2011,46.43000030517578,46.58000183105469,772700,46.9900016784668,46.70000076293945,34.36683654785156
22-03-2011,45.970001220703125,46.619998931884766,686800,46.70000076293945,45.97999954223633,33.836978912353516
23-03-2011,45.380001068115234,45.959999084472656,475100,46.369998931884766,46.220001220703125,34.013607025146484
24-03-2011,46.150001525878906,46.34000015258789,586100,46.939998626708984,46.880001068115234,34.49929428100586
25-03-2011,46.66999816894531,46.900001525878906,520400,47.5099983215332,47.220001220703125,34.74950408935547
28-03-2011,46.75,47.2400016784668,467700,47.369998931884766,46.75,34.40362548828125
29-03-2011,46.40999984741211,46.77000045776367,2128100,47.02000045776367,46.84000015258789,34.469871520996094
30-03-2011,46.84000015258789,47.08000183105469,949300,47.400001525878906,47.29999923706055,34.808372497558594
31-03-2011,46.81999969482422,47.209999084472656,1067600,47.41999816894531,46.84000015258789,34.469871520996094
01-04-2011,47.15999984741211,47.15999984741211,1148000,47.61000061035156,47.38999938964844,34.874610900878906
04-04-2011,47.02000045776367,47.45000076293945,1010900,47.529998779296875,47.189998626708984,34.72742462158203
05-04-2011,46.27000045776367,47.02000045776367,2134500,47.150001525878906,47.119998931884766,34.675899505615234
06-04-2011,47.119998931884766,47.189998626708984,849500,47.630001068115234,47.2599983215332,34.77894592285156
07-04-2011,46.900001525878906,47.11000061035156,597700,47.599998474121094,47.290000915527344,34.801025390625
08-04-2011,46.709999084472656,47.59000015258789,1079700,47.66999816894531,46.84000015258789,34.469871520996094
11-04-2011,46.77000045776367,46.86000061035156,834400,47.41999816894531,46.93000030517578,34.53607940673828
12-04-2011,45.54999923706055,46.5099983215332,1950400,46.86000061035156,45.66999816894531,33.60884475708008
13-04-2011,45.5,45.77000045776367,1449000,46.08000183105469,45.790000915527344,33.6971549987793
14-04-2011,44.099998474121094,45.40999984741211,4111100,46.0,44.400001525878906,32.67424774169922
15-04-2011,44.279998779296875,44.720001220703125,2213700,45.56999969482422,44.79999923706055,32.96862030029297
18-04-2011,44.0,44.25,1287800,44.619998931884766,44.310001373291016,32.60801315307617
19-04-2011,44.09000015258789,44.38999938964844,1127900,44.63999938964844,44.220001220703125,32.54178237915039
20-04-2011,44.400001525878906,44.779998779296875,1761700,45.029998779296875,44.90999984741211,33.049556732177734
21-04-2011,44.439998626708984,45.0,1293900,45.0,44.54999923706055,32.784637451171875
25-04-2011,44.11000061035156,44.41999816894531,1612300,45.66999816894531,45.65999984741211,33.60149383544922
26-04-2011,45.70000076293945,45.91999816894531,1600000,46.45000076293945,46.13999938964844,33.95472717285156
27-04-2011,45.95000076293945,46.119998931884766,1127600,46.33000183105469,46.209999084472656,34.00623321533203
28-04-2011,45.95000076293945,45.95000076293945,1002200,46.59000015258789,46.470001220703125,34.421043395996094
29-04-2011,46.45000076293945,46.59000015258789,1588300,46.93000030517578,46.84000015258789,34.69511413574219
02-05-2011,46.880001068115234,47.0,1581200,47.5,47.189998626708984,34.9543571472168
03-05-2011,46.650001525878906,46.959999084472656,1301000,47.150001525878906,46.939998626708984,34.769168853759766
04-05-2011,46.810001373291016,46.810001373291016,1350600,47.58000183105469,47.47999954223633,35.169158935546875
05-05-2011,47.060001373291016,47.09000015258789,1200000,47.91999816894531,47.29999923706055,35.035831451416016
06-05-2011,47.119998931884766,47.560001373291016,1009700,47.869998931884766,47.34000015258789,35.065467834472656
09-05-2011,46.90999984741211,47.279998779296875,638600,47.439998626708984,46.91999816894531,34.754356384277344
10-05-2011,46.869998931884766,46.869998931884766,603600,47.720001220703125,47.61000061035156,35.26544952392578
11-05-2011,47.459999084472656,47.61000061035156,1000000,47.93000030517578,47.720001220703125,35.34693145751953
12-05-2011,47.4900016784668,47.4900016784668,1300000,48.34000015258789,48.33000183105469,35.798763275146484
13-05-2011,47.959999084472656,48.31999969482422,854600,48.43000030517578,48.04999923706055,35.591373443603516
16-05-2011,47.75,47.86000061035156,641200,48.099998474121094,47.810001373291016,35.413597106933594
17-05-2011,46.84000015258789,47.59000015258789,1351900,47.86000061035156,46.93000030517578,34.76176834106445
18-05-2011,46.880001068115234,47.02000045776367,669000,47.58000183105469,47.5099983215332,35.19138717651367
19-05-2011,47.31999969482422,47.43000030517578,904100,48.04999923706055,47.970001220703125,35.5321159362793
20-05-2011,47.06999969482422,47.880001068115234,704700,47.880001068115234,47.4900016784668,35.17656707763672
23-05-2011,46.65999984741211,46.81999969482422,887500,47.7400016784668,47.40999984741211,35.117313385009766
24-05-2011,46.849998474121094,47.47999954223633,1012500,47.5,47.0099983215332,34.82102966308594
25-05-2011,46.36000061035156,46.7400016784668,730000,46.970001220703125,46.7400016784668,34.62102127075195
26-05-2011,45.709999084472656,46.77000045776367,1432600,46.77000045776367,46.380001068115234,34.35438537597656
27-05-2011,45.45000076293945,46.61000061035156,1203800,46.61000061035156,45.5,33.702545166015625
31-05-2011,45.56999969482422,45.810001373291016,2399400,46.0,45.7400016784668,33.88031768798828
01-06-2011,45.31999969482422,45.54999923706055,2713600,46.529998779296875,45.36000061035156,33.598846435546875
02-06-2011,44.959999084472656,45.470001220703125,1359300,45.7400016784668,45.02000045776367,33.347007751464844
03-06-2011,43.9900016784668,44.66999816894531,2141000,44.75,44.36000061035156,32.85813903808594
06-06-2011,43.869998931884766,44.16999816894531,1649500,44.439998626708984,44.349998474121094,32.85072326660156
07-06-2011,43.470001220703125,44.52000045776367,1594800,44.880001068115234,43.529998779296875,32.24333572387695
08-06-2011,42.939998626708984,43.5,908300,43.56999969482422,43.02000045776367,31.865575790405273
09-06-2011,43.029998779296875,43.150001525878906,749500,43.61000061035156,43.31999969482422,32.0877799987793
10-06-2011,42.630001068115234,43.060001373291016,818900,43.20000076293945,42.66999816894531,31.606319427490234
13-06-2011,42.70000076293945,42.720001220703125,1103000,43.18000030517578,42.90999984741211,31.784090042114258
14-06-2011,43.290000915527344,43.36000061035156,1082400,43.880001068115234,43.56999969482422,32.272953033447266
15-06-2011,43.13999938964844,43.209999084472656,1338300,43.70000076293945,43.599998474121094,32.29518508911133
16-06-2011,43.29999923706055,43.5,837300,44.0,43.470001220703125,32.19888687133789
17-06-2011,43.36000061035156,43.86000061035156,863400,44.0099983215332,43.36000061035156,32.1174201965332
20-06-2011,43.209999084472656,43.209999084472656,676900,44.099998474121094,44.06999969482422,32.64332580566406
21-06-2011,43.91999816894531,44.13999938964844,869500,44.5,43.97999954223633,32.57665252685547
22-06-2011,43.709999084472656,43.7400016784668,1261200,44.130001068115234,43.849998474121094,32.4803581237793
23-06-2011,43.189998626708984,43.41999816894531,1129100,43.86000061035156,43.650001525878906,32.33222579956055
24-06-2011,43.15999984741211,43.77000045776367,707200,43.9900016784668,43.349998474121094,32.11001205444336
27-06-2011,43.43000030517578,43.45000076293945,811600,44.0099983215332,43.75,32.40629577636719
28-06-2011,43.790000915527344,44.310001373291016,1054500,44.65999984741211,44.619998931884766,33.05070877075195
29-06-2011,44.13999938964844,44.7400016784668,806200,44.79999923706055,44.349998474121094,32.85072326660156
30-06-2011,43.79999923706055,44.40999984741211,2098500,44.599998474121094,43.93000030517578,32.539615631103516
01-07-2011,44.04999923706055,44.04999923706055,1448300,45.29999923706055,45.2599983215332,33.5247688293457
05-07-2011,45.20000076293945,45.310001373291016,1614500,46.0099983215332,46.0,34.072898864746094
06-07-2011,45.20000076293945,45.97999954223633,1380800,46.0099983215332,45.43000030517578,33.65070343017578
07-07-2011,45.2599983215332,45.709999084472656,997500,45.939998626708984,45.68000030517578,33.83588409423828
08-07-2011,44.06999969482422,45.130001068115234,1398100,45.209999084472656,44.650001525878906,33.072940826416016
11-07-2011,42.91999816894531,44.040000915527344,2318100,44.040000915527344,43.09000015258789,31.917421340942383
12-07-2011,42.97999954223633,42.97999954223633,1473900,43.61000061035156,43.25,32.03593063354492
13-07-2011,42.36000061035156,43.470001220703125,2026700,43.560001373291016,42.38999938964844,31.398927688598633
14-07-2011,41.25,42.59000015258789,4096100,42.59000015258789,41.310001373291016,30.59895133972168
15-07-2011,41.04999923706055,41.939998626708984,5872600,42.380001068115234,41.369998931884766,30.643390655517578
18-07-2011,39.310001373291016,41.09000015258789,7007800,41.29999923706055,39.400001525878906,29.184194564819336
19-07-2011,38.77000045776367,39.560001373291016,3822000,39.72999954223633,39.40999984741211,29.19158935546875
20-07-2011,39.16999816894531,39.400001525878906,1566900,39.66999816894531,39.369998931884766,29.161956787109375
21-07-2011,39.279998779296875,39.47999954223633,1888800,39.83000183105469,39.459999084472656,29.228626251220703
22-07-2011,39.65999984741211,39.779998779296875,2609000,40.72999954223633,40.5,29.99895668029785
25-07-2011,39.959999084472656,40.25,2832300,40.779998779296875,40.41999816894531,29.93971061706543
26-07-2011,40.11000061035156,40.529998779296875,1729100,40.599998474121094,40.29999923706055,29.85082244873047
27-07-2011,39.689998626708984,40.16999816894531,2718900,40.369998931884766,39.88999938964844,29.547121047973633
28-07-2011,39.5,39.7599983215332,1828000,40.34000015258789,39.70000076293945,29.62923240661621
29-07-2011,39.099998474121094,39.349998474121094,1975900,39.81999969482422,39.560001373291016,29.524736404418945
01-08-2011,39.029998779296875,39.790000915527344,2286100,39.86000061035156,39.43000030517578,29.427715301513672
02-08-2011,37.86000061035156,39.130001068115234,2226400,39.15999984741211,37.86000061035156,28.25599479675293
03-08-2011,37.63999938964844,37.939998626708984,2304900,38.810001373291016,38.66999816894531,28.86050033569336
04-08-2011,37.27000045776367,38.36000061035156,2257800,38.5099983215332,37.27000045776367,27.815645217895508
05-08-2011,36.380001068115234,37.630001068115234,2735100,38.099998474121094,37.25,27.80072021484375
08-08-2011,34.459999084472656,36.52000045776367,3035600,36.869998931884766,34.5,25.74831771850586
09-08-2011,33.81999969482422,34.959999084472656,4150600,35.72999954223633,35.68000030517578,26.628986358642578
10-08-2011,34.900001525878906,35.209999084472656,4150300,36.599998474121094,35.5,26.49464988708496
11-08-2011,35.560001373291016,35.790000915527344,3135300,37.349998474121094,36.95000076293945,27.576826095581055
12-08-2011,36.630001068115234,37.029998779296875,2065500,37.7599983215332,37.45000076293945,27.949987411499023
15-08-2011,37.34000015258789,37.720001220703125,1714300,38.0099983215332,37.880001068115234,28.27090835571289
16-08-2011,37.2400016784668,37.290000915527344,2459000,38.15999984741211,37.52000045776367,28.00222396850586
17-08-2011,37.29999923706055,37.84000015258789,2031200,38.06999969482422,37.52000045776367,28.00222396850586
18-08-2011,35.400001525878906,36.4900016784668,1979300,36.869998931884766,35.720001220703125,26.65884780883789
19-08-2011,35.18000030517578,35.349998474121094,2459300,37.27000045776367,36.43000030517578,27.18873405456543
22-08-2011,36.470001220703125,37.15999984741211,1415000,37.2400016784668,36.709999084472656,27.3976993560791
23-08-2011,36.33000183105469,36.79999923706055,2088600,37.689998626708984,37.59000015258789,28.05448341369629
24-08-2011,37.34000015258789,37.459999084472656,1620400,38.20000076293945,37.9900016784668,28.353008270263672
25-08-2011,37.04999923706055,38.2599983215332,1529700,38.380001068115234,37.04999923706055,27.651466369628906
26-08-2011,35.95000076293945,36.880001068115234,2023100,37.15999984741211,36.81999969482422,27.479816436767578
29-08-2011,37.0,37.189998626708984,2126100,37.900001525878906,37.68000030517578,28.121652603149414
30-08-2011,37.5,37.58000183105469,1588100,38.34000015258789,38.08000183105469,28.420183181762695
31-08-2011,38.09000015258789,38.290000915527344,2339200,38.91999816894531,38.7400016784668,28.91275405883789
01-09-2011,37.66999816894531,38.90999984741211,1476700,39.029998779296875,37.709999084472656,28.144033432006836
02-09-2011,36.43000030517578,37.0099983215332,953000,37.25,36.4900016784668,27.2335147857666
06-09-2011,35.0,35.5099983215332,2074000,35.779998779296875,35.5,26.49464988708496
07-09-2011,35.880001068115234,36.0099983215332,1827800,36.36000061035156,36.31999969482422,27.106643676757812
08-09-2011,35.91999816894531,35.97999954223633,1769300,36.630001068115234,36.380001068115234,27.15142059326172
09-09-2011,35.56999969482422,35.88999938964844,2114200,36.41999816894531,36.279998779296875,27.076778411865234
12-09-2011,35.130001068115234,35.72999954223633,3031800,36.0,35.790000915527344,26.711090087890625
13-09-2011,35.29999923706055,35.5,2444200,36.25,36.029998779296875,26.890195846557617
14-09-2011,35.70000076293945,36.2599983215332,3519300,37.41999816894531,37.060001373291016,27.658920288085938
15-09-2011,36.029998779296875,37.189998626708984,2142800,37.29999923706055,36.150001525878906,26.979772567749023
16-09-2011,35.689998626708984,36.29999923706055,4965200,36.709999084472656,36.02000045776367,26.882740020751953
19-09-2011,35.27000045776367,35.56999969482422,1320100,36.0099983215332,35.72999954223633,26.666303634643555
20-09-2011,35.290000915527344,35.86000061035156,1587900,35.970001220703125,35.349998474121094,26.382699966430664
21-09-2011,34.61000061035156,35.290000915527344,1519500,35.70000076293945,34.619998931884766,25.837875366210938
22-09-2011,33.209999084472656,33.77000045776367,3069900,34.380001068115234,34.209999084472656,25.53188705444336
23-09-2011,34.02000045776367,34.09000015258789,1703900,34.65999984741211,34.45000076293945,25.71100616455078
26-09-2011,34.220001220703125,34.75,1843000,35.130001068115234,35.08000183105469,26.181188583374023
27-09-2011,34.86000061035156,35.56999969482422,1933200,35.88999938964844,35.02000045776367,26.13641929626465
28-09-2011,34.0099983215332,35.0099983215332,1721300,35.220001220703125,34.06999969482422,25.427400588989258
29-09-2011,33.470001220703125,34.130001068115234,2065900,34.439998626708984,34.029998779296875,25.397541046142578
30-09-2011,32.560001373291016,33.630001068115234,2504500,33.779998779296875,32.61000061035156,24.337764739990234
03-10-2011,31.969999313354492,32.29999923706055,2427000,33.099998474121094,31.989999771118164,23.875038146972656
04-10-2011,31.360000610351562,31.56999969482422,2782400,32.63999938964844,32.27000045776367,24.08401107788086
05-10-2011,32.16999816894531,32.22999954223633,3031400,33.630001068115234,33.54999923706055,25.039306640625
06-10-2011,33.189998626708984,33.63999938964844,1464300,33.65999984741211,33.5099983215332,25.00945281982422
07-10-2011,33.20000076293945,33.5,2394900,34.0,33.25,24.815414428710938
10-10-2011,33.61000061035156,33.68000030517578,1548200,34.77000045776367,34.7400016784668,25.927440643310547
11-10-2011,33.86000061035156,34.369998931884766,2258700,35.099998474121094,34.849998474121094,26.009536743164062
12-10-2011,34.45000076293945,34.9900016784668,2672300,35.220001220703125,34.84000015258789,26.002079010009766
13-10-2011,34.27000045776367,34.66999816894531,1907700,35.130001068115234,34.34000015258789,25.628910064697266
14-10-2011,33.79999923706055,34.43000030517578,1974800,34.77000045776367,34.75,25.93490219116211
17-10-2011,32.84000015258789,33.54999923706055,3552800,35.2599983215332,34.9900016784668,26.11402130126953
18-10-2011,33.4900016784668,34.09000015258789,3804400,34.970001220703125,34.75,25.93490219116211
19-10-2011,34.130001068115234,34.79999923706055,1516400,34.91999816894531,34.22999954223633,25.546812057495117
20-10-2011,34.279998779296875,34.290000915527344,1671700,35.04999923706055,34.95000076293945,26.084171295166016
21-10-2011,34.61000061035156,35.310001373291016,2167500,35.47999954223633,35.08000183105469,26.181188583374023
24-10-2011,35.119998931884766,35.220001220703125,2454600,36.90999984741211,36.880001068115234,27.524593353271484
25-10-2011,36.02000045776367,36.79999923706055,1735000,36.90999984741211,36.08000183105469,26.927528381347656
26-10-2011,36.02000045776367,36.52000045776367,2418100,37.45000076293945,37.16999816894531,27.741024017333984
27-10-2011,37.959999084472656,38.04999923706055,2619200,39.20000076293945,38.790000915527344,28.95006561279297
28-10-2011,37.529998779296875,38.529998779296875,2244300,38.720001220703125,38.06999969482422,28.634166717529297
31-10-2011,37.599998474121094,37.900001525878906,2186600,38.47999954223633,38.060001373291016,28.626644134521484
01-11-2011,36.75,37.099998474121094,2523000,38.36000061035156,37.90999984741211,28.51382827758789
02-11-2011,37.90999984741211,38.33000183105469,1986100,38.599998474121094,38.52000045776367,28.97262954711914
03-11-2011,37.95000076293945,38.75,1605300,39.02000045776367,38.939998626708984,29.288536071777344
04-11-2011,38.060001373291016,38.7599983215332,1058000,38.9900016784668,38.65999984741211,29.07793617248535
07-11-2011,38.189998626708984,38.59000015258789,1030600,39.0099983215332,38.70000076293945,29.108015060424805
08-11-2011,38.31999969482422,38.7400016784668,949100,38.970001220703125,38.939998626708984,29.288536071777344
09-11-2011,35.720001220703125,38.20000076293945,3325200,38.349998474121094,36.45000076293945,27.415687561035156
10-11-2011,36.209999084472656,36.7599983215332,1692500,37.15999984741211,36.75,27.641340255737305
11-11-2011,36.90999984741211,37.209999084472656,968400,37.58000183105469,37.36000061035156,28.10015106201172
14-11-2011,36.689998626708984,37.33000183105469,665200,37.41999816894531,36.849998474121094,27.71653938293457
15-11-2011,36.540000915527344,36.689998626708984,715900,37.43000030517578,37.22999954223633,28.002361297607422
16-11-2011,36.220001220703125,37.099998474121094,1207600,37.15999984741211,36.290000915527344,27.29534912109375
17-11-2011,35.290000915527344,36.34000015258789,1260800,36.36000061035156,35.41999816894531,26.6409912109375
18-11-2011,35.45000076293945,35.7400016784668,1027500,36.18000030517578,36.029998779296875,27.09978485107422
21-11-2011,34.709999084472656,35.79999923706055,1371300,35.79999923706055,35.09000015258789,26.39276695251465
22-11-2011,34.56999969482422,35.189998626708984,1012900,35.2599983215332,34.90999984741211,26.25739288330078
23-11-2011,34.13999938964844,34.75,1093100,34.779998779296875,34.2599983215332,25.768489837646484
25-11-2011,34.13999938964844,34.38999938964844,291200,34.65999984741211,34.150001525878906,25.685754776000977
28-11-2011,34.75,35.130001068115234,1041800,35.900001525878906,35.099998474121094,26.40028953552246
29-11-2011,34.7599983215332,35.27000045776367,907000,35.5099983215332,34.77000045776367,26.152082443237305
30-11-2011,35.5099983215332,35.72999954223633,1346200,35.97999954223633,35.810001373291016,26.934326171875
01-12-2011,35.349998474121094,35.90999984741211,1181200,36.09000015258789,35.400001525878906,26.625940322875977
02-12-2011,35.54999923706055,35.77000045776367,1093400,36.470001220703125,36.040000915527344,27.10732078552246
05-12-2011,36.279998779296875,36.47999954223633,1210600,37.02000045776367,36.779998779296875,27.66390037536621
06-12-2011,36.36000061035156,36.900001525878906,1248000,37.349998474121094,37.130001068115234,27.927154541015625
07-12-2011,36.5,37.029998779296875,1244600,37.20000076293945,37.029998779296875,27.851938247680664
08-12-2011,36.369998931884766,36.849998474121094,1446400,37.31999969482422,36.41999816894531,27.393125534057617
09-12-2011,36.34000015258789,36.5,823200,36.9900016784668,36.7599983215332,27.64885711669922
12-12-2011,36.150001525878906,37.0099983215332,847100,37.0099983215332,36.369998931884766,27.35552406311035
13-12-2011,34.720001220703125,36.61000061035156,1511200,36.619998931884766,34.810001373291016,26.182172775268555
14-12-2011,33.79999923706055,34.900001525878906,1492600,34.900001525878906,33.849998474121094,25.460111618041992
15-12-2011,33.36000061035156,34.0,1860600,34.43000030517578,34.29999923706055,25.79857635498047
16-12-2011,33.79999923706055,34.529998779296875,2643600,34.68000030517578,34.02000045776367,25.58797264099121
19-12-2011,32.68000030517578,33.619998931884766,1933600,33.650001525878906,32.779998779296875,24.655323028564453
20-12-2011,32.599998474121094,33.08000183105469,2694200,33.310001373291016,32.77000045776367,24.647802352905273
21-12-2011,32.52000045776367,32.84000015258789,1562600,33.20000076293945,33.16999816894531,24.94864845275879
22-12-2011,32.130001068115234,33.04999923706055,2137700,33.13999938964844,32.15999984741211,24.188993453979492
23-12-2011,32.099998474121094,32.29999923706055,1010000,32.61000061035156,32.43000030517578,24.392065048217773
27-12-2011,31.899999618530273,32.45000076293945,1496300,32.459999084472656,32.13999938964844,24.173946380615234
28-12-2011,31.510000228881836,32.310001373291016,860200,32.310001373291016,31.649999618530273,23.805395126342773
29-12-2011,31.719999313354492,31.829999923706055,915200,32.16999816894531,32.040000915527344,24.098731994628906
30-12-2011,31.790000915527344,32.13999938964844,1371800,32.150001525878906,31.889999389648438,23.98590660095215
03-01-2012,32.02000045776367,32.2599983215332,2693900,32.560001373291016,32.13999938964844,24.173946380615234
04-01-2012,32.099998474121094,32.20000076293945,1758400,32.56999969482422,32.56999969482422,24.497371673583984
05-01-2012,32.400001525878906,32.47999954223633,2872700,32.939998626708984,32.63999938964844,24.550016403198242
06-01-2012,31.649999618530273,32.689998626708984,3105400,32.75,31.899999618530273,23.99343490600586
09-01-2012,32.0099983215332,32.060001373291016,2875000,32.59000015258789,32.47999954223633,24.4296817779541
10-01-2012,32.63999938964844,32.79999923706055,1880300,33.04999923706055,32.90999984741211,24.753101348876953
11-01-2012,32.70000076293945,32.93000030517578,1833400,33.279998779296875,33.25,25.008827209472656
12-01-2012,32.689998626708984,33.380001068115234,1783000,33.400001525878906,33.09000015258789,24.88848876953125
13-01-2012,32.4900016784668,32.81999969482422,2227900,33.349998474121094,32.689998626708984,24.587627410888672
17-01-2012,32.56999969482422,32.58000183105469,4309000,33.470001220703125,33.099998474121094,24.89600944519043
18-01-2012,32.560001373291016,32.88999938964844,2977300,33.189998626708984,33.06999969482422,24.873443603515625
19-01-2012,32.290000915527344,33.20000076293945,3774800,33.22999954223633,32.75,24.632755279541016
20-01-2012,32.470001220703125,32.790000915527344,1838300,32.91999816894531,32.75,24.632755279541016
23-01-2012,32.849998474121094,32.88999938964844,2295700,33.97999954223633,33.880001068115234,25.482677459716797
24-01-2012,33.810001373291016,33.86000061035156,2155500,34.369998931884766,34.27000045776367,25.776010513305664
25-01-2012,33.939998626708984,34.2599983215332,2144900,35.13999938964844,35.0099983215332,26.332609176635742
26-01-2012,34.72999954223633,35.20000076293945,1857200,35.400001525878906,34.900001525878906,26.249874114990234
27-01-2012,34.709999084472656,34.849998474121094,1781400,35.209999084472656,35.060001373291016,26.370214462280273
30-01-2012,34.119998931884766,34.599998474121094,2398800,34.619998931884766,34.459999084472656,26.142614364624023
31-01-2012,34.72999954223633,34.79999923706055,2167600,35.380001068115234,34.90999984741211,26.484006881713867
01-02-2012,34.810001373291016,35.209999084472656,2198100,35.61000061035156,34.900001525878906,26.476423263549805
02-02-2012,34.869998931884766,35.0,1874400,35.45000076293945,35.13999938964844,26.65849494934082
03-02-2012,35.59000015258789,35.7400016784668,1896100,36.11000061035156,35.86000061035156,27.2047119140625
06-02-2012,34.540000915527344,35.189998626708984,4066300,36.90999984741211,36.65999984741211,27.811626434326172
07-02-2012,36.290000915527344,36.70000076293945,1855700,36.70000076293945,36.40999984741211,27.621963500976562
08-02-2012,35.720001220703125,36.41999816894531,2063700,36.54999923706055,35.72999954223633,27.106088638305664
09-02-2012,35.779998779296875,35.9900016784668,3056100,36.869998931884766,36.59000015258789,27.758520126342773
10-02-2012,36.0,36.310001373291016,2433500,37.08000183105469,36.84000015258789,27.94817543029785
13-02-2012,36.54999923706055,37.0,2360200,37.630001068115234,36.70000076293945,27.841960906982422
14-02-2012,36.36000061035156,36.689998626708984,2452600,36.959999084472656,36.58000183105469,27.750932693481445
15-02-2012,34.560001373291016,35.970001220703125,2558700,36.380001068115234,35.47999954223633,26.916423797607422
16-02-2012,35.380001068115234,35.560001373291016,1570700,36.09000015258789,35.93000030517578,27.25782012939453
17-02-2012,35.83000183105469,36.279998779296875,1167600,36.43000030517578,36.18000030517578,27.44747543334961
21-02-2012,35.52000045776367,36.43000030517578,1096100,36.43000030517578,35.650001525878906,27.045400619506836
22-02-2012,34.45000076293945,35.470001220703125,2487000,35.63999938964844,34.52000045776367,26.188133239746094
23-02-2012,34.5,34.5,1299700,35.2400016784668,35.099998474121094,26.628141403198242
24-02-2012,34.7599983215332,35.220001220703125,1890300,35.459999084472656,34.86000061035156,26.446083068847656
27-02-2012,34.56999969482422,34.75,1586300,35.56999969482422,35.380001068115234,26.840564727783203
28-02-2012,34.959999084472656,35.529998779296875,1157800,35.869998931884766,35.2599983215332,26.74952507019043
29-02-2012,35.0,35.38999938964844,1726700,35.619998931884766,35.31999969482422,26.795042037963867
01-03-2012,35.22999954223633,35.65999984741211,1301400,35.709999084472656,35.400001525878906,26.85573959350586
02-03-2012,35.040000915527344,35.43000030517578,1238000,35.4900016784668,35.209999084472656,26.711593627929688
05-03-2012,35.11000061035156,35.22999954223633,1352600,35.75,35.650001525878906,27.045400619506836
06-03-2012,34.540000915527344,35.41999816894531,1840900,35.58000183105469,34.650001525878906,26.286762237548828
07-03-2012,34.40999984741211,34.849998474121094,1090700,34.849998474121094,34.58000183105469,26.23366355895996
08-03-2012,34.41999816894531,34.939998626708984,1074700,34.95000076293945,34.86000061035156,26.446083068847656
09-03-2012,34.880001068115234,35.029998779296875,658000,35.25,35.18000030517578,26.688840866088867
12-03-2012,35.220001220703125,35.25,862800,35.66999816894531,35.40999984741211,26.86332893371582
13-03-2012,35.290000915527344,35.61000061035156,690100,35.7400016784668,35.68000030517578,27.068151473999023
14-03-2012,35.27000045776367,35.720001220703125,711600,35.77000045776367,35.459999084472656,26.90125274658203
15-03-2012,34.779998779296875,35.599998474121094,1046300,35.709999084472656,35.5099983215332,26.939189910888672
16-03-2012,35.16999816894531,35.63999938964844,1496900,35.7599983215332,35.45000076293945,26.8936710357666
19-03-2012,35.34000015258789,35.40999984741211,1477900,36.439998626708984,36.349998474121094,27.57645034790039
20-03-2012,35.7400016784668,36.189998626708984,891800,36.209999084472656,36.029998779296875,27.333667755126953
21-03-2012,35.72999954223633,36.189998626708984,972000,36.33000183105469,35.7400016784668,27.113676071166992
22-03-2012,35.470001220703125,35.4900016784668,803100,35.97999954223633,35.93000030517578,27.25782012939453
23-03-2012,35.810001373291016,36.02000045776367,876900,36.40999984741211,36.380001068115234,27.599201202392578
26-03-2012,36.56999969482422,36.59000015258789,1307400,37.369998931884766,37.099998474121094,28.14542007446289
27-03-2012,37.02000045776367,37.119998931884766,1496200,37.70000076293945,37.34000015258789,28.327491760253906
28-03-2012,36.810001373291016,37.189998626708984,1789000,37.36000061035156,37.220001220703125,28.236459732055664
29-03-2012,36.91999816894531,37.13999938964844,1816800,37.279998779296875,37.13999938964844,28.175769805908203
30-03-2012,36.709999084472656,37.4900016784668,1207600,37.4900016784668,36.720001220703125,27.857135772705078
02-04-2012,36.72999954223633,36.86000061035156,1140200,37.54999923706055,37.290000915527344,28.2895565032959
03-04-2012,37.060001373291016,37.349998474121094,1117600,37.52000045776367,37.34000015258789,28.327491760253906
04-04-2012,36.900001525878906,37.130001068115234,1462600,37.2400016784668,36.95000076293945,28.03162956237793
05-04-2012,36.75,36.79999923706055,889900,37.099998474121094,37.0,28.069555282592773
09-04-2012,35.97999954223633,36.619998931884766,1238100,36.619998931884766,36.16999816894531,27.43988609313965
10-04-2012,35.41999816894531,36.16999816894531,1767800,36.220001220703125,35.560001373291016,26.977123260498047
11-04-2012,35.79999923706055,35.90999984741211,862600,36.20000076293945,36.029998779296875,27.333667755126953
12-04-2012,36.0,36.0,906600,36.470001220703125,36.2599983215332,27.508169174194336
13-04-2012,35.900001525878906,36.130001068115234,3932600,36.380001068115234,36.18000030517578,27.44747543334961
16-04-2012,34.9900016784668,35.599998474121094,6414600,36.08000183105469,35.7599983215332,27.128843307495117
17-04-2012,36.0,36.099998474121094,1002200,36.66999816894531,36.59000015258789,27.758520126342773
18-04-2012,36.11000061035156,36.66999816894531,1772000,36.66999816894531,36.33000183105469,27.56127166748047
19-04-2012,35.689998626708984,36.38999938964844,1544200,36.47999954223633,35.779998779296875,27.144020080566406
20-04-2012,35.810001373291016,36.11000061035156,2083300,36.400001525878906,35.91999816894531,27.25023078918457
23-04-2012,33.810001373291016,35.4900016784668,5351000,35.5,34.040000915527344,25.823991775512695
24-04-2012,33.959999084472656,33.959999084472656,3301600,35.38999938964844,35.130001068115234,26.650915145874023
25-04-2012,35.20000076293945,35.529998779296875,1942200,35.779998779296875,35.630001068115234,27.030216217041016
26-04-2012,35.54999923706055,35.869998931884766,2807300,36.59000015258789,36.4900016784668,27.682653427124023
27-04-2012,36.13999938964844,36.22999954223633,1559400,36.75,36.68000030517578,28.10406494140625
30-04-2012,36.41999816894531,36.70000076293945,1447700,36.86000061035156,36.7400016784668,28.150039672851562
01-05-2012,36.59000015258789,36.88999938964844,1746000,37.220001220703125,36.880001068115234,28.257299423217773
02-05-2012,36.5,36.810001373291016,1286300,37.11000061035156,37.040000915527344,28.379884719848633
03-05-2012,36.7400016784668,37.0,1094500,37.2400016784668,36.97999954223633,28.333921432495117
04-05-2012,36.0,36.18000030517578,2994900,36.619998931884766,36.09000015258789,27.652008056640625
07-05-2012,36.060001373291016,36.27000045776367,2902600,37.060001373291016,36.349998474121094,27.851219177246094
08-05-2012,35.34000015258789,36.09000015258789,1596100,36.20000076293945,35.93000030517578,27.529417037963867
09-05-2012,35.130001068115234,35.7599983215332,1202200,35.7599983215332,35.34000015258789,27.077354431152344
10-05-2012,35.20000076293945,35.709999084472656,1369800,35.869998931884766,35.47999954223633,27.184627532958984
11-05-2012,35.25,35.40999984741211,1264000,36.0,35.68000030517578,27.337867736816406
14-05-2012,35.0,35.27000045776367,1355200,35.540000915527344,35.099998474121094,26.893468856811523
15-05-2012,35.09000015258789,35.150001525878906,2333600,36.630001068115234,36.0,27.583044052124023
16-05-2012,36.0,36.36000061035156,1517700,36.54999923706055,36.150001525878906,27.697967529296875
17-05-2012,34.72999954223633,36.15999984741211,1220800,36.290000915527344,34.72999954223633,26.609981536865234
18-05-2012,34.13999938964844,34.75,1466000,34.97999954223633,34.2400016784668,26.234540939331055
21-05-2012,33.41999816894531,34.380001068115234,1559700,34.439998626708984,34.40999984741211,26.364795684814453
22-05-2012,34.25,34.52000045776367,1127400,34.65999984741211,34.470001220703125,26.410764694213867
23-05-2012,34.02000045776367,34.25,1000000,34.689998626708984,34.650001525878906,26.548681259155273
24-05-2012,34.20000076293945,34.349998474121094,3236700,34.88999938964844,34.59000015258789,26.50270652770996
25-05-2012,34.5099983215332,34.77000045776367,1072300,35.08000183105469,34.90999984741211,26.747896194458008
29-05-2012,35.130001068115234,35.33000183105469,1604900,35.84000015258789,35.52000045776367,27.215269088745117
30-05-2012,35.130001068115234,35.33000183105469,1570900,35.4900016784668,35.290000915527344,27.03904914855957
31-05-2012,35.08000183105469,35.33000183105469,2153800,35.72999954223633,35.41999816894531,27.138648986816406
01-06-2012,34.720001220703125,34.95000076293945,1773000,35.369998931884766,34.959999084472656,26.786203384399414
04-06-2012,34.150001525878906,34.88999938964844,1990400,35.15999984741211,34.540000915527344,26.46440887451172
05-06-2012,34.349998474121094,34.459999084472656,1735100,34.779998779296875,34.459999084472656,26.40310287475586
06-06-2012,34.58000183105469,34.83000183105469,1658000,34.970001220703125,34.880001068115234,26.72490692138672
07-06-2012,34.790000915527344,35.290000915527344,940100,35.470001220703125,34.869998931884766,26.717243194580078
08-06-2012,34.43000030517578,34.97999954223633,1994800,34.97999954223633,34.5,26.43375015258789
11-06-2012,33.810001373291016,34.77000045776367,1372300,34.810001373291016,33.86000061035156,25.943389892578125
12-06-2012,33.75,34.22999954223633,978000,34.369998931884766,34.31999969482422,26.29584503173828
13-06-2012,33.75,34.27000045776367,1443500,34.34000015258789,33.849998474121094,25.935728073120117
14-06-2012,33.81999969482422,34.0,1847600,34.34000015258789,34.060001373291016,26.09662628173828
15-06-2012,33.91999816894531,34.099998474121094,2435600,34.59000015258789,34.5,26.43375015258789
18-06-2012,34.11000061035156,34.349998474121094,856200,34.5,34.45000076293945,26.39543914794922
19-06-2012,34.529998779296875,34.7400016784668,1081900,35.16999816894531,34.779998779296875,26.648277282714844
20-06-2012,34.279998779296875,34.90999984741211,1281400,34.90999984741211,34.540000915527344,26.46440887451172
21-06-2012,33.84000015258789,34.7400016784668,1470500,34.900001525878906,33.95000076293945,26.012346267700195
22-06-2012,33.54999923706055,34.2400016784668,1421600,34.369998931884766,33.869998931884766,25.951045989990234
25-06-2012,33.040000915527344,33.72999954223633,1330000,33.72999954223633,33.15999984741211,25.40704917907715
26-06-2012,32.91999816894531,33.27000045776367,1395600,33.75,32.970001220703125,25.261474609375
27-06-2012,32.209999084472656,32.43000030517578,4559600,33.060001373291016,32.27000045776367,24.725141525268555
28-06-2012,32.0,32.18000030517578,2183000,33.130001068115234,33.029998779296875,25.307449340820312
29-06-2012,33.540000915527344,33.63999938964844,1331300,33.95000076293945,33.869998931884766,25.951045989990234
02-07-2012,33.79999923706055,34.150001525878906,1186400,34.43000030517578,34.130001068115234,26.150257110595703
03-07-2012,33.540000915527344,34.13999938964844,857400,34.310001373291016,33.86000061035156,25.943389892578125
05-07-2012,33.79999923706055,33.959999084472656,1122300,34.4900016784668,34.369998931884766,26.334157943725586
06-07-2012,33.61000061035156,34.2400016784668,915000,34.2400016784668,34.16999816894531,26.180910110473633
09-07-2012,33.61000061035156,34.189998626708984,1183400,34.40999984741211,33.97999954223633,26.03533363342285
10-07-2012,33.27000045776367,34.16999816894531,1334200,34.16999816894531,33.65999984741211,25.790149688720703
11-07-2012,33.09000015258789,33.790000915527344,1100800,33.880001068115234,33.47999954223633,25.652233123779297
12-07-2012,32.81999969482422,33.279998779296875,1525000,33.400001525878906,32.880001068115234,25.192514419555664
13-07-2012,32.41999816894531,32.77000045776367,2210500,33.02000045776367,32.90999984741211,25.215505599975586
16-07-2012,32.290000915527344,32.83000183105469,1347200,32.939998626708984,32.349998474121094,24.786428451538086
17-07-2012,32.63999938964844,33.0,2777700,33.77000045776367,33.2599983215332,25.483665466308594
18-07-2012,33.029998779296875,33.150001525878906,1511500,33.68000030517578,33.27000045776367,25.491331100463867
19-07-2012,33.2400016784668,33.5,3251900,33.880001068115234,33.720001220703125,25.836122512817383
20-07-2012,33.34000015258789,33.560001373291016,4675000,34.09000015258789,33.84000015258789,25.928058624267578
23-07-2012,34.720001220703125,35.0,7029100,36.459999084472656,35.189998626708984,26.962427139282227
24-07-2012,34.72999954223633,35.380001068115234,2192000,35.79999923706055,34.959999084472656,26.786203384399414
25-07-2012,34.560001373291016,35.119998931884766,1578100,35.18000030517578,34.709999084472656,26.594648361206055
26-07-2012,34.75,35.099998474121094,1391100,35.41999816894531,35.33000183105469,27.0696964263916
27-07-2012,35.45000076293945,35.5099983215332,2026700,36.369998931884766,36.2599983215332,27.782257080078125
30-07-2012,35.59000015258789,35.939998626708984,1609200,36.369998931884766,36.310001373291016,28.09956169128418
31-07-2012,35.75,36.5,1172500,36.56999969482422,35.81999969482422,27.720348358154297
01-08-2012,35.650001525878906,36.15999984741211,1150500,36.16999816894531,35.68000030517578,27.612009048461914
02-08-2012,35.0099983215332,35.650001525878906,1335200,35.720001220703125,35.36000061035156,27.364360809326172
03-08-2012,35.599998474121094,35.91999816894531,1214200,36.310001373291016,36.06999969482422,27.913822174072266
06-08-2012,36.099998474121094,36.22999954223633,1467200,36.630001068115234,36.459999084472656,28.21562957763672
07-08-2012,36.540000915527344,36.77000045776367,1309200,36.9900016784668,36.79999923706055,28.47874641418457
08-08-2012,36.599998474121094,36.81999969482422,1034200,37.06999969482422,37.040000915527344,28.664474487304688
09-08-2012,36.93000030517578,37.060001373291016,1650400,38.310001373291016,37.369998931884766,28.919864654541016
10-08-2012,36.58000183105469,37.380001068115234,1152400,37.599998474121094,37.560001373291016,29.0668888092041
13-08-2012,37.209999084472656,37.779998779296875,992900,37.88999938964844,37.58000183105469,29.082378387451172
14-08-2012,37.47999954223633,37.77000045776367,804000,37.97999954223633,37.63999938964844,29.128803253173828
15-08-2012,37.52000045776367,37.61000061035156,1087800,38.0,37.720001220703125,29.19071388244629
16-08-2012,37.65999984741211,37.779998779296875,1396700,38.310001373291016,38.2400016784668,29.5931339263916
17-08-2012,37.970001220703125,38.29999923706055,1075400,38.599998474121094,38.2400016784668,29.5931339263916
20-08-2012,37.77000045776367,38.310001373291016,1180700,38.310001373291016,38.119998931884766,29.500263214111328
21-08-2012,37.83000183105469,38.29999923706055,754300,38.31999969482422,37.9900016784668,29.39967155456543
22-08-2012,37.619998931884766,38.040000915527344,621700,38.040000915527344,37.75,29.21392822265625
23-08-2012,37.13999938964844,37.650001525878906,934600,37.72999954223633,37.290000915527344,28.857948303222656
24-08-2012,36.959999084472656,37.06999969482422,1523500,37.4900016784668,37.4900016784668,29.01272201538086
27-08-2012,37.560001373291016,37.68000030517578,1066200,38.0,37.66999816894531,29.152027130126953
28-08-2012,37.279998779296875,37.529998779296875,1196500,37.72999954223633,37.5,29.020456314086914
29-08-2012,37.2599983215332,37.43000030517578,1207900,37.7400016784668,37.5,29.020456314086914
30-08-2012,37.02000045776367,37.459999084472656,1179100,37.59000015258789,37.400001525878906,28.94307518005371
31-08-2012,37.369998931884766,37.650001525878906,750100,37.869998931884766,37.5099983215332,29.028202056884766
04-09-2012,36.83000183105469,37.47999954223633,1262800,37.529998779296875,37.20000076293945,28.788299560546875
05-09-2012,36.75,37.099998474121094,792600,37.2400016784668,37.130001068115234,28.734127044677734
06-09-2012,37.33000183105469,37.33000183105469,1148200,38.150001525878906,37.95000076293945,29.368711471557617
07-09-2012,37.59000015258789,38.09000015258789,859500,38.5,37.63999938964844,29.128803253173828
10-09-2012,37.33000183105469,37.5099983215332,1214300,38.02000045776367,37.849998474121094,29.29132080078125
11-09-2012,37.560001373291016,38.06999969482422,1291600,38.59000015258789,38.560001373291016,29.840778350830078
12-09-2012,38.380001068115234,38.689998626708984,1628100,38.97999954223633,38.86000061035156,30.072940826416016
13-09-2012,38.529998779296875,38.900001525878906,1013900,39.20000076293945,39.06999969482422,30.23545265197754
14-09-2012,38.97999954223633,39.16999816894531,1720000,39.97999954223633,39.959999084472656,30.924209594726562
17-09-2012,38.72999954223633,38.900001525878906,1810900,39.29999923706055,38.959999084472656,30.150318145751953
18-09-2012,38.61000061035156,39.06999969482422,749200,39.22999954223633,38.68000030517578,29.93363380432129
19-09-2012,37.560001373291016,38.0099983215332,969400,38.5,38.400001525878906,29.716951370239258
20-09-2012,37.900001525878906,38.380001068115234,1047800,38.5,38.20000076293945,29.562183380126953
21-09-2012,37.939998626708984,38.33000183105469,1002200,38.58000183105469,38.0099983215332,29.415142059326172
24-09-2012,37.83000183105469,37.9900016784668,905600,38.43000030517578,38.099998474121094,29.48478126525879
25-09-2012,37.5,38.040000915527344,969400,38.099998474121094,37.529998779296875,29.043682098388672
26-09-2012,37.220001220703125,37.810001373291016,912800,37.959999084472656,37.310001373291016,28.873428344726562
27-09-2012,37.310001373291016,37.5,793900,37.70000076293945,37.650001525878906,29.13654327392578
28-09-2012,37.470001220703125,37.619998931884766,1202200,38.279998779296875,38.16999816894531,29.538965225219727
01-10-2012,37.630001068115234,38.130001068115234,1635800,38.150001525878906,37.90999984741211,29.337759017944336
02-10-2012,37.77000045776367,37.93000030517578,1415200,38.189998626708984,37.79999923706055,29.252622604370117
03-10-2012,37.20000076293945,37.939998626708984,1152500,38.08000183105469,37.40999984741211,28.95081901550293
04-10-2012,37.290000915527344,37.66999816894531,1105500,38.0,37.459999084472656,28.989505767822266
05-10-2012,37.5099983215332,37.63999938964844,1066700,37.95000076293945,37.7599983215332,29.221668243408203
08-10-2012,37.689998626708984,37.75,687700,38.2599983215332,38.220001220703125,29.577655792236328
09-10-2012,37.470001220703125,38.2400016784668,889000,38.36000061035156,37.56999969482422,29.07463264465332
10-10-2012,37.220001220703125,37.560001373291016,858900,37.720001220703125,37.31999969482422,28.881168365478516
11-10-2012,37.5099983215332,37.689998626708984,800200,38.029998779296875,37.810001373291016,29.26036262512207
12-10-2012,37.86000061035156,37.959999084472656,2524300,39.400001525878906,39.29999923706055,30.41344451904297
15-10-2012,37.61000061035156,38.119998931884766,3787700,38.33000183105469,37.75,29.21392822265625
16-10-2012,37.93000030517578,38.380001068115234,1759900,38.59000015258789,38.380001068115234,29.70148468017578
17-10-2012,38.25,38.59000015258789,1770500,39.38999938964844,38.959999084472656,30.150318145751953
18-10-2012,38.720001220703125,39.130001068115234,1409000,39.29999923706055,39.04999923706055,30.219972610473633
19-10-2012,38.34000015258789,39.11000061035156,3559100,39.470001220703125,39.04999923706055,30.219972610473633
22-10-2012,37.7599983215332,39.31999969482422,3924700,39.959999084472656,38.38999938964844,29.709218978881836
23-10-2012,36.7599983215332,38.11000061035156,2568200,38.25,36.779998779296875,28.46326446533203
24-10-2012,36.540000915527344,36.83000183105469,1578800,37.310001373291016,36.849998474121094,28.51743507385254
25-10-2012,36.540000915527344,37.220001220703125,1647100,37.439998626708984,36.56999969482422,28.300758361816406
26-10-2012,36.13999938964844,36.7400016784668,2192000,36.810001373291016,36.349998474121094,28.130504608154297
31-10-2012,35.939998626708984,37.0,2153700,37.040000915527344,35.9900016784668,28.130502700805664
01-11-2012,35.86000061035156,36.84000015258789,2617900,36.84000015258789,36.33000183105469,28.396259307861328
02-11-2012,35.470001220703125,36.630001068115234,2103800,36.720001220703125,35.58000183105469,27.810039520263672
05-11-2012,35.72999954223633,35.790000915527344,1401800,36.34000015258789,36.16999816894531,28.27118682861328
06-11-2012,36.75,37.560001373291016,7254700,38.65999984741211,37.790000915527344,29.537418365478516
07-11-2012,36.95000076293945,37.5099983215332,1703200,37.630001068115234,37.209999084472656,29.084077835083008
08-11-2012,36.93000030517578,37.029998779296875,1718500,37.58000183105469,37.25,29.11534309387207
09-11-2012,37.029998779296875,37.04999923706055,1179300,37.689998626708984,37.220001220703125,29.09189224243164
12-11-2012,36.810001373291016,37.41999816894531,966500,37.619998931884766,36.95000076293945,28.880859375
13-11-2012,36.95000076293945,36.9900016784668,1023400,37.5099983215332,36.97999954223633,28.90431022644043
14-11-2012,36.369998931884766,36.97999954223633,1085100,37.22999954223633,36.47999954223633,28.51349639892578
15-11-2012,36.06999969482422,36.400001525878906,1163000,36.7599983215332,36.34000015258789,28.404067993164062
16-11-2012,36.119998931884766,36.41999816894531,1061300,36.939998626708984,36.45000076293945,28.49004364013672
19-11-2012,36.77000045776367,37.13999938964844,1141600,37.650001525878906,37.38999938964844,29.224775314331055
20-11-2012,36.90999984741211,37.25,1389400,37.47999954223633,37.2599983215332,29.1231632232666
21-11-2012,37.20000076293945,37.439998626708984,1103200,37.7400016784668,37.68000030517578,29.451440811157227
23-11-2012,37.7400016784668,37.810001373291016,533500,38.25,38.25,29.896963119506836
26-11-2012,38.099998474121094,38.25,710000,38.4900016784668,38.31999969482422,29.951684951782227
27-11-2012,38.220001220703125,38.36000061035156,1003600,38.70000076293945,38.29999923706055,29.936046600341797
28-11-2012,38.0,38.0099983215332,936900,38.560001373291016,38.540000915527344,30.123638153076172
29-11-2012,38.08000183105469,38.4900016784668,983200,38.86000061035156,38.599998474121094,30.170534133911133
30-11-2012,38.279998779296875,38.70000076293945,1669000,39.0099983215332,38.459999084472656,30.061092376708984
03-12-2012,37.54999923706055,38.599998474121094,1341000,38.88999938964844,37.70000076293945,29.467077255249023
04-12-2012,36.650001525878906,37.689998626708984,1600400,37.81999969482422,37.31999969482422,29.17005729675293
05-12-2012,36.630001068115234,37.150001525878906,1857300,37.290000915527344,37.0,28.91993522644043
06-12-2012,36.9900016784668,37.0099983215332,1013200,37.33000183105469,37.220001220703125,29.09189224243164
07-12-2012,36.7599983215332,37.2599983215332,1092800,37.5,37.459999084472656,29.279478073120117
10-12-2012,37.04999923706055,37.47999954223633,1011800,37.630001068115234,37.599998474121094,29.388906478881836
11-12-2012,37.31999969482422,37.709999084472656,1217800,38.36000061035156,38.0099983215332,29.70937728881836
12-12-2012,37.68000030517578,38.06999969482422,1528200,38.2400016784668,37.77000045776367,29.52179527282715
13-12-2012,37.040000915527344,37.47999954223633,1011000,37.869998931884766,37.20000076293945,29.356069564819336
14-12-2012,36.83000183105469,37.22999954223633,1227100,37.310001373291016,36.970001220703125,29.174571990966797
17-12-2012,36.560001373291016,36.970001220703125,1662400,37.16999816894531,36.75,29.000947952270508
18-12-2012,36.650001525878906,36.91999816894531,1895400,37.11000061035156,36.720001220703125,28.977283477783203
19-12-2012,36.54999923706055,36.880001068115234,1721900,37.06999969482422,36.56999969482422,28.858911514282227
20-12-2012,36.130001068115234,36.7599983215332,1273400,36.84000015258789,36.599998474121094,28.882579803466797
21-12-2012,35.970001220703125,36.33000183105469,2022200,36.470001220703125,36.040000915527344,28.440662384033203
24-12-2012,35.630001068115234,36.29999923706055,687100,36.880001068115234,35.88999938964844,28.322290420532227
26-12-2012,35.27000045776367,35.83000183105469,1281400,35.970001220703125,35.38999938964844,27.927717208862305
27-12-2012,34.90999984741211,35.439998626708984,1182700,35.63999938964844,35.560001373291016,28.06187629699707
28-12-2012,35.060001373291016,35.5099983215332,1800300,35.599998474121094,35.310001373291016,27.864595413208008
31-12-2012,35.040000915527344,35.20000076293945,1071800,35.91999816894531,35.900001525878906,28.330188751220703
02-01-2013,35.29999923706055,36.369998931884766,2460900,36.380001068115234,35.81999969482422,28.267053604125977
03-01-2013,35.5,35.61000061035156,2271100,36.18000030517578,36.119998931884766,28.503793716430664
04-01-2013,35.650001525878906,36.279998779296875,2228900,36.439998626708984,35.7400016784668,28.20392417907715
07-01-2013,35.0,35.619998931884766,2372900,35.75,35.349998474121094,27.896156311035156
08-01-2013,35.0099983215332,35.2599983215332,2953400,35.4900016784668,35.380001068115234,27.919822692871094
09-01-2013,35.470001220703125,35.599998474121094,1728300,36.02000045776367,35.68000030517578,28.15657615661621
10-01-2013,35.68000030517578,35.97999954223633,5557800,37.349998474121094,37.06999969482422,29.253475189208984
11-01-2013,36.40999984741211,37.15999984741211,2704400,37.15999984741211,36.88999938964844,29.111433029174805
14-01-2013,35.959999084472656,36.83000183105469,1791000,36.88999938964844,36.560001373291016,28.85101890563965
15-01-2013,36.38999938964844,36.619998931884766,1993000,37.290000915527344,37.209999084472656,29.363956451416016
16-01-2013,37.0,37.209999084472656,2043200,37.880001068115234,37.56999969482422,29.648048400878906
17-01-2013,37.61000061035156,37.880001068115234,1747000,38.29999923706055,37.939998626708984,29.94002342224121
18-01-2013,37.959999084472656,38.150001525878906,3177500,39.099998474121094,39.0099983215332,30.784414291381836
22-01-2013,38.689998626708984,39.04999923706055,1640100,39.099998474121094,38.869998931884766,30.673927307128906
23-01-2013,38.0,38.900001525878906,2370800,39.0,38.119998931884766,30.082077026367188
24-01-2013,38.16999816894531,38.20000076293945,1873900,38.72999954223633,38.45000076293945,30.342496871948242
25-01-2013,36.599998474121094,37.41999816894531,7321900,37.65999984741211,37.310001373291016,29.44287109375
28-01-2013,37.0099983215332,37.27000045776367,3041900,37.27000045776367,37.02000045776367,29.21401596069336
29-01-2013,36.79999923706055,36.97999954223633,1108100,37.27000045776367,37.220001220703125,29.37184715270996
30-01-2013,37.16999816894531,37.349998474121094,2551300,37.459999084472656,37.2400016784668,29.387636184692383
31-01-2013,37.029998779296875,37.209999084472656,1749700,37.43000030517578,37.369998931884766,29.490222930908203
01-02-2013,37.220001220703125,37.689998626708984,1555400,37.720001220703125,37.650001525878906,29.711181640625
04-02-2013,37.25,37.43000030517578,1379100,37.619998931884766,37.43000030517578,29.53756332397461
05-02-2013,37.650001525878906,37.72999954223633,1055500,38.060001373291016,37.88999938964844,29.900575637817383
06-02-2013,37.720001220703125,37.79999923706055,1506600,38.279998779296875,38.16999816894531,30.12153434753418
07-02-2013,37.90999984741211,38.9900016784668,1806900,38.9900016784668,38.720001220703125,30.55556869506836
08-02-2013,38.7599983215332,38.86000061035156,2649100,39.84000015258789,39.84000015258789,31.439403533935547
11-02-2013,39.400001525878906,40.040000915527344,3309100,40.130001068115234,39.689998626708984,31.32103157043457
12-02-2013,39.68000030517578,39.790000915527344,2206600,40.02000045776367,39.88999938964844,31.478857040405273
13-02-2013,39.93000030517578,40.22999954223633,2341400,40.54999923706055,40.41999816894531,31.897104263305664
14-02-2013,40.220001220703125,40.2400016784668,2162000,40.95000076293945,40.880001068115234,32.26011276245117
15-02-2013,40.43000030517578,40.9900016784668,1925000,41.0,40.529998779296875,31.98390007019043
19-02-2013,40.31999969482422,40.72999954223633,1749500,40.93000030517578,40.90999984741211,32.28377914428711
20-02-2013,40.81999969482422,41.040000915527344,1427600,41.560001373291016,41.119998931884766,32.44950485229492
21-02-2013,40.75,41.619998931884766,1639800,41.619998931884766,41.119998931884766,32.44950485229492
22-02-2013,40.849998474121094,41.349998474121094,1164900,41.47999954223633,41.130001068115234,32.45738983154297
25-02-2013,40.09000015258789,41.33000183105469,2403900,41.4900016784668,40.11000061035156,31.652462005615234
26-02-2013,39.9900016784668,40.13999938964844,1460500,40.41999816894531,40.04999923706055,31.60511589050293
27-02-2013,39.9900016784668,40.0099983215332,1515200,40.619998931884766,40.52000045776367,31.976015090942383
28-02-2013,40.0,40.43000030517578,1494600,40.68000030517578,40.02000045776367,31.581449508666992
01-03-2013,39.880001068115234,40.099998474121094,2154700,40.43000030517578,40.11000061035156,31.652462005615234
04-03-2013,40.0099983215332,40.0099983215332,1433400,40.349998474121094,40.08000183105469,31.62880516052246
05-03-2013,40.290000915527344,40.290000915527344,1031600,40.84000015258789,40.70000076293945,32.118064880371094
06-03-2013,40.70000076293945,40.70000076293945,1664100,41.41999816894531,40.95000076293945,32.31534957885742
07-03-2013,40.88999938964844,40.90999984741211,930300,41.470001220703125,41.060001373291016,32.40214538574219
08-03-2013,41.06999969482422,41.29999923706055,778700,41.75,41.66999816894531,32.88352966308594
11-03-2013,41.380001068115234,41.68000030517578,1459100,42.279998779296875,42.279998779296875,33.36491012573242
12-03-2013,41.689998626708984,42.04999923706055,1008400,42.220001220703125,42.150001525878906,33.2623176574707
13-03-2013,41.29999923706055,41.54999923706055,1197700,41.97999954223633,41.810001373291016,32.99400329589844
14-03-2013,41.779998779296875,42.0,910300,42.31999969482422,42.22999954223633,33.32544708251953
15-03-2013,42.040000915527344,42.040000915527344,1271900,42.66999816894531,42.380001068115234,33.44382095336914
18-03-2013,41.79999923706055,42.060001373291016,637200,42.369998931884766,42.220001220703125,33.31755828857422
19-03-2013,41.56999969482422,42.40999984741211,962700,42.45000076293945,41.83000183105469,33.00979232788086
20-03-2013,42.02000045776367,42.02000045776367,730400,42.380001068115234,42.2400016784668,33.333335876464844
21-03-2013,42.02000045776367,42.189998626708984,1152500,43.08000183105469,42.88999938964844,33.84629440307617
22-03-2013,42.790000915527344,42.93000030517578,1809900,43.91999816894531,43.84000015258789,34.595970153808594
25-03-2013,43.38999938964844,43.970001220703125,1376200,44.13999938964844,43.66999816894531,34.46180725097656
26-03-2013,43.45000076293945,43.63999938964844,985400,43.86000061035156,43.83000183105469,34.588069915771484
27-03-2013,43.560001373291016,43.72999954223633,660400,43.95000076293945,43.66999816894531,34.46180725097656
28-03-2013,43.61000061035156,43.81999969482422,993000,44.0,43.939998626708984,34.67487335205078
01-04-2013,43.40999984741211,44.0,980000,44.029998779296875,43.560001373291016,34.37501525878906
02-04-2013,43.20000076293945,43.630001068115234,1006700,43.630001068115234,43.38999938964844,34.2408561706543
03-04-2013,42.91999816894531,43.43000030517578,1494200,43.61000061035156,43.029998779296875,33.956756591796875
04-04-2013,42.97999954223633,43.22999954223633,1034800,43.689998626708984,43.459999084472656,34.29610061645508
05-04-2013,42.56999969482422,42.869998931884766,1822300,43.34000015258789,43.33000183105469,34.193504333496094
08-04-2013,43.040000915527344,43.33000183105469,1124800,43.38999938964844,43.25,34.130367279052734
09-04-2013,43.08000183105469,43.25,860300,44.0099983215332,43.90999984741211,34.65120315551758
10-04-2013,43.79999923706055,44.029998779296875,1705600,44.75,44.709999084472656,35.28252029418945
11-04-2013,44.720001220703125,44.83000183105469,1456600,45.540000915527344,45.060001373291016,35.558719635009766
12-04-2013,44.33000183105469,44.83000183105469,713200,45.099998474121094,44.90999984741211,35.44034194946289
15-04-2013,43.68000030517578,44.650001525878906,840000,45.029998779296875,43.79999923706055,34.56440734863281
16-04-2013,43.790000915527344,43.91999816894531,723700,44.380001068115234,44.33000183105469,34.982643127441406
17-04-2013,43.34000015258789,44.36000061035156,1150900,44.38999938964844,43.7400016784668,34.51704025268555
18-04-2013,43.459999084472656,43.709999084472656,1346600,44.56999969482422,44.34000015258789,34.990543365478516
19-04-2013,44.04999923706055,44.36000061035156,1393800,45.119998931884766,45.02000045776367,35.52716064453125
22-04-2013,45.86000061035156,46.380001068115234,5200300,48.459999084472656,46.54999923706055,36.73454284667969
23-04-2013,46.459999084472656,47.0,1870100,47.790000915527344,47.7599983215332,37.689395904541016
24-04-2013,46.709999084472656,47.5,2169100,47.70000076293945,47.279998779296875,37.31060791015625
25-04-2013,47.2599983215332,47.41999816894531,1290400,48.400001525878906,47.7599983215332,37.689395904541016
26-04-2013,47.27000045776367,47.810001373291016,1351000,47.939998626708984,47.27000045776367,37.30272674560547
29-04-2013,46.900001525878906,47.02000045776367,1244200,47.68000030517578,47.650001525878906,37.923500061035156
30-04-2013,47.209999084472656,47.70000076293945,1156900,47.72999954223633,47.369998931884766,37.700660705566406
01-05-2013,46.66999816894531,47.5,1362400,47.7400016784668,47.04999923706055,37.445987701416016
02-05-2013,46.720001220703125,47.04999923706055,1240100,47.54999923706055,46.810001373291016,37.25496292114258
03-05-2013,46.959999084472656,47.099998474121094,1034400,47.38999938964844,47.220001220703125,37.58127975463867
06-05-2013,46.84000015258789,47.40999984741211,1218700,47.439998626708984,47.150001525878906,37.52556610107422
07-05-2013,47.0,47.040000915527344,1585700,47.52000045776367,47.459999084472656,37.77229309082031
08-05-2013,47.400001525878906,47.459999084472656,1119300,47.720001220703125,47.599998474121094,37.883705139160156
09-05-2013,47.41999816894531,47.70000076293945,1011500,47.88999938964844,47.59000015258789,37.875762939453125
10-05-2013,47.369998931884766,47.380001068115234,1183400,47.90999984741211,47.5099983215332,37.81208038330078
13-05-2013,47.220001220703125,47.47999954223633,1228000,47.7400016784668,47.459999084472656,37.77229309082031
14-05-2013,47.0099983215332,47.38999938964844,1875200,47.630001068115234,47.5099983215332,37.81208038330078
15-05-2013,47.369998931884766,47.54999923706055,1431600,47.779998779296875,47.61000061035156,37.89168167114258
16-05-2013,47.13999938964844,47.630001068115234,1060100,47.880001068115234,47.209999084472656,37.573326110839844
17-05-2013,47.33000183105469,47.33000183105469,932600,47.939998626708984,47.90999984741211,38.130435943603516
20-05-2013,47.59000015258789,47.939998626708984,735900,47.970001220703125,47.70000076293945,37.96330642700195
21-05-2013,47.790000915527344,47.900001525878906,1692200,48.720001220703125,48.459999084472656,38.56816482543945
22-05-2013,47.29999923706055,48.400001525878906,1499300,48.970001220703125,47.47999954223633,37.788211822509766
23-05-2013,46.5,47.060001373291016,1353700,47.209999084472656,46.970001220703125,37.38231658935547
24-05-2013,46.369998931884766,46.560001373291016,1320000,47.68000030517578,47.15999984741211,37.53352355957031
28-05-2013,46.630001068115234,47.630001068115234,928300,48.0,46.720001220703125,37.18333053588867
29-05-2013,44.220001220703125,46.45000076293945,4442700,46.689998626708984,44.45000076293945,35.376705169677734
30-05-2013,44.290000915527344,44.38999938964844,1239900,45.119998931884766,44.83000183105469,35.67914962768555
31-05-2013,44.439998626708984,44.459999084472656,1308700,45.02000045776367,44.47999954223633,35.40057373046875
03-06-2013,44.099998474121094,44.970001220703125,1067100,44.97999954223633,44.810001373291016,35.663211822509766
04-06-2013,44.13999938964844,44.779998779296875,1532100,44.97999954223633,44.65999984741211,35.54383087158203
05-06-2013,44.060001373291016,44.45000076293945,649300,44.630001068115234,44.099998474121094,35.0981559753418
06-06-2013,43.459999084472656,44.16999816894531,1231300,44.2599983215332,44.18000030517578,35.16181945800781
07-06-2013,44.130001068115234,44.29999923706055,972600,45.040000915527344,45.0,35.81443786621094
10-06-2013,44.5099983215332,44.9900016784668,1182500,45.119998931884766,44.59000015258789,35.48812484741211
11-06-2013,43.77000045776367,44.31999969482422,1204000,44.86000061035156,44.70000076293945,35.5756721496582
12-06-2013,43.79999923706055,44.900001525878906,961000,44.9900016784668,43.810001373291016,34.86734390258789
13-06-2013,43.72999954223633,43.88999938964844,800900,44.439998626708984,44.31999969482422,35.273223876953125
14-06-2013,44.0,44.38999938964844,794200,44.63999938964844,44.09000015258789,35.090187072753906
17-06-2013,44.119998931884766,44.2400016784668,998400,44.90999984741211,44.310001373291016,35.265281677246094
18-06-2013,44.369998931884766,44.380001068115234,679100,44.869998931884766,44.7400016784668,35.60750961303711
19-06-2013,44.58000183105469,44.58000183105469,1212600,45.33000183105469,44.880001068115234,35.71893310546875
20-06-2013,43.72999954223633,44.45000076293945,1117300,44.54999923706055,43.810001373291016,34.86734390258789
21-06-2013,43.849998474121094,44.13999938964844,1891200,44.540000915527344,44.34000015258789,35.28915786743164
24-06-2013,43.689998626708984,44.16999816894531,951000,44.209999084472656,43.849998474121094,34.89917755126953
25-06-2013,43.63999938964844,44.04999923706055,1236100,44.2599983215332,43.97999954223633,35.00264358520508
26-06-2013,43.79999923706055,44.45000076293945,1170700,44.59000015258789,44.130001068115234,35.12201690673828
27-06-2013,44.15999984741211,44.25,772500,44.7400016784668,44.630001068115234,35.519954681396484
28-06-2013,44.36000061035156,44.689998626708984,1353500,45.2400016784668,44.83000183105469,35.67914962768555
01-07-2013,44.77000045776367,44.95000076293945,1343100,45.7599983215332,45.72999954223633,36.39542007446289
02-07-2013,45.5099983215332,45.599998474121094,1274300,46.08000183105469,45.90999984741211,36.5386848449707
03-07-2013,45.630001068115234,45.79999923706055,517200,46.20000076293945,46.029998779296875,36.63418960571289
05-07-2013,45.84000015258789,46.40999984741211,538400,46.619998931884766,46.61000061035156,37.095787048339844
08-07-2013,46.650001525878906,46.70000076293945,1263500,47.209999084472656,46.709999084472656,37.175384521484375
09-07-2013,46.86000061035156,47.060001373291016,1008800,47.54999923706055,47.22999954223633,37.589237213134766
10-07-2013,46.540000915527344,47.060001373291016,1183500,47.22999954223633,46.95000076293945,37.366397857666016
11-07-2013,46.7400016784668,47.560001373291016,1065600,47.599998474121094,47.279998779296875,37.629024505615234
12-07-2013,47.279998779296875,47.279998779296875,841200,47.75,47.63999938964844,37.91554641723633
15-07-2013,47.2400016784668,47.779998779296875,912300,47.84000015258789,47.45000076293945,37.76433181762695
16-07-2013,46.90999984741211,47.40999984741211,1308800,47.54999923706055,47.15999984741211,37.53352355957031
17-07-2013,45.619998931884766,46.0,1979500,46.66999816894531,46.029998779296875,36.63418960571289
18-07-2013,46.060001373291016,46.20000076293945,1448700,46.54999923706055,46.47999954223633,36.992332458496094
19-07-2013,45.349998474121094,46.27000045776367,2424000,46.459999084472656,45.380001068115234,36.11686325073242
22-07-2013,44.900001525878906,45.119998931884766,3772900,47.970001220703125,46.869998931884766,37.3027229309082
23-07-2013,47.630001068115234,47.97999954223633,3351400,48.349998474121094,47.83000183105469,38.06676483154297
24-07-2013,46.84000015258789,47.720001220703125,1622400,47.93000030517578,47.119998931884766,37.50169372558594
25-07-2013,46.90999984741211,47.0,914500,47.369998931884766,47.099998474121094,37.485774993896484
26-07-2013,46.77000045776367,46.84000015258789,612700,47.220001220703125,47.08000183105469,37.46985626220703
29-07-2013,46.7599983215332,46.91999816894531,1646100,47.25,47.150001525878906,37.52556610107422
30-07-2013,46.06999969482422,46.86000061035156,1255400,46.970001220703125,46.400001525878906,37.2446403503418
31-07-2013,45.95000076293945,46.619998931884766,805800,46.630001068115234,46.0,36.923553466796875
01-08-2013,46.0,46.08000183105469,1581300,47.060001373291016,46.959999084472656,37.69413757324219
02-08-2013,46.75,46.970001220703125,875600,47.15999984741211,46.9900016784668,37.718204498291016
05-08-2013,46.709999084472656,46.79999923706055,616200,47.0099983215332,46.79999923706055,37.565696716308594
06-08-2013,45.959999084472656,46.68000030517578,1218500,46.869998931884766,46.2599983215332,37.132259368896484
07-08-2013,45.709999084472656,46.02000045776367,711400,46.220001220703125,45.93000030517578,36.867366790771484
08-08-2013,46.06999969482422,46.2400016784668,630600,46.40999984741211,46.33000183105469,37.18843460083008
09-08-2013,45.86000061035156,46.310001373291016,1036200,46.34000015258789,45.959999084472656,36.891456604003906
12-08-2013,45.130001068115234,45.58000183105469,2554900,46.209999084472656,45.349998474121094,36.40180969238281
13-08-2013,45.15999984741211,46.25,814100,46.25,45.689998626708984,36.674720764160156
14-08-2013,45.29999923706055,45.61000061035156,477100,45.79999923706055,45.45000076293945,36.482078552246094
15-08-2013,44.7599983215332,45.209999084472656,690000,45.33000183105469,45.040000915527344,36.15297317504883
16-08-2013,44.79999923706055,45.099998474121094,1314800,45.2599983215332,44.900001525878906,36.04060363769531
19-08-2013,44.72999954223633,44.93000030517578,1118300,45.279998779296875,44.88999938964844,36.03257751464844
20-08-2013,44.869998931884766,44.869998931884766,669300,45.2599983215332,45.08000183105469,36.18509292602539
21-08-2013,44.7400016784668,44.93000030517578,685800,45.130001068115234,44.7599983215332,35.928226470947266
22-08-2013,44.689998626708984,44.869998931884766,450200,45.599998474121094,45.2599983215332,36.32956314086914
23-08-2013,45.099998474121094,45.41999816894531,824900,46.150001525878906,46.11000061035156,37.0118522644043
26-08-2013,46.290000915527344,47.61000061035156,1529900,47.61000061035156,46.38999938964844,37.23659896850586
27-08-2013,45.540000915527344,46.06999969482422,794500,46.15999984741211,45.560001373291016,36.57037353515625
28-08-2013,45.33000183105469,45.560001373291016,681700,45.720001220703125,45.63999938964844,36.634578704833984
29-08-2013,45.400001525878906,45.43000030517578,948400,45.939998626708984,45.630001068115234,36.62656784057617
30-08-2013,45.150001525878906,45.689998626708984,1036700,45.720001220703125,45.58000183105469,36.586421966552734
03-09-2013,45.7400016784668,45.9900016784668,1253100,46.33000183105469,46.279998779296875,37.148311614990234
04-09-2013,46.189998626708984,46.310001373291016,1489300,46.81999969482422,46.72999954223633,37.50951385498047
05-09-2013,46.72999954223633,46.86000061035156,1634400,47.59000015258789,47.560001373291016,38.175758361816406
06-09-2013,47.349998474121094,47.5,1609300,48.540000915527344,47.9900016784668,38.52090072631836
09-09-2013,47.95000076293945,47.959999084472656,1364300,48.2400016784668,48.15999984741211,38.65735626220703
10-09-2013,46.91999816894531,48.2400016784668,2604800,48.65999984741211,47.16999816894531,37.862693786621094
11-09-2013,46.9900016784668,47.04999923706055,1179300,47.459999084472656,47.15999984741211,37.85466766357422
12-09-2013,46.45000076293945,47.040000915527344,1328000,47.15999984741211,46.5,37.324886322021484
13-09-2013,46.22999954223633,46.59000015258789,1100600,46.88999938964844,46.81999969482422,37.581756591796875
16-09-2013,47.11000061035156,47.400001525878906,826900,47.650001525878906,47.38999938964844,38.03928756713867
17-09-2013,47.38999938964844,47.38999938964844,684400,47.93000030517578,47.7599983215332,38.33627700805664
18-09-2013,47.560001373291016,47.779998779296875,2841200,48.79999923706055,48.66999816894531,39.066734313964844
19-09-2013,48.68000030517578,48.72999954223633,957100,49.45000076293945,49.29999923706055,39.572410583496094
20-09-2013,48.75,49.29999923706055,1529800,49.75,48.790000915527344,39.163063049316406
23-09-2013,48.150001525878906,48.83000183105469,1397500,48.90999984741211,48.52000045776367,38.946327209472656
24-09-2013,48.33000183105469,48.54999923706055,1054400,48.93000030517578,48.40999984741211,38.858028411865234
25-09-2013,47.619998931884766,48.400001525878906,1151300,48.59000015258789,47.900001525878906,38.44865798950195
26-09-2013,47.40999984741211,48.36000061035156,932700,48.36000061035156,47.66999816894531,38.264041900634766
27-09-2013,47.119998931884766,47.29999923706055,970500,47.61000061035156,47.380001068115234,38.03125
30-09-2013,46.83000183105469,47.11000061035156,1089200,47.279998779296875,47.13999938964844,37.838619232177734
01-10-2013,46.97999954223633,47.04999923706055,1067800,47.779998779296875,47.619998931884766,38.22391128540039
02-10-2013,46.75,47.349998474121094,971300,47.40999984741211,47.34000015258789,37.999149322509766
03-10-2013,46.68000030517578,47.11000061035156,1027800,47.439998626708984,46.970001220703125,37.70216751098633
04-10-2013,46.81999969482422,46.900001525878906,804500,47.459999084472656,47.43000030517578,38.07140350341797
07-10-2013,46.45000076293945,47.11000061035156,962300,47.31999969482422,46.630001068115234,37.42924880981445
08-10-2013,45.72999954223633,46.630001068115234,1552100,46.650001525878906,45.93000030517578,36.867366790771484
09-10-2013,45.849998474121094,46.099998474121094,886400,46.220001220703125,45.9900016784668,36.91552734375
10-10-2013,46.20000076293945,46.349998474121094,803800,46.650001525878906,46.29999923706055,37.164371490478516
11-10-2013,46.119998931884766,46.119998931884766,994900,46.83000183105469,46.720001220703125,37.50148010253906
14-10-2013,46.220001220703125,46.380001068115234,1798300,46.68000030517578,46.52000045776367,37.3409423828125
15-10-2013,45.77000045776367,46.33000183105469,1617800,46.560001373291016,45.9900016784668,36.91552734375
16-10-2013,45.439998626708984,47.27000045776367,3918500,47.540000915527344,46.099998474121094,37.003822326660156
17-10-2013,45.75,45.75,1499000,46.849998474121094,46.83000183105469,37.58979034423828
18-10-2013,46.56999969482422,47.0,1906500,47.349998474121094,47.2400016784668,37.918888092041016
21-10-2013,48.709999084472656,48.93000030517578,5335700,51.68000030517578,49.720001220703125,39.909542083740234
22-10-2013,49.650001525878906,50.11000061035156,3184000,50.15999984741211,49.9900016784668,40.126258850097656
23-10-2013,49.130001068115234,49.9900016784668,2541000,50.38999938964844,50.06999969482422,40.19047927856445
24-10-2013,50.150001525878906,50.18000030517578,995000,51.04999923706055,50.56999969482422,40.591835021972656
25-10-2013,50.72999954223633,50.72999954223633,2997200,52.52000045776367,52.04999923706055,41.77980041503906
28-10-2013,51.84000015258789,52.11000061035156,1832500,52.470001220703125,52.130001068115234,41.844024658203125
29-10-2013,52.27000045776367,52.400001525878906,2208300,53.68000030517578,53.380001068115234,42.847373962402344
30-10-2013,51.970001220703125,52.97999954223633,1626400,53.369998931884766,52.25,42.25699234008789
31-10-2013,51.650001525878906,52.13999938964844,1410500,52.7400016784668,51.650001525878906,41.77174758911133
01-11-2013,51.36000061035156,51.68000030517578,954700,52.38999938964844,51.84000015258789,41.92539596557617
04-11-2013,51.70000076293945,52.029998779296875,1604500,52.5099983215332,52.2400016784668,42.2489013671875
05-11-2013,51.5099983215332,51.790000915527344,865000,52.2599983215332,52.09000015258789,42.127593994140625
06-11-2013,51.90999984741211,52.369998931884766,1162300,52.369998931884766,52.290000915527344,42.289344787597656
07-11-2013,50.41999816894531,51.70000076293945,1840400,52.15999984741211,50.599998474121094,40.92256546020508
08-11-2013,50.16999816894531,50.59000015258789,2721200,50.97999954223633,50.47999954223633,40.82550811767578
11-11-2013,50.5099983215332,50.5099983215332,1463600,51.599998474121094,51.25,41.448238372802734
12-11-2013,50.720001220703125,51.150001525878906,899500,51.380001068115234,51.25,41.448238372802734
13-11-2013,50.9900016784668,51.119998931884766,2594500,52.95000076293945,52.95000076293945,42.82311248779297
14-11-2013,52.41999816894531,52.75,915100,53.0,52.7400016784668,42.653282165527344
15-11-2013,52.22999954223633,52.619998931884766,950400,52.970001220703125,52.72999954223633,42.64519500732422
18-11-2013,52.02000045776367,52.849998474121094,820000,52.93000030517578,52.08000183105469,42.119503021240234
19-11-2013,51.619998931884766,52.13999938964844,853500,52.22999954223633,51.779998779296875,41.87687683105469
20-11-2013,51.72999954223633,51.880001068115234,969200,52.13999938964844,51.900001525878906,41.97392272949219
21-11-2013,51.59000015258789,52.150001525878906,888500,52.25,52.099998474121094,42.13567352294922
22-11-2013,51.5,51.779998779296875,1330000,52.93000030517578,52.880001068115234,42.76650619506836
25-11-2013,52.40999984741211,53.0,1812200,53.86000061035156,53.59000015258789,43.34071350097656
26-11-2013,53.369998931884766,53.720001220703125,1316700,53.90999984741211,53.75,43.4701042175293
27-11-2013,53.290000915527344,53.689998626708984,1015800,54.06999969482422,53.849998474121094,43.55099105834961
29-11-2013,53.709999084472656,53.72999954223633,340600,54.11000061035156,53.81999969482422,43.5267219543457
02-12-2013,53.540000915527344,53.97999954223633,1163300,54.13999938964844,53.65999984741211,43.39731979370117
03-12-2013,52.45000076293945,53.400001525878906,1427000,53.84000015258789,52.970001220703125,42.83929443359375
04-12-2013,51.0099983215332,52.66999816894531,4121300,52.880001068115234,52.06999969482422,42.111419677734375
05-12-2013,51.40999984741211,52.11000061035156,2764600,52.58000183105469,52.369998931884766,42.35404968261719
06-12-2013,51.70000076293945,52.77000045776367,1898500,52.91999816894531,51.7599983215332,41.86070251464844
09-12-2013,51.52000045776367,51.7599983215332,1489400,52.439998626708984,52.40999984741211,42.38638687133789
10-12-2013,52.06999969482422,52.290000915527344,974100,52.689998626708984,52.25,42.25699234008789
11-12-2013,51.560001373291016,52.290000915527344,898700,52.41999816894531,51.61000061035156,41.739383697509766
12-12-2013,51.369998931884766,51.41999816894531,938100,51.849998474121094,51.47999954223633,41.634254455566406
13-12-2013,51.369998931884766,51.45000076293945,598300,52.11000061035156,51.7599983215332,41.86070251464844
16-12-2013,51.11000061035156,51.7599983215332,791000,52.02000045776367,51.310001373291016,41.496761322021484
17-12-2013,51.0,51.08000183105469,850800,51.61000061035156,51.529998779296875,41.6746826171875
18-12-2013,51.130001068115234,51.70000076293945,1275400,52.47999954223633,52.45000076293945,42.41874694824219
19-12-2013,52.099998474121094,52.099998474121094,1662500,52.970001220703125,52.27000045776367,42.27316665649414
20-12-2013,50.220001220703125,50.220001220703125,1510700,52.720001220703125,52.4900016784668,42.45109558105469
23-12-2013,52.59000015258789,52.900001525878906,1585900,53.220001220703125,53.15999984741211,42.99296951293945
24-12-2013,53.20000076293945,53.33000183105469,449300,53.75,53.45000076293945,43.22748947143555
26-12-2013,53.189998626708984,53.459999084472656,1066500,54.25,54.15999984741211,43.801692962646484
27-12-2013,54.0,54.0099983215332,1178000,54.54999923706055,54.400001525878906,43.995792388916016
30-12-2013,54.38999938964844,54.43000030517578,892700,55.04999923706055,54.970001220703125,44.456783294677734
31-12-2013,54.689998626708984,55.15999984741211,776800,55.15999984741211,55.0099983215332,44.48912811279297
02-01-2014,54.560001373291016,54.88999938964844,2326100,55.18000030517578,54.58000183105469,44.141380310058594
03-01-2014,51.599998474121094,51.599998474121094,848600,54.5,54.11000061035156,43.76124572753906
06-01-2014,53.650001525878906,54.220001220703125,900000,54.369998931884766,53.72999954223633,43.45393753051758
07-01-2014,53.5,54.29999923706055,1461800,54.310001373291016,53.779998779296875,43.4943733215332
08-01-2014,53.310001373291016,53.779998779296875,1045700,53.88999938964844,53.720001220703125,43.44585037231445
09-01-2014,52.65999984741211,53.83000183105469,1750200,53.88999938964844,52.97999954223633,42.847381591796875
10-01-2014,52.68000030517578,52.970001220703125,1615900,53.43000030517578,53.040000915527344,42.89590835571289
13-01-2014,52.099998474121094,52.79999923706055,1249400,53.18000030517578,52.25,42.25699234008789
14-01-2014,51.90999984741211,52.439998626708984,1231500,52.540000915527344,52.310001373291016,42.305511474609375
15-01-2014,51.970001220703125,52.2599983215332,733400,52.400001525878906,52.27000045776367,42.27316665649414
16-01-2014,51.86000061035156,51.97999954223633,927300,52.5,52.349998474121094,42.337860107421875
17-01-2014,51.79999923706055,52.2400016784668,868000,52.63999938964844,52.0,42.0547981262207
21-01-2014,51.47999954223633,52.40999984741211,915800,52.47999954223633,51.810001373291016,41.90114212036133
22-01-2014,51.540000915527344,51.72999954223633,844300,52.459999084472656,52.369998931884766,42.35404968261719
23-01-2014,51.459999084472656,52.349998474121094,913300,52.349998474121094,51.86000061035156,41.941585540771484
24-01-2014,50.970001220703125,51.119998931884766,1512500,51.52000045776367,51.27000045776367,41.464420318603516
27-01-2014,50.869998931884766,51.279998779296875,1197700,51.709999084472656,51.099998474121094,41.326934814453125
28-01-2014,50.91999816894531,51.150001525878906,1905400,52.11000061035156,51.970001220703125,42.030540466308594
29-01-2014,50.5099983215332,51.40999984741211,1340300,51.63999938964844,50.81999969482422,41.1004753112793
30-01-2014,50.83000183105469,51.0,1074600,51.349998474121094,51.2400016784668,41.44015884399414
31-01-2014,47.720001220703125,48.75,4776500,49.29999923706055,49.119998931884766,40.03817367553711
03-02-2014,47.47999954223633,47.47999954223633,2313900,49.31999969482422,48.08000183105469,39.190460205078125
04-02-2014,48.0099983215332,48.29999923706055,1641800,49.16999816894531,48.68000030517578,39.67951202392578
05-02-2014,48.279998779296875,48.5,1716500,49.119998931884766,48.7599983215332,39.744728088378906
06-02-2014,48.97999954223633,49.040000915527344,2096200,49.939998626708984,49.65999984741211,40.478336334228516
07-02-2014,49.41999816894531,49.91999816894531,1775200,50.290000915527344,50.09000015258789,40.828819274902344
10-02-2014,50.09000015258789,50.939998626708984,6195600,53.68000030517578,52.36000061035156,42.67911911010742
11-02-2014,51.7400016784668,52.459999084472656,1855000,52.58000183105469,52.369998931884766,42.68729019165039
12-02-2014,51.86000061035156,52.06999969482422,2264400,52.349998474121094,51.95000076293945,42.34492111206055
13-02-2014,51.650001525878906,51.86000061035156,1148800,53.029998779296875,52.91999816894531,43.13558578491211
14-02-2014,52.459999084472656,52.939998626708984,841100,53.029998779296875,52.81999969482422,43.0540771484375
18-02-2014,52.31999969482422,52.810001373291016,1896100,52.9900016784668,52.959999084472656,43.16817855834961
19-02-2014,52.4900016784668,52.70000076293945,2261800,53.88999938964844,53.869998931884766,43.90993118286133
20-02-2014,53.810001373291016,54.040000915527344,1646700,54.459999084472656,54.27000045776367,44.23598098754883
21-02-2014,54.20000076293945,54.290000915527344,1257900,54.630001068115234,54.29999923706055,44.260433197021484
24-02-2014,54.40999984741211,54.650001525878906,2047800,55.02000045776367,54.47999954223633,44.40715408325195
25-02-2014,54.40999984741211,54.560001373291016,979900,54.86000061035156,54.68000030517578,44.5701904296875
26-02-2014,54.38999938964844,54.5,1257600,55.25,55.040000915527344,44.86362838745117
27-02-2014,54.72999954223633,54.959999084472656,1282500,55.18000030517578,55.029998779296875,44.855472564697266
28-02-2014,54.47999954223633,54.790000915527344,1367600,55.58000183105469,55.15999984741211,44.96142578125
03-03-2014,54.459999084472656,54.84000015258789,769400,55.08000183105469,54.650001525878906,44.545719146728516
04-03-2014,54.790000915527344,55.040000915527344,1246400,55.58000183105469,54.959999084472656,44.79841232299805
05-03-2014,54.470001220703125,54.81999969482422,1067600,54.97999954223633,54.83000183105469,44.692447662353516
06-03-2014,54.810001373291016,54.97999954223633,866400,55.31999969482422,55.08000183105469,44.8962287902832
07-03-2014,54.72999954223633,55.31999969482422,967700,55.599998474121094,54.77000045776367,44.64353942871094
10-03-2014,54.4900016784668,54.79999923706055,631300,54.900001525878906,54.84000015258789,44.700599670410156
11-03-2014,54.40999984741211,54.66999816894531,1226200,54.779998779296875,54.5,44.423458099365234
12-03-2014,53.84000015258789,54.15999984741211,1283500,54.68000030517578,54.58000183105469,44.488670349121094
13-03-2014,54.279998779296875,54.810001373291016,1457000,55.189998626708984,54.63999938964844,44.53756332397461
14-03-2014,54.5,54.619998931884766,996100,55.13999938964844,54.65999984741211,44.553871154785156
17-03-2014,54.810001373291016,54.84000015258789,1175700,55.5,54.959999084472656,44.79841232299805
18-03-2014,54.79999923706055,54.93000030517578,843500,55.4900016784668,55.060001373291016,44.879920959472656
19-03-2014,54.349998474121094,55.209999084472656,873200,55.369998931884766,54.7400016784668,44.61907958984375
20-03-2014,54.470001220703125,54.540000915527344,808300,55.06999969482422,54.93000030517578,44.773963928222656
21-03-2014,54.66999816894531,55.36000061035156,2580600,55.5099983215332,55.20000076293945,44.99403381347656
24-03-2014,54.70000076293945,55.11000061035156,1130100,55.310001373291016,54.95000076293945,44.79026412963867
25-03-2014,54.349998474121094,55.150001525878906,1319100,55.220001220703125,54.59000015258789,44.496822357177734
26-03-2014,54.38999938964844,54.83000183105469,981500,55.36000061035156,54.470001220703125,44.39900588989258
27-03-2014,54.02000045776367,54.619998931884766,933100,54.63999938964844,54.5099983215332,44.431617736816406
28-03-2014,54.790000915527344,54.84000015258789,879100,55.66999816894531,55.18000030517578,44.97772979736328
31-03-2014,55.2400016784668,55.36000061035156,752900,55.75,55.619998931884766,45.33638381958008
01-04-2014,55.869998931884766,55.880001068115234,1214500,56.459999084472656,56.38999938964844,45.96401596069336
02-04-2014,56.11000061035156,56.36000061035156,1202200,56.720001220703125,56.290000915527344,45.88250732421875
03-04-2014,55.599998474121094,56.209999084472656,890300,56.40999984741211,55.77000045776367,45.458656311035156
04-04-2014,54.720001220703125,55.29999923706055,1292000,55.84000015258789,54.9900016784668,44.8228645324707
07-04-2014,54.310001373291016,54.95000076293945,1169200,54.97999954223633,54.52000045776367,44.439762115478516
08-04-2014,54.52000045776367,54.52000045776367,1255500,55.09000015258789,54.560001373291016,44.47237014770508
09-04-2014,54.65999984741211,54.720001220703125,846500,55.2599983215332,55.09000015258789,44.904380798339844
10-04-2014,54.22999954223633,55.02000045776367,1128100,55.16999816894531,54.29999923706055,44.260433197021484
11-04-2014,53.560001373291016,54.119998931884766,1038800,54.31999969482422,53.630001068115234,43.71430587768555
14-04-2014,53.310001373291016,53.84000015258789,1058300,55.16999816894531,53.650001525878906,43.730613708496094
15-04-2014,52.90999984741211,53.45000076293945,1307800,54.06999969482422,53.47999954223633,43.59204864501953
16-04-2014,53.599998474121094,53.66999816894531,828100,54.02000045776367,53.849998474121094,43.89363479614258
17-04-2014,53.720001220703125,53.90999984741211,1999800,55.04999923706055,54.61000061035156,44.51311492919922
21-04-2014,54.27000045776367,56.06999969482422,1563600,56.90999984741211,55.65999984741211,45.368980407714844
22-04-2014,55.27000045776367,55.70000076293945,957600,55.97999954223633,55.29999923706055,45.07554626464844
23-04-2014,54.68000030517578,55.40999984741211,1932900,55.58000183105469,55.040000915527344,44.86362838745117
24-04-2014,54.75,55.11000061035156,891800,55.38999938964844,54.95000076293945,44.79026412963867
25-04-2014,54.709999084472656,54.90999984741211,796700,55.220001220703125,54.720001220703125,44.602787017822266
28-04-2014,54.7400016784668,54.9900016784668,1696700,55.939998626708984,55.689998626708984,45.39344024658203
29-04-2014,54.95000076293945,55.31999969482422,875300,55.5,55.18000030517578,45.327720642089844
30-04-2014,54.650001525878906,55.130001068115234,1156700,55.34000015258789,55.2599983215332,45.39344024658203
01-05-2014,55.13999938964844,55.13999938964844,712000,55.939998626708984,55.65999984741211,45.72202682495117
02-05-2014,55.689998626708984,55.77000045776367,573000,56.11000061035156,55.77000045776367,45.81238555908203
05-05-2014,55.119998931884766,55.5,842800,55.65999984741211,55.52000045776367,45.60701370239258
06-05-2014,55.36000061035156,55.41999816894531,764700,55.959999084472656,55.38999938964844,45.50022506713867
07-05-2014,55.06999969482422,55.34000015258789,964800,55.72999954223633,55.349998474121094,45.46737289428711
08-05-2014,55.0099983215332,55.279998779296875,753300,55.650001525878906,55.27000045776367,45.401649475097656
09-05-2014,55.0099983215332,55.18000030517578,598000,55.560001373291016,55.41999816894531,45.524864196777344
12-05-2014,55.43000030517578,56.02000045776367,982400,56.060001373291016,55.59000015258789,45.66450881958008
13-05-2014,55.25,55.529998779296875,790600,55.7599983215332,55.5,45.59058380126953
14-05-2014,54.90999984741211,55.27000045776367,596200,55.56999969482422,54.95000076293945,45.13877868652344
15-05-2014,53.58000183105469,54.97999954223633,1573400,55.0,54.040000915527344,44.391273498535156
16-05-2014,53.59000015258789,53.900001525878906,645000,54.369998931884766,54.189998626708984,44.51449203491211
19-05-2014,53.77000045776367,53.86000061035156,793900,54.34000015258789,53.869998931884766,44.25162124633789
20-05-2014,53.13999938964844,53.72999954223633,587000,53.849998474121094,53.34000015258789,43.81625747680664
21-05-2014,53.18000030517578,53.43000030517578,621300,53.81999969482422,53.70000076293945,44.111968994140625
22-05-2014,53.59000015258789,53.650001525878906,665000,53.959999084472656,53.70000076293945,44.111968994140625
23-05-2014,53.5,53.59000015258789,970500,53.880001068115234,53.849998474121094,44.23518753051758
27-05-2014,53.15999984741211,53.900001525878906,1289800,53.900001525878906,53.529998779296875,43.972328186035156
28-05-2014,53.04999923706055,53.5099983215332,937800,53.65999984741211,53.38999938964844,43.857322692871094
29-05-2014,53.02000045776367,53.310001373291016,921700,53.52000045776367,53.349998474121094,43.824459075927734
30-05-2014,53.369998931884766,53.47999954223633,1046100,53.84000015258789,53.70000076293945,44.111968994140625
02-06-2014,52.09000015258789,53.560001373291016,1554200,53.689998626708984,52.18000030517578,42.863372802734375
03-06-2014,51.2400016784668,52.16999816894531,2199700,52.22999954223633,51.47999954223633,42.288352966308594
04-06-2014,51.08000183105469,51.349998474121094,1319500,52.130001068115234,52.09000015258789,42.78944396972656
05-06-2014,51.83000183105469,52.290000915527344,911500,52.4900016784668,52.45000076293945,43.08515930175781
06-06-2014,52.08000183105469,52.400001525878906,943700,52.47999954223633,52.189998626708984,42.87158203125
09-06-2014,52.209999084472656,52.599998474121094,1424500,53.2400016784668,53.08000183105469,43.60268020629883
10-06-2014,52.650001525878906,52.88999938964844,1396300,53.150001525878906,53.09000015258789,43.61088562011719
11-06-2014,52.70000076293945,52.869998931884766,1146500,53.06999969482422,52.90999984741211,43.46303176879883
12-06-2014,52.349998474121094,52.75,1229200,52.88999938964844,52.459999084472656,43.09336471557617
13-06-2014,52.2599983215332,52.63999938964844,707700,52.720001220703125,52.38999938964844,43.03588104248047
16-06-2014,52.0099983215332,52.15999984741211,843000,52.54999923706055,52.20000076293945,42.879798889160156
17-06-2014,51.95000076293945,52.220001220703125,703400,52.459999084472656,52.40999984741211,43.05230712890625
18-06-2014,52.130001068115234,52.4900016784668,1066200,52.4900016784668,52.380001068115234,43.02766418457031
19-06-2014,51.970001220703125,52.43000030517578,929700,52.720001220703125,52.439998626708984,43.076934814453125
20-06-2014,52.27000045776367,52.68000030517578,1388100,52.779998779296875,52.650001525878906,43.249454498291016
23-06-2014,52.7599983215332,52.79999923706055,1639800,53.86000061035156,53.77000045776367,44.16946792602539
24-06-2014,53.369998931884766,53.86000061035156,915800,53.93000030517578,53.529998779296875,43.972328186035156
25-06-2014,52.779998779296875,53.060001373291016,919800,53.84000015258789,53.04999923706055,43.57802963256836
26-06-2014,52.25,53.04999923706055,638300,53.09000015258789,52.849998474121094,43.41374588012695
27-06-2014,52.63999938964844,52.63999938964844,595400,53.290000915527344,53.25,43.74231719970703
30-06-2014,50.81999969482422,50.81999969482422,682500,53.75,53.04999923706055,43.57802963256836
01-07-2014,53.02000045776367,53.11000061035156,971100,54.040000915527344,53.81999969482422,44.21053695678711
02-07-2014,53.5,53.709999084472656,772500,54.0099983215332,53.650001525878906,44.07090759277344
03-07-2014,53.68000030517578,53.68000030517578,507900,54.290000915527344,54.119998931884766,44.45698547363281
07-07-2014,53.540000915527344,53.7599983215332,761500,54.0,53.58000183105469,44.01340103149414
08-07-2014,53.31999969482422,53.40999984741211,1187200,53.86000061035156,53.58000183105469,44.01340103149414
09-07-2014,53.63999938964844,53.63999938964844,1016100,54.45000076293945,54.11000061035156,44.44876480102539
10-07-2014,53.470001220703125,53.470001220703125,1156800,54.16999816894531,53.72999954223633,44.13661575317383
11-07-2014,53.70000076293945,53.79999923706055,939900,54.68000030517578,54.38999938964844,44.67878341674805
14-07-2014,54.08000183105469,54.59000015258789,1219900,54.9900016784668,54.15999984741211,44.489837646484375
15-07-2014,53.529998779296875,54.040000915527344,1306300,54.290000915527344,53.529998779296875,43.972328186035156
16-07-2014,52.47999954223633,53.540000915527344,1911400,53.689998626708984,52.54999923706055,43.16729736328125
17-07-2014,51.65999984741211,51.79999923706055,2574100,52.9900016784668,52.91999816894531,43.47123336791992
18-07-2014,52.720001220703125,52.720001220703125,1032500,53.36000061035156,53.209999084472656,43.7094612121582
21-07-2014,51.29999923706055,52.2599983215332,3064800,52.4900016784668,51.779998779296875,42.5347900390625
22-07-2014,51.04999923706055,53.18000030517578,2288900,53.18000030517578,51.650001525878906,42.428001403808594
23-07-2014,51.13999938964844,51.4900016784668,1347700,52.15999984741211,51.16999816894531,42.03369140625
24-07-2014,51.130001068115234,51.150001525878906,981500,51.81999969482422,51.79999923706055,42.55122375488281
25-07-2014,51.38999938964844,51.709999084472656,1445900,51.849998474121094,51.459999084472656,42.27192306518555
28-07-2014,51.04999923706055,51.38999938964844,1621900,51.68000030517578,51.13999938964844,42.00905227661133
29-07-2014,50.220001220703125,51.16999816894531,1269800,51.29999923706055,50.689998626708984,41.639408111572266
30-07-2014,50.09000015258789,50.470001220703125,845500,50.849998474121094,50.689998626708984,41.99564743041992
31-07-2014,49.869998931884766,50.470001220703125,828100,50.779998779296875,49.95000076293945,41.3825798034668
01-08-2014,49.36000061035156,49.900001525878906,1006700,49.95000076293945,49.599998474121094,41.09260940551758
04-08-2014,49.52000045776367,49.68000030517578,801400,49.900001525878906,49.709999084472656,41.18373489379883
05-08-2014,49.52000045776367,49.7400016784668,1274300,50.310001373291016,50.04999923706055,41.46542739868164
06-08-2014,49.83000183105469,50.0,1018800,50.45000076293945,50.27000045776367,41.647682189941406
07-08-2014,49.59000015258789,50.68000030517578,754400,50.68000030517578,49.68000030517578,41.15888977050781
08-08-2014,49.75,49.75,999200,50.650001525878906,50.400001525878906,41.755393981933594
11-08-2014,50.47999954223633,50.47999954223633,836700,50.849998474121094,50.560001373291016,41.8879508972168
12-08-2014,50.150001525878906,50.630001068115234,468700,50.849998474121094,50.25,41.63112258911133
13-08-2014,48.0099983215332,48.0099983215332,735400,50.68000030517578,50.31999969482422,41.68910598754883
14-08-2014,50.400001525878906,50.400001525878906,823300,51.150001525878906,51.0099983215332,42.2607536315918
15-08-2014,50.4900016784668,51.209999084472656,524700,51.43000030517578,50.790000915527344,42.078487396240234
18-08-2014,51.130001068115234,51.16999816894531,800300,51.66999816894531,51.59000015258789,42.74129104614258
19-08-2014,51.560001373291016,51.560001373291016,743900,52.0,51.900001525878906,42.998111724853516
20-08-2014,51.4900016784668,51.540000915527344,815300,52.349998474121094,52.13999938964844,43.19694137573242
21-08-2014,52.20000076293945,52.290000915527344,940200,52.70000076293945,52.599998474121094,43.578041076660156
22-08-2014,51.5099983215332,51.5099983215332,693600,52.9900016784668,52.470001220703125,43.470340728759766
25-08-2014,52.52000045776367,52.95000076293945,599000,52.9900016784668,52.709999084472656,43.66918182373047
26-08-2014,51.900001525878906,52.630001068115234,1167700,52.709999084472656,52.22999954223633,43.27151107788086
27-08-2014,51.97999954223633,52.400001525878906,894500,52.63999938964844,52.2599983215332,43.296356201171875
28-08-2014,51.7599983215332,52.119998931884766,528400,52.369998931884766,52.119998931884766,43.18037414550781
29-08-2014,52.040000915527344,52.20000076293945,792400,52.7400016784668,52.65999984741211,43.627750396728516
02-09-2014,52.47999954223633,52.72999954223633,763000,53.02000045776367,52.66999816894531,43.63603973388672
03-09-2014,52.77000045776367,52.869998931884766,1009400,53.2599983215332,53.2599983215332,44.12483215332031
04-09-2014,53.11000061035156,53.34000015258789,1158200,53.91999816894531,53.849998474121094,44.6136360168457
05-09-2014,53.56999969482422,53.650001525878906,775100,54.11000061035156,54.02000045776367,44.75449752807617
08-09-2014,53.849998474121094,54.0,626800,54.25,54.0,44.737911224365234
09-09-2014,53.56999969482422,54.029998779296875,1251900,54.11000061035156,53.66999816894531,44.46451950073242
10-09-2014,53.540000915527344,53.7599983215332,609100,53.83000183105469,53.720001220703125,44.50593566894531
11-09-2014,53.61000061035156,53.61000061035156,900100,54.04999923706055,53.88999938964844,44.646793365478516
12-09-2014,53.59000015258789,53.880001068115234,827800,54.04999923706055,53.66999816894531,44.46451950073242
15-09-2014,53.47999954223633,53.7400016784668,638100,53.779998779296875,53.540000915527344,44.35681915283203
16-09-2014,53.369998931884766,53.560001373291016,750300,53.709999084472656,53.439998626708984,44.27397918701172
17-09-2014,53.25,53.400001525878906,806800,54.029998779296875,53.77000045776367,44.547359466552734
18-09-2014,53.56999969482422,53.959999084472656,406600,53.9900016784668,53.90999984741211,44.66334915161133
19-09-2014,53.880001068115234,54.15999984741211,1292400,54.61000061035156,54.119998931884766,44.83733367919922
22-09-2014,53.369998931884766,54.119998931884766,714800,54.33000183105469,53.40999984741211,44.24911117553711
23-09-2014,52.869998931884766,53.31999969482422,498900,53.470001220703125,52.939998626708984,43.85972213745117
24-09-2014,52.86000061035156,52.93000030517578,2862000,55.779998779296875,54.95000076293945,45.524967193603516
25-09-2014,54.31999969482422,54.91999816894531,988200,55.369998931884766,54.650001525878906,45.27642822265625
26-09-2014,54.599998474121094,54.599998474121094,966500,55.61000061035156,55.33000183105469,45.839805603027344
29-09-2014,54.70000076293945,54.79999923706055,810900,55.27000045776367,55.04999923706055,45.607818603515625
30-09-2014,54.7400016784668,55.04999923706055,956400,55.38999938964844,55.0,45.566383361816406
01-10-2014,54.56999969482422,55.040000915527344,1535100,55.369998931884766,54.849998474121094,45.442134857177734
02-10-2014,54.540000915527344,54.779998779296875,739800,55.34000015258789,55.2599983215332,45.781795501708984
03-10-2014,55.38999938964844,55.59000015258789,933400,56.060001373291016,55.41999816894531,45.91435241699219
06-10-2014,54.88999938964844,55.59000015258789,1204400,56.09000015258789,55.099998474121094,45.64923858642578
07-10-2014,54.650001525878906,54.90999984741211,1257000,55.18000030517578,54.7599983215332,45.36757278442383
08-10-2014,54.650001525878906,54.79999923706055,804200,55.61000061035156,55.52000045776367,45.99720001220703
09-10-2014,54.810001373291016,55.5099983215332,748400,55.959999084472656,54.849998474121094,45.442134857177734
10-10-2014,54.5099983215332,54.970001220703125,970700,55.4900016784668,55.0,45.566383361816406
13-10-2014,54.58000183105469,54.900001525878906,1118100,55.209999084472656,54.65999984741211,45.28470993041992
14-10-2014,54.70000076293945,54.90999984741211,1111300,55.5,54.83000183105469,45.42555618286133
15-10-2014,53.41999816894531,54.18000030517578,1984700,54.88999938964844,54.33000183105469,45.011314392089844
16-10-2014,52.7400016784668,54.029998779296875,1763000,54.31999969482422,54.209999084472656,44.91189956665039
17-10-2014,53.849998474121094,54.5099983215332,2197600,54.79999923706055,53.849998474121094,44.6136360168457
20-10-2014,53.869998931884766,53.88999938964844,3105700,57.15999984741211,56.5099983215332,46.81740951538086
21-10-2014,56.459999084472656,56.84000015258789,2876700,58.040000915527344,57.720001220703125,47.81987380981445
22-10-2014,56.83000183105469,57.849998474121094,1470500,58.060001373291016,56.90999984741211,47.14879608154297
23-10-2014,57.29999923706055,57.43000030517578,1179200,57.83000183105469,57.47999954223633,47.621036529541016
24-10-2014,57.33000183105469,57.63999938964844,716100,57.880001068115234,57.61000061035156,47.72873306274414
27-10-2014,57.16999816894531,57.5,1063000,57.72999954223633,57.310001373291016,47.48019027709961
28-10-2014,57.15999984741211,57.45000076293945,916700,57.83000183105469,57.72999954223633,47.82815170288086
29-10-2014,57.310001373291016,57.790000915527344,678900,57.970001220703125,57.619998931884766,47.73701095581055
30-10-2014,56.7400016784668,56.970001220703125,911600,57.52000045776367,57.18000030517578,47.72867202758789
31-10-2014,57.369998931884766,57.72999954223633,1110600,57.959999084472656,57.529998779296875,48.02081298828125
03-11-2014,57.150001525878906,57.689998626708984,804000,57.689998626708984,57.63999938964844,48.11263656616211
04-11-2014,57.189998626708984,57.560001373291016,741700,57.93000030517578,57.36000061035156,47.87892150878906
05-11-2014,57.22999954223633,57.650001525878906,635100,57.880001068115234,57.849998474121094,48.28792190551758
06-11-2014,57.63999938964844,57.9900016784668,1041400,58.40999984741211,58.119998931884766,48.51329803466797
07-11-2014,57.720001220703125,58.029998779296875,854000,58.38999938964844,57.97999954223633,48.39643478393555
10-11-2014,57.02000045776367,57.90999984741211,1474200,58.189998626708984,57.08000183105469,47.64518737792969
11-11-2014,56.5099983215332,57.2599983215332,1375900,57.38999938964844,56.66999816894531,47.3029670715332
12-11-2014,56.5099983215332,56.58000183105469,1082300,57.56999969482422,57.470001220703125,47.97073745727539
13-11-2014,54.150001525878906,56.09000015258789,3957700,56.099998474121094,54.97999954223633,45.89230728149414
14-11-2014,53.7400016784668,55.5,1886100,55.869998931884766,54.02000045776367,45.090999603271484
17-11-2014,55.91999816894531,56.25,2112200,57.22999954223633,56.369998931884766,47.05255889892578
18-11-2014,55.86000061035156,56.189998626708984,1103900,56.650001525878906,56.119998931884766,46.843875885009766
19-11-2014,55.91999816894531,56.11000061035156,859100,56.45000076293945,56.130001068115234,46.85222244262695
20-11-2014,55.95000076293945,56.0,1119600,56.66999816894531,56.5099983215332,47.16941452026367
21-11-2014,56.45000076293945,57.08000183105469,1274700,57.20000076293945,56.689998626708984,47.31966018676758
24-11-2014,56.150001525878906,57.060001373291016,1587600,57.22999954223633,56.65999984741211,47.29463195800781
25-11-2014,56.790000915527344,56.88999938964844,1229600,57.650001525878906,57.540000915527344,48.02915954589844
26-11-2014,57.13999938964844,57.65999984741211,1272100,58.310001373291016,58.13999938964844,48.52998733520508
28-11-2014,58.47999954223633,58.70000076293945,750500,59.41999816894531,59.20000076293945,49.414772033691406
01-12-2014,57.43000030517578,58.619998931884766,1415400,59.0,57.459999084472656,47.96239471435547
02-12-2014,57.290000915527344,57.43000030517578,1082400,58.02000045776367,57.459999084472656,47.96239471435547
03-12-2014,56.84000015258789,57.310001373291016,905400,57.619998931884766,57.08000183105469,47.64518737792969
04-12-2014,56.63999938964844,56.97999954223633,1716600,57.2400016784668,56.75,47.36973571777344
05-12-2014,56.650001525878906,56.91999816894531,981500,57.58000183105469,57.22999954223633,47.7703971862793
08-12-2014,56.369998931884766,57.189998626708984,785300,57.20000076293945,56.54999923706055,47.20279312133789
09-12-2014,55.84000015258789,55.97999954223633,1493500,56.52000045776367,56.369998931884766,47.05255889892578
10-12-2014,55.4900016784668,56.380001068115234,1238000,56.83000183105469,55.54999923706055,46.36808395385742
11-12-2014,55.630001068115234,55.630001068115234,670500,56.81999969482422,56.29999923706055,46.994117736816406
12-12-2014,56.040000915527344,56.310001373291016,948600,56.79999923706055,56.060001373291016,46.793792724609375
15-12-2014,55.599998474121094,56.459999084472656,1206100,57.040000915527344,56.20000076293945,46.9106559753418
16-12-2014,56.04999923706055,56.04999923706055,1855200,57.29999923706055,56.900001525878906,47.49494934082031
17-12-2014,56.810001373291016,57.220001220703125,1357900,57.86000061035156,57.369998931884766,47.88726043701172
18-12-2014,57.58000183105469,58.060001373291016,1075800,58.369998931884766,58.36000061035156,48.713626861572266
19-12-2014,54.41999816894531,58.0,5091100,58.06999969482422,54.630001068115234,45.60016632080078
22-12-2014,54.0,54.81999969482422,1583100,54.9900016784668,54.33000183105469,45.34974670410156
23-12-2014,54.560001373291016,54.68000030517578,2225700,56.060001373291016,55.220001220703125,46.09263610839844
24-12-2014,55.220001220703125,55.560001373291016,331800,55.7400016784668,55.25,46.11767578125
26-12-2014,55.099998474121094,55.20000076293945,463700,55.779998779296875,55.540000915527344,46.35974884033203
29-12-2014,55.4900016784668,55.4900016784668,1240400,56.400001525878906,55.900001525878906,46.660240173339844
30-12-2014,54.97999954223633,55.790000915527344,1144800,55.9900016784668,55.040000915527344,45.94239044189453
31-12-2014,54.91999816894531,55.119998931884766,885000,55.470001220703125,54.9900016784668,45.90066146850586
02-01-2015,54.56999969482422,55.45000076293945,839400,55.81999969482422,54.970001220703125,45.88395690917969
05-01-2015,54.599998474121094,54.810001373291016,1053500,55.29999923706055,55.130001068115234,46.01751708984375
06-01-2015,54.400001525878906,55.38999938964844,903500,55.58000183105469,54.40999984741211,45.416526794433594
07-01-2015,53.41999816894531,54.63999938964844,1899300,55.029998779296875,54.66999816894531,45.63355255126953
08-01-2015,53.75,54.939998626708984,1789100,55.02000045776367,55.0,45.90898895263672
09-01-2015,53.130001068115234,54.97999954223633,1517000,55.29999923706055,53.220001220703125,44.4232177734375
12-01-2015,52.29999923706055,52.91999816894531,1792200,53.0099983215332,52.61000061035156,43.9140510559082
13-01-2015,51.41999816894531,52.47999954223633,1418400,53.18000030517578,51.90999984741211,43.329742431640625
14-01-2015,51.56999969482422,51.720001220703125,1467900,52.400001525878906,52.20000076293945,43.57181930541992
15-01-2015,51.77000045776367,52.27000045776367,1288800,52.459999084472656,51.959999084472656,43.37147521972656
16-01-2015,51.83000183105469,51.869998931884766,1062300,52.58000183105469,52.540000915527344,43.85562515258789
20-01-2015,51.4900016784668,52.119998931884766,1668300,52.79999923706055,52.08000183105469,43.47165298461914
21-01-2015,51.79999923706055,51.91999816894531,1103600,52.869998931884766,52.81999969482422,44.08934020996094
22-01-2015,52.7599983215332,53.209999084472656,1138800,54.029998779296875,53.84000015258789,44.940738677978516
23-01-2015,52.70000076293945,53.56999969482422,2560800,55.18000030517578,54.939998626708984,45.85891342163086
26-01-2015,53.27000045776367,53.7599983215332,2473100,55.689998626708984,54.849998474121094,45.7838020324707
27-01-2015,53.689998626708984,54.29999923706055,1517000,55.02000045776367,54.650001525878906,45.61685562133789
28-01-2015,54.720001220703125,54.790000915527344,1146600,55.40999984741211,55.04999923706055,45.95073318481445
29-01-2015,55.0,55.060001373291016,1301700,55.900001525878906,55.77000045776367,46.551734924316406
30-01-2015,54.58000183105469,55.34000015258789,1307800,55.68000030517578,54.91999816894531,46.19841766357422
02-02-2015,53.900001525878906,54.68000030517578,1364400,54.90999984741211,54.70000076293945,46.01335906982422
03-02-2015,54.970001220703125,54.9900016784668,755500,56.27000045776367,56.150001525878906,47.23310089111328
04-02-2015,56.18000030517578,56.18000030517578,1315400,57.40999984741211,56.58000183105469,47.59479904174805
05-02-2015,55.88999938964844,56.54999923706055,1030100,56.779998779296875,56.130001068115234,47.21627426147461
06-02-2015,55.2599983215332,56.02000045776367,1548900,56.25,55.7400016784668,46.888206481933594
09-02-2015,57.20000076293945,58.400001525878906,4926600,60.65999984741211,59.65999984741211,50.18568420410156
10-02-2015,59.84000015258789,60.869998931884766,2821000,61.7400016784668,61.61000061035156,51.82601547241211
11-02-2015,61.11000061035156,62.0099983215332,1657200,62.43000030517578,61.20000076293945,51.48112869262695
12-02-2015,61.38999938964844,61.47999954223633,940200,62.33000183105469,62.15999984741211,52.28867721557617
13-02-2015,62.15999984741211,62.15999984741211,1436200,63.09000015258789,62.7400016784668,52.77656936645508
17-02-2015,62.060001373291016,62.58000183105469,1311700,62.9900016784668,62.470001220703125,52.549461364746094
18-02-2015,61.63999938964844,62.52000045776367,1216800,62.72999954223633,62.119998931884766,52.25503158569336
19-02-2015,61.5,62.2599983215332,1948300,62.40999984741211,61.779998779296875,51.969024658203125
20-02-2015,60.09000015258789,61.0,1668200,61.970001220703125,61.83000183105469,52.011077880859375
23-02-2015,61.54999923706055,61.97999954223633,1370500,62.02000045776367,62.02000045776367,52.17091369628906
24-02-2015,61.790000915527344,62.16999816894531,576100,62.290000915527344,62.04999923706055,52.196144104003906
25-02-2015,61.97999954223633,62.189998626708984,1040100,62.779998779296875,62.08000183105469,52.22139358520508
26-02-2015,61.83000183105469,62.0,606900,62.599998474121094,62.5,52.574676513671875
27-02-2015,62.0,62.599998474121094,730900,62.77000045776367,62.31999969482422,52.42327117919922
02-03-2015,62.38999938964844,62.45000076293945,697700,63.470001220703125,63.150001525878906,53.121456146240234
03-03-2015,62.470001220703125,62.79999923706055,711600,63.18000030517578,62.720001220703125,52.75973892211914
04-03-2015,62.11000061035156,63.2599983215332,645800,63.310001373291016,62.43000030517578,52.515804290771484
05-03-2015,62.13999938964844,62.619998931884766,782200,62.849998474121094,62.43000030517578,52.515804290771484
06-03-2015,61.40999984741211,62.25,1158600,62.2599983215332,61.650001525878906,51.85966491699219
09-03-2015,61.529998779296875,61.91999816894531,622100,62.34000015258789,61.970001220703125,52.12885665893555
10-03-2015,61.0,61.5099983215332,864500,61.63999938964844,61.349998474121094,51.60730743408203
11-03-2015,60.0099983215332,60.0099983215332,726400,61.56999969482422,60.90999984741211,51.2371711730957
12-03-2015,60.880001068115234,61.18000030517578,1182900,61.88999938964844,61.70000076293945,51.90172576904297
13-03-2015,60.220001220703125,61.81999969482422,1278400,62.5,60.72999954223633,51.08576583862305
16-03-2015,60.61000061035156,61.06999969482422,832700,61.709999084472656,61.5,51.733482360839844
17-03-2015,60.81999969482422,61.25,660300,61.689998626708984,61.599998474121094,51.81760025024414
18-03-2015,60.290000915527344,61.59000015258789,930800,61.70000076293945,61.43000030517578,51.67461013793945
19-03-2015,60.650001525878906,61.209999084472656,1309000,61.5,61.099998474121094,51.397010803222656
20-03-2015,60.810001373291016,61.31999969482422,2512600,61.4900016784668,61.08000183105469,51.380184173583984
23-03-2015,61.11000061035156,61.279998779296875,1128300,62.29999923706055,61.380001068115234,51.63255310058594
24-03-2015,61.31999969482422,61.56999969482422,898600,62.060001373291016,61.4900016784668,51.725074768066406
25-03-2015,60.68000030517578,61.599998474121094,1053800,61.650001525878906,60.68000030517578,51.04370880126953
26-03-2015,59.7400016784668,60.25,1012700,60.83000183105469,60.560001373291016,50.942771911621094
27-03-2015,60.060001373291016,60.43000030517578,783500,61.5099983215332,61.029998779296875,51.3381233215332
30-03-2015,61.130001068115234,61.5,1021500,62.650001525878906,62.56999969482422,52.633575439453125
31-03-2015,62.22999954223633,62.599998474121094,1437300,63.59000015258789,63.2400016784668,53.197174072265625
01-04-2015,62.560001373291016,63.13999938964844,1663600,63.95000076293945,63.790000915527344,53.65982437133789
02-04-2015,62.91999816894531,63.68000030517578,997300,63.880001068115234,63.45000076293945,53.37382125854492
06-04-2015,63.0,63.2599983215332,1053200,64.4800033569336,64.1500015258789,53.962650299072266
07-04-2015,63.2599983215332,64.1500015258789,1089600,64.43000030517578,63.61000061035156,53.50840759277344
08-04-2015,63.58000183105469,63.939998626708984,925800,64.19000244140625,64.04000091552734,53.8701286315918
09-04-2015,63.75,64.13999938964844,461100,64.27999877929688,64.20999908447266,54.01311492919922
10-04-2015,63.95000076293945,64.2699966430664,779600,64.58999633789062,64.22000122070312,54.021541595458984
13-04-2015,63.779998779296875,64.12000274658203,854100,64.77999877929688,63.880001068115234,53.73553466796875
14-04-2015,63.650001525878906,63.77000045776367,806300,64.9000015258789,64.4800033569336,54.24025344848633
15-04-2015,64.33999633789062,64.73999786376953,1208400,64.98999786376953,64.81999969482422,54.52625274658203
16-04-2015,64.16999816894531,64.80999755859375,1593500,66.31999969482422,66.05000305175781,55.56093215942383
17-04-2015,64.95999908447266,65.91000366210938,2173900,66.29000091552734,65.88999938964844,55.426334381103516
20-04-2015,69.66000366210938,70.0,7883600,74.36000061035156,74.16000366210938,62.383018493652344
21-04-2015,73.51000213623047,74.19000244140625,3901300,74.75,73.55000305175781,61.869876861572266
22-04-2015,71.70999908447266,72.97000122070312,3905100,73.33999633789062,71.7300033569336,60.33891677856445
23-04-2015,71.61000061035156,71.76000213623047,2025600,72.33000183105469,71.70999908447266,60.32209014892578
24-04-2015,71.41000366210938,72.44999694824219,1515800,72.45999908447266,71.61000061035156,60.23796463012695
27-04-2015,70.83999633789062,71.69000244140625,1050100,71.9800033569336,71.01000213623047,59.733245849609375
28-04-2015,70.33000183105469,71.11000061035156,1310500,71.36000061035156,71.11000061035156,59.81737518310547
29-04-2015,70.05999755859375,70.6500015258789,985100,71.13999938964844,70.55000305175781,59.73270034790039
30-04-2015,69.91000366210938,70.31999969482422,1319400,70.94999694824219,70.79000091552734,59.93589401245117
01-05-2015,71.11000061035156,71.1500015258789,1316500,72.22000122070312,71.66000366210938,60.672508239746094
04-05-2015,70.55999755859375,72.26000213623047,906900,72.33000183105469,71.19000244140625,60.27457046508789
05-05-2015,69.93000030517578,71.0199966430664,665600,71.19000244140625,70.18000030517578,59.4194450378418
06-05-2015,69.9000015258789,70.48999786376953,791400,70.56999969482422,70.38999938964844,59.597232818603516
07-05-2015,70.7300033569336,70.7699966430664,1177000,71.48999786376953,71.12000274658203,60.21531295776367
08-05-2015,71.08000183105469,71.56999969482422,552700,71.88999938964844,71.22000122070312,60.29998016357422
11-05-2015,71.23999786376953,71.55999755859375,1263600,72.26000213623047,72.0,60.96037673950195
12-05-2015,70.66000366210938,71.62000274658203,738300,71.93000030517578,70.95999908447266,60.0798454284668
13-05-2015,70.30000305175781,71.0,866100,71.26000213623047,70.44000244140625,59.63957595825195
14-05-2015,70.23999786376953,70.61000061035156,828900,72.0,71.97000122070312,60.93497848510742
15-05-2015,70.75,72.05999755859375,633300,72.5199966430664,72.38999938964844,61.29058837890625
18-05-2015,71.58999633789062,72.26000213623047,746300,72.30999755859375,71.97000122070312,60.93497848510742
19-05-2015,71.36000061035156,72.08999633789062,644900,72.26000213623047,71.83000183105469,60.81644821166992
20-05-2015,71.33999633789062,71.73999786376953,704000,72.19999694824219,71.79000091552734,60.7825813293457
21-05-2015,71.9000015258789,71.93000030517578,583100,72.73999786376953,72.55000305175781,61.42603302001953
22-05-2015,72.55000305175781,72.62000274658203,619300,73.0199966430664,72.9000015258789,61.72237777709961
26-05-2015,72.02999877929688,72.8499984741211,587300,73.16000366210938,72.18000030517578,61.11278533935547
27-05-2015,72.01000213623047,72.0999984741211,519400,72.69999694824219,72.4000015258789,61.299041748046875
28-05-2015,72.0199966430664,72.3499984741211,412500,72.80999755859375,72.44999694824219,61.34138107299805
29-05-2015,71.5999984741211,72.4800033569336,1023000,72.75,72.12999725341797,61.07046127319336
01-06-2015,71.52999877929688,71.94999694824219,627600,73.01000213623047,72.38999938964844,61.29058837890625
02-06-2015,71.54000091552734,72.05999755859375,615200,72.6500015258789,72.16999816894531,61.10431671142578
03-06-2015,72.26000213623047,72.72000122070312,1114500,73.25,72.77999877929688,61.62078857421875
04-06-2015,72.05000305175781,72.58999633789062,806400,73.05999755859375,72.19000244140625,61.121246337890625
05-06-2015,71.54000091552734,72.33999633789062,773400,72.6500015258789,72.22000122070312,61.146644592285156
08-06-2015,72.13999938964844,72.30999755859375,640500,73.01000213623047,72.33999633789062,61.248233795166016
09-06-2015,72.01000213623047,72.2300033569336,530900,72.79000091552734,72.05000305175781,61.002723693847656
10-06-2015,71.88999938964844,72.44000244140625,565000,72.9800033569336,72.69000244140625,61.544586181640625
11-06-2015,72.77999877929688,72.80000305175781,894300,73.4800033569336,73.2699966430664,62.03566360473633
12-06-2015,72.33999633789062,72.91999816894531,752900,73.23999786376953,72.81999969482422,61.6546630859375
15-06-2015,72.23999786376953,72.80999755859375,675900,73.08999633789062,72.88999938964844,61.71391296386719
16-06-2015,72.91000366210938,73.12000274658203,734300,73.5,73.04000091552734,61.840904235839844
17-06-2015,73.04000091552734,73.12000274658203,807500,74.83000183105469,74.58999633789062,63.15325927734375
18-06-2015,74.62000274658203,74.83999633789062,786000,75.80999755859375,75.48999786376953,63.915245056152344
19-06-2015,75.33000183105469,75.6500015258789,1389900,76.48999786376953,76.18000030517578,64.49946594238281
22-06-2015,76.16999816894531,76.63999938964844,658900,77.25,76.62999725341797,64.88048553466797
23-06-2015,76.93000030517578,76.94999694824219,1192700,77.98999786376953,77.7699966430664,65.8456802368164
24-06-2015,77.76000213623047,77.98999786376953,1401100,78.63999938964844,78.33999633789062,66.3282699584961
25-06-2015,78.05000305175781,78.58000183105469,1022900,78.91000366210938,78.41999816894531,66.39601135253906
26-06-2015,77.22000122070312,78.23999786376953,1367400,78.55000305175781,77.69000244140625,65.77796173095703
29-06-2015,75.52999877929688,77.38999938964844,947400,77.72000122070312,75.5999984741211,64.0083999633789
30-06-2015,74.69000244140625,75.9000015258789,1998700,76.13999938964844,74.79000091552734,63.322601318359375
01-07-2015,74.0199966430664,74.02999877929688,1858100,76.26000213623047,75.77999877929688,64.1607894897461
02-07-2015,74.83999633789062,75.56999969482422,1399800,75.97000122070312,75.91999816894531,64.27934265136719
06-07-2015,74.66000366210938,74.69000244140625,1402900,76.37999725341797,75.8499984741211,64.22006225585938
07-07-2015,75.12000274658203,75.5199966430664,1356000,76.2300033569336,76.16000366210938,64.4825439453125
08-07-2015,76.13999938964844,76.16999816894531,2135900,77.5,77.05000305175781,65.2360610961914
09-07-2015,75.8499984741211,77.44000244140625,1589500,77.68000030517578,75.94000244140625,64.29627227783203
10-07-2015,76.13999938964844,76.86000061035156,1629800,77.66999816894531,77.22000122070312,65.3800048828125
13-07-2015,76.80000305175781,77.2699966430664,1088400,78.30999755859375,78.22000122070312,66.22669982910156
14-07-2015,77.8499984741211,78.23999786376953,2423700,78.94000244140625,78.69000244140625,66.62460327148438
15-07-2015,77.88999938964844,78.58000183105469,1061400,78.66000366210938,78.06999969482422,66.09967803955078
16-07-2015,78.01000213623047,78.36000061035156,1064200,78.98999786376953,78.41999816894531,66.39601135253906
17-07-2015,77.30000305175781,78.41999816894531,2458900,79.0,78.25,66.25205993652344
20-07-2015,81.69000244140625,81.69000244140625,3993900,84.41999816894531,83.1500015258789,70.40077209472656
21-07-2015,79.95999908447266,81.88999938964844,3089600,81.88999938964844,80.41999816894531,68.08936309814453
22-07-2015,79.44999694824219,80.51000213623047,1437500,80.66999816894531,79.8499984741211,67.60674285888672
23-07-2015,79.05000305175781,79.91999816894531,1026000,80.2699966430664,79.27999877929688,67.1241455078125
24-07-2015,79.05999755859375,79.33000183105469,1178700,79.80000305175781,79.63999938964844,67.42893981933594
27-07-2015,79.11000061035156,79.62999725341797,1084700,80.12999725341797,79.51000213623047,67.31888580322266
28-07-2015,79.05000305175781,79.9000015258789,1134600,79.9000015258789,79.56999969482422,67.36968231201172
29-07-2015,79.30000305175781,79.7699966430664,1273400,80.91999816894531,80.76000213623047,68.37722778320312
30-07-2015,79.5199966430664,80.12999725341797,1034400,80.33999633789062,79.98999786376953,68.1132583618164
31-07-2015,78.5999984741211,80.0199966430664,1874200,80.1500015258789,78.73999786376953,67.0488510131836
03-08-2015,77.22000122070312,78.73999786376953,986700,79.0199966430664,77.73999786376953,66.19731903076172
04-08-2015,77.48999786376953,77.73999786376953,907900,79.69000244140625,78.83000183105469,67.12548065185547
05-08-2015,78.77999877929688,79.08999633789062,729400,79.6500015258789,79.23999786376953,67.47459411621094
06-08-2015,76.9000015258789,79.45999908447266,1588900,79.58999633789062,76.93000030517578,65.50758361816406
07-08-2015,76.5,76.8499984741211,1080100,77.94000244140625,77.41000366210938,65.91632080078125
10-08-2015,78.05999755859375,78.16000366210938,1120300,79.55000305175781,79.51000213623047,67.70452117919922
11-08-2015,78.43000030517578,78.70999908447266,1142400,79.27999877929688,79.12999725341797,67.38091278076172
12-08-2015,78.2300033569336,78.73999786376953,1127700,79.58000183105469,79.48999786376953,67.68748474121094
13-08-2015,79.43000030517578,79.6500015258789,765800,80.87999725341797,80.55000305175781,68.59012603759766
14-08-2015,80.13999938964844,80.81999969482422,519800,81.0,80.70999908447266,68.72635650634766
17-08-2015,79.73999786376953,80.19999694824219,569600,80.9000015258789,80.62000274658203,68.64971923828125
18-08-2015,79.83999633789062,80.41999816894531,654000,80.66000366210938,80.37999725341797,68.44534301757812
19-08-2015,79.01000213623047,79.88999938964844,738900,80.01000213623047,79.58000183105469,67.76412963867188
20-08-2015,77.83999633789062,78.66999816894531,806200,79.93000030517578,77.86000061035156,66.29952239990234
21-08-2015,75.18000030517578,77.44999694824219,1476500,77.48999786376953,75.18000030517578,64.0174331665039
24-08-2015,60.380001068115234,69.80999755859375,2393100,73.52999877929688,71.18000030517578,60.61134338378906
25-08-2015,71.48999786376953,72.66999816894531,2737200,73.4000015258789,71.52999877929688,60.90937042236328
26-08-2015,71.0999984741211,73.27999877929688,1860800,73.27999877929688,72.79000091552734,61.982295989990234
27-08-2015,72.68000030517578,73.48999786376953,1181300,75.4000015258789,75.13999938964844,63.98336410522461
28-08-2015,74.6500015258789,74.88999938964844,1088500,76.16000366210938,75.51000213623047,64.29843139648438
31-08-2015,74.51000213623047,75.08000183105469,1242900,75.7699966430664,74.58999633789062,63.51503372192383
01-09-2015,72.06999969482422,73.95999908447266,1127600,73.95999908447266,72.5199966430664,61.75238037109375
02-09-2015,73.87999725341797,74.55000305175781,2911400,75.13999938964844,74.51000213623047,63.4469108581543
03-09-2015,75.55000305175781,76.0,1811900,77.44999694824219,76.86000061035156,65.44801330566406
04-09-2015,75.19999694824219,75.91999816894531,1575900,76.43000030517578,75.37000274658203,64.17919158935547
08-09-2015,75.41999816894531,76.63999938964844,1314400,76.66999816894531,76.29000091552734,64.96263122558594
09-09-2015,75.12999725341797,76.91000366210938,991300,77.12999725341797,75.27999877929688,64.10257720947266
10-09-2015,75.01000213623047,75.19999694824219,742400,76.66999816894531,76.02999877929688,64.74124145507812
11-09-2015,75.23999786376953,75.66000366210938,759200,76.80999755859375,76.75,65.35432434082031
14-09-2015,76.48999786376953,76.75,966200,78.26000213623047,77.58000183105469,66.06108856201172
15-09-2015,77.47000122070312,77.47000122070312,1181200,79.41000366210938,79.08000183105469,67.33836364746094
16-09-2015,78.41000366210938,79.01000213623047,1134000,80.37999725341797,80.25,68.33465576171875
17-09-2015,77.30000305175781,79.08999633789062,1631200,79.86000061035156,77.51000213623047,66.00149536132812
18-09-2015,76.66000366210938,76.73999786376953,1390800,77.68000030517578,77.05999755859375,65.6182861328125
21-09-2015,76.69999694824219,77.48999786376953,769900,78.27999877929688,77.19000244140625,65.72899627685547
22-09-2015,75.04000091552734,75.95999908447266,1028600,76.55999755859375,75.55000305175781,64.33248901367188
23-09-2015,75.02999877929688,75.83999633789062,879900,75.9800033569336,75.37999725341797,64.18773651123047
24-09-2015,73.29000091552734,75.02999877929688,934700,75.5199966430664,74.6500015258789,63.56611251831055
25-09-2015,74.37000274658203,75.06999969482422,593400,75.45999908447266,74.94999694824219,63.82157516479492
28-09-2015,72.0999984741211,74.69999694824219,844500,74.94999694824219,72.12999725341797,61.42030715942383
29-09-2015,71.5999984741211,72.30999755859375,971900,72.97000122070312,72.69000244140625,61.89714813232422
30-09-2015,70.5,72.23999786376953,2280300,72.58999633789062,72.13999938964844,61.42880630493164
01-10-2015,70.73999786376953,72.48999786376953,1632100,72.80000305175781,71.68000030517578,61.037109375
02-10-2015,70.11000061035156,70.4800033569336,1201500,71.52999877929688,71.36000061035156,60.764610290527344
05-10-2015,71.91000366210938,71.94000244140625,1200600,73.87000274658203,73.63999938964844,62.70608901977539
06-10-2015,72.22000122070312,73.52999877929688,761000,73.91000366210938,72.86000061035156,62.04188919067383
07-10-2015,72.05000305175781,72.16999816894531,973600,74.11000061035156,73.41999816894531,62.51875305175781
08-10-2015,72.81999969482422,72.93000030517578,1316500,74.7699966430664,73.80000305175781,62.84232711791992
09-10-2015,73.55000305175781,73.98999786376953,932600,74.66999816894531,74.3499984741211,63.310672760009766
12-10-2015,73.77999877929688,74.1500015258789,972700,74.66000366210938,74.44000244140625,63.387306213378906
13-10-2015,74.11000061035156,74.2699966430664,1144700,75.48999786376953,74.12999725341797,63.123329162597656
14-10-2015,73.4800033569336,74.11000061035156,998400,74.75,73.66999816894531,62.731632232666016
15-10-2015,73.83000183105469,74.0,1181200,75.36000061035156,75.33000183105469,64.14515686035156
16-10-2015,74.62999725341797,75.58000183105469,2667700,77.91000366210938,77.77999877929688,66.23137664794922
19-10-2015,70.81999969482422,76.7699966430664,5352700,77.5,72.18000030517578,61.46287155151367
20-10-2015,71.3499984741211,71.93000030517578,2228400,74.20999908447266,72.94000244140625,62.11001968383789
21-10-2015,73.31999969482422,73.44999694824219,1513800,74.4800033569336,73.98999786376953,63.00412368774414
22-10-2015,74.29000091552734,74.36000061035156,2125100,76.77999877929688,76.76000213623047,65.36284637451172
23-10-2015,77.0199966430664,77.25,2546200,79.23999786376953,78.87000274658203,67.15953063964844
26-10-2015,78.13999938964844,78.25,1902000,79.43000030517578,78.30999755859375,66.68269348144531
27-10-2015,77.45999908447266,77.76000213623047,1211500,78.48999786376953,78.22000122070312,66.60607147216797
28-10-2015,77.48999786376953,78.23999786376953,825800,78.5,78.18000030517578,66.57200622558594
29-10-2015,76.93000030517578,77.44000244140625,690600,77.83000183105469,77.75,66.5976791381836
30-10-2015,76.81999969482422,77.5199966430664,1065800,77.72000122070312,76.83000183105469,65.80965423583984
02-11-2015,76.6500015258789,77.27999877929688,1151600,77.33000183105469,77.23999786376953,66.16083526611328
03-11-2015,76.97000122070312,77.08999633789062,1185100,77.51000213623047,77.2300033569336,66.15227508544922
04-11-2015,76.77999877929688,77.45999908447266,743300,77.75,77.01000213623047,65.96385192871094
05-11-2015,76.41999816894531,77.38999938964844,585200,77.87000274658203,77.05999755859375,66.00666809082031
06-11-2015,76.70999908447266,76.80999755859375,704300,78.68000030517578,78.23999786376953,67.01740264892578
09-11-2015,77.30999755859375,78.0,1172400,78.73999786376953,78.38999938964844,67.14590454101562
10-11-2015,78.37000274658203,78.66000366210938,913300,79.88999938964844,79.80999755859375,68.36221313476562
11-11-2015,78.20999908447266,79.87000274658203,1075600,79.93000030517578,78.56999969482422,67.30007934570312
12-11-2015,77.55999755859375,78.79000091552734,1210100,79.63999938964844,77.8499984741211,66.68334197998047
13-11-2015,75.72000122070312,77.5199966430664,1032900,77.69000244140625,76.01000213623047,65.10728454589844
16-11-2015,74.2300033569336,75.9000015258789,1386900,76.58000183105469,75.7699966430664,64.90169525146484
17-11-2015,74.12000274658203,75.31999969482422,1836200,75.81999969482422,74.76000213623047,64.03659057617188
18-11-2015,74.31999969482422,75.11000061035156,1288100,75.68000030517578,75.56999969482422,64.73039245605469
19-11-2015,75.22000122070312,75.68000030517578,1361700,77.0,75.5999984741211,64.7560806274414
20-11-2015,75.44000244140625,75.9800033569336,1334300,76.33999633789062,75.48999786376953,64.66184997558594
23-11-2015,74.05999755859375,75.5999984741211,1423300,76.83999633789062,75.19000244140625,64.40489196777344
24-11-2015,74.1500015258789,74.63999938964844,869900,75.69999694824219,75.68000030517578,64.8246078491211
25-11-2015,74.80000305175781,76.0,575900,76.69000244140625,76.45999908447266,65.49272155761719
27-11-2015,75.20999908447266,76.31999969482422,453900,76.77999877929688,75.37000274658203,64.5590591430664
30-11-2015,72.87000274658203,75.55999755859375,1858600,75.55999755859375,73.08999633789062,62.606109619140625
01-12-2015,72.06999969482422,73.73999786376953,1793200,73.93000030517578,73.12999725341797,62.640377044677734
02-12-2015,72.23999786376953,73.1500015258789,1142200,73.36000061035156,72.51000213623047,62.109317779541016
03-12-2015,69.69000244140625,72.98999786376953,3109600,73.1500015258789,70.41000366210938,60.31053161621094
04-12-2015,67.72000122070312,70.19999694824219,3049500,70.5,68.70999908447266,58.85437774658203
07-12-2015,68.58000183105469,68.8499984741211,1220800,69.44000244140625,68.8499984741211,58.97428894042969
08-12-2015,69.0,69.44000244140625,1627200,71.3499984741211,69.81999969482422,59.805179595947266
09-12-2015,67.87999725341797,69.25,1619500,70.3499984741211,68.41000366210938,58.59740447998047
10-12-2015,68.08999633789062,68.69999694824219,1626100,68.83999633789062,68.22000122070312,58.434661865234375
11-12-2015,67.5,67.66000366210938,2135700,69.18000030517578,68.37000274658203,58.563148498535156
14-12-2015,68.56999969482422,68.93000030517578,1593000,69.58000183105469,69.19000244140625,59.265525817871094
15-12-2015,68.91999816894531,69.83000183105469,1414300,70.7699966430664,69.19000244140625,59.265525817871094
16-12-2015,68.05000305175781,69.58999633789062,1526300,71.04000091552734,69.20999908447266,59.28264617919922
17-12-2015,66.33000183105469,69.1500015258789,1962800,69.20999908447266,66.38999938964844,56.86714553833008
18-12-2015,65.30999755859375,66.30000305175781,2456900,66.87999725341797,65.83000183105469,56.387474060058594
21-12-2015,64.91000366210938,66.45999908447266,1617300,66.81999969482422,65.30999755859375,55.94206237792969
22-12-2015,65.41000366210938,65.63999938964844,926300,66.80999755859375,66.7699966430664,57.19264221191406
23-12-2015,65.86000061035156,67.38999938964844,1801000,67.73999786376953,67.26000213623047,57.612361907958984
24-12-2015,67.0,67.11000061035156,417200,68.08999633789062,67.62000274658203,57.92072296142578
28-12-2015,66.80000305175781,67.4000015258789,641600,67.87999725341797,67.6500015258789,57.94641876220703
29-12-2015,67.4800033569336,68.0199966430664,921700,68.7699966430664,68.43000030517578,58.614532470703125
30-12-2015,67.47000122070312,68.30000305175781,572100,68.61000061035156,67.5,57.817935943603516
31-12-2015,67.22000122070312,67.37000274658203,892700,67.86000061035156,67.36000061035156,57.69801330566406
04-01-2016,65.5199966430664,66.33999633789062,1214900,66.9800033569336,66.95999908447266,57.35538864135742
05-01-2016,67.01000213623047,67.30000305175781,1661000,68.5,68.18000030517578,58.400390625
06-01-2016,66.61000061035156,66.7699966430664,3295000,71.0999984741211,69.88999938964844,59.86511993408203
07-01-2016,68.02999877929688,68.5,1808100,70.30000305175781,69.12000274658203,59.20558547973633
08-01-2016,67.91000366210938,69.25,1231000,69.56999969482422,68.04000091552734,58.28047180175781
11-01-2016,68.27999877929688,68.68000030517578,1275300,70.12999725341797,70.01000213623047,59.96791076660156
12-01-2016,69.81999969482422,70.29000091552734,1054500,70.9800033569336,70.83000183105469,60.67029571533203
13-01-2016,68.47000122070312,70.52999877929688,1309400,71.0,68.4800033569336,58.65736389160156
14-01-2016,68.30000305175781,68.94999694824219,1346300,70.72000122070312,70.19999694824219,60.13064193725586
15-01-2016,68.5199966430664,68.70999908447266,2433200,72.26000213623047,72.06999969482422,61.73241424560547
19-01-2016,69.25,72.63999938964844,1699600,72.7699966430664,70.44999694824219,60.34477996826172
20-01-2016,67.19999694824219,69.30999755859375,1514600,70.16000366210938,69.7300033569336,59.72808074951172
21-01-2016,69.16999816894531,69.88999938964844,1345200,72.30999755859375,71.94999694824219,61.62961959838867
22-01-2016,72.01000213623047,73.22000122070312,1036700,73.62000274658203,72.91000366210938,62.451942443847656
25-01-2016,70.73999786376953,72.72000122070312,1597900,73.2300033569336,70.91000366210938,60.738826751708984
26-01-2016,70.93000030517578,71.52999877929688,1030900,72.37999725341797,72.33000183105469,61.95513153076172
27-01-2016,70.69000244140625,72.5999984741211,840100,72.94000244140625,71.16000366210938,60.95295333862305
28-01-2016,70.62999725341797,72.06999969482422,954200,72.6500015258789,72.3499984741211,61.972251892089844
29-01-2016,71.69999694824219,72.33999633789062,1324500,74.31999969482422,74.27999877929688,64.03253173828125
01-02-2016,72.54000091552734,73.9800033569336,2351000,74.19000244140625,73.7699966430664,63.592899322509766
02-02-2016,73.44999694824219,74.08999633789062,2857800,75.95999908447266,74.33999633789062,64.08426666259766
03-02-2016,74.29000091552734,74.75,2384100,76.19999694824219,75.0,64.6531982421875
04-02-2016,73.86000061035156,74.58000183105469,4598300,78.44999694824219,75.9000015258789,65.4290542602539
05-02-2016,73.94000244140625,75.9000015258789,2478800,76.88999938964844,74.0999984741211,63.87737274169922
08-02-2016,72.31999969482422,74.36000061035156,3899700,75.87000274658203,75.11000061035156,64.74803924560547
09-02-2016,70.94000244140625,74.0199966430664,2495900,75.27999877929688,71.94000244140625,62.015357971191406
10-02-2016,71.58000183105469,72.26000213623047,1829800,72.66999816894531,72.16999816894531,62.213626861572266
11-02-2016,68.91999816894531,69.80999755859375,1678700,70.88999938964844,69.55999755859375,59.96369934082031
12-02-2016,68.5999984741211,70.0,2573200,70.44000244140625,70.08000183105469,60.411964416503906
16-02-2016,70.48999786376953,70.80000305175781,1410100,71.43000030517578,71.04000091552734,61.2395133972168
17-02-2016,71.22000122070312,71.97000122070312,1527500,72.69999694824219,72.05000305175781,62.11018753051758
18-02-2016,71.83999633789062,72.16999816894531,1513600,73.08999633789062,72.2699966430664,62.299827575683594
19-02-2016,71.19999694824219,72.19000244140625,1130000,72.29000091552734,72.08000183105469,62.13604736328125
22-02-2016,72.5,73.30999755859375,1006700,74.58000183105469,74.54000091552734,64.25667572021484
23-02-2016,73.9800033569336,74.0999984741211,1034600,74.8499984741211,74.51000213623047,64.23080444335938
24-02-2016,73.5,73.77999877929688,1019700,75.81999969482422,75.75,65.29974365234375
25-02-2016,74.66000366210938,75.68000030517578,867300,76.20999908447266,76.12999725341797,65.62731170654297
26-02-2016,76.0,76.5,672200,77.05000305175781,76.44999694824219,65.90316772460938
29-02-2016,75.13999938964844,76.44000244140625,795300,76.56999969482422,75.87000274658203,65.4031982421875
01-03-2016,75.51000213623047,76.06999969482422,770100,77.48999786376953,77.44000244140625,66.7566146850586
02-03-2016,76.5,77.27999877929688,1105100,79.01000213623047,78.94000244140625,68.04964447021484
03-03-2016,78.41000366210938,79.19000244140625,967800,79.4000015258789,78.88999938964844,68.0065689086914
04-03-2016,77.5199966430664,78.72000122070312,918300,79.16000366210938,77.91000366210938,67.16175842285156
07-03-2016,77.55000305175781,77.55000305175781,688700,79.05999755859375,78.5999984741211,67.75656127929688
08-03-2016,77.80000305175781,77.88999938964844,774400,79.30999755859375,78.58000183105469,67.73934936523438
09-03-2016,77.91999816894531,78.88999938964844,772400,79.08999633789062,78.0,67.23934173583984
10-03-2016,77.5,78.4800033569336,1045900,78.75,77.94000244140625,67.18760681152344
11-03-2016,77.69999694824219,78.41999816894531,1184600,78.76000213623047,77.9800033569336,67.22209167480469
14-03-2016,77.61000061035156,77.7699966430664,886200,78.6500015258789,78.4000015258789,67.58416748046875
15-03-2016,77.80999755859375,77.80999755859375,1561500,78.5,78.4800033569336,67.65313720703125
16-03-2016,77.95999908447266,78.44999694824219,717600,78.87000274658203,78.38999938964844,67.5755386352539
17-03-2016,77.83000183105469,78.33000183105469,1015600,79.20999908447266,78.61000061035156,67.76519775390625
18-03-2016,78.30999755859375,78.72000122070312,2241700,78.94999694824219,78.48999786376953,67.66177368164062
21-03-2016,77.41000366210938,78.20999908447266,901100,78.7699966430664,77.8499984741211,67.11003875732422
22-03-2016,77.51000213623047,77.80999755859375,733200,78.33999633789062,78.08000183105469,67.30830383300781
23-03-2016,77.41999816894531,77.9800033569336,720100,78.33000183105469,78.06999969482422,67.29967498779297
24-03-2016,77.11000061035156,77.62999725341797,1002100,77.9800033569336,77.30000305175781,66.63591003417969
28-03-2016,77.41999816894531,77.56999969482422,1240900,78.58000183105469,78.12000274658203,67.34278106689453
29-03-2016,77.63999938964844,77.83000183105469,888400,78.30999755859375,78.2300033569336,67.43760681152344
30-03-2016,78.30999755859375,78.69000244140625,750900,78.9800033569336,78.55000305175781,67.7134780883789
31-03-2016,78.55000305175781,78.55000305175781,1970200,80.33000183105469,80.0999984741211,69.04961395263672
01-04-2016,78.69999694824219,79.56999969482422,1110500,79.95999908447266,79.19000244140625,68.26516723632812
04-04-2016,79.29000091552734,79.37000274658203,988200,80.44000244140625,79.69999694824219,68.70480346679688
05-04-2016,77.77999877929688,79.73999786376953,1352100,79.98999786376953,77.80000305175781,67.06694030761719
06-04-2016,77.72000122070312,77.76000213623047,1040600,79.79000091552734,79.73999786376953,68.73928833007812
07-04-2016,77.62999725341797,78.98999786376953,1166800,79.5199966430664,78.45999908447266,67.63587188720703
08-04-2016,77.5,78.83999633789062,982400,79.19999694824219,78.76000213623047,67.89450073242188
11-04-2016,79.0199966430664,79.30999755859375,1050100,80.30000305175781,79.44999694824219,68.48930358886719
12-04-2016,79.36000061035156,79.80999755859375,1122400,80.97000122070312,80.94000244140625,69.77375030517578
13-04-2016,80.9800033569336,81.05000305175781,755000,81.8499984741211,81.5,70.25647735595703
14-04-2016,81.16999816894531,81.8499984741211,651200,81.95999908447266,81.33000183105469,70.10994720458984
15-04-2016,80.94999694824219,81.31999969482422,1513100,82.61000061035156,82.41000366210938,71.04096984863281
18-04-2016,84.56999969482422,87.33999633789062,3719300,88.0,87.18000030517578,75.15290069580078
19-04-2016,86.66000366210938,87.70999908447266,1772200,88.52999877929688,87.0199966430664,75.01494598388672
20-04-2016,85.18000030517578,85.22000122070312,1810900,86.77999877929688,86.5,74.56670379638672
21-04-2016,85.66999816894531,86.0,1196700,87.1500015258789,86.80000305175781,74.8253173828125
22-04-2016,86.75,86.91000366210938,1608000,87.66999816894531,87.43000030517578,75.36840057373047
25-04-2016,86.63999938964844,87.0,1123400,87.5999984741211,87.23999786376953,75.20462799072266
26-04-2016,86.69000244140625,87.27999877929688,954000,87.7300033569336,87.62999725341797,75.54080963134766
27-04-2016,87.12000274658203,87.19000244140625,729500,87.9800033569336,87.16000366210938,75.1356430053711
28-04-2016,85.06999969482422,86.2300033569336,860600,86.95999908447266,85.31999969482422,73.98239135742188
29-04-2016,84.22000122070312,85.26000213623047,709400,85.30000305175781,84.63999938964844,73.39275360107422
02-05-2016,84.72000122070312,85.43000030517578,736700,86.33999633789062,85.58999633789062,74.21649932861328
03-05-2016,84.81999969482422,85.08999633789062,491700,85.56999969482422,84.88999938964844,73.60953521728516
04-05-2016,84.05000305175781,84.58000183105469,746100,85.23999786376953,84.27999877929688,73.0805892944336
05-05-2016,83.36000061035156,84.29000091552734,1195000,84.41000366210938,83.55000305175781,72.44760131835938
06-05-2016,83.3499984741211,83.41999816894531,858100,85.16999816894531,85.08999633789062,73.78295135498047
09-05-2016,84.69000244140625,84.69000244140625,924600,86.44000244140625,86.11000061035156,74.66741180419922
10-05-2016,84.75,85.30000305175781,902200,86.44999694824219,86.33000183105469,74.85819244384766
11-05-2016,84.3499984741211,85.80999755859375,927300,86.26000213623047,84.5,73.2713623046875
12-05-2016,84.3499984741211,84.48999786376953,694300,85.41000366210938,85.30000305175781,73.96504974365234
13-05-2016,84.95999908447266,85.23999786376953,861800,85.70999908447266,85.11000061035156,73.80027770996094
16-05-2016,84.54000091552734,84.9000015258789,612000,85.95999908447266,85.45999908447266,74.10377502441406
17-05-2016,84.22000122070312,85.22000122070312,748200,85.73999786376953,84.62999725341797,73.38407135009766
18-05-2016,83.86000061035156,84.58000183105469,852400,85.48999786376953,84.9000015258789,73.61820983886719
19-05-2016,83.80000305175781,84.5199966430664,493600,85.12999725341797,84.87000274658203,73.5921859741211
20-05-2016,84.13999938964844,85.1500015258789,872500,85.52999877929688,84.38999938964844,73.17597961425781
23-05-2016,84.12999725341797,84.6500015258789,457500,85.19999694824219,84.97000122070312,73.67890167236328
24-05-2016,85.01000213623047,85.1500015258789,849500,87.16999816894531,86.72000122070312,75.19636535644531
25-05-2016,86.2300033569336,86.5,753500,87.12000274658203,86.76000213623047,75.23104858398438
26-05-2016,86.26000213623047,86.95999908447266,516900,87.30999755859375,86.75,75.22237396240234
27-05-2016,86.30000305175781,86.30000305175781,413700,87.55999755859375,87.27999877929688,75.68193054199219
31-05-2016,86.43000030517578,87.2699966430664,643800,87.63999938964844,87.29000091552734,75.69060516357422
01-06-2016,86.16999816894531,86.58000183105469,886200,87.16000366210938,87.12000274658203,75.54320526123047
02-06-2016,86.0999984741211,86.63999938964844,681800,87.12000274658203,86.7300033569336,75.20503234863281
03-06-2016,85.33000183105469,86.19000244140625,720700,86.41999816894531,85.79000091552734,74.38993835449219
06-06-2016,85.94999694824219,86.36000061035156,687600,86.94000244140625,86.23999786376953,74.78013610839844
07-06-2016,86.13999938964844,86.2300033569336,707600,87.23999786376953,86.94999694824219,75.39578247070312
08-06-2016,86.63999938964844,86.81999969482422,366500,87.37999725341797,87.11000061035156,75.53453826904297
09-06-2016,85.69999694824219,86.7300033569336,524700,87.16000366210938,87.06999969482422,75.4998550415039
10-06-2016,85.48999786376953,86.61000061035156,446700,86.83999633789062,85.91999816894531,74.5026626586914
13-06-2016,85.04000091552734,85.7699966430664,457200,86.0,85.05999755859375,73.7569351196289
14-06-2016,84.4800033569336,84.9000015258789,1208900,85.48999786376953,85.44000244140625,74.08643341064453
15-06-2016,85.45999908447266,85.58999633789062,741900,86.7699966430664,86.0199966430664,74.58937072753906
16-06-2016,84.58999633789062,85.48999786376953,710500,86.25,85.88999938964844,74.47663879394531
17-06-2016,84.86000061035156,85.81999969482422,786400,85.91999816894531,85.41999816894531,74.06909942626953
20-06-2016,86.05000305175781,86.75,601900,87.0999984741211,86.1500015258789,74.70210266113281
21-06-2016,85.69000244140625,86.27999877929688,972300,86.81999969482422,85.81999969482422,74.41594696044922
22-06-2016,85.6500015258789,85.94000244140625,514200,86.83000183105469,85.87000274658203,74.45931243896484
23-06-2016,85.52999877929688,86.63999938964844,1234400,86.66000366210938,86.19999694824219,74.74544525146484
24-06-2016,82.33000183105469,83.44999694824219,2621100,84.19999694824219,82.37000274658203,71.42439270019531
27-06-2016,80.33999633789062,81.87999725341797,983200,82.0199966430664,80.61000061035156,69.89826202392578
28-06-2016,80.68000030517578,80.9000015258789,1286200,83.0199966430664,82.76000213623047,71.76254272460938
29-06-2016,82.76000213623047,83.18000030517578,1825300,83.58000183105469,83.06999969482422,72.03137969970703
30-06-2016,82.58000183105469,82.73999786376953,2309100,84.12999725341797,83.98999786376953,72.82911682128906
01-07-2016,83.52999877929688,84.05000305175781,1046800,84.25,83.9000015258789,72.75108337402344
05-07-2016,81.73999786376953,83.33000183105469,1482700,83.56999969482422,82.33000183105469,71.38970947265625
06-07-2016,82.13999938964844,82.26000213623047,3448600,83.19999694824219,83.01000213623047,71.97933197021484
07-07-2016,82.43000030517578,83.23999786376953,1301000,83.80999755859375,83.11000061035156,72.06607055664062
08-07-2016,83.18000030517578,83.5999984741211,3082800,84.94000244140625,84.70999908447266,73.45344543457031
11-07-2016,84.94999694824219,84.94999694824219,727300,85.9000015258789,85.5,74.13847351074219
12-07-2016,85.73999786376953,85.73999786376953,1083400,87.0,86.25,74.78880310058594
13-07-2016,84.9800033569336,86.41999816894531,831100,86.94999694824219,85.54000091552734,74.17315673828125
14-07-2016,85.19000244140625,86.05999755859375,664800,86.1500015258789,85.26000213623047,73.93037414550781
15-07-2016,84.91999816894531,85.4000015258789,1418600,85.73999786376953,85.5,74.13847351074219
18-07-2016,78.52999877929688,83.5,7940300,84.25,79.81999969482422,69.21324920654297
19-07-2016,80.19999694824219,80.80999755859375,3289100,81.9000015258789,81.08000183105469,70.30582427978516
20-07-2016,80.7300033569336,81.5,2197400,81.66999816894531,81.33000183105469,70.52259063720703
21-07-2016,80.45999908447266,81.58999633789062,1288900,81.77999877929688,80.94000244140625,70.18441009521484
22-07-2016,80.27999877929688,80.83999633789062,1078500,81.04000091552734,80.4000015258789,69.71617126464844
25-07-2016,79.95999908447266,80.25,1733600,81.25,81.1500015258789,70.36650085449219
26-07-2016,80.41000366210938,81.19000244140625,1009200,81.5999984741211,80.87999725341797,70.13240051269531
27-07-2016,80.51000213623047,80.81999969482422,1203800,81.45999908447266,80.95999908447266,70.2017593383789
28-07-2016,80.19999694824219,80.43000030517578,991900,81.08999633789062,80.98999786376953,70.67296600341797
29-07-2016,80.55999755859375,80.7300033569336,953800,81.55000305175781,81.2300033569336,70.88240051269531
01-08-2016,81.0,81.02999877929688,882500,81.66999816894531,81.0199966430664,70.69915008544922
02-08-2016,80.25,81.11000061035156,1004700,81.44000244140625,80.4000015258789,70.15811920166016
03-08-2016,80.13999938964844,80.20999908447266,910100,80.97000122070312,80.80999755859375,70.51589965820312
04-08-2016,80.45999908447266,80.56999969482422,695100,81.33000183105469,80.56999969482422,70.30645751953125
05-08-2016,80.76000213623047,80.98999786376953,1098500,82.05999755859375,81.88999938964844,71.45833587646484
08-08-2016,81.37999725341797,81.66000366210938,628300,82.22000122070312,81.73999786376953,71.32743072509766
09-08-2016,81.33000183105469,81.80000305175781,745600,82.44000244140625,81.51000213623047,71.12674713134766
10-08-2016,80.9800033569336,81.63999938964844,655400,82.12999725341797,82.12000274658203,71.65904998779297
11-08-2016,81.94000244140625,82.20999908447266,675000,82.91999816894531,82.8499984741211,72.2960205078125
12-08-2016,82.12000274658203,82.79000091552734,619900,82.81999969482422,82.41999816894531,71.92081451416016
15-08-2016,81.66000366210938,82.41000366210938,733900,82.75,81.79000091552734,71.3710708618164
16-08-2016,80.45999908447266,81.72000122070312,962700,81.8499984741211,80.8499984741211,70.5508041381836
17-08-2016,80.4000015258789,80.9000015258789,660600,81.19000244140625,81.05999755859375,70.73403930664062
18-08-2016,80.5,80.97000122070312,662900,81.19000244140625,80.66999816894531,70.39373779296875
19-08-2016,80.20999908447266,80.31999969482422,616300,80.81999969482422,80.69000244140625,70.41118621826172
22-08-2016,80.37000274658203,80.37000274658203,726500,80.95999908447266,80.72000122070312,70.43737030029297
23-08-2016,80.68000030517578,81.16999816894531,709000,82.4800033569336,82.13999938964844,71.67647552490234
24-08-2016,81.11000061035156,82.26000213623047,414300,82.26000213623047,81.20999908447266,70.86495208740234
25-08-2016,80.58000183105469,80.91999816894531,434300,81.16000366210938,80.81999969482422,70.52462768554688
26-08-2016,80.83999633789062,80.94000244140625,638400,82.13999938964844,81.36000061035156,70.99583435058594
29-08-2016,80.94999694824219,81.30000305175781,374800,81.76000213623047,81.58999633789062,71.19654083251953
30-08-2016,81.41000366210938,81.62999725341797,690400,82.25,82.22000122070312,71.74629974365234
31-08-2016,81.4000015258789,81.95999908447266,712200,82.22000122070312,81.73999786376953,71.32743072509766
01-09-2016,80.77999877929688,81.43000030517578,553400,81.91999816894531,81.62000274658203,71.22271728515625
02-09-2016,81.83000183105469,81.91999816894531,570200,82.94999694824219,82.91000366210938,72.3484115600586
06-09-2016,81.9800033569336,82.91999816894531,805200,83.25,82.70999908447266,72.17385864257812
07-09-2016,81.9000015258789,82.69000244140625,555200,82.93000030517578,82.63999938964844,72.11279296875
08-09-2016,81.2699966430664,82.58000183105469,781300,82.68000030517578,81.30000305175781,70.9434814453125
09-09-2016,79.81999969482422,80.83999633789062,900600,81.04000091552734,79.93000030517578,69.74801635742188
12-09-2016,79.08000183105469,79.30000305175781,999400,80.22000122070312,79.95999908447266,69.77416229248047
13-09-2016,77.51000213623047,79.55000305175781,1312700,79.77999877929688,77.9000015258789,67.97659301757812
14-09-2016,77.31999969482422,78.05999755859375,775100,78.33999633789062,77.72000122070312,67.81953430175781
15-09-2016,77.19999694824219,77.69999694824219,990300,78.16999816894531,77.75,67.84568786621094
16-09-2016,76.80000305175781,77.25,1535700,77.7699966430664,77.2699966430664,67.42684936523438
19-09-2016,77.0199966430664,77.4000015258789,736100,78.25,77.33000183105469,67.47920989990234
20-09-2016,77.2699966430664,77.80999755859375,576000,78.04000091552734,77.37000274658203,67.51409912109375
21-09-2016,77.63999938964844,77.70999908447266,616800,79.05999755859375,78.97000122070312,68.91030883789062
22-09-2016,78.75,79.6500015258789,724700,79.86000061035156,79.4000015258789,69.28550720214844
23-09-2016,79.37999725341797,79.37999725341797,789900,81.0999984741211,80.16000366210938,69.94872283935547
26-09-2016,78.98999786376953,79.9800033569336,1033700,80.05000305175781,79.37000274658203,69.25933074951172
27-09-2016,78.5999984741211,79.25,1030700,80.37000274658203,79.87000274658203,69.69564819335938
28-09-2016,79.36000061035156,80.1500015258789,860700,80.30000305175781,79.61000061035156,69.46875
29-09-2016,79.02999877929688,79.58999633789062,917200,80.33000183105469,79.38999938964844,69.27679443359375
30-09-2016,78.86000061035156,79.33999633789062,1296400,79.76000213623047,79.33000183105469,69.22444152832031
03-10-2016,78.98999786376953,78.98999786376953,1125900,80.79000091552734,80.54000091552734,70.2802963256836
04-10-2016,79.16999816894531,79.16999816894531,1015300,80.91999816894531,80.41999816894531,70.17558288574219
05-10-2016,80.02999877929688,80.79000091552734,887300,80.80000305175781,80.44000244140625,70.19303894042969
06-10-2016,80.1500015258789,80.58000183105469,951300,80.80000305175781,80.4800033569336,70.22794342041016
07-10-2016,78.44999694824219,80.77999877929688,1587100,80.77999877929688,79.30000305175781,69.19824981689453
10-10-2016,79.26000213623047,79.87999725341797,1055500,79.98999786376953,79.77999877929688,69.61710357666016
11-10-2016,78.4000015258789,79.81999969482422,1113600,79.81999969482422,78.69000244140625,68.66596221923828
12-10-2016,77.4000015258789,78.55000305175781,1897800,78.68000030517578,77.63999938964844,67.74971008300781
13-10-2016,76.4000015258789,77.25,1568400,77.25,76.62000274658203,66.8596420288086
14-10-2016,76.13999938964844,77.0999984741211,2977300,77.9000015258789,76.16000366210938,66.458251953125
17-10-2016,79.11000061035156,79.94000244140625,9315500,82.81999969482422,81.81999969482422,71.397216796875
18-10-2016,80.33999633789062,82.08000183105469,2830500,82.69000244140625,81.44999694824219,71.07437133789062
19-10-2016,80.83999633789062,81.70999908447266,1618400,81.86000061035156,80.9000015258789,70.59445190429688
20-10-2016,80.5999984741211,80.94000244140625,1709100,82.69000244140625,82.47000122070312,71.96444702148438
21-10-2016,81.70999908447266,81.70999908447266,1619200,82.87000274658203,82.80999755859375,72.26114654541016
24-10-2016,83.23999786376953,83.38999938964844,1581700,84.25,83.87999725341797,73.19481658935547
25-10-2016,81.91999816894531,83.4800033569336,1224100,83.94000244140625,83.30000305175781,72.68870544433594
26-10-2016,82.16000366210938,83.27999877929688,636100,83.30000305175781,82.54000091552734,72.02552795410156
27-10-2016,82.05000305175781,82.63999938964844,1177800,82.88999938964844,82.80999755859375,72.26114654541016
28-10-2016,82.20999908447266,82.51000213623047,1115100,83.72000122070312,83.2699966430664,73.11280059814453
31-10-2016,83.26000213623047,83.44999694824219,1025200,84.4000015258789,83.41000366210938,73.2357406616211
01-11-2016,81.6500015258789,83.88999938964844,1261700,83.93000030517578,82.20999908447266,72.18209838867188
02-11-2016,80.91000366210938,82.12999725341797,976500,82.5999984741211,81.05999755859375,71.17237854003906
03-11-2016,80.36000061035156,81.44000244140625,1202300,81.81999969482422,81.27999877929688,71.36555480957031
04-11-2016,81.06999969482422,81.91999816894531,960200,82.76000213623047,81.12000274658203,71.2250747680664
07-11-2016,81.98999786376953,82.26000213623047,922100,82.76000213623047,82.62999725341797,72.55088806152344
08-11-2016,82.36000061035156,82.48999786376953,703300,83.54000091552734,83.30000305175781,73.13915252685547
09-11-2016,80.55000305175781,81.7300033569336,1153300,83.88999938964844,83.43000030517578,73.2532958984375
10-11-2016,83.25,83.76000213623047,1107300,84.63999938964844,83.9000015258789,73.66594696044922
11-11-2016,83.55000305175781,83.8499984741211,997800,84.91000366210938,84.58999633789062,74.27179718017578
14-11-2016,84.94999694824219,85.0,2078800,87.72000122070312,87.19999694824219,76.56343078613281
15-11-2016,85.05999755859375,87.0999984741211,1124400,87.31999969482422,85.43000030517578,75.00933837890625
16-11-2016,84.79000091552734,85.37999725341797,703700,86.02999877929688,85.31999969482422,74.9127426147461
17-11-2016,85.12999725341797,85.72000122070312,736700,86.19999694824219,85.94999694824219,75.46591186523438
18-11-2016,84.25,86.12999725341797,731700,86.18000030517578,84.27999877929688,73.99960327148438
21-11-2016,84.48999786376953,84.69999694824219,847300,85.88999938964844,85.62999725341797,75.1849365234375
22-11-2016,85.27999877929688,85.79000091552734,1073100,86.6500015258789,86.26000213623047,75.73809051513672
23-11-2016,85.95999908447266,85.95999908447266,744600,87.11000061035156,86.88999938964844,76.29124450683594
25-11-2016,86.63999938964844,86.95999908447266,418600,87.95999908447266,87.94000244140625,77.21317291259766
28-11-2016,85.12000274658203,86.54000091552734,1923500,86.75,85.44999694824219,75.02689361572266
29-11-2016,85.12999725341797,85.12999725341797,1255400,87.13999938964844,86.62000274658203,76.0541763305664
30-11-2016,85.33999633789062,86.68000030517578,1104000,87.12000274658203,85.38999938964844,74.97421264648438
01-12-2016,83.55999755859375,85.25,1188100,85.25,84.12999725341797,73.8678970336914
02-12-2016,83.56999969482422,84.02999877929688,881700,84.73999786376953,83.9800033569336,73.7362060546875
05-12-2016,84.23999786376953,84.63999938964844,956300,85.41999816894531,84.37999725341797,74.0874252319336
06-12-2016,83.95999908447266,84.5999984741211,963100,84.9800033569336,84.44000244140625,74.14009857177734
07-12-2016,84.08000183105469,84.44999694824219,1189600,86.69000244140625,86.5199966430664,75.96638488769531
08-12-2016,86.0199966430664,86.30000305175781,920200,87.37000274658203,86.7300033569336,76.15077209472656
09-12-2016,85.2699966430664,86.5999984741211,817800,86.5999984741211,86.01000213623047,75.51858520507812
12-12-2016,85.30000305175781,86.51000213623047,1216400,87.56999969482422,85.9000015258789,75.42200469970703
13-12-2016,84.68000030517578,85.55000305175781,1232200,86.70999908447266,85.5,75.07080078125
14-12-2016,84.69000244140625,85.62999725341797,1449600,86.31999969482422,85.08000183105469,74.7020263671875
15-12-2016,82.37000274658203,85.30999755859375,1730000,85.30999755859375,82.87999725341797,72.77037048339844
16-12-2016,80.77999877929688,82.86000061035156,6199500,84.5199966430664,80.87000274658203,71.00557708740234
19-12-2016,78.75,80.0999984741211,2457100,81.26000213623047,79.81999969482422,70.0836410522461
20-12-2016,80.04000091552734,80.23999786376953,1111100,81.06999969482422,80.97000122070312,71.09335327148438
21-12-2016,79.86000061035156,80.87999725341797,873500,81.33000183105469,80.01000213623047,70.2504653930664
22-12-2016,77.33999633789062,79.68000030517578,1935100,79.68000030517578,78.72000122070312,69.11780548095703
23-12-2016,78.1500015258789,78.77999877929688,927900,79.4000015258789,78.36000061035156,68.80171966552734
27-12-2016,77.93000030517578,78.69999694824219,1170100,79.43000030517578,78.19999694824219,68.66121673583984
28-12-2016,77.37999725341797,77.9000015258789,927800,78.0,77.62000274658203,68.15199279785156
29-12-2016,77.19999694824219,77.7699966430664,1212300,78.52999877929688,77.93000030517578,68.42418670654297
30-12-2016,77.43000030517578,78.19999694824219,1049600,78.63999938964844,77.79000091552734,68.30126190185547
03-01-2017,78.11000061035156,78.11000061035156,1750000,79.8499984741211,79.80000305175781,70.06607818603516
04-01-2017,79.6500015258789,79.6500015258789,1881600,81.55000305175781,80.94000244140625,71.06700897216797
05-01-2017,79.30999755859375,80.6500015258789,3326700,84.19000244140625,83.70999908447266,73.49913024902344
06-01-2017,81.83000183105469,83.55000305175781,2195200,83.88999938964844,82.87000274658203,72.76160430908203
09-01-2017,82.16999816894531,82.98999786376953,1331300,83.4000015258789,82.5999984741211,72.5245132446289
10-01-2017,82.5,82.81999969482422,982700,83.19999694824219,82.86000061035156,72.75282287597656
11-01-2017,81.75,82.55000305175781,1339000,82.9800033569336,82.4800033569336,72.41918182373047
12-01-2017,81.30999755859375,82.26000213623047,1320800,83.91999816894531,83.44999694824219,73.27084350585938
13-01-2017,83.2699966430664,83.6500015258789,1155100,83.94000244140625,83.86000061035156,73.63082885742188
17-01-2017,83.55999755859375,83.69999694824219,1653900,85.22000122070312,85.16999816894531,74.78105926513672
18-01-2017,84.12000274658203,85.31999969482422,1828100,85.3499984741211,84.55000305175781,74.23667907714844
19-01-2017,83.58999633789062,84.91000366210938,919000,85.2699966430664,83.7699966430664,73.55181121826172
20-01-2017,83.62999725341797,84.05000305175781,950500,84.70999908447266,83.98999786376953,73.74497985839844
23-01-2017,83.62000274658203,84.12999725341797,969300,84.5999984741211,83.91999816894531,73.68352508544922
24-01-2017,84.05000305175781,84.05000305175781,1131500,85.6500015258789,85.44999694824219,75.02689361572266
25-01-2017,86.0,86.11000061035156,1468100,87.11000061035156,86.76000213623047,76.17710876464844
26-01-2017,80.22000122070312,81.12000274658203,4222800,82.0999984741211,81.51000213623047,71.5675048828125
27-01-2017,81.38999938964844,81.41999816894531,1649500,82.62999725341797,82.58999633789062,72.51576232910156
30-01-2017,81.56999969482422,82.0,1336100,83.4800033569336,83.37000274658203,73.65544128417969
31-01-2017,82.01000213623047,82.94000244140625,1828300,83.16999816894531,82.51000213623047,72.89566040039062
01-02-2017,81.80000305175781,82.4800033569336,1265000,82.58999633789062,82.12999725341797,72.5599365234375
02-02-2017,81.54000091552734,82.06999969482422,963800,82.56999969482422,82.44000244140625,72.83380889892578
03-02-2017,82.22000122070312,82.79000091552734,1856400,83.2300033569336,82.62999725341797,73.00167846679688
06-02-2017,93.30000305175781,94.11000061035156,12332700,96.33999633789062,94.30999755859375,83.3206787109375
07-02-2017,93.26000213623047,94.27999877929688,6446000,97.56999969482422,94.9800033569336,83.91260528564453
08-02-2017,95.0,95.16000366210938,2509500,96.7300033569336,96.62000274658203,85.36149597167969
09-02-2017,96.43000030517578,96.5199966430664,1775400,98.26000213623047,97.73999786376953,86.35099029541016
10-02-2017,97.04000091552734,97.7300033569336,1378500,98.0,97.62999725341797,86.2538070678711
13-02-2017,97.98999786376953,98.26000213623047,1766000,98.76000213623047,98.12999725341797,86.69554901123047
14-02-2017,97.54000091552734,98.36000061035156,1978700,98.58999633789062,97.80000305175781,86.40402221679688
15-02-2017,97.37000274658203,97.44999694824219,1010600,98.05999755859375,97.83999633789062,86.4393539428711
16-02-2017,97.29000091552734,97.9000015258789,894700,98.19999694824219,97.63999938964844,86.26264953613281
17-02-2017,96.81999969482422,97.5,1562500,98.63999938964844,98.5,87.02242279052734
21-02-2017,98.2699966430664,98.98999786376953,1563600,99.33000183105469,98.87999725341797,87.358154296875
22-02-2017,98.30999755859375,98.81999969482422,1134500,98.95999908447266,98.81999969482422,87.3051528930664
23-02-2017,96.93000030517578,98.5999984741211,1038000,98.9800033569336,97.05000305175781,85.74140167236328
24-02-2017,96.5,96.87000274658203,1110300,97.79000091552734,97.77999877929688,86.38634490966797
27-02-2017,96.66000366210938,97.38999938964844,1082800,97.62000274658203,97.52999877929688,86.16547393798828
28-02-2017,96.80000305175781,97.5199966430664,1309700,97.94999694824219,96.87000274658203,85.58236694335938
01-03-2017,96.87999725341797,97.12999725341797,1502200,98.58999633789062,97.93000030517578,86.51886749267578
02-03-2017,97.29000091552734,97.87999725341797,1055900,98.61000061035156,97.52999877929688,86.16547393798828
03-03-2017,97.04000091552734,97.4800033569336,1027900,97.9000015258789,97.75,86.35983276367188
06-03-2017,97.01000213623047,97.51000213623047,867300,97.81999969482422,97.04000091552734,85.73257446289062
07-03-2017,96.79000091552734,96.79000091552734,1022300,97.7699966430664,97.19999694824219,85.87391662597656
08-03-2017,96.91999816894531,97.2300033569336,836000,97.7300033569336,97.37999725341797,86.03295135498047
09-03-2017,97.0,97.68000030517578,1001100,97.87000274658203,97.3499984741211,86.00643157958984
10-03-2017,97.2300033569336,97.87999725341797,949800,97.87999725341797,97.47000122070312,86.11247253417969
13-03-2017,97.2699966430664,97.41000366210938,913500,97.9000015258789,97.69000244140625,86.30682373046875
14-03-2017,97.48999786376953,97.87999725341797,943500,98.7300033569336,98.18000030517578,86.7397232055664
15-03-2017,97.93000030517578,98.31999969482422,1267100,99.83000183105469,99.51000213623047,87.91476440429688
16-03-2017,99.01000213623047,99.66000366210938,953700,100.13999938964844,99.23999786376953,87.67620849609375
17-03-2017,98.69000244140625,98.98999786376953,1341200,100.55000305175781,100.25,88.56851196289062
20-03-2017,99.52999877929688,100.22000122070312,1355300,101.08000183105469,100.55000305175781,88.83358764648438
21-03-2017,98.72000122070312,100.72000122070312,818600,101.0,98.76000213623047,87.25215148925781
22-03-2017,98.02999877929688,98.6500015258789,1492600,99.16999816894531,98.77999877929688,87.26982116699219
23-03-2017,99.0,99.1500015258789,998200,100.2300033569336,99.93000030517578,88.28581237792969
24-03-2017,99.72000122070312,100.01000213623047,887400,100.45999908447266,99.97000122070312,88.32115936279297
27-03-2017,98.75,99.27999877929688,1171500,99.69999694824219,99.05000305175781,87.50835418701172
28-03-2017,98.27999877929688,99.05999755859375,925200,99.98999786376953,99.4000015258789,87.81757354736328
29-03-2017,98.83999633789062,99.05000305175781,819200,99.69000244140625,99.6500015258789,88.0384521484375
30-03-2017,99.0999984741211,99.36000061035156,665000,99.70999908447266,99.58000183105469,87.97660827636719
31-03-2017,99.44000244140625,99.5999984741211,840400,100.54000091552734,99.81999969482422,88.18861389160156
03-04-2017,99.2300033569336,99.9000015258789,1323200,100.3499984741211,99.58999633789062,87.98542785644531
04-04-2017,97.61000061035156,99.2300033569336,865400,99.80999755859375,97.8499984741211,86.44815063476562
05-04-2017,96.33000183105469,98.01000213623047,2023000,98.20999908447266,96.55999755859375,85.3084945678711
06-04-2017,96.04000091552734,96.48999786376953,1598200,96.87999725341797,96.43000030517578,85.19364929199219
07-04-2017,95.54000091552734,96.69000244140625,971100,96.7699966430664,95.75,84.59286499023438
10-04-2017,94.76000213623047,95.87000274658203,805200,96.13999938964844,95.77999877929688,84.61937713623047
11-04-2017,94.87000274658203,95.43000030517578,848400,96.33000183105469,96.29000091552734,85.06995391845703
12-04-2017,95.6500015258789,96.20999908447266,946300,96.98999786376953,96.45999908447266,85.22013092041016
13-04-2017,95.45999908447266,96.11000061035156,916000,96.52999877929688,95.5,84.37201690673828
17-04-2017,95.06999969482422,95.73999786376953,709400,96.19000244140625,95.83000183105469,84.66356658935547
18-04-2017,95.41000366210938,95.76000213623047,673700,96.19000244140625,95.69000244140625,84.53987121582031
19-04-2017,94.9800033569336,96.16000366210938,982600,96.51000213623047,95.51000213623047,84.38084411621094
20-04-2017,95.5199966430664,96.0199966430664,1018400,96.55999755859375,96.01000213623047,84.82259368896484
21-04-2017,94.79000091552734,94.83999633789062,1997700,96.5199966430664,96.02999877929688,84.84024047851562
24-04-2017,99.68000030517578,102.27999877929688,5715000,104.13999938964844,101.69999694824219,89.84956359863281
25-04-2017,100.93000030517578,101.16999816894531,1713300,102.80000305175781,101.56999969482422,89.73472595214844
26-04-2017,100.9000015258789,101.37000274658203,1129600,101.98999786376953,101.04000091552734,89.26646423339844
27-04-2017,99.7300033569336,100.80999755859375,1284600,101.04000091552734,100.5199966430664,89.3108901977539
28-04-2017,98.5,100.30000305175781,1474900,100.36000061035156,99.11000061035156,88.05812072753906
01-05-2017,98.01000213623047,99.4800033569336,1316500,99.4800033569336,98.77999877929688,87.76492309570312
02-05-2017,98.98999786376953,99.4000015258789,977300,100.02999877929688,99.66999816894531,88.5556869506836
03-05-2017,98.66999816894531,99.6500015258789,826500,99.91999816894531,99.08000183105469,88.03148651123047
04-05-2017,98.91000366210938,99.30000305175781,786800,99.70999908447266,99.37000274658203,88.28912353515625
05-05-2017,99.12000274658203,99.5999984741211,488500,100.22000122070312,100.19999694824219,89.02656555175781
08-05-2017,99.6500015258789,100.44999694824219,430500,100.7699966430664,99.75,88.62675476074219
09-05-2017,99.43000030517578,99.5999984741211,1093600,101.19999694824219,101.19000244140625,89.90617370605469
10-05-2017,100.72000122070312,101.12000274658203,1090500,101.86000061035156,101.81999969482422,90.46593475341797
11-05-2017,100.44999694824219,101.2699966430664,588700,101.5199966430664,101.37999725341797,90.07499694824219
12-05-2017,100.8499984741211,101.05999755859375,472700,101.55000305175781,101.37000274658203,90.06610107421875
15-05-2017,100.87999725341797,101.2300033569336,502700,101.81999969482422,101.29000091552734,89.99504852294922
16-05-2017,100.5999984741211,101.12999725341797,650700,101.20999908447266,101.0199966430664,89.75514221191406
17-05-2017,99.41000366210938,100.55000305175781,713100,101.08000183105469,99.47000122070312,88.37796783447266
18-05-2017,98.62000274658203,99.3499984741211,669000,99.83000183105469,99.52999877929688,88.43128204345703
19-05-2017,98.2699966430664,99.56999969482422,748600,101.58000183105469,101.05000305175781,89.78180694580078
22-05-2017,100.5,100.68000030517578,782700,102.08000183105469,101.26000213623047,89.9683837890625
23-05-2017,100.51000213623047,101.6500015258789,608400,101.7300033569336,100.9800033569336,89.7196044921875
24-05-2017,101.54000091552734,101.7300033569336,1171400,104.11000061035156,103.95999908447266,92.36730194091797
25-05-2017,103.9800033569336,104.37999725341797,954100,104.81999969482422,104.16999816894531,92.55388641357422
26-05-2017,103.72000122070312,104.38999938964844,637300,104.79000091552734,104.20999908447266,92.58943176269531
30-05-2017,103.70999908447266,104.12999725341797,503600,104.63999938964844,104.23999786376953,92.6160659790039
31-05-2017,104.01000213623047,104.44999694824219,664900,105.38999938964844,105.26000213623047,93.52233123779297
01-06-2017,104.91000366210938,105.31999969482422,746100,106.43000030517578,105.97000122070312,94.15316772460938
02-06-2017,105.5999984741211,106.12000274658203,1057900,108.04000091552734,107.16000366210938,95.21046447753906
05-06-2017,106.5999984741211,107.04000091552734,1048000,107.87999725341797,107.80000305175781,95.77910614013672
06-06-2017,106.76000213623047,107.58999633789062,674100,108.8499984741211,108.0,95.956787109375
07-06-2017,107.79000091552734,108.18000030517578,633700,108.55000305175781,108.4000015258789,96.31218719482422
08-06-2017,107.69000244140625,108.11000061035156,524900,108.69999694824219,108.51000213623047,96.40992736816406
09-06-2017,107.66999816894531,109.41000366210938,722900,109.79000091552734,107.9000015258789,95.86795806884766
12-06-2017,107.12000274658203,107.47000122070312,708700,108.7699966430664,108.44000244140625,96.34774017333984
13-06-2017,107.88999938964844,108.52999877929688,930800,110.61000061035156,110.0999984741211,97.8226318359375
14-06-2017,108.91999816894531,110.30000305175781,868500,110.4800033569336,109.30999755859375,97.12071228027344
15-06-2017,108.36000061035156,108.80999755859375,1712000,111.01000213623047,108.98999786376953,96.83639526367188
16-06-2017,108.20999908447266,108.20999908447266,1322200,110.3499984741211,109.63999938964844,97.41390991210938
19-06-2017,110.26000213623047,111.3499984741211,690700,111.7699966430664,111.30000305175781,98.8888168334961
20-06-2017,110.69999694824219,111.13999938964844,706200,111.83000183105469,111.37999725341797,98.95989227294922
21-06-2017,110.55000305175781,111.58000183105469,542700,111.93000030517578,111.22000122070312,98.81771850585938
22-06-2017,110.2300033569336,111.86000061035156,486700,111.86000061035156,110.47000122070312,98.15135955810547
23-06-2017,110.33000183105469,113.48999786376953,1470200,113.48999786376953,111.91000366210938,99.43079376220703
26-06-2017,110.94000244140625,112.16000366210938,813400,112.23999786376953,111.83999633789062,99.36858367919922
27-06-2017,110.29000091552734,111.54000091552734,936800,112.08999633789062,110.41999816894531,98.10693359375
28-06-2017,110.22000122070312,110.7300033569336,612900,111.95999908447266,110.81999969482422,98.46232604980469
29-06-2017,108.94000244140625,110.69000244140625,846200,110.88999938964844,110.05999755859375,97.7870864868164
30-06-2017,110.47000122070312,110.9800033569336,768200,112.08000183105469,111.51000213623047,99.07539367675781
03-07-2017,110.22000122070312,112.08999633789062,381900,112.33999633789062,110.73999786376953,98.39124298095703
05-07-2017,110.23999786376953,110.41999816894531,741000,113.0,112.0,99.51074981689453
06-07-2017,110.33999633789062,111.26000213623047,643700,112.33999633789062,111.12000274658203,98.72886657714844
07-07-2017,111.1500015258789,111.55000305175781,463500,112.19000244140625,111.93000030517578,99.44856262207031
10-07-2017,111.06999969482422,112.02999877929688,427800,112.75,112.12999725341797,99.62625122070312
11-07-2017,111.16999816894531,112.44999694824219,528800,112.5,112.30000305175781,99.77730560302734
12-07-2017,112.19000244140625,113.20999908447266,414500,113.2699966430664,112.97000122070312,100.37257385253906
13-07-2017,111.72000122070312,112.7699966430664,695500,113.41000366210938,111.73999786376953,99.27973175048828
14-07-2017,112.0199966430664,112.23999786376953,453500,113.41000366210938,113.13999938964844,100.52362060546875
17-07-2017,112.61000061035156,113.30999755859375,466400,113.38999938964844,112.83999633789062,100.25706481933594
18-07-2017,112.29000091552734,112.86000061035156,466900,113.68000030517578,113.4000015258789,100.75463104248047
19-07-2017,112.94999694824219,113.62999725341797,584200,114.52999877929688,114.04000091552734,101.3232650756836
20-07-2017,112.33999633789062,114.26000213623047,640400,115.0,114.9000015258789,102.08736419677734
21-07-2017,114.72000122070312,114.80999755859375,1321100,116.19999694824219,115.94999694824219,103.02027893066406
24-07-2017,103.68000030517578,111.16000366210938,5715800,111.58999633789062,105.0,93.29132843017578
25-07-2017,104.31999969482422,107.38999938964844,3151500,107.62000274658203,106.31999969482422,94.4641342163086
26-07-2017,105.11000061035156,105.79000091552734,1141500,106.69999694824219,106.0999984741211,94.26866912841797
27-07-2017,105.0,106.29000091552734,968200,106.6500015258789,106.63999938964844,94.74845123291016
28-07-2017,105.16000366210938,106.08000183105469,1305400,106.25,105.73999786376953,94.45367431640625
31-07-2017,105.19999694824219,105.69999694824219,1341400,106.0,105.87999725341797,94.5787353515625
01-08-2017,105.52999877929688,106.08000183105469,1214400,106.80000305175781,105.94999694824219,94.6412582397461
02-08-2017,103.26000213623047,105.5,1540300,106.54000091552734,104.7699966430664,93.58719635009766
03-08-2017,103.41000366210938,105.12999725341797,1009200,105.72000122070312,103.94000244140625,92.84578704833984
04-08-2017,102.83999633789062,104.30000305175781,1000400,104.31999969482422,103.48999786376953,92.44381713867188
07-08-2017,102.91999816894531,103.6500015258789,824800,103.86000061035156,103.0199966430664,92.02399444580078
08-08-2017,101.25,102.98999786376953,1182000,103.36000061035156,101.43000030517578,90.60369873046875
09-08-2017,99.75,101.0,1575200,101.05000305175781,100.0,89.32633972167969
10-08-2017,97.68000030517578,99.55999755859375,1223900,99.97000122070312,97.81999969482422,87.37901306152344
11-08-2017,97.06999969482422,97.98999786376953,1515500,98.36000061035156,97.55000305175781,87.1378402709961
14-08-2017,98.0,98.4800033569336,943100,99.0,98.23999786376953,87.75419616699219
15-08-2017,97.75,98.29000091552734,907300,98.66000366210938,98.33000183105469,87.83458709716797
16-08-2017,98.12000274658203,98.25,882600,99.5999984741211,98.95999908447266,88.3973388671875
17-08-2017,97.12000274658203,98.63999938964844,835100,99.02999877929688,97.16000366210938,86.78948211669922
18-08-2017,95.12000274658203,96.7300033569336,1399600,96.91000366210938,95.51000213623047,85.31558227539062
21-08-2017,94.66000366210938,95.55000305175781,1729300,95.66000366210938,94.83999633789062,84.71710968017578
22-08-2017,94.38999938964844,95.0,2229700,95.13999938964844,94.55000305175781,84.45806884765625
23-08-2017,93.7300033569336,94.58999633789062,1616000,94.58999633789062,93.91999816894531,83.89530944824219
24-08-2017,94.05999755859375,94.16999816894531,1824900,95.4000015258789,95.05000305175781,84.9046859741211
25-08-2017,95.08000183105469,95.27999877929688,988200,96.05999755859375,95.19999694824219,85.03865814208984
28-08-2017,94.4800033569336,95.29000091552734,1090600,95.44999694824219,94.62999725341797,84.52952575683594
29-08-2017,94.31999969482422,94.37000274658203,1159200,95.2300033569336,94.83000183105469,84.70816802978516
30-08-2017,94.5199966430664,94.95999908447266,1117000,95.6500015258789,95.27999877929688,85.11013793945312
31-08-2017,95.94000244140625,96.0,1687500,98.30999755859375,98.25,87.76313018798828
01-09-2017,97.80999755859375,98.44999694824219,1071700,99.08999633789062,98.33999633789062,87.8435287475586
05-09-2017,95.16000366210938,97.37000274658203,1378500,97.45999908447266,95.5199966430664,85.32451629638672
06-09-2017,92.1500015258789,95.6500015258789,3335100,95.83999633789062,93.66000366210938,83.6630630493164
07-09-2017,92.37000274658203,93.6500015258789,1403500,94.19999694824219,92.66999816894531,82.77871704101562
08-09-2017,91.56999969482422,92.43000030517578,1356400,94.37999725341797,94.08999633789062,84.04714965820312
11-09-2017,94.56999969482422,94.9800033569336,1644200,96.52999877929688,95.80000305175781,85.57463836669922
12-09-2017,94.44000244140625,95.94000244140625,1682400,96.19999694824219,94.91999816894531,84.7885513305664
13-09-2017,94.5199966430664,94.6500015258789,657300,96.08000183105469,95.95999908447266,85.71756744384766
14-09-2017,94.63999938964844,95.37999725341797,880900,95.93000030517578,95.06999969482422,84.92254638671875
15-09-2017,94.66000366210938,95.0199966430664,1454300,95.94999694824219,94.83999633789062,84.71710968017578
18-09-2017,92.36000061035156,95.16999816894531,1796900,95.61000061035156,93.23999786376953,83.28787994384766
19-09-2017,92.91000366210938,93.04000091552734,1960800,96.87999725341797,94.98999786376953,84.85108184814453
20-09-2017,94.22000122070312,95.5999984741211,1305000,95.5999984741211,95.5199966430664,85.32451629638672
21-09-2017,94.3499984741211,95.54000091552734,1710800,95.66000366210938,94.83999633789062,84.71710968017578
22-09-2017,94.7300033569336,95.0,1548900,96.43000030517578,96.13999938964844,85.87834167480469
25-09-2017,95.5,96.16999816894531,1164600,97.05000305175781,96.5999984741211,86.28924560546875
26-09-2017,96.69999694824219,97.04000091552734,907300,97.69999694824219,97.41999816894531,87.02169799804688
27-09-2017,96.7699966430664,97.61000061035156,890800,97.75,97.16000366210938,86.78948211669922
28-09-2017,96.1500015258789,96.94999694824219,1030400,97.45999908447266,97.01000213623047,86.65548706054688
29-09-2017,96.81999969482422,97.0,934100,97.87000274658203,97.66999816894531,87.24504089355469
02-10-2017,96.75,97.3499984741211,1022900,97.73999786376953,97.6500015258789,87.22718048095703
03-10-2017,96.87999725341797,97.72000122070312,1045600,98.06999969482422,97.56999969482422,87.15570831298828
04-10-2017,97.08999633789062,97.5199966430664,711900,97.94999694824219,97.68000030517578,87.25396728515625
05-10-2017,96.48999786376953,97.94000244140625,1378500,98.58000183105469,96.58000183105469,86.2713851928711
06-10-2017,95.52999877929688,96.38999938964844,1325700,96.41999816894531,96.26000213623047,85.98553466796875
09-10-2017,96.12000274658203,96.5,628000,97.26000213623047,96.62000274658203,86.3071060180664
10-10-2017,96.08000183105469,96.52999877929688,644100,96.88999938964844,96.19000244140625,85.92300415039062
11-10-2017,95.9000015258789,95.9000015258789,908100,96.83000183105469,96.61000061035156,86.29817962646484
12-10-2017,96.22000122070312,96.44000244140625,798500,96.97000122070312,96.5999984741211,86.28924560546875
13-10-2017,96.5199966430664,97.16999816894531,967900,97.7699966430664,96.62000274658203,86.3071060180664
16-10-2017,96.30000305175781,96.5999984741211,1259000,97.25,97.12999725341797,86.76266479492188
17-10-2017,96.36000061035156,97.27999877929688,1507600,97.27999877929688,96.55999755859375,86.25350952148438
18-10-2017,96.30000305175781,96.51000213623047,821700,96.93000030517578,96.72000122070312,86.39643859863281
19-10-2017,96.12999725341797,96.66999816894531,876500,97.04000091552734,96.66999816894531,86.35177612304688
20-10-2017,97.0999984741211,97.31999969482422,2270300,98.93000030517578,98.19000244140625,87.70954895019531
23-10-2017,88.66000366210938,92.69000244140625,7220400,93.44000244140625,89.75,80.17039489746094
24-10-2017,91.5,91.66999816894531,4445000,93.98999786376953,92.95999908447266,83.03776550292969
25-10-2017,92.5999984741211,92.87999725341797,2730300,94.44000244140625,94.4000015258789,84.32405853271484
26-10-2017,94.2300033569336,94.94000244140625,2011400,95.45999908447266,94.93000030517578,84.79749298095703
27-10-2017,94.0,94.8499984741211,2576100,97.30000305175781,97.13999938964844,86.7716064453125
30-10-2017,95.4000015258789,96.95999908447266,2131900,96.95999908447266,95.47000122070312,85.27985382080078
31-10-2017,92.19000244140625,94.6500015258789,1944000,94.75,92.58999633789062,83.20402526855469
01-11-2017,90.31999969482422,92.9000015258789,1854200,93.33000183105469,90.47000122070312,81.29893493652344
02-11-2017,89.29000091552734,91.06999969482422,1402400,91.0999984741211,89.61000061035156,80.52611541748047
03-11-2017,89.0999984741211,89.1500015258789,1066200,91.01000213623047,90.69000244140625,81.49663543701172
06-11-2017,90.3499984741211,90.66999816894531,704400,91.26000213623047,91.01000213623047,81.78421020507812
07-11-2017,89.16000366210938,90.76000213623047,1362000,91.12999725341797,89.88999938964844,80.7777328491211
08-11-2017,88.20999908447266,89.81999969482422,1630600,89.9000015258789,89.01000213623047,79.98693084716797
09-11-2017,87.91999816894531,88.31999969482422,1637900,89.88999938964844,88.69000244140625,79.6993637084961
10-11-2017,88.76000213623047,88.83000183105469,1421900,91.58999633789062,91.44999694824219,82.17959594726562
13-11-2017,94.75,94.75,5587900,99.16999816894531,96.83000183105469,87.01422119140625
14-11-2017,95.63999938964844,96.22000122070312,2382800,97.30000305175781,95.9800033569336,86.25038146972656
15-11-2017,94.0199966430664,95.5999984741211,1424400,95.88999938964844,94.75,85.14506530761719
16-11-2017,93.5,93.91000366210938,967300,96.33999633789062,95.9000015258789,86.1784896850586
17-11-2017,95.69999694824219,96.06999969482422,1080800,96.9000015258789,95.88999938964844,86.16949462890625
20-11-2017,94.45999908447266,95.54000091552734,966900,95.97000122070312,95.0199966430664,85.38768005371094
21-11-2017,94.87999725341797,95.68000030517578,717500,96.0999984741211,95.05000305175781,85.41465759277344
22-11-2017,94.83999633789062,95.16999816894531,471800,95.52999877929688,95.02999877929688,85.39669036865234
24-11-2017,94.58999633789062,95.30999755859375,294000,95.45999908447266,94.6500015258789,85.05520629882812
27-11-2017,93.4800033569336,94.91999816894531,703800,95.22000122070312,93.69999694824219,84.20149993896484
28-11-2017,93.30999755859375,93.77999877929688,741500,94.19000244140625,93.77999877929688,84.27339935302734
29-11-2017,92.80999755859375,93.72000122070312,979200,93.91999816894531,92.83999633789062,83.4286880493164
30-11-2017,92.55000305175781,92.94999694824219,1075000,93.91999816894531,93.0199966430664,83.5904312133789
01-12-2017,90.19000244140625,92.63999938964844,949100,92.87000274658203,91.83999633789062,82.5300521850586
04-12-2017,91.44999694824219,92.31999969482422,1177300,93.86000061035156,92.13999938964844,82.79962921142578
05-12-2017,90.02999877929688,91.91999816894531,1637900,92.25,91.11000061035156,81.87406158447266
06-12-2017,90.75,91.02999877929688,1429400,91.86000061035156,90.80999755859375,81.60445404052734
07-12-2017,90.62999725341797,90.86000061035156,1023700,91.61000061035156,91.3499984741211,82.08973693847656
08-12-2017,91.02999877929688,91.55999755859375,933800,91.94999694824219,91.36000061035156,82.09872436523438
11-12-2017,91.0,91.16000366210938,859700,92.6500015258789,91.66999816894531,82.3772964477539
12-12-2017,90.77999877929688,91.58999633789062,973700,92.31999969482422,92.0199966430664,82.69181823730469
13-12-2017,92.02999877929688,92.38999938964844,2174000,96.0,95.44999694824219,85.77409362792969
14-12-2017,95.44999694824219,95.73999786376953,1283600,97.16999816894531,95.87000274658203,86.15154266357422
15-12-2017,93.93000030517578,96.38999938964844,2334400,96.8499984741211,94.06999969482422,84.53401184082031
18-12-2017,91.0199966430664,94.38999938964844,1660500,94.97000122070312,91.55000305175781,82.26945495605469
19-12-2017,90.23999786376953,91.62999725341797,1502100,91.97000122070312,91.66999816894531,82.3772964477539
20-12-2017,90.83999633789062,92.08999633789062,993700,92.55000305175781,91.11000061035156,81.87406158447266
21-12-2017,91.54000091552734,92.02999877929688,1094600,94.0999984741211,92.83999633789062,83.4286880493164
22-12-2017,92.58000183105469,92.69000244140625,775500,93.70999908447266,93.55000305175781,84.06672668457031
26-12-2017,92.27999877929688,93.88999938964844,551800,93.91000366210938,92.80000305175781,83.39274597167969
27-12-2017,91.19000244140625,92.94999694824219,1036100,93.27999877929688,91.66999816894531,82.3772964477539
28-12-2017,90.56999969482422,91.77999877929688,817300,92.02999877929688,91.5199966430664,82.24248504638672
29-12-2017,90.08000183105469,91.47000122070312,854700,91.58999633789062,90.88999938964844,81.67635345458984
02-01-2018,90.70999908447266,91.55999755859375,1223300,92.25,92.08000183105469,82.74573516845703
03-01-2018,89.94999694824219,92.2699966430664,1677500,92.2699966430664,91.29000091552734,82.03582000732422
04-01-2018,90.54000091552734,91.54000091552734,1291400,91.94999694824219,90.70999908447266,81.51461029052734
05-01-2018,89.98999786376953,91.18000030517578,1644200,92.77999877929688,92.41000366210938,83.04227447509766
08-01-2018,91.68000030517578,92.0999984741211,1257000,93.29000091552734,93.16999816894531,83.7252197265625
09-01-2018,93.0,93.44000244140625,1324700,95.16999816894531,93.94000244140625,84.41717529296875
10-01-2018,91.91999816894531,93.73999786376953,1239300,94.19000244140625,92.30999755859375,82.95240783691406
11-01-2018,90.5999984741211,92.08999633789062,1218100,92.62000274658203,92.41000366210938,83.04227447509766
12-01-2018,91.93000030517578,92.62000274658203,1328800,93.7699966430664,92.44999694824219,83.07820892333984
16-01-2018,91.30000305175781,92.58000183105469,1521300,92.87999725341797,91.38999938964844,82.12568664550781
17-01-2018,91.22000122070312,91.44999694824219,1387000,93.1500015258789,91.62000274658203,82.33236694335938
18-01-2018,88.30000305175781,90.91000366210938,1909800,92.13999938964844,90.5199966430664,81.34386444091797
19-01-2018,89.54000091552734,90.58000183105469,1859900,92.7300033569336,92.55999755859375,83.17707824707031
22-01-2018,89.69000244140625,92.33999633789062,1695300,92.48999786376953,90.86000061035156,81.64940643310547
23-01-2018,90.04000091552734,91.8499984741211,3606800,97.45999908447266,94.55999755859375,84.97431945800781
24-01-2018,93.25,94.41999816894531,2354200,96.93000030517578,95.7699966430664,86.06166076660156
25-01-2018,95.2300033569336,96.48999786376953,1475000,96.94000244140625,95.55000305175781,85.86396026611328
26-01-2018,91.47000122070312,95.52999877929688,2644900,96.11000061035156,93.38999938964844,83.92293548583984
29-01-2018,92.81999969482422,93.3499984741211,935500,94.5,94.19999694824219,84.65081787109375
30-01-2018,93.37000274658203,94.0199966430664,1351800,94.9800033569336,94.2699966430664,84.71371459960938
31-01-2018,93.86000061035156,94.41999816894531,947200,94.91000366210938,94.56999969482422,85.50028991699219
01-02-2018,93.45999908447266,94.33999633789062,1462000,96.30000305175781,95.73999786376953,86.5580825805664
02-02-2018,93.75,94.75,1823300,95.37999725341797,94.12000274658203,85.09344482421875
05-02-2018,91.30000305175781,94.01000213623047,1990900,94.44000244140625,91.33000183105469,82.57101440429688
06-02-2018,89.88999938964844,90.5999984741211,2692700,94.33999633789062,93.93000030517578,84.92166137695312
07-02-2018,92.0999984741211,92.5,7270600,103.38999938964844,102.22000122070312,92.41661071777344
08-02-2018,96.27999877929688,101.01000213623047,3362700,101.51000213623047,96.4800033569336,87.22711181640625
09-02-2018,95.04000091552734,97.69999694824219,2911500,98.9800033569336,97.7300033569336,88.35722351074219
12-02-2018,96.33999633789062,98.41000366210938,1313000,99.33000183105469,96.62999725341797,87.36271667480469
13-02-2018,94.7300033569336,96.43000030517578,1987900,97.38999938964844,95.55999755859375,86.39533233642578
14-02-2018,94.68000030517578,95.16000366210938,1370200,97.27999877929688,96.70999908447266,87.43504333496094
15-02-2018,95.62000274658203,96.7699966430664,1270600,97.81999969482422,97.36000061035156,88.02271270751953
16-02-2018,95.69999694824219,97.2300033569336,2570400,100.69000244140625,98.8499984741211,89.36981201171875
20-02-2018,97.25,98.5199966430664,1403700,98.94999694824219,97.7699966430664,88.39338684082031
21-02-2018,97.58000183105469,98.18000030517578,1916800,100.26000213623047,99.06999969482422,89.56869506835938
22-02-2018,96.9800033569336,98.80000305175781,1426100,99.05999755859375,97.30999755859375,87.97749328613281
23-02-2018,95.97000122070312,97.19999694824219,1290000,97.72000122070312,97.47000122070312,88.12216186523438
26-02-2018,97.36000061035156,97.80999755859375,1230900,98.9000015258789,98.5199966430664,89.07147216796875
27-02-2018,97.22000122070312,98.87999725341797,979600,100.55000305175781,97.23999786376953,87.91423034667969
28-02-2018,95.55000305175781,97.62000274658203,1398000,98.4800033569336,95.56999969482422,86.40437316894531
01-03-2018,94.22000122070312,96.05999755859375,1150800,96.86000061035156,94.4000015258789,85.34658813476562
02-03-2018,93.55000305175781,93.95999908447266,888400,95.93000030517578,95.6500015258789,86.47672271728516
05-03-2018,94.77999877929688,95.4000015258789,768100,97.16000366210938,96.80000305175781,87.51642608642578
06-03-2018,95.37999725341797,96.80000305175781,701800,96.9800033569336,95.87000274658203,86.67562103271484
07-03-2018,94.13999938964844,95.44999694824219,1152100,96.37000274658203,94.22000122070312,85.18385314941406
08-03-2018,93.05999755859375,94.0199966430664,864000,94.29000091552734,93.37999725341797,84.4244155883789
09-03-2018,89.83999633789062,91.08000183105469,3198300,92.1500015258789,91.45999908447266,82.68855285644531
12-03-2018,90.0,92.0,1980400,92.18000030517578,90.06999969482422,81.43185424804688
13-03-2018,89.1500015258789,90.54000091552734,1353500,90.91000366210938,89.3499984741211,80.78091430664062
14-03-2018,87.58000183105469,89.7300033569336,2079300,90.0,88.52999877929688,80.03955841064453
15-03-2018,87.30000305175781,88.37999725341797,1707200,88.63999938964844,88.1500015258789,79.69598388671875
16-03-2018,87.41999816894531,88.22000122070312,1928200,88.70999908447266,87.73999786376953,79.32530975341797
19-03-2018,85.98999786376953,87.11000061035156,1536400,87.29000091552734,86.44999694824219,78.15904235839844
20-03-2018,85.33000183105469,86.5199966430664,1636300,86.86000061035156,85.69999694824219,77.48096466064453
21-03-2018,85.41999816894531,85.9800033569336,1689200,87.16000366210938,86.5999984741211,78.29464721679688
22-03-2018,84.51000213623047,85.93000030517578,1957400,86.05999755859375,84.66000366210938,76.54070281982422
23-03-2018,84.05999755859375,85.25,1586600,85.94000244140625,84.22000122070312,76.14289855957031
26-03-2018,83.94999694824219,84.81999969482422,754800,85.18000030517578,85.08000183105469,76.92042541503906
27-03-2018,83.55999755859375,85.55999755859375,908700,86.0,84.06999969482422,76.00729370117188
28-03-2018,83.66000366210938,84.30999755859375,1052100,85.27999877929688,83.81999969482422,75.78125762939453
29-03-2018,83.95999908447266,83.95999908447266,1084300,84.86000061035156,84.30000305175781,76.21524047851562
02-04-2018,83.4000015258789,83.97000122070312,1454500,84.87000274658203,83.75,75.71796417236328
03-04-2018,83.61000061035156,84.2300033569336,1057700,84.66000366210938,84.25,76.1700210571289
04-04-2018,83.44000244140625,83.75,830600,85.41000366210938,85.16999816894531,77.00180053710938
05-04-2018,85.30999755859375,85.83000183105469,685600,86.29000091552734,85.4000015258789,77.2097396850586
06-04-2018,83.87999725341797,84.56999969482422,1024100,85.58999633789062,84.43000030517578,76.33275604248047
09-04-2018,84.3499984741211,84.9800033569336,984000,86.0999984741211,84.44999694824219,76.350830078125
10-04-2018,84.93000030517578,85.48999786376953,1075700,86.33999633789062,86.08999633789062,77.83355712890625
11-04-2018,85.41999816894531,85.41999816894531,1094500,87.91999816894531,87.33000183105469,78.95463562011719
12-04-2018,86.36000061035156,87.41000366210938,975300,87.70999908447266,86.83000183105469,78.50257873535156
13-04-2018,86.62000274658203,87.02999877929688,1157500,87.91999816894531,87.76000213623047,79.34339904785156
16-04-2018,87.88999938964844,88.43000030517578,1140800,88.68000030517578,88.04000091552734,79.59654235839844
17-04-2018,86.0,88.83999633789062,1461800,89.05999755859375,86.05999755859375,77.80643463134766
18-04-2018,85.2300033569336,86.37999725341797,2302800,86.37999725341797,85.48999786376953,77.2911148071289
19-04-2018,83.44999694824219,85.45999908447266,2693500,85.73999786376953,83.98999786376953,75.9349594116211
20-04-2018,82.44999694824219,84.44000244140625,2775000,85.6500015258789,82.80999755859375,74.86813354492188
23-04-2018,79.0,79.25,9536700,86.87999725341797,86.12000274658203,77.8606948852539
24-04-2018,85.5999984741211,87.19000244140625,3022900,87.61000061035156,86.26000213623047,77.98726654052734
25-04-2018,85.91999816894531,86.41999816894531,1791900,87.33999633789062,86.97000122070312,78.62916564941406
26-04-2018,84.47000122070312,87.08999633789062,2443100,87.5999984741211,85.80999755859375,77.5804214477539
27-04-2018,86.0,86.05999755859375,1726900,88.4800033569336,87.36000061035156,78.98175048828125
30-04-2018,86.80000305175781,87.0,1468100,88.73999786376953,88.08999633789062,80.22026062011719
01-05-2018,85.66999816894531,88.0,2201600,88.08000183105469,87.38999938964844,79.58280181884766
02-05-2018,85.73999786376953,85.73999786376953,1173800,87.37999725341797,86.62999725341797,78.89068603515625
03-05-2018,85.30999755859375,86.41000366210938,1300600,86.73999786376953,86.11000061035156,78.41714477539062
04-05-2018,85.61000061035156,85.70999908447266,895800,87.12999725341797,86.87000274658203,79.10926055908203
07-05-2018,86.30999755859375,86.83000183105469,1383100,88.27999877929688,88.02999877929688,80.16563415527344
08-05-2018,86.7699966430664,87.68000030517578,1133200,89.16000366210938,87.30000305175781,79.50083923339844
09-05-2018,85.87000274658203,87.02999877929688,1041500,87.11000061035156,86.68000030517578,78.93622589111328
10-05-2018,86.45999908447266,87.13999938964844,630400,87.73999786376953,86.97000122070312,79.20032501220703
11-05-2018,86.75,87.23999786376953,883400,87.97000122070312,87.25,79.45530700683594
14-05-2018,86.3499984741211,87.25,790000,87.41000366210938,86.62999725341797,78.89068603515625
15-05-2018,86.2699966430664,86.2699966430664,759200,87.55000305175781,87.16999816894531,79.3824462890625
16-05-2018,87.19999694824219,87.36000061035156,766900,88.44999694824219,88.27999877929688,80.39327239990234
17-05-2018,88.04000091552734,88.08999633789062,812000,89.20999908447266,88.66999816894531,80.74845123291016
18-05-2018,88.16999816894531,88.58000183105469,873800,89.05000305175781,88.70999908447266,80.78487396240234
21-05-2018,87.06999969482422,88.8499984741211,750400,88.8499984741211,87.37000274658203,79.56458282470703
22-05-2018,87.45999908447266,87.45999908447266,633500,88.55000305175781,87.55999755859375,79.73761749267578
23-05-2018,87.1500015258789,87.30000305175781,460000,87.87000274658203,87.73999786376953,79.90153503417969
24-05-2018,87.11000061035156,87.76000213623047,465900,88.0999984741211,87.77999877929688,79.9379653930664
25-05-2018,87.5,88.0,633600,88.44000244140625,87.63999938964844,79.81046295166016
29-05-2018,86.37999725341797,87.37999725341797,1031600,87.5,86.9800033569336,79.20943450927734
30-05-2018,86.69000244140625,87.19999694824219,699500,87.30000305175781,86.80999755859375,79.05461120605469
31-05-2018,86.41000366210938,86.95999908447266,1195900,87.22000122070312,86.75,78.9999771118164
01-06-2018,86.27999877929688,87.22000122070312,994700,87.62000274658203,87.08999633789062,79.3095932006836
04-06-2018,87.23999786376953,87.33999633789062,745100,88.69000244140625,88.6500015258789,80.73023986816406
05-06-2018,86.94000244140625,88.43000030517578,1135000,88.62999725341797,87.05999755859375,79.28226470947266
06-06-2018,86.75,87.18000030517578,941100,88.44000244140625,88.43000030517578,80.5298843383789
07-06-2018,88.25,88.44999694824219,656300,89.69000244140625,88.80999755859375,80.87594604492188
08-06-2018,88.81999969482422,88.81999969482422,648500,90.5,90.33000183105469,82.26014709472656
11-06-2018,90.05000305175781,90.37000274658203,443600,90.87999725341797,90.43000030517578,82.3512191772461
12-06-2018,90.16999816894531,90.56999969482422,837300,91.26000213623047,91.20999908447266,83.06153106689453
13-06-2018,90.41000366210938,91.02999877929688,1052000,91.55000305175781,90.75,82.64262390136719
14-06-2018,90.9000015258789,91.08000183105469,1264300,92.0199966430664,91.61000061035156,83.42579650878906
15-06-2018,90.33000183105469,91.62000274658203,1863800,91.62000274658203,91.27999877929688,83.12527465820312
18-06-2018,90.43000030517578,91.5,1150700,91.91000366210938,91.11000061035156,82.97047424316406
19-06-2018,88.1500015258789,90.29000091552734,1716300,90.41000366210938,90.0,81.95962524414062
20-06-2018,89.26000213623047,90.41999816894531,976300,91.56999969482422,91.30000305175781,83.14349365234375
21-06-2018,90.5999984741211,91.36000061035156,873100,91.87999725341797,91.5999984741211,83.41667938232422
22-06-2018,91.26000213623047,91.83999633789062,980900,92.22000122070312,91.68000030517578,83.48953247070312
25-06-2018,90.19000244140625,91.19000244140625,862800,91.5199966430664,91.0199966430664,82.88851165771484
26-06-2018,90.5999984741211,91.30000305175781,654100,91.5999984741211,90.94999694824219,82.82475280761719
27-06-2018,90.44000244140625,91.22000122070312,1320300,91.44999694824219,90.94000244140625,82.81564331054688
28-06-2018,90.95999908447266,91.05000305175781,1393300,92.0199966430664,92.01000213623047,83.79005432128906
29-06-2018,91.68000030517578,92.98999786376953,1786000,93.0,92.30999755859375,84.06326293945312
02-07-2018,91.69999694824219,91.75,2397800,93.05000305175781,93.0199966430664,84.70982360839844
03-07-2018,92.61000061035156,92.87000274658203,1121900,93.33999633789062,93.16000366210938,84.8373031616211
05-07-2018,93.16000366210938,93.16000366210938,1930800,95.37999725341797,95.30999755859375,86.79525756835938
06-07-2018,95.44000244140625,95.7699966430664,1141700,96.26000213623047,96.05000305175781,87.4691390991211
09-07-2018,95.77999877929688,96.19000244140625,985100,97.04000091552734,96.73999786376953,88.09748840332031
10-07-2018,96.47000122070312,96.77999877929688,1052600,97.37999725341797,96.58999633789062,87.96089172363281
11-07-2018,95.95999908447266,95.95999908447266,807000,97.13999938964844,96.7300033569336,88.0884017944336
12-07-2018,96.94999694824219,97.11000061035156,794500,97.54000091552734,97.4000015258789,88.69852447509766
13-07-2018,96.01000213623047,97.18000030517578,675600,97.52999877929688,96.5199966430664,87.89714050292969
16-07-2018,93.66999816894531,94.44999694824219,2469600,95.13999938964844,94.3499984741211,85.92100524902344
17-07-2018,93.47000122070312,93.98999786376953,1669500,94.51000213623047,94.0199966430664,85.62049865722656
18-07-2018,93.1500015258789,93.94999694824219,823200,94.3499984741211,93.63999938964844,85.2744369506836
19-07-2018,92.45999908447266,93.62999725341797,1243300,94.0999984741211,93.69000244140625,85.31997680664062
20-07-2018,92.56999969482422,93.38999938964844,1617000,94.05000305175781,93.93000030517578,85.53853607177734
23-07-2018,100.08000183105469,104.77999877929688,9757400,107.58000183105469,106.04000091552734,96.56665802001953
24-07-2018,100.43000030517578,105.19000244140625,3966600,105.97000122070312,101.11000061035156,92.07710266113281
25-07-2018,100.55999755859375,101.01000213623047,1476300,102.05999755859375,101.66999816894531,92.58705139160156
26-07-2018,99.83999633789062,100.55000305175781,1749700,101.91999816894531,100.86000061035156,91.84943389892578
27-07-2018,99.69999694824219,100.94000244140625,1526800,101.55000305175781,101.30999755859375,92.25921630859375
30-07-2018,99.01000213623047,100.86000061035156,1064200,101.18000030517578,99.19999694824219,90.33771514892578
31-07-2018,96.16999816894531,98.7699966430664,1389700,99.93000030517578,99.61000061035156,91.29086303710938
01-08-2018,97.97000122070312,99.37999725341797,785000,99.37999725341797,98.81999969482422,90.56684875488281
02-08-2018,98.2699966430664,98.80999755859375,995600,99.91999816894531,98.66000366210938,90.42021179199219
03-08-2018,98.30000305175781,99.0,793500,100.5,99.52999877929688,91.2175521850586
06-08-2018,98.75,99.3499984741211,837300,99.69999694824219,99.20999908447266,90.92427062988281
07-08-2018,98.6500015258789,99.41000366210938,466400,99.58000183105469,98.95999908447266,90.6951675415039
08-08-2018,97.31999969482422,99.4000015258789,681100,99.44000244140625,97.68000030517578,89.52204895019531
09-08-2018,97.23999786376953,97.69999694824219,595800,98.68000030517578,98.33000183105469,90.11775970458984
10-08-2018,97.22000122070312,97.7699966430664,621700,98.37999725341797,97.81999969482422,89.6503677368164
13-08-2018,97.4000015258789,98.36000061035156,492700,98.36000061035156,97.94000244140625,89.76034545898438
14-08-2018,97.9000015258789,98.0199966430664,548300,98.72000122070312,98.12999725341797,89.9344482421875
15-08-2018,97.38999938964844,97.9000015258789,705000,98.88999938964844,98.70999908447266,90.4660415649414
16-08-2018,97.63999938964844,98.70999908447266,669100,98.76000213623047,98.23999786376953,90.03528594970703
17-08-2018,98.12000274658203,98.30999755859375,930100,99.12999725341797,98.52999877929688,90.30105590820312
20-08-2018,98.44999694824219,98.79000091552734,719800,99.93000030517578,99.6500015258789,91.32752990722656
21-08-2018,99.6500015258789,99.66000366210938,1042700,101.41999816894531,100.12999725341797,91.7674331665039
22-08-2018,99.44999694824219,99.83000183105469,504200,100.77999877929688,100.48999786376953,92.09737396240234
23-08-2018,99.4800033569336,100.48999786376953,492600,100.81999969482422,99.93000030517578,91.58413696289062
24-08-2018,99.73999786376953,100.30999755859375,563000,101.2300033569336,100.98999786376953,92.55560302734375
27-08-2018,101.20999908447266,101.4000015258789,679000,102.0199966430664,101.70999908447266,93.21548461914062
28-08-2018,101.4800033569336,101.4800033569336,736300,102.5199966430664,101.8499984741211,93.34379577636719
29-08-2018,99.6500015258789,100.83000183105469,611500,101.66000366210938,100.81999969482422,92.39979553222656
30-08-2018,99.69999694824219,100.88999938964844,532400,101.2699966430664,99.79000091552734,91.4558334350586
31-08-2018,98.06999969482422,100.11000061035156,973900,100.68000030517578,99.30999755859375,91.01592254638672
04-09-2018,98.6500015258789,98.75,1108600,99.51000213623047,99.29000091552734,90.99760437011719
05-09-2018,99.25,99.25,1243400,100.55000305175781,100.08999633789062,91.73078155517578
06-09-2018,100.23999786376953,100.23999786376953,899500,101.61000061035156,101.02999877929688,92.5922622680664
07-09-2018,100.25,100.79000091552734,824300,101.25,101.0,92.56478118896484
10-09-2018,101.27999877929688,101.27999877929688,1071100,103.04000091552734,102.88999938964844,94.29692077636719
11-09-2018,101.22000122070312,102.66000366210938,604100,103.41999816894531,101.56999969482422,93.08717346191406
12-09-2018,101.20999908447266,101.38999938964844,851300,103.43000030517578,102.87999725341797,94.28775787353516
13-09-2018,102.55999755859375,103.0,595600,103.80000305175781,103.33999633789062,94.70934295654297
14-09-2018,104.16000366210938,104.37999725341797,1224500,105.93000030517578,105.58999633789062,96.77143096923828
17-09-2018,105.27999877929688,105.33999633789062,1272700,106.37000274658203,105.80999755859375,96.97306060791016
18-09-2018,105.51000213623047,105.80999755859375,1542200,107.72000122070312,107.62000274658203,98.63190460205078
19-09-2018,107.26000213623047,107.80000305175781,1865200,109.5999984741211,108.98999786376953,99.88746643066406
20-09-2018,106.86000061035156,108.91999816894531,1071200,109.20999908447266,107.01000213623047,98.07284545898438
21-09-2018,106.79000091552734,107.43000030517578,1875900,107.83999633789062,107.45999908447266,98.48526000976562
24-09-2018,105.4000015258789,107.0999984741211,827600,107.30000305175781,106.20999908447266,97.33965301513672
25-09-2018,105.45999908447266,106.3499984741211,1005100,107.47000122070312,105.55999755859375,96.74395751953125
26-09-2018,105.3499984741211,105.4000015258789,737400,107.37999725341797,106.38999938964844,97.5046157836914
27-09-2018,105.91000366210938,106.41999816894531,688000,107.16000366210938,105.9800033569336,97.12886810302734
28-09-2018,104.8499984741211,105.91999816894531,1253500,106.69999694824219,105.12000274658203,96.3406982421875
01-10-2018,105.01000213623047,106.11000061035156,1447000,107.56999969482422,105.69000244140625,96.86309051513672
02-10-2018,104.91000366210938,107.55999755859375,972800,107.55999755859375,105.13999938964844,96.3590087890625
03-10-2018,102.94999694824219,105.3499984741211,1248100,105.55999755859375,103.52999877929688,94.88346099853516
04-10-2018,100.68000030517578,103.41000366210938,1383600,103.9800033569336,101.44000244140625,92.96802520751953
05-10-2018,100.55000305175781,102.45999908447266,1010900,103.9000015258789,101.63999938964844,93.15132904052734
08-10-2018,100.30000305175781,101.44999694824219,871100,101.73999786376953,100.75,92.33566284179688
09-10-2018,100.16999816894531,100.55000305175781,621400,101.58999633789062,100.69999694824219,92.28983306884766
10-10-2018,98.33999633789062,100.54000091552734,1584800,100.54000091552734,98.37000274658203,90.15442657470703
11-10-2018,97.66000366210938,98.02999877929688,1240700,99.55999755859375,97.80999755859375,89.64119720458984
12-10-2018,96.87000274658203,98.54000091552734,945200,99.7300033569336,98.30999755859375,90.09944152832031
15-10-2018,97.30999755859375,97.88999938964844,846100,99.12000274658203,98.80999755859375,90.55767822265625
16-10-2018,98.95999908447266,99.41000366210938,1004900,102.06999969482422,101.91000366210938,93.3987808227539
17-10-2018,100.0999984741211,101.51000213623047,659600,101.91000366210938,100.88999938964844,92.4639663696289
18-10-2018,97.97000122070312,100.12999725341797,1024800,100.69000244140625,98.48999786376953,90.264404296875
19-10-2018,95.69000244140625,99.12000274658203,3348500,100.19000244140625,98.04000091552734,89.85199737548828
22-10-2018,90.2699966430664,90.44000244140625,7593800,95.75,95.01000213623047,87.07504272460938
23-10-2018,90.5,93.5,3557100,94.29000091552734,94.05999755859375,86.20438385009766
24-10-2018,91.9800033569336,93.58999633789062,1862500,94.33000183105469,92.05000305175781,84.36225891113281
25-10-2018,91.94000244140625,92.29000091552734,1417000,93.83000183105469,93.5,85.691162109375
26-10-2018,91.0,91.44000244140625,1544100,94.08999633789062,92.70999908447266,84.96713256835938
29-10-2018,91.2699966430664,93.66000366210938,1373000,94.33000183105469,92.02999877929688,84.34393310546875
30-10-2018,91.25,92.0999984741211,1344000,93.5,91.83999633789062,84.1697998046875
31-10-2018,89.88999938964844,91.86000061035156,2712800,93.20999908447266,91.70999908447266,84.63121032714844
01-11-2018,92.05000305175781,92.05000305175781,2048100,97.56999969482422,97.55000305175781,90.02043914794922
02-11-2018,97.2300033569336,97.87000274658203,1468200,99.37000274658203,98.29000091552734,90.70331573486328
05-11-2018,96.83000183105469,98.30999755859375,1185500,99.0,97.87000274658203,90.31573486328125
06-11-2018,97.5199966430664,97.5199966430664,662100,98.94000244140625,98.83000183105469,91.20162963867188
07-11-2018,98.80000305175781,98.94000244140625,973100,100.8499984741211,100.4000015258789,92.65045166015625
08-11-2018,98.25,100.1500015258789,1044700,100.81999969482422,98.4000015258789,90.80482482910156
09-11-2018,96.69999694824219,98.20999908447266,1109700,98.93000030517578,97.31999969482422,89.80818176269531
12-11-2018,95.58000183105469,97.08999633789062,845800,97.19000244140625,95.66000366210938,88.27632904052734
13-11-2018,95.30999755859375,96.0,674500,97.25,95.55999755859375,88.18403625488281
14-11-2018,95.7699966430664,96.20999908447266,854600,97.9000015258789,96.69000244140625,89.22681427001953
15-11-2018,95.16999816894531,95.93000030517578,1109700,98.08999633789062,97.55999755859375,90.0296401977539
16-11-2018,96.68000030517578,97.0,1201100,97.98999786376953,97.70999908447266,90.16808319091797
19-11-2018,94.51000213623047,97.75,1274100,98.04000091552734,94.88999938964844,87.56574249267578
20-11-2018,93.4800033569336,94.31999969482422,1048500,95.04000091552734,93.95999908447266,86.70752716064453
21-11-2018,93.93000030517578,94.36000061035156,662800,95.44999694824219,94.19999694824219,86.92901611328125
23-11-2018,93.6500015258789,93.68000030517578,375600,96.55000305175781,96.02999877929688,88.61774444580078
26-11-2018,96.51000213623047,97.11000061035156,1346100,98.27999877929688,97.52999877929688,90.0019760131836
27-11-2018,94.62000274658203,96.98999786376953,948800,97.44999694824219,95.5999984741211,88.22093963623047
28-11-2018,95.36000061035156,95.80000305175781,881700,96.94999694824219,96.4800033569336,89.03304290771484
29-11-2018,95.41999816894531,95.95999908447266,777100,97.44000244140625,96.8499984741211,89.37447357177734
30-11-2018,90.97000122070312,96.9800033569336,3746900,97.44999694824219,91.0,83.97599792480469
03-12-2018,88.5999984741211,91.47000122070312,4109000,91.51000213623047,89.87000274658203,82.9332275390625
04-12-2018,87.94999694824219,89.54000091552734,1668500,90.23999786376953,88.41000366210938,81.58592224121094
06-12-2018,85.37000274658203,87.3499984741211,2250900,87.83000183105469,87.48999786376953,80.7369384765625
07-12-2018,83.29000091552734,86.66999816894531,1589900,87.9800033569336,83.93000030517578,77.45172119140625
10-12-2018,81.80999755859375,83.58000183105469,1349800,84.12000274658203,84.0,77.51631927490234
11-12-2018,83.48999786376953,85.05000305175781,1096700,85.93000030517578,83.86000061035156,77.38711547851562
12-12-2018,84.52999877929688,85.0,869500,85.69999694824219,84.83000183105469,78.28223419189453
13-12-2018,83.56999969482422,84.80999755859375,1058700,85.37999725341797,83.76000213623047,77.29483795166016
14-12-2018,82.51000213623047,83.0199966430664,1172400,84.86000061035156,84.05999755859375,77.57168579101562
17-12-2018,82.86000061035156,83.83000183105469,1713700,85.44999694824219,83.58999633789062,77.1379623413086
18-12-2018,81.81999969482422,83.87999725341797,1294200,84.13999938964844,82.30000305175781,75.94754028320312
19-12-2018,79.20999908447266,82.23999786376953,1768800,82.7300033569336,80.5,74.28645324707031
20-12-2018,78.01000213623047,80.08000183105469,1413700,80.7699966430664,79.08999633789062,72.98530578613281
21-12-2018,77.79000091552734,79.30000305175781,1983900,81.0999984741211,78.11000061035156,72.08094024658203
24-12-2018,76.83999633789062,78.19999694824219,630300,78.98999786376953,78.0199966430664,71.99789428710938
26-12-2018,78.18000030517578,78.83999633789062,992800,81.13999938964844,81.06999969482422,74.81246948242188
27-12-2018,78.37999725341797,79.66999816894531,843300,81.44000244140625,81.38999938964844,75.1077651977539
28-12-2018,80.76000213623047,81.44999694824219,750200,82.18000030517578,81.12999725341797,74.86783599853516
31-12-2018,80.13999938964844,81.29000091552734,1147100,81.62999725341797,81.25,74.97858428955078
02-01-2019,79.26000213623047,79.88999938964844,1759000,81.05000305175781,79.9800033569336,73.80660247802734
03-01-2019,77.33999633789062,79.58000183105469,1472700,80.08000183105469,77.9000015258789,71.88714599609375
04-01-2019,78.08999633789062,79.25,2072400,82.30999755859375,80.79000091552734,74.55409240722656
07-01-2019,80.30000305175781,80.75,1951600,83.87000274658203,83.29000091552734,76.86112213134766
08-01-2019,84.16000366210938,84.16000366210938,1888100,85.81999969482422,85.41000366210938,78.8174819946289
09-01-2019,83.62999725341797,85.41000366210938,942500,86.33999633789062,85.16999816894531,78.59600067138672
10-01-2019,83.77999877929688,84.5,972900,85.55000305175781,85.25,78.66983032226562
11-01-2019,84.9000015258789,85.08000183105469,873100,86.97000122070312,86.91999816894531,80.2109375
14-01-2019,85.80000305175781,86.6500015258789,996400,87.75,86.48999786376953,79.8141098022461
15-01-2019,86.0,86.3499984741211,802200,87.80999755859375,87.75,80.97686004638672
16-01-2019,86.69000244140625,87.66000366210938,759400,87.9000015258789,87.08000183105469,80.35858154296875
17-01-2019,86.83999633789062,86.91999816894531,890000,88.6500015258789,88.38999938964844,81.56745910644531
18-01-2019,87.94000244140625,88.69999694824219,1030200,89.19000244140625,88.8499984741211,81.99195098876953
22-01-2019,87.33999633789062,88.66000366210938,856500,89.30000305175781,89.05999755859375,82.18573760986328
23-01-2019,87.83999633789062,89.13999938964844,1092500,89.29000091552734,88.19999694824219,81.39212799072266
24-01-2019,87.79000091552734,88.26000213623047,814300,89.55000305175781,89.4000015258789,82.49950408935547
25-01-2019,89.33000183105469,89.95999908447266,932600,90.48999786376953,90.12999725341797,83.17314910888672
28-01-2019,89.11000061035156,89.11000061035156,665900,90.87999725341797,90.7300033569336,83.72683715820312
29-01-2019,89.95999908447266,90.69999694824219,885800,90.91999816894531,90.62999725341797,83.63457489013672
30-01-2019,90.04000091552734,90.9800033569336,747500,91.54000091552734,91.05000305175781,84.02214813232422
31-01-2019,89.3499984741211,90.54000091552734,969800,91.37999725341797,90.55999755859375,84.1522216796875
01-02-2019,89.66000366210938,90.54000091552734,1454200,91.01000213623047,90.77999877929688,84.3566665649414
04-02-2019,90.33999633789062,90.58000183105469,1122300,91.80999755859375,91.3499984741211,84.88633728027344
05-02-2019,90.94000244140625,91.58000183105469,1039600,91.9800033569336,91.5,85.02574157714844
06-02-2019,90.45999908447266,91.41999816894531,1143100,91.47000122070312,91.0,84.56110382080078
07-02-2019,88.88999938964844,90.5999984741211,2076500,90.62999725341797,90.25,83.86418151855469
08-02-2019,85.55000305175781,89.66000366210938,6386300,93.19000244140625,89.38999938964844,83.06502532958984
11-02-2019,88.25,90.48999786376953,1702100,90.68000030517578,88.87999725341797,82.59110260009766
12-02-2019,89.13999938964844,89.37999725341797,1413000,90.62999725341797,89.56999969482422,83.23228454589844
13-02-2019,88.75,89.55999755859375,1346400,90.2699966430664,89.97000122070312,83.60398864746094
14-02-2019,88.86000061035156,89.63999938964844,863000,90.06999969482422,89.75,83.39955139160156
15-02-2019,83.52999877929688,90.23999786376953,4487900,90.23999786376953,86.4000015258789,80.28658294677734
19-02-2019,85.80999755859375,86.44999694824219,1550300,87.5,87.45999908447266,81.2715835571289
20-02-2019,86.16999816894531,87.55999755859375,1307200,87.55999755859375,86.91999816894531,80.7697982788086
21-02-2019,86.08999633789062,86.6500015258789,960400,86.94999694824219,86.29000091552734,80.18436431884766
22-02-2019,85.68000030517578,86.33000183105469,1745900,86.58000183105469,86.0,79.91488647460938
25-02-2019,85.62000274658203,86.51000213623047,959300,86.88999938964844,86.16999816894531,80.07286071777344
26-02-2019,84.58999633789062,85.91000366210938,906200,86.30000305175781,84.63999938964844,78.651123046875
27-02-2019,84.1500015258789,84.1500015258789,1408300,85.08999633789062,84.4800033569336,78.50244903564453
28-02-2019,82.87999725341797,84.30000305175781,2428600,85.12000274658203,84.9000015258789,78.89273071289062
01-03-2019,85.69999694824219,85.79000091552734,1880700,88.23999786376953,88.0199966430664,81.7919692993164
04-03-2019,87.80999755859375,88.62999725341797,1375100,90.04000091552734,88.66000366210938,82.38668060302734
05-03-2019,88.44000244140625,88.9000015258789,711600,89.36000061035156,88.51000213623047,82.2472915649414
06-03-2019,87.95999908447266,88.41999816894531,662700,89.02999877929688,88.08999633789062,81.85700225830078
07-03-2019,86.2300033569336,87.73999786376953,1230300,87.80000305175781,86.69999694824219,80.56535339355469
08-03-2019,85.95999908447266,86.37999725341797,808400,87.27999877929688,87.05000305175781,80.89061737060547
11-03-2019,86.80999755859375,87.22000122070312,979900,87.47000122070312,87.08000183105469,80.91847229003906
12-03-2019,86.06999969482422,87.0,1181400,87.33000183105469,86.6500015258789,80.51889038085938
13-03-2019,86.61000061035156,86.83000183105469,1016500,87.51000213623047,86.83000183105469,80.68614959716797
14-03-2019,86.44999694824219,86.94999694824219,625000,87.33999633789062,86.51000213623047,80.38880920410156
15-03-2019,86.4000015258789,86.62000274658203,1393900,87.26000213623047,86.72000122070312,80.58395385742188
18-03-2019,86.3499984741211,86.80999755859375,694800,87.5999984741211,87.0999984741211,80.93705749511719
19-03-2019,86.5999984741211,87.16999816894531,566900,88.13999938964844,86.93000030517578,80.77908325195312
20-03-2019,85.51000213623047,86.68000030517578,617500,87.33999633789062,85.80999755859375,79.73832702636719
21-03-2019,84.29000091552734,85.18000030517578,942900,85.33000183105469,84.97000122070312,78.95777130126953
22-03-2019,82.87000274658203,84.81999969482422,1100600,85.0,83.51000213623047,77.60108947753906
25-03-2019,83.04000091552734,83.29000091552734,653300,84.1500015258789,83.95999908447266,78.01923370361328
26-03-2019,83.97000122070312,84.44000244140625,622400,84.88999938964844,84.68000030517578,78.68829345703125
27-03-2019,84.0,84.72000122070312,801700,85.43000030517578,84.87000274658203,78.86486053466797
28-03-2019,84.9800033569336,85.05000305175781,778400,85.75,85.55999755859375,79.50602722167969
29-03-2019,84.95999908447266,85.81999969482422,1204400,85.88999938964844,85.0199966430664,79.00423431396484
01-04-2019,85.0199966430664,85.45999908447266,925700,85.86000061035156,85.68000030517578,79.6175308227539
02-04-2019,84.95999908447266,85.56999969482422,569300,85.73999786376953,85.12000274658203,79.09716033935547
03-04-2019,84.61000061035156,85.41000366210938,745500,86.04000091552734,85.26000213623047,79.22725677490234
04-04-2019,85.0,85.2300033569336,1303800,86.36000061035156,86.02999877929688,79.94275665283203
05-04-2019,86.08000183105469,86.25,589900,86.66999816894531,86.55999755859375,80.43527221679688
08-04-2019,86.04000091552734,86.2699966430664,541100,86.66000366210938,86.52999877929688,80.40739440917969
09-04-2019,84.75,86.37000274658203,1356600,86.37000274658203,85.1500015258789,79.12503051757812
10-04-2019,84.80999755859375,85.16000366210938,568900,85.83000183105469,85.5999984741211,79.54320526123047
11-04-2019,85.36000061035156,85.88999938964844,528000,86.2699966430664,85.8499984741211,79.77550506591797
12-04-2019,86.04000091552734,86.13999938964844,953600,87.62000274658203,87.56999969482422,81.37379455566406
15-04-2019,87.4800033569336,87.58000183105469,719600,88.04000091552734,87.91000366210938,81.68974304199219
16-04-2019,88.08000183105469,88.08999633789062,1011800,89.70999908447266,89.68000030517578,83.33450317382812
17-04-2019,87.19999694824219,89.58000183105469,1037100,90.56999969482422,90.18000030517578,83.79911804199219
18-04-2019,88.52999877929688,90.37999725341797,1172900,90.37999725341797,88.77999877929688,82.49818420410156
22-04-2019,87.91999816894531,88.41999816894531,966300,89.30000305175781,88.11000061035156,81.87559509277344
23-04-2019,99.02999877929688,100.30000305175781,7378300,102.87000274658203,100.6500015258789,93.5282974243164
24-04-2019,100.55000305175781,100.98999786376953,3572200,103.5199966430664,103.18000030517578,95.87928009033203
25-04-2019,98.98999786376953,99.83999633789062,1552500,102.9800033569336,101.4800033569336,94.29957580566406
26-04-2019,101.87000274658203,102.0,1176600,103.33999633789062,102.58999633789062,95.3310317993164
29-04-2019,100.69000244140625,102.62000274658203,1686100,103.5999984741211,101.72000122070312,94.52259063720703
30-04-2019,100.62000274658203,101.29000091552734,1026200,101.9000015258789,101.86000061035156,95.2896957397461
01-05-2019,101.83999633789062,101.9000015258789,993800,103.1500015258789,102.08999633789062,95.50486755371094
02-05-2019,101.9800033569336,102.02999877929688,1565500,103.66999816894531,103.55000305175781,96.87068939208984
03-05-2019,102.33999633789062,104.0,1177300,105.0,104.75,97.9932861328125
06-05-2019,101.77999877929688,102.94000244140625,1439700,104.36000061035156,103.69000244140625,97.00167846679688
07-05-2019,101.0199966430664,102.94999694824219,1373000,103.73999786376953,101.19000244140625,94.66292572021484
08-05-2019,100.25,100.9000015258789,684500,101.83999633789062,100.80999755859375,94.30744171142578
09-05-2019,98.95999908447266,100.29000091552734,878700,100.69000244140625,100.45999908447266,93.9800033569336
10-05-2019,98.5,100.16999816894531,748900,101.04000091552734,100.69000244140625,94.1951675415039
13-05-2019,95.73999786376953,98.5199966430664,1364500,98.5199966430664,95.97000122070312,89.77962493896484
14-05-2019,96.01000213623047,96.44000244140625,752900,98.0999984741211,96.7699966430664,90.52801513671875
15-05-2019,96.22000122070312,96.75,982400,98.36000061035156,97.4000015258789,91.11737060546875
16-05-2019,97.0999984741211,97.51000213623047,850000,98.5,98.27999877929688,91.94062042236328
17-05-2019,96.79000091552734,97.83999633789062,1274400,98.88999938964844,97.1500015258789,90.88351440429688
20-05-2019,95.52999877929688,96.38999938964844,896600,96.6500015258789,96.13999938964844,89.93865203857422
21-05-2019,95.86000061035156,96.23999786376953,645500,97.38999938964844,97.01000213623047,90.7525405883789
22-05-2019,96.69999694824219,96.77999877929688,1324300,99.37000274658203,99.06999969482422,92.67965698242188
23-05-2019,97.41000366210938,98.18000030517578,1476800,99.01000213623047,97.93000030517578,91.61319732666016
24-05-2019,97.91999816894531,98.20999908447266,532800,99.43000030517578,98.31999969482422,91.97802734375
28-05-2019,97.81999969482422,98.73999786376953,779100,99.2699966430664,97.86000061035156,91.54772186279297
29-05-2019,96.51000213623047,97.30000305175781,669000,97.7300033569336,97.13999938964844,90.87416076660156
30-05-2019,96.8499984741211,97.38999938964844,506300,98.63999938964844,98.0199966430664,91.6973876953125
31-05-2019,95.0999984741211,96.45999908447266,848700,97.20999908447266,95.13999938964844,89.00315856933594
03-06-2019,94.58000183105469,95.20999908447266,886300,97.72000122070312,97.06999969482422,90.80865478515625
04-06-2019,98.81999969482422,99.08000183105469,1407700,103.16999816894531,103.04000091552734,96.39358520507812
05-06-2019,101.97000122070312,103.3499984741211,699300,104.22000122070312,103.48999786376953,96.8145523071289
06-06-2019,102.9800033569336,103.36000061035156,708800,104.91999816894531,104.45999908447266,97.72198486328125
07-06-2019,104.26000213623047,104.98999786376953,736400,106.25,105.91999816894531,99.08781433105469
10-06-2019,105.23999786376953,106.20999908447266,1075100,108.0,105.73999786376953,98.91942596435547
11-06-2019,105.54000091552734,106.55999755859375,1222900,107.62000274658203,105.68000030517578,98.86329650878906
12-06-2019,105.54000091552734,105.83999633789062,628100,106.80999755859375,106.75,99.86427307128906
13-06-2019,106.79000091552734,107.11000061035156,951300,107.95999908447266,107.5199966430664,100.58460235595703
14-06-2019,106.87000274658203,107.12999725341797,556800,107.70999908447266,107.45999908447266,100.52847290039062
17-06-2019,106.30999755859375,107.80999755859375,672400,107.80999755859375,106.58999633789062,99.71459197998047
18-06-2019,106.55000305175781,108.0,498200,108.58000183105469,107.87999725341797,100.92139434814453
19-06-2019,106.05999755859375,107.88999938964844,693400,108.2300033569336,107.33000183105469,100.40686798095703
20-06-2019,107.37999725341797,108.63999938964844,672600,108.86000061035156,107.9000015258789,100.94010162353516
21-06-2019,106.52999877929688,107.93000030517578,1043000,108.12000274658203,107.2699966430664,100.35073852539062
24-06-2019,106.26000213623047,107.73999786376953,571600,108.12000274658203,106.38999938964844,99.52751159667969
25-06-2019,104.77999877929688,106.1500015258789,1428700,106.5,105.12000274658203,98.33942413330078
26-06-2019,105.29000091552734,105.48999786376953,638700,107.16999816894531,105.41000366210938,98.61071014404297
27-06-2019,105.41000366210938,105.76000213623047,453700,106.97000122070312,105.91999816894531,99.08781433105469
28-06-2019,105.36000061035156,106.02999877929688,1782300,107.13999938964844,105.68000030517578,98.86329650878906
01-07-2019,105.91000366210938,106.69999694824219,932900,107.9000015258789,106.41999816894531,99.5555648803711
02-07-2019,104.47000122070312,106.37000274658203,683600,106.62000274658203,104.69000244140625,97.93716430664062
03-07-2019,104.91000366210938,104.91000366210938,788100,107.0999984741211,106.38999938964844,99.52751159667969
05-07-2019,105.68000030517578,105.83000183105469,720700,107.08000183105469,106.91999816894531,100.0233154296875
08-07-2019,106.33000183105469,106.33000183105469,900100,108.41000366210938,108.16999816894531,101.19268035888672
09-07-2019,106.61000061035156,107.63999938964844,629200,108.72000122070312,108.22000122070312,101.23946380615234
10-07-2019,107.9800033569336,108.36000061035156,792100,108.6500015258789,108.30000305175781,101.31430053710938
11-07-2019,106.45999908447266,108.62000274658203,747700,108.62000274658203,107.61000061035156,100.6688003540039
12-07-2019,107.98999786376953,108.0,957300,109.7699966430664,109.2699966430664,102.22173309326172
15-07-2019,108.2300033569336,109.31999969482422,795400,111.76000213623047,109.63999938964844,102.56786346435547
16-07-2019,109.44999694824219,109.80000305175781,780900,110.6500015258789,109.8499984741211,102.76431274414062
17-07-2019,108.38999938964844,110.0,751200,110.01000213623047,108.61000061035156,101.60430908203125
18-07-2019,108.11000061035156,108.37000274658203,976700,109.8499984741211,109.37999725341797,102.32463073730469
19-07-2019,107.63999938964844,109.58000183105469,1047900,109.58000183105469,107.66000366210938,100.71558380126953
22-07-2019,107.69000244140625,108.12000274658203,1616900,108.94000244140625,108.51000213623047,101.51074981689453
23-07-2019,114.5,115.87000274658203,3924500,119.95999908447266,119.30999755859375,111.6141128540039
24-07-2019,118.55999755859375,118.61000061035156,1716500,121.93000030517578,121.83000183105469,113.97157287597656
25-07-2019,121.37999725341797,121.87999725341797,1201000,123.62999725341797,122.19000244140625,114.308349609375
26-07-2019,122.61000061035156,123.63999938964844,1205900,124.33000183105469,123.66999816894531,115.69287872314453
29-07-2019,123.7300033569336,123.83999633789062,958700,126.29000091552734,126.06999969482422,117.93807983398438
30-07-2019,122.66000366210938,125.23999786376953,1217200,126.87000274658203,124.37999725341797,116.3570785522461
31-07-2019,120.31999969482422,123.11000061035156,1230400,123.88999938964844,121.16000366210938,113.96786499023438
01-08-2019,114.61000061035156,121.58999633789062,2472600,122.19000244140625,114.83000183105469,108.01361083984375
02-08-2019,111.61000061035156,114.41000366210938,1859600,114.83000183105469,113.51000213623047,106.77197265625
05-08-2019,109.83000183105469,111.9000015258789,1499900,111.95999908447266,111.41000366210938,104.79663848876953
06-08-2019,110.9000015258789,111.66000366210938,1103200,113.08000183105469,112.9800033569336,106.27342987060547
07-08-2019,109.79000091552734,111.13999938964844,830300,113.94000244140625,113.76000213623047,107.00712585449219
08-08-2019,114.26000213623047,114.94999694824219,867800,116.69999694824219,116.63999938964844,109.71617126464844
09-08-2019,113.69000244140625,115.11000061035156,720200,116.16999816894531,114.52999877929688,107.7314224243164
12-08-2019,112.55000305175781,113.93000030517578,513000,114.37000274658203,113.13999938964844,106.42393493652344
13-08-2019,112.11000061035156,112.9800033569336,1623200,120.97000122070312,116.25,109.34932708740234
14-08-2019,113.33000183105469,114.19999694824219,975600,115.04000091552734,114.41000366210938,107.6185531616211
15-08-2019,112.22000122070312,115.05999755859375,598200,115.05999755859375,113.13999938964844,106.42393493652344
16-08-2019,113.56999969482422,114.44000244140625,598800,114.91999816894531,114.37000274658203,107.58092498779297
19-08-2019,114.16000366210938,115.62999725341797,562800,116.2300033569336,114.94999694824219,108.1264877319336
20-08-2019,114.20999908447266,114.43000030517578,422800,115.0199966430664,114.38999938964844,107.59973907470703
21-08-2019,114.55999755859375,115.94999694824219,375100,116.61000061035156,115.5,108.64383697509766
22-08-2019,112.91999816894531,115.38999938964844,517500,115.66999816894531,114.3499984741211,107.56210327148438
23-08-2019,103.76000213623047,106.94999694824219,2044600,108.69000244140625,104.12999725341797,97.94877624511719
26-08-2019,104.79000091552734,105.48999786376953,1026100,107.86000061035156,107.19999694824219,100.83653259277344
27-08-2019,106.87000274658203,107.8499984741211,858700,108.55000305175781,107.26000213623047,100.89297485351562
28-08-2019,103.04000091552734,106.77999877929688,557500,108.62999725341797,108.2699966430664,101.84302520751953
29-08-2019,108.93000030517578,109.4800033569336,504400,110.7300033569336,110.13999938964844,103.60202026367188
30-08-2019,109.86000061035156,111.04000091552734,679300,111.33999633789062,110.47000122070312,103.91242980957031
03-09-2019,108.08999633789062,109.81999969482422,704500,110.2699966430664,109.38999938964844,102.89653778076172
04-09-2019,108.79000091552734,110.29000091552734,619800,110.95999908447266,109.56999969482422,103.06584167480469
05-09-2019,110.05000305175781,111.30999755859375,683800,112.43000030517578,110.98999786376953,104.40155792236328
06-09-2019,110.5199966430664,110.7699966430664,677600,112.48999786376953,112.4000015258789,105.72786712646484
09-09-2019,111.79000091552734,112.69999694824219,580600,114.4000015258789,113.94000244140625,107.17645263671875
10-09-2019,114.22000122070312,114.7300033569336,1088700,118.68000030517578,116.55000305175781,109.63152313232422
11-09-2019,115.01000213623047,116.22000122070312,755500,117.61000061035156,117.48999786376953,110.51570892333984
12-09-2019,117.66000366210938,117.66000366210938,850600,120.98999786376953,119.63999938964844,112.5380859375
13-09-2019,119.63999938964844,119.68000030517578,601400,121.4800033569336,119.77999877929688,112.66978454589844
16-09-2019,118.12999725341797,118.58000183105469,433700,120.37999725341797,119.06999969482422,112.00192260742188
17-09-2019,118.5199966430664,120.01000213623047,735200,120.01000213623047,119.30000305175781,112.2182846069336
18-09-2019,118.2300033569336,119.30999755859375,814300,119.79000091552734,119.6500015258789,112.54750061035156
19-09-2019,119.72000122070312,120.33000183105469,1027100,121.37000274658203,120.91999816894531,113.74211120605469
20-09-2019,117.41000366210938,120.0999984741211,2461200,121.13999938964844,117.62999725341797,110.64739227294922
23-09-2019,117.27999877929688,117.7300033569336,520600,119.37000274658203,118.08000183105469,111.07069396972656
24-09-2019,116.41000366210938,119.0999984741211,598100,119.44999694824219,117.0,110.05479431152344
25-09-2019,116.62000274658203,117.08000183105469,525700,119.41000366210938,118.80999755859375,111.75736999511719
26-09-2019,117.25,118.55000305175781,497300,118.62000274658203,117.4000015258789,110.4310531616211
27-09-2019,117.81999969482422,118.44000244140625,536800,119.52999877929688,118.81999969482422,111.76676177978516
30-09-2019,118.62999725341797,119.06999969482422,672100,119.91999816894531,118.69000244140625,111.64448547363281
01-10-2019,116.58000183105469,118.94999694824219,651700,119.93000030517578,117.0999984741211,110.14885711669922
02-10-2019,113.94999694824219,116.51000213623047,664300,117.58999633789062,115.30999755859375,108.4651107788086
03-10-2019,113.94000244140625,115.01000213623047,491100,116.5999984741211,116.5999984741211,109.67855072021484
04-10-2019,116.43000030517578,116.43000030517578,512600,118.47000122070312,118.23999786376953,111.22119903564453
07-10-2019,116.5,117.80000305175781,430900,118.19999694824219,117.66000366210938,110.67562103271484
08-10-2019,116.6500015258789,117.0199966430664,602900,118.0999984741211,116.69000244140625,109.7632064819336
09-10-2019,117.0199966430664,117.3499984741211,531700,118.88999938964844,118.16000366210938,111.14594268798828
10-10-2019,117.54000091552734,118.16999816894531,622600,119.69999694824219,119.44999694824219,112.359375
11-10-2019,120.02999877929688,120.47000122070312,611900,122.0999984741211,121.29000091552734,114.09014129638672
14-10-2019,120.20999908447266,120.66999816894531,509100,121.63999938964844,120.9000015258789,113.72330474853516
15-10-2019,121.3499984741211,121.5999984741211,541700,122.4800033569336,121.95999908447266,114.72037506103516
16-10-2019,121.11000061035156,121.48999786376953,647400,122.58000183105469,121.98999786376953,114.74858856201172
17-10-2019,121.58000183105469,122.33999633789062,802400,122.97000122070312,122.38999938964844,115.12484741210938
18-10-2019,121.52999877929688,122.30000305175781,911300,123.05000305175781,121.95999908447266,114.72037506103516
21-10-2019,119.4000015258789,122.93000030517578,2064600,122.93000030517578,120.16000366210938,113.0272216796875
22-10-2019,98.8499984741211,101.01000213623047,6939000,104.94999694824219,100.0199966430664,94.08274841308594
23-10-2019,98.05999755859375,100.1500015258789,3201900,101.75,99.4000015258789,93.49954986572266
24-10-2019,95.5999984741211,99.29000091552734,2428400,99.51000213623047,96.16000366210938,90.4518814086914
25-10-2019,94.19000244140625,96.1500015258789,2241500,96.38999938964844,96.01000213623047,90.31077575683594
28-10-2019,96.1500015258789,96.26000213623047,1520500,97.26000213623047,96.63999938964844,90.90338134765625
29-10-2019,95.63999938964844,96.16000366210938,2531400,98.9800033569336,98.63999938964844,92.78465270996094
30-10-2019,97.16000366210938,98.22000122070312,1357500,99.4000015258789,99.29000091552734,93.39608764648438
31-10-2019,96.80000305175781,98.43000030517578,1142600,98.94000244140625,97.30999755859375,92.16481018066406
01-11-2019,96.29000091552734,97.79000091552734,1089000,98.05999755859375,96.44000244140625,91.3408203125
04-11-2019,96.30000305175781,96.58000183105469,885300,98.26000213623047,97.69999694824219,92.53419494628906
05-11-2019,95.77999877929688,96.06999969482422,2386300,99.23999786376953,95.79000091552734,90.72518920898438
06-11-2019,92.58999633789062,93.33999633789062,8392300,95.66999816894531,94.86000061035156,89.8443603515625
07-11-2019,94.7699966430664,95.66000366210938,1941500,96.66999816894531,95.20999908447266,90.17584991455078
08-11-2019,94.36000061035156,95.54000091552734,1988000,96.0,95.52999877929688,90.47892761230469
11-11-2019,94.80999755859375,95.12999725341797,719900,95.98999786376953,95.51000213623047,90.45999145507812
12-11-2019,94.0,95.7300033569336,1336700,95.9000015258789,94.4000015258789,89.40867614746094
13-11-2019,93.83000183105469,94.33000183105469,1151900,94.68000030517578,94.0,89.02983093261719
14-11-2019,93.51000213623047,94.0,1006900,95.43000030517578,95.33000183105469,90.28950500488281
15-11-2019,95.02999877929688,95.5999984741211,1270800,96.19000244140625,95.41000366210938,90.36527252197266
18-11-2019,94.55000305175781,95.0199966430664,1538900,95.76000213623047,95.36000061035156,90.31792449951172
19-11-2019,95.0999984741211,95.69999694824219,1151200,95.73999786376953,95.25,90.21373748779297
20-11-2019,94.0,95.11000061035156,1441800,95.55000305175781,94.91000366210938,89.8917236328125
21-11-2019,94.41999816894531,94.95999908447266,1691400,96.81999969482422,95.41999816894531,90.374755859375
22-11-2019,95.55999755859375,95.9000015258789,1258200,96.91999816894531,96.12000274658203,91.03773498535156
25-11-2019,98.20999908447266,98.5,2047400,99.94000244140625,99.19000244140625,93.94540405273438
26-11-2019,98.68000030517578,99.95999908447266,2612400,100.95999908447266,100.44000244140625,95.12931060791016
27-11-2019,100.5,101.0,1269000,102.69999694824219,101.93000030517578,96.54053497314453
29-11-2019,101.19000244140625,102.16999816894531,652300,102.62000274658203,101.69999694824219,96.32269287109375
02-12-2019,100.06999969482422,102.5999984741211,1124200,102.72000122070312,100.48999786376953,95.17668151855469
03-12-2019,98.06999969482422,99.22000122070312,990500,99.95999908447266,99.2300033569336,93.9832992553711
04-12-2019,99.38999938964844,99.38999938964844,698300,100.19999694824219,99.45999908447266,94.20113372802734
05-12-2019,99.44000244140625,100.11000061035156,874800,100.45999908447266,100.30999755859375,95.00619506835938
06-12-2019,100.43000030517578,101.05000305175781,743600,101.5,101.0,95.65970611572266
09-12-2019,100.4000015258789,101.25,771100,101.37000274658203,100.69999694824219,95.37557983398438
10-12-2019,99.2699966430664,100.7699966430664,770400,101.01000213623047,99.93000030517578,94.64628601074219
11-12-2019,99.5999984741211,99.6500015258789,500300,100.9000015258789,100.37000274658203,95.06303405761719
12-12-2019,99.93000030517578,100.37000274658203,1164800,102.98999786376953,102.76000213623047,97.32666015625
13-12-2019,101.88999938964844,102.87999725341797,1090600,104.56999969482422,103.91999816894531,98.42530822753906
16-12-2019,102.12000274658203,104.66000366210938,1311900,104.91999816894531,102.26000213623047,96.85308837890625
17-12-2019,101.75,102.7300033569336,753500,103.19999694824219,102.88999938964844,97.44977569580078
18-12-2019,102.0999984741211,102.77999877929688,899000,103.5999984741211,103.5199966430664,98.04646301269531
19-12-2019,103.16999816894531,103.80000305175781,811500,104.68000030517578,104.37999725341797,98.86099243164062
20-12-2019,103.47000122070312,104.70999908447266,4982500,105.55000305175781,103.58999633789062,98.11275482177734
23-12-2019,104.08000183105469,104.16000366210938,772500,105.30999755859375,105.20999908447266,99.64710235595703
24-12-2019,104.54000091552734,105.01000213623047,190200,105.2699966430664,105.0999984741211,99.54292297363281
26-12-2019,104.69999694824219,105.69000244140625,533000,105.73999786376953,104.95999908447266,99.41032409667969
27-12-2019,104.73999786376953,105.05999755859375,458200,106.0,105.76000213623047,100.16803741455078
30-12-2019,104.44999694824219,105.7699966430664,521400,106.25,105.18000030517578,99.61869812011719
31-12-2019,105.19000244140625,105.19000244140625,530800,106.2699966430664,105.61000061035156,100.02597045898438
02-01-2020,104.30000305175781,106.16999816894531,1043200,106.18000030517578,105.33000183105469,99.76075744628906
03-01-2020,103.63999938964844,103.91999816894531,708100,105.5,105.05000305175781,99.4955825805664
06-01-2020,103.3499984741211,104.33999633789062,779400,105.4000015258789,105.36000061035156,99.78917694091797
07-01-2020,102.76000213623047,105.01000213623047,984900,105.01000213623047,103.38999938964844,97.92333221435547
08-01-2020,103.4000015258789,103.87999725341797,920900,105.88999938964844,104.94999694824219,99.40086364746094
09-01-2020,103.31999969482422,104.88999938964844,683300,105.16999816894531,103.9000015258789,98.40636444091797
10-01-2020,101.51000213623047,104.12000274658203,1096200,104.12000274658203,101.68000030517578,96.30375671386719
13-01-2020,101.3499984741211,101.83999633789062,900400,104.97000122070312,104.86000061035156,99.31562042236328
14-01-2020,103.51000213623047,104.7699966430664,1646800,105.94000244140625,105.25,99.68499755859375
15-01-2020,100.62000274658203,102.05000305175781,1972000,103.33999633789062,103.02999877929688,97.58236694335938
16-01-2020,103.06999969482422,103.66000366210938,868200,104.52999877929688,103.62000274658203,98.14118194580078
17-01-2020,104.2300033569336,104.37999725341797,1164400,105.45999908447266,105.12999725341797,99.57133483886719
21-01-2020,103.13999938964844,105.0,758700,105.08999633789062,104.70999908447266,99.17354583740234
22-01-2020,104.75,105.0,875100,106.25,105.77999877929688,100.18697357177734
23-01-2020,104.30000305175781,105.01000213623047,818200,106.02999877929688,105.4800033569336,99.90283203125
24-01-2020,104.37000274658203,105.27999877929688,1217500,105.6500015258789,104.68000030517578,99.14513397216797
27-01-2020,102.61000061035156,102.94999694824219,931500,104.05999755859375,103.63999938964844,98.16011810302734
28-01-2020,103.36000061035156,103.97000122070312,658900,105.66999816894531,104.98999786376953,99.4387435913086
29-01-2020,104.22000122070312,104.79000091552734,710600,105.47000122070312,104.29000091552734,98.77574920654297
30-01-2020,101.76000213623047,103.06999969482422,1166300,103.69000244140625,102.91000366210938,98.1084213256836
31-01-2020,101.33000183105469,102.83999633789062,923000,103.3499984741211,101.87000274658203,97.11693572998047
03-02-2020,101.69000244140625,102.69000244140625,636100,103.08000183105469,101.7699966430664,97.0216064453125
04-02-2020,103.01000213623047,103.05000305175781,991200,104.8499984741211,103.91000366210938,99.06175231933594
05-02-2020,103.62999725341797,104.94999694824219,914400,105.41999816894531,105.06999969482422,100.16764068603516
06-02-2020,102.16999816894531,105.5,1566300,105.5,102.48999786376953,97.7080078125
07-02-2020,99.16999816894531,102.27999877929688,1849000,102.4800033569336,99.73999786376953,95.08631896972656
10-02-2020,99.36000061035156,99.43000030517578,1118600,101.13999938964844,100.9000015258789,96.19219970703125
11-02-2020,100.0,107.88999938964844,4045500,109.5,100.0999984741211,95.42951965332031
12-02-2020,96.7699966430664,99.9800033569336,2776300,100.08000183105469,98.19999694824219,93.6181640625
13-02-2020,96.77999877929688,97.55999755859375,1374000,97.83000183105469,96.98999786376953,92.4646224975586
14-02-2020,97.0,97.2699966430664,936900,98.79000091552734,97.70999908447266,93.15103149414062
18-02-2020,95.94000244140625,97.48999786376953,1160400,97.62999725341797,97.41999816894531,92.87457275390625
19-02-2020,96.27999877929688,97.22000122070312,1124100,98.3499984741211,97.68000030517578,93.1224365234375
20-02-2020,96.9800033569336,97.55999755859375,1340000,98.98999786376953,98.87999725341797,94.26644134521484
21-02-2020,89.86000061035156,98.04000091552734,3638000,98.05999755859375,89.97000122070312,85.77217864990234
24-02-2020,86.77999877929688,87.56999969482422,2284600,88.56999969482422,87.08999633789062,83.02654266357422
25-02-2020,82.62999725341797,87.44999694824219,1565900,87.66000366210938,83.01000213623047,79.13690948486328
26-02-2020,82.5,83.7699966430664,1820200,84.88999938964844,82.5,78.65070343017578
27-02-2020,79.41000366210938,81.20999908447266,2369400,82.7300033569336,79.51000213623047,75.80021667480469
28-02-2020,75.62999725341797,77.0,2288300,78.45999908447266,77.25,73.64566802978516
02-03-2020,76.05000305175781,77.31999969482422,1485900,79.52999877929688,79.29000091552734,75.59048461914062
03-03-2020,75.37000274658203,78.44000244140625,2577300,80.12000274658203,75.44000244140625,71.92010498046875
04-03-2020,75.44999694824219,76.5,2367600,77.86000061035156,77.8499984741211,74.21766662597656
05-03-2020,73.5,75.77999877929688,1286300,75.94000244140625,74.47000122070312,70.99537658691406
06-03-2020,70.93000030517578,71.88999938964844,1800600,73.8499984741211,72.75,69.35562896728516
09-03-2020,66.0999984741211,68.4800033569336,2254700,69.6500015258789,66.2300033569336,63.13983917236328
10-03-2020,63.93000030517578,68.86000061035156,2008000,69.13999938964844,67.25,64.11224365234375
11-03-2020,61.880001068115234,64.94999694824219,2602400,65.58999633789062,62.97999954223633,60.041473388671875
12-03-2020,53.779998779296875,58.540000915527344,2547500,59.189998626708984,53.790000915527344,51.2802619934082
13-03-2020,52.02000045776367,56.43000030517578,3069000,57.790000915527344,55.02000045776367,52.4528694152832
16-03-2020,44.689998626708984,49.5,2488500,50.41999816894531,44.72999954223633,42.64298629760742
17-03-2020,44.619998931884766,45.900001525878906,3130400,48.93000030517578,46.75,44.56873321533203
18-03-2020,41.33000183105469,44.43000030517578,2507100,48.36000061035156,46.81999969482422,44.635467529296875
19-03-2020,45.029998779296875,46.81999969482422,2495200,50.310001373291016,47.290000915527344,45.08353805541992
20-03-2020,45.63999938964844,47.97999954223633,2739100,50.56999969482422,46.11000061035156,43.95859909057617
23-03-2020,49.22999954223633,52.08000183105469,3802400,54.779998779296875,51.869998931884766,49.4498405456543
24-03-2020,54.849998474121094,55.0,3305500,63.20000076293945,63.11000061035156,60.1654052734375
25-03-2020,62.540000915527344,63.81999969482422,3121500,69.26000213623047,66.79000091552734,63.673709869384766
26-03-2020,65.08000183105469,66.6500015258789,1758700,71.22000122070312,68.29000091552734,65.10371398925781
27-03-2020,63.709999084472656,64.05999755859375,1322400,67.29000091552734,65.63999938964844,62.577354431152344
30-03-2020,65.0,65.20999908447266,1841500,72.5999984741211,71.4800033569336,68.14488220214844
31-03-2020,70.27999877929688,70.80000305175781,2456300,72.76000213623047,71.55000305175781,68.21161651611328
01-04-2020,67.25,68.04000091552734,2343100,72.16999816894531,70.08000183105469,66.81021118164062
02-04-2020,68.26000213623047,69.83999633789062,1468600,71.22000122070312,70.43000030517578,67.14386749267578
03-04-2020,66.47000122070312,70.58999633789062,1628400,72.1500015258789,66.94000244140625,63.816715240478516
06-04-2020,69.75,70.98999786376953,1250700,72.43000030517578,71.19999694824219,67.87793731689453
07-04-2020,73.0999984741211,74.72000122070312,1919200,75.58000183105469,74.41000366210938,70.93817901611328
08-04-2020,72.66999816894531,75.05999755859375,1194000,75.93000030517578,74.1500015258789,70.6903076171875
09-04-2020,74.26000213623047,75.22000122070312,1507900,78.25,75.66999816894531,72.13937377929688
13-04-2020,72.22000122070312,75.0999984741211,1003700,75.7300033569336,74.22000122070312,70.75703430175781
14-04-2020,73.97000122070312,75.4000015258789,1306900,76.73999786376953,74.66000366210938,71.176513671875
15-04-2020,70.08000183105469,70.97000122070312,1598100,72.19000244140625,71.52999877929688,68.19254302978516
16-04-2020,71.36000061035156,72.25,1349700,73.83999633789062,73.01000213623047,69.60350036621094
17-04-2020,74.02999877929688,76.51000213623047,1306700,76.51000213623047,75.19999694824219,71.6913070678711
20-04-2020,74.25,74.48999786376953,1045800,77.37000274658203,75.68000030517578,72.14891815185547
21-04-2020,72.06999969482422,73.58000183105469,1267700,75.6500015258789,72.33999633789062,68.96475219726562
22-04-2020,73.2300033569336,73.66000366210938,787300,74.8499984741211,74.1500015258789,70.6903076171875
23-04-2020,72.68000030517578,74.11000061035156,1209400,74.69000244140625,72.76000213623047,69.36515808105469
24-04-2020,71.75,73.44999694824219,1540000,75.26000213623047,74.87000274658203,71.37671661376953
27-04-2020,75.5999984741211,75.69999694824219,1045700,77.4000015258789,76.76000213623047,73.17852783203125
28-04-2020,77.30000305175781,78.45999908447266,1926500,80.48999786376953,77.86000061035156,74.2271957397461
29-04-2020,72.44999694824219,75.91000366210938,3835300,76.4800033569336,72.91000366210938,69.50814819335938
30-04-2020,70.55999755859375,72.7699966430664,1860600,73.97000122070312,72.20999908447266,69.4889144897461
01-05-2020,68.23999786376953,70.6500015258789,1742400,70.9800033569336,68.7300033569336,66.14005279541016
04-05-2020,66.62000274658203,68.0,1120000,69.0999984741211,69.06999969482422,66.46723937988281
05-05-2020,67.13999938964844,70.48999786376953,1212700,70.6500015258789,67.20999908447266,64.67732238769531
06-05-2020,65.80000305175781,67.44000244140625,1229400,68.94000244140625,65.88999938964844,63.40706253051758
07-05-2020,66.81999969482422,66.94999694824219,911900,68.93000030517578,68.37999725341797,65.80323028564453
08-05-2020,68.22000122070312,68.98999786376953,719200,69.91999816894531,69.69999694824219,67.07350158691406
11-05-2020,67.5,69.08999633789062,772700,69.45999908447266,68.5999984741211,66.01494598388672
12-05-2020,65.5,68.79000091552734,819700,68.80999755859375,65.54000091552734,63.07026290893555
13-05-2020,62.0099983215332,65.80000305175781,1063900,65.80000305175781,62.84000015258789,60.47200393676758
14-05-2020,60.20000076293945,62.20000076293945,1064700,64.83000183105469,64.62000274658203,62.18492889404297
15-05-2020,62.849998474121094,64.19999694824219,1135100,65.27999877929688,64.80000305175781,62.358150482177734
18-05-2020,66.80000305175781,67.0,1264900,69.48999786376953,68.26000213623047,65.68775939941406
19-05-2020,67.37000274658203,68.66999816894531,848100,69.22000122070312,67.97000122070312,65.40868377685547
20-05-2020,68.16999816894531,69.02999877929688,677400,69.33000183105469,68.86000061035156,66.26515197753906
21-05-2020,67.41999816894531,68.51000213623047,691400,68.97000122070312,68.80000305175781,66.20741271972656
22-05-2020,66.47000122070312,68.68000030517578,1010100,68.93000030517578,66.69000244140625,64.17692565917969
26-05-2020,68.0999984741211,68.8499984741211,2309300,72.66000366210938,72.55999755859375,69.82572174072266
27-05-2020,72.23999786376953,73.61000061035156,1102400,74.95999908447266,73.3499984741211,70.58594512939453
28-05-2020,72.63999938964844,74.06999969482422,1289000,74.4800033569336,73.45999908447266,70.69180297851562
29-05-2020,72.55000305175781,74.19999694824219,1642000,74.30000305175781,73.51000213623047,70.73992156982422
01-06-2020,72.3499984741211,73.55999755859375,745400,74.20999908447266,72.66000366210938,69.92195129394531
02-06-2020,72.91000366210938,73.12000274658203,1050600,74.81999969482422,73.31999969482422,70.55707550048828
03-06-2020,74.25,74.29000091552734,1307000,77.30000305175781,77.19000244140625,74.28125
04-06-2020,75.69000244140625,76.62999725341797,927000,77.98999786376953,77.05999755859375,74.15614318847656
05-06-2020,79.06999969482422,79.43000030517578,1154500,82.19000244140625,80.86000061035156,77.81295776367188
08-06-2020,81.55000305175781,81.77999877929688,1153000,83.98999786376953,83.91999816894531,80.75764465332031
09-06-2020,77.33000183105469,79.83999633789062,1110100,80.54000091552734,79.20999908447266,76.22512817382812
10-06-2020,75.97000122070312,79.08999633789062,813800,79.08999633789062,76.12000274658203,73.25157165527344
11-06-2020,70.37000274658203,73.5,918800,73.66999816894531,71.08000183105469,68.40149688720703
12-06-2020,72.13999938964844,73.58000183105469,800400,74.54000091552734,74.30000305175781,71.50016021728516
15-06-2020,71.5,72.36000061035156,856300,76.27999877929688,75.51000213623047,72.66456604003906
16-06-2020,75.55000305175781,78.06999969482422,680900,78.38999938964844,77.11000061035156,74.20426177978516
17-06-2020,75.87000274658203,77.33000183105469,548700,77.56999969482422,76.6500015258789,73.76160430908203
18-06-2020,74.95999908447266,75.51000213623047,755000,76.70999908447266,75.16000366210938,72.3277587890625
19-06-2020,71.19000244140625,76.63999938964844,3198300,76.63999938964844,71.33999633789062,68.65168762207031
22-06-2020,70.37000274658203,71.51000213623047,1204900,73.18000030517578,73.13999938964844,70.38386535644531
23-06-2020,73.12000274658203,74.7300033569336,697700,74.7300033569336,73.7699966430664,70.99012756347656
24-06-2020,70.18000030517578,72.88999938964844,999100,72.9000015258789,70.94000244140625,68.26677703857422
25-06-2020,69.33000183105469,70.26000213623047,1235900,70.83000183105469,70.36000061035156,67.70862579345703
26-06-2020,69.44000244140625,70.0999984741211,3389700,70.81999969482422,70.61000061035156,67.94920349121094
29-06-2020,70.8499984741211,72.06999969482422,1011800,73.79000091552734,73.79000091552734,71.0093765258789
30-06-2020,72.4000015258789,73.29000091552734,981400,75.25,74.94999694824219,72.12564849853516
01-07-2020,74.37999725341797,74.69000244140625,731600,75.91999816894531,74.69000244140625,71.87545776367188
02-07-2020,74.33000183105469,76.4000015258789,692600,76.9800033569336,74.5999984741211,71.78884887695312
06-07-2020,74.08999633789062,75.4000015258789,743600,76.22000122070312,74.83999633789062,72.01980590820312
07-07-2020,73.16000366210938,74.63999938964844,680000,74.66999816894531,73.54000091552734,70.76879119873047
08-07-2020,72.16999816894531,73.37999725341797,595300,73.93000030517578,73.26000213623047,70.49935150146484
09-07-2020,71.01000213623047,73.0999984741211,1182700,73.48999786376953,71.5,68.80567169189453
10-07-2020,71.4000015258789,71.51000213623047,670300,74.19999694824219,74.18000030517578,71.38467407226562
13-07-2020,72.76000213623047,75.0,649300,75.43000030517578,73.61000061035156,70.83615112304688
14-07-2020,73.0999984741211,73.6500015258789,589800,74.77999877929688,74.62000274658203,71.80809783935547
15-07-2020,75.13999938964844,75.4000015258789,765200,78.68000030517578,78.33000183105469,75.37830352783203
16-07-2020,77.0999984741211,78.0,599500,79.33999633789062,77.51000213623047,74.58918762207031
17-07-2020,77.05000305175781,77.83000183105469,789400,78.95999908447266,77.48999786376953,74.56993865966797
20-07-2020,76.69000244140625,76.9800033569336,762700,78.23999786376953,78.0,75.06072235107422
21-07-2020,78.5999984741211,79.02999877929688,910800,80.7300033569336,78.83000183105469,75.85945129394531
22-07-2020,77.27999877929688,77.27999877929688,689100,79.9000015258789,79.1500015258789,76.16739654541016
23-07-2020,79.12000274658203,79.55999755859375,858500,80.80000305175781,79.80000305175781,76.79290008544922
24-07-2020,77.0199966430664,80.23999786376953,1653100,80.80000305175781,77.58999633789062,74.66617584228516
27-07-2020,70.77999877929688,75.04000091552734,5159500,75.4000015258789,71.83999633789062,69.13284301757812
28-07-2020,71.16000366210938,71.80999755859375,1411100,73.38999938964844,72.41000366210938,69.6813735961914
29-07-2020,72.12999725341797,72.86000061035156,1123000,74.58000183105469,74.02999877929688,71.2403335571289
30-07-2020,72.51000213623047,73.33000183105469,761400,73.87999725341797,73.30000305175781,70.537841796875
31-07-2020,71.06999969482422,72.52999877929688,1111300,72.86000061035156,72.76000213623047,70.673828125
03-08-2020,72.27999877929688,72.95999908447266,1113100,74.91999816894531,74.87000274658203,72.72332000732422
04-08-2020,73.93000030517578,74.25,1140500,75.22000122070312,74.86000061035156,72.71361541748047
05-08-2020,75.37999725341797,75.38999938964844,981800,77.41999816894531,77.36000061035156,75.14192962646484
06-08-2020,76.54000091552734,77.37999725341797,707800,77.66000366210938,76.88999938964844,74.68540954589844
07-08-2020,75.58999633789062,76.4800033569336,543800,76.76000213623047,76.75,74.54942321777344
10-08-2020,76.69999694824219,77.16999816894531,787600,79.05000305175781,78.97000122070312,76.70577239990234
11-08-2020,78.47000122070312,79.6500015258789,664600,80.44999694824219,78.72000122070312,76.46293640136719
12-08-2020,78.45999908447266,79.30999755859375,732600,80.38999938964844,79.81999969482422,77.5313949584961
13-08-2020,78.68000030517578,79.33000183105469,476900,79.94000244140625,78.94000244140625,76.67662811279297
14-08-2020,78.56999969482422,79.3499984741211,473400,80.16999816894531,79.62999725341797,77.34683990478516
17-08-2020,77.9800033569336,79.75,546700,79.75,78.38999938964844,76.14240264892578
18-08-2020,77.51000213623047,78.20999908447266,462900,78.93000030517578,78.6500015258789,76.39494323730469
19-08-2020,78.29000091552734,78.94000244140625,363300,79.94000244140625,78.58999633789062,76.33666229248047
20-08-2020,76.45999908447266,78.04000091552734,500000,78.19999694824219,77.44999694824219,75.2293472290039
21-08-2020,76.33000183105469,77.33999633789062,591100,77.91999816894531,76.81999969482422,74.6174087524414
24-08-2020,76.52999877929688,77.13999938964844,517000,80.30000305175781,79.94000244140625,77.64796447753906
25-08-2020,78.8499984741211,80.6500015258789,452800,80.6500015258789,79.37999725341797,77.10400390625
26-08-2020,78.44000244140625,79.80000305175781,483100,80.0,79.44999694824219,77.1719970703125
27-08-2020,79.41000366210938,79.47000122070312,658300,82.08000183105469,80.68000030517578,78.36674499511719
28-08-2020,79.5,81.0,689100,81.36000061035156,80.94000244140625,78.6192855834961
31-08-2020,78.5,80.58999633789062,750400,80.5999984741211,78.94000244140625,76.67662811279297
01-09-2020,78.0,78.56999969482422,711100,81.93000030517578,81.9000015258789,79.55176544189453
02-09-2020,80.9000015258789,82.93000030517578,646000,83.13999938964844,82.55999755859375,80.19283294677734
03-09-2020,79.26000213623047,82.6500015258789,755800,83.26000213623047,80.01000213623047,77.71595001220703
04-09-2020,78.19999694824219,80.70999908447266,613400,81.0,79.05999755859375,76.7931900024414
08-09-2020,77.16000366210938,77.4800033569336,869900,79.19000244140625,78.08999633789062,75.85099029541016
09-09-2020,76.7699966430664,78.5,1463900,79.5,78.37000274658203,76.12297821044922
10-09-2020,78.19999694824219,79.05000305175781,1098500,80.0,78.56999969482422,76.31723022460938
11-09-2020,78.05999755859375,79.29000091552734,782200,79.29000091552734,78.6500015258789,76.39494323730469
14-09-2020,77.0999984741211,78.7300033569336,1099800,80.43000030517578,77.18000030517578,74.96709442138672
15-09-2020,76.4000015258789,77.43000030517578,1169500,78.44000244140625,77.41000366210938,75.19050598144531
16-09-2020,76.6500015258789,76.77999877929688,1105500,80.01000213623047,78.51000213623047,76.25895690917969
17-09-2020,77.0999984741211,77.22000122070312,1257000,80.58999633789062,80.41000366210938,78.10447692871094
18-09-2020,79.51000213623047,80.29000091552734,1765700,81.97000122070312,79.91000366210938,77.61882019042969
21-09-2020,75.5999984741211,78.41999816894531,1066900,78.52999877929688,76.06999969482422,73.888916015625
22-09-2020,75.25,76.12000274658203,716800,77.56999969482422,75.44999694824219,73.28668975830078
23-09-2020,76.77999877929688,77.91999816894531,987500,79.75,76.87999725341797,74.67568969726562
24-09-2020,75.2699966430664,77.26000213623047,702500,77.44999694824219,76.16000366210938,73.9763412475586
25-09-2020,75.4000015258789,76.05000305175781,693700,77.2300033569336,76.97000122070312,74.76311492919922
28-09-2020,77.29000091552734,78.0,482400,78.6500015258789,78.25,76.00641632080078
29-09-2020,78.83999633789062,79.18000030517578,941600,81.9000015258789,81.23999786376953,78.91068267822266
30-09-2020,82.29000091552734,84.02999877929688,1427800,85.81999969482422,82.72000122070312,80.34825134277344
01-10-2020,82.37999725341797,82.98999786376953,765300,84.61000061035156,82.94999694824219,80.57164764404297
02-10-2020,80.23999786376953,81.37000274658203,812400,84.12999725341797,82.97000122070312,80.5910873413086
05-10-2020,82.83999633789062,83.19999694824219,808700,84.58000183105469,83.08999633789062,80.70763397216797
06-10-2020,82.77999877929688,83.91999816894531,815900,84.98999786376953,83.05000305175781,80.66879272460938
07-10-2020,83.66000366210938,84.29000091552734,521300,85.16999816894531,84.93000030517578,82.49488830566406
08-10-2020,85.0199966430664,85.30999755859375,742000,88.0,87.95999908447266,85.4380111694336
09-10-2020,88.11000061035156,88.1500015258789,836100,90.0,89.16000366210938,86.60359954833984
12-10-2020,87.05000305175781,89.44000244140625,708600,89.66000366210938,87.73999786376953,85.22431182861328
13-10-2020,86.22000122070312,87.83000183105469,644200,87.83000183105469,86.88999938964844,84.39868927001953
14-10-2020,85.75,87.37999725341797,607000,88.13999938964844,85.8499984741211,83.38850402832031
15-10-2020,84.9000015258789,85.0199966430664,492100,87.04000091552734,86.80999755859375,84.32098388671875
16-10-2020,86.16000366210938,86.87999725341797,636100,87.8499984741211,87.5999984741211,85.08832550048828
19-10-2020,86.12000274658203,88.51000213623047,711900,88.87999725341797,86.55000305175781,84.06843566894531
20-10-2020,86.30999755859375,87.23999786376953,548200,88.08999633789062,86.66000366210938,84.17528533935547
21-10-2020,86.2300033569336,86.5,669400,87.77999877929688,86.94999694824219,84.45696258544922
22-10-2020,86.55999755859375,87.2699966430664,1165900,89.91000366210938,89.81999969482422,87.24467468261719
23-10-2020,91.0,91.94999694824219,1972000,92.94999694824219,92.0,89.36216735839844
26-10-2020,82.25,87.0199966430664,3951200,87.9000015258789,83.4000015258789,81.00875854492188
27-10-2020,82.66999816894531,84.08999633789062,2330000,86.4000015258789,85.0999984741211,82.6600112915039
28-10-2020,81.72000122070312,83.6500015258789,1717000,84.55000305175781,84.04000091552734,81.63040161132812
29-10-2020,82.19999694824219,83.41000366210938,1015900,84.87000274658203,83.87000274658203,81.46527862548828
30-10-2020,81.69000244140625,82.69999694824219,1198400,83.44000244140625,82.72000122070312,81.00501251220703
02-11-2020,82.01000213623047,83.52999877929688,839700,84.0999984741211,82.4000015258789,80.691650390625
03-11-2020,82.33999633789062,83.66000366210938,755200,85.33000183105469,84.70999908447266,82.9537582397461
04-11-2020,82.2300033569336,84.0999984741211,839300,84.63999938964844,82.37999725341797,80.67206573486328
05-11-2020,83.0199966430664,83.95999908447266,818800,84.48999786376953,84.0999984741211,82.35640716552734
06-11-2020,83.18000030517578,84.4800033569336,588900,85.45999908447266,84.33999633789062,82.59142303466797
09-11-2020,85.05999755859375,88.08000183105469,1742700,88.7300033569336,85.4000015258789,83.62946319580078
10-11-2020,84.75,85.72000122070312,947800,87.22000122070312,85.6500015258789,83.87427520751953
11-11-2020,85.6500015258789,86.33000183105469,981900,87.43000030517578,86.52999877929688,84.73602294921875
12-11-2020,83.33999633789062,86.37999725341797,700700,86.37999725341797,84.22000122070312,82.47392272949219
13-11-2020,84.81999969482422,84.83000183105469,1152500,88.66999816894531,87.72000122070312,85.90135955810547
16-11-2020,87.77999877929688,89.86000061035156,891800,90.94000244140625,90.88999938964844,89.0056381225586
17-11-2020,89.2699966430664,90.4800033569336,641800,92.47000122070312,91.88999938964844,89.98490142822266
18-11-2020,90.98999786376953,91.94000244140625,1032200,94.30000305175781,92.08000183105469,90.17096710205078
19-11-2020,90.23999786376953,91.66999816894531,628300,92.55999755859375,91.75,89.8478012084961
20-11-2020,90.73999786376953,91.47000122070312,832900,93.4000015258789,93.0199966430664,91.09147644042969
23-11-2020,91.87999725341797,93.22000122070312,679300,93.73999786376953,92.62000274658203,90.69976806640625
24-11-2020,91.80999755859375,93.44000244140625,1144700,94.0,92.0999984741211,90.19054412841797
25-11-2020,90.9000015258789,91.55000305175781,587300,92.33999633789062,92.13999938964844,90.22972106933594
27-11-2020,91.48999786376953,91.88999938964844,227900,93.19999694824219,92.31999969482422,90.4059829711914
30-11-2020,90.69000244140625,92.01000213623047,1223400,93.25,93.02999877929688,91.10127258300781
01-12-2020,93.80000305175781,94.33999633789062,1914000,97.12999725341797,96.19000244140625,94.19575500488281
02-12-2020,91.30000305175781,94.7699966430664,1192100,94.97000122070312,93.93000030517578,91.98261260986328
03-12-2020,92.36000061035156,93.9000015258789,907300,95.22000122070312,92.66000366210938,90.73894500732422
04-12-2020,90.91999816894531,92.9000015258789,1477800,93.70999908447266,91.06999969482422,89.1819076538086
07-12-2020,89.4000015258789,90.66999816894531,1079300,90.98999786376953,89.56999969482422,87.71299743652344
08-12-2020,88.83999633789062,89.0199966430664,702000,91.11000061035156,89.72000122070312,87.85989379882812
09-12-2020,88.43000030517578,91.05000305175781,1366700,91.54000091552734,88.76000213623047,86.91979217529297
10-12-2020,87.69999694824219,88.18000030517578,783700,89.27999877929688,88.68000030517578,86.84144592285156
11-12-2020,87.5199966430664,88.18000030517578,889400,89.5,89.0,87.15482330322266
14-12-2020,89.48999786376953,90.16999816894531,682700,91.31999969482422,90.11000061035156,88.24180603027344
15-12-2020,89.13999938964844,90.87999725341797,1001300,92.76000213623047,92.25,90.33744049072266
16-12-2020,92.0,92.19999694824219,1485500,95.55999755859375,94.76000213623047,92.79541015625
17-12-2020,93.02999877929688,94.76000213623047,934500,96.06999969482422,93.20999908447266,91.27753448486328
18-12-2020,92.0,93.75,1873700,94.30000305175781,93.80999755859375,91.86509704589844
21-12-2020,91.33000183105469,92.6500015258789,1095500,94.80000305175781,93.5999984741211,91.65945434570312
22-12-2020,92.25,93.69000244140625,583300,94.23999786376953,92.37999725341797,90.46473693847656
23-12-2020,91.83999633789062,92.98999786376953,671600,93.44999694824219,92.75,90.82707214355469
24-12-2020,92.01000213623047,93.22000122070312,201000,93.33999633789062,93.1500015258789,91.21878051757812
28-12-2020,92.83000183105469,93.51000213623047,476100,94.1500015258789,93.33999633789062,91.40483856201172
29-12-2020,92.20999908447266,93.77999877929688,459600,93.80000305175781,93.37999725341797,91.44400787353516
30-12-2020,93.01000213623047,93.30999755859375,507400,94.83999633789062,94.0,92.05115509033203
31-12-2020,92.80000305175781,93.75,559200,94.19000244140625,93.54000091552734,91.60069274902344
04-01-2021,90.38999938964844,93.73999786376953,990000,93.73999786376953,91.95999908447266,90.05345153808594
05-01-2021,92.0,92.20999908447266,537700,94.2699966430664,93.18000030517578,91.24816131591797
06-01-2021,93.0,93.0,693700,95.4800033569336,94.48999786376953,92.53099822998047
07-01-2021,94.25,95.43000030517578,646900,95.58999633789062,94.79000091552734,92.82478332519531
08-01-2021,95.01000213623047,95.26000213623047,908900,97.52999877929688,97.26000213623047,95.24357604980469
11-01-2021,96.12999725341797,96.5,575500,97.93000030517578,96.8499984741211,94.84207153320312
12-01-2021,96.52999877929688,97.0,843600,99.62999725341797,99.12000274658203,97.06501007080078
13-01-2021,98.2300033569336,98.72000122070312,640800,99.5999984741211,99.25,97.19231414794922
14-01-2021,98.98999786376953,99.54000091552734,1058800,101.23999786376953,99.20999908447266,97.15314483642578
15-01-2021,96.18000030517578,98.41999816894531,1018100,98.55999755859375,97.19999694824219,95.184814453125
19-01-2021,94.76000213623047,97.58000183105469,769200,97.68000030517578,96.29000091552734,94.2936782836914
20-01-2021,94.12000274658203,95.91000366210938,664900,96.66999816894531,94.73999786376953,92.77581787109375
21-01-2021,94.30999755859375,94.88999938964844,706500,97.94999694824219,97.0,94.98896789550781
22-01-2021,95.4800033569336,96.77999877929688,437900,97.76000213623047,97.4800033569336,95.45901489257812
25-01-2021,95.31999969482422,97.47000122070312,638000,98.44999694824219,95.83000183105469,93.84321594238281
26-01-2021,93.06999969482422,96.8499984741211,1081400,96.8499984741211,95.19000244140625,93.21649169921875
27-01-2021,91.26000213623047,94.23999786376953,1162600,95.33999633789062,93.29000091552734,91.35588073730469
28-01-2021,93.36000061035156,93.87999725341797,1059900,95.62000274658203,95.13999938964844,93.16752624511719
29-01-2021,93.0199966430664,94.26000213623047,726700,95.31999969482422,93.81999969482422,91.87489318847656
01-02-2021,92.75,93.75,418800,94.54000091552734,94.36000061035156,93.07831573486328
02-02-2021,94.05000305175781,94.95999908447266,757000,96.4800033569336,95.48999786376953,94.1929702758789
03-02-2021,94.62999725341797,95.66999816894531,645200,96.94000244140625,96.5,95.18925476074219
04-02-2021,96.0,96.44000244140625,633900,97.8499984741211,96.87000274658203,95.55422973632812
05-02-2021,96.02999877929688,97.37999725341797,1244400,98.45999908447266,97.27999877929688,95.95865631103516
08-02-2021,92.41000366210938,99.61000061035156,2631700,99.68000030517578,93.1500015258789,91.88475799560547
09-02-2021,90.58999633789062,92.94999694824219,1355500,93.30000305175781,90.73999786376953,89.50748443603516
10-02-2021,89.75,90.83999633789062,1447600,93.48999786376953,92.29000091552734,91.03643798828125
11-02-2021,90.16000366210938,92.0999984741211,1068700,92.61000061035156,90.6500015258789,89.41870880126953
12-02-2021,90.25,90.55000305175781,717300,91.54000091552734,91.4800033569336,90.23744201660156
16-02-2021,89.37999725341797,91.5999984741211,894900,92.5999984741211,89.43000030517578,88.21528625488281
17-02-2021,89.16000366210938,89.63999938964844,750700,91.19999694824219,90.87999725341797,89.64559173583984
18-02-2021,90.05000305175781,90.05000305175781,509100,91.87999725341797,91.43000030517578,90.18811798095703
19-02-2021,89.95999908447266,92.2300033569336,705000,92.44000244140625,90.0,88.77754211425781
22-02-2021,89.36000061035156,89.6500015258789,808400,91.97000122070312,91.76000213623047,90.51363372802734
23-02-2021,90.55000305175781,91.69999694824219,850300,92.23999786376953,91.37999725341797,90.1387939453125
24-02-2021,90.36000061035156,91.11000061035156,889800,92.33000183105469,90.91000366210938,89.67518615722656
25-02-2021,89.19000244140625,91.16000366210938,1880900,94.05000305175781,91.83999633789062,90.59254455566406
26-02-2021,92.0,92.2699966430664,2478700,95.06999969482422,93.70999908447266,92.43714904785156
01-03-2021,93.55999755859375,94.13999938964844,1000100,96.18000030517578,95.05999755859375,93.76881408691406
02-03-2021,93.36000061035156,95.43000030517578,753500,95.91000366210938,95.29000091552734,93.99568939208984
03-03-2021,92.87999725341797,95.5,617500,95.5999984741211,93.02999877929688,91.76638793945312
04-03-2021,90.31999969482422,93.05000305175781,1017100,93.58000183105469,92.23999786376953,90.98711395263672
05-03-2021,91.52999877929688,92.95999908447266,802200,95.0999984741211,94.79000091552734,93.50247955322266
08-03-2021,94.19000244140625,94.63999938964844,715800,98.25,97.29000091552734,95.96852111816406
09-03-2021,95.55999755859375,97.76000213623047,1167100,98.94999694824219,95.81999969482422,94.51848602294922
10-03-2021,95.1500015258789,96.48999786376953,661400,97.11000061035156,96.76000213623047,95.44572448730469
11-03-2021,94.4800033569336,96.58000183105469,927800,97.62999725341797,94.87999725341797,93.59125518798828
12-03-2021,94.02999877929688,95.12000274658203,763600,95.37999725341797,94.88999938964844,93.60111999511719
15-03-2021,94.98999786376953,95.22000122070312,717500,97.68000030517578,97.41000366210938,96.08689880371094
16-03-2021,96.33999633789062,97.83999633789062,690600,98.0,97.41000366210938,96.08689880371094
17-03-2021,92.76000213623047,96.69000244140625,1135500,97.4000015258789,94.97000122070312,93.68003845214844
18-03-2021,94.66999816894531,94.91000366210938,713000,97.44999694824219,95.52999877929688,94.23242950439453
19-03-2021,94.27999877929688,95.19999694824219,2762400,96.36000061035156,95.93000030517578,94.62699127197266
22-03-2021,95.70999908447266,96.62999725341797,811600,98.04000091552734,96.8499984741211,95.53450012207031
23-03-2021,96.12999725341797,96.55999755859375,737000,97.31999969482422,96.75,95.43585968017578
24-03-2021,95.62000274658203,96.94000244140625,770300,98.19999694824219,95.62999725341797,94.33106231689453
25-03-2021,94.58000183105469,94.62999725341797,756100,98.87000274658203,98.3499984741211,97.01412200927734
26-03-2021,97.76000213623047,98.48999786376953,628900,99.48999786376953,98.5,97.1620864868164
29-03-2021,96.94999694824219,98.0,608500,98.6500015258789,97.9000015258789,96.57023620605469
30-03-2021,96.51000213623047,97.81999969482422,973300,98.4000015258789,96.87999725341797,95.5640869140625
31-03-2021,95.61000061035156,97.0,1411500,97.26000213623047,96.12000274658203,94.81441497802734
01-04-2021,95.0,96.25,878700,97.31999969482422,95.45999908447266,94.16337585449219
05-04-2021,94.87999725341797,95.69999694824219,811800,96.44999694824219,95.55000305175781,94.25215911865234
06-04-2021,95.05000305175781,95.4800033569336,750700,96.55000305175781,95.7699966430664,94.46916198730469
07-04-2021,95.94999694824219,96.05999755859375,603300,97.5,97.19000244140625,95.86988067626953
08-04-2021,94.94000244140625,97.4800033569336,1743600,97.6500015258789,96.20999908447266,94.90319061279297
09-04-2021,94.7300033569336,96.33000183105469,718000,96.83000183105469,95.23999786376953,93.94636535644531
12-04-2021,94.36000061035156,94.79000091552734,737700,97.2699966430664,97.11000061035156,95.79096984863281
13-04-2021,95.66999816894531,96.62999725341797,1723200,100.47000122070312,98.83999633789062,97.49746704101562
14-04-2021,97.38999938964844,98.26000213623047,1069300,100.29000091552734,99.98999786376953,98.63184356689453
15-04-2021,98.83999633789062,100.31999969482422,845300,100.36000061035156,99.01000213623047,97.6651611328125
16-04-2021,97.97000122070312,99.5,1016600,99.6500015258789,98.0,96.66887664794922
19-04-2021,96.87999725341797,98.0,644700,98.66999816894531,98.01000213623047,96.67874145507812
20-04-2021,96.1500015258789,98.16999816894531,771300,98.26000213623047,96.7300033569336,95.4161376953125
21-04-2021,96.56999969482422,96.75,616300,98.44999694824219,97.69000244140625,96.36309051513672
22-04-2021,97.1500015258789,97.66000366210938,673400,98.95999908447266,98.4800033569336,97.14236450195312
23-04-2021,96.7699966430664,99.37000274658203,891200,100.51000213623047,97.1500015258789,95.83042907714844
26-04-2021,95.58999633789062,97.20999908447266,987300,97.58999633789062,97.0199966430664,95.70218658447266
27-04-2021,95.7300033569336,96.75,1256700,99.8499984741211,98.3499984741211,97.01412200927734
28-04-2021,96.7699966430664,98.61000061035156,703900,98.61000061035156,98.0,96.66887664794922
29-04-2021,98.0199966430664,98.80999755859375,756700,99.51000213623047,99.08999633789062,97.74407196044922
30-04-2021,98.12999725341797,98.23999786376953,1035600,99.47000122070312,99.44999694824219,98.77703094482422
03-05-2021,98.45999908447266,99.70999908447266,837200,100.4800033569336,99.36000061035156,98.6876449584961
04-05-2021,97.81999969482422,99.44000244140625,669500,99.54000091552734,98.19999694824219,97.53549194335938
05-05-2021,98.04000091552734,98.11000061035156,534400,99.75,99.37999725341797,98.70750427246094
06-05-2021,98.69999694824219,99.79000091552734,637000,100.12000274658203,99.43000030517578,98.75717163085938
07-05-2021,99.11000061035156,99.75,583400,100.41999816894531,99.1500015258789,98.47906494140625
10-05-2021,99.05999755859375,99.76000213623047,700000,101.0999984741211,99.38999938964844,98.71744537353516
11-05-2021,97.83000183105469,99.23999786376953,682900,100.02999877929688,98.20999908447266,97.54542541503906
12-05-2021,94.58000183105469,98.16999816894531,705800,98.70999908447266,94.76000213623047,94.1187744140625
13-05-2021,94.94999694824219,94.94999694824219,550400,97.0999984741211,96.30999755859375,95.65827941894531
14-05-2021,95.41999816894531,96.05999755859375,728600,97.05999755859375,96.30000305175781,95.64835357666016
17-05-2021,94.87000274658203,96.36000061035156,708000,96.43000030517578,96.08000183105469,95.42984008789062
18-05-2021,94.91999816894531,96.0199966430664,641800,96.4800033569336,94.9800033569336,94.33728790283203
19-05-2021,92.75,94.37000274658203,745600,94.66999816894531,93.83999633789062,93.20499420166016
20-05-2021,93.19999694824219,93.54000091552734,568200,95.0,94.80000305175781,94.15850830078125
21-05-2021,93.94000244140625,94.66000366210938,600800,95.18000030517578,94.05999755859375,93.42350769042969
24-05-2021,93.66999816894531,94.44999694824219,437500,94.44999694824219,94.12000274658203,93.48310852050781
25-05-2021,93.88999938964844,94.43000030517578,489500,94.87999725341797,94.04000091552734,93.40364837646484
26-05-2021,94.04000091552734,94.30000305175781,433000,95.0,94.83000183105469,94.18830108642578
27-05-2021,94.76000213623047,94.9800033569336,1160500,96.18000030517578,95.91999816894531,95.27091979980469
28-05-2021,95.19999694824219,96.43000030517578,425100,96.43000030517578,95.97000122070312,95.32058715820312
01-06-2021,95.5999984741211,96.5,523300,96.76000213623047,96.29000091552734,95.63842010498047
02-06-2021,94.94999694824219,96.4000015258789,668500,96.66000366210938,95.45999908447266,94.81403350830078
03-06-2021,94.1500015258789,95.48999786376953,768600,95.75,95.56999969482422,94.92329406738281
04-06-2021,94.13999938964844,95.63999938964844,549200,95.83000183105469,95.23999786376953,94.59552001953125
07-06-2021,94.47000122070312,95.62000274658203,399200,95.6500015258789,94.75,94.10884094238281
08-06-2021,94.41000366210938,95.16000366210938,429300,96.80000305175781,96.37000274658203,95.71788024902344
09-06-2021,95.33000183105469,96.75,317400,96.80000305175781,95.4000015258789,94.75444030761719
10-06-2021,95.20999908447266,95.62999725341797,429000,96.48999786376953,96.22000122070312,95.56889343261719
11-06-2021,96.05999755859375,96.30000305175781,644000,97.63999938964844,97.47000122070312,96.81043243408203
14-06-2021,94.94000244140625,97.2300033569336,727500,97.62999725341797,95.5,94.85376739501953
15-06-2021,94.43000030517578,95.37999725341797,573600,95.44000244140625,95.12000274658203,94.4763412475586
16-06-2021,93.62000274658203,95.06999969482422,642100,95.06999969482422,94.0,93.3639144897461
17-06-2021,90.80999755859375,93.98999786376953,923300,94.13999938964844,91.83999633789062,91.2185287475586
18-06-2021,90.55000305175781,91.05000305175781,1126400,92.0,91.02999877929688,90.41400909423828
21-06-2021,90.80000305175781,91.26000213623047,677100,92.76000213623047,92.16000366210938,91.53636932373047
22-06-2021,91.05000305175781,92.11000061035156,595900,93.18000030517578,92.87000274658203,92.24156188964844
23-06-2021,92.51000213623047,92.98999786376953,671700,93.3499984741211,92.70999908447266,92.0826416015625
24-06-2021,92.87999725341797,92.94000244140625,568800,93.77999877929688,93.18000030517578,92.5494613647461
25-06-2021,92.80000305175781,93.33000183105469,688500,93.69999694824219,93.54000091552734,92.90702819824219
28-06-2021,93.37000274658203,94.0,815200,94.56999969482422,93.61000061035156,92.97655487060547
29-06-2021,93.52999877929688,93.97000122070312,906000,94.62000274658203,94.0,93.3639144897461
30-06-2021,93.66999816894531,94.20999908447266,826800,94.5999984741211,94.5199966430664,93.8803939819336
01-07-2021,94.8499984741211,94.9000015258789,568600,95.77999877929688,95.33999633789062,94.6948471069336
02-07-2021,95.52999877929688,95.6500015258789,686600,96.83999633789062,96.6500015258789,95.99598693847656
06-07-2021,94.56999969482422,96.45999908447266,498100,96.69000244140625,95.62000274658203,94.97295379638672
07-07-2021,95.52999877929688,95.75,498600,97.11000061035156,96.93000030517578,96.27408599853516
08-07-2021,95.38999938964844,96.19000244140625,591100,97.2300033569336,96.88999938964844,96.23435974121094
09-07-2021,97.22000122070312,97.62999725341797,431000,98.25,97.9800033569336,97.31698608398438
12-07-2021,97.22000122070312,97.58999633789062,341800,98.26000213623047,98.1500015258789,97.48583221435547
13-07-2021,97.27999877929688,98.16000366210938,480500,98.31999969482422,97.56999969482422,96.90975952148438
14-07-2021,97.30000305175781,97.6500015258789,624800,98.41999816894531,97.79000091552734,97.1282730102539
15-07-2021,94.51000213623047,97.7300033569336,1006200,97.8499984741211,94.80000305175781,94.15850830078125
16-07-2021,93.61000061035156,94.56999969482422,678100,94.8499984741211,94.04000091552734,93.40364837646484
19-07-2021,90.81999969482422,93.04000091552734,796800,93.44999694824219,91.80000305175781,91.17880249023438
20-07-2021,91.91000366210938,92.16000366210938,654000,94.38999938964844,94.0,93.3639144897461
21-07-2021,93.83999633789062,94.37000274658203,421900,95.29000091552734,94.22000122070312,93.58242797851562
22-07-2021,92.86000061035156,94.19999694824219,393900,94.19999694824219,93.23999786376953,92.60905456542969
23-07-2021,91.68000030517578,93.68000030517578,1105300,93.68000030517578,92.41000366210938,91.78467559814453
26-07-2021,96.87999725341797,98.0999984741211,3870500,104.88999938964844,103.72000122070312,103.01814270019531
27-07-2021,100.33999633789062,102.81999969482422,1496100,103.45999908447266,101.37000274658203,100.68404388427734
28-07-2021,99.75,101.4000015258789,1437600,102.69000244140625,99.87999725341797,99.2041244506836
29-07-2021,99.36000061035156,100.51000213623047,970400,100.76000213623047,100.48999786376953,99.80999755859375
30-07-2021,99.18000030517578,99.87000274658203,1622600,101.5,99.44000244140625,99.44000244140625
02-08-2021,99.47000122070312,100.06999969482422,637500,101.5999984741211,99.6500015258789,99.6500015258789
03-08-2021,98.66999816894531,100.05000305175781,899200,100.87000274658203,100.37999725341797,100.37999725341797
04-08-2021,99.1500015258789,100.33999633789062,553900,101.01000213623047,99.55999755859375,99.55999755859375
05-08-2021,98.41000366210938,99.61000061035156,507900,99.7300033569336,99.06999969482422,99.06999969482422
06-08-2021,97.68000030517578,99.22000122070312,573500,99.94999694824219,97.98999786376953,97.98999786376953
09-08-2021,97.91999816894531,98.27999877929688,369700,98.95999908447266,98.19999694824219,98.19999694824219
10-08-2021,97.79000091552734,98.06999969482422,339300,99.02999877929688,98.68000030517578,98.68000030517578
11-08-2021,97.7300033569336,98.5199966430664,471000,99.05999755859375,98.70999908447266,98.70999908447266
12-08-2021,98.41000366210938,98.9800033569336,678500,99.3499984741211,99.06999969482422,99.06999969482422
13-08-2021,99.04000091552734,99.33000183105469,528200,100.2699966430664,100.26000213623047,100.26000213623047
16-08-2021,99.4800033569336,99.8499984741211,548100,100.7699966430664,99.9800033569336,99.9800033569336
17-08-2021,96.25,99.4000015258789,542100,99.4000015258789,97.30999755859375,97.30999755859375
18-08-2021,95.9000015258789,96.94999694824219,464200,97.20999908447266,95.94999694824219,95.94999694824219
19-08-2021,94.29000091552734,96.3499984741211,636000,97.2699966430664,94.77999877929688,94.77999877929688
20-08-2021,94.91000366210938,95.0999984741211,463100,96.37999725341797,95.83999633789062,95.83999633789062
23-08-2021,96.06999969482422,96.06999969482422,444700,97.58000183105469,97.18000030517578,97.18000030517578
24-08-2021,96.9000015258789,96.94000244140625,405200,98.44999694824219,97.66000366210938,97.66000366210938
25-08-2021,97.69000244140625,98.01000213623047,405700,98.83999633789062,98.44000244140625,98.44000244140625
26-08-2021,97.72000122070312,98.33999633789062,383000,98.8499984741211,97.93000030517578,97.93000030517578
27-08-2021,97.51000213623047,97.66000366210938,365900,98.87000274658203,98.44999694824219,98.44999694824219
30-08-2021,98.19000244140625,98.98999786376953,322900,99.5199966430664,98.33000183105469,98.33000183105469
31-08-2021,97.73999786376953,98.55999755859375,639900,98.73999786376953,98.30999755859375,98.30999755859375
01-09-2021,98.05999755859375,98.54000091552734,390100,99.7699966430664,98.8499984741211,98.8499984741211
02-09-2021,98.44000244140625,99.08000183105469,246000,99.44000244140625,98.94000244140625,98.94000244140625
03-09-2021,98.41000366210938,99.08999633789062,249300,99.41000366210938,99.36000061035156,99.36000061035156
07-09-2021,99.48999786376953,99.79000091552734,657400,100.94999694824219,100.20999908447266,100.20999908447266
08-09-2021,97.88999938964844,100.22000122070312,435300,100.6500015258789,98.11000061035156,98.11000061035156
09-09-2021,97.69999694824219,98.20999908447266,523600,99.0,98.04000091552734,98.04000091552734
10-09-2021,97.76000213623047,98.36000061035156,361300,99.0199966430664,98.0199966430664,98.0199966430664
13-09-2021,97.13999938964844,98.27999877929688,406800,98.63999938964844,97.55999755859375,97.55999755859375
14-09-2021,96.69999694824219,97.80999755859375,433600,97.80999755859375,97.4800033569336,97.4800033569336
15-09-2021,96.76000213623047,97.2300033569336,499400,98.79000091552734,98.5999984741211,98.5999984741211
16-09-2021,97.7699966430664,98.22000122070312,500100,99.08999633789062,98.73999786376953,98.73999786376953
17-09-2021,96.52999877929688,98.18000030517578,1381100,98.66999816894531,97.52999877929688,97.52999877929688
20-09-2021,94.8499984741211,96.69999694824219,830600,97.27999877929688,95.5999984741211,95.5999984741211
21-09-2021,92.83000183105469,96.19000244140625,785400,97.52999877929688,92.86000061035156,92.86000061035156
22-09-2021,91.43000030517578,92.86000061035156,859700,94.48999786376953,94.30999755859375,94.30999755859375
23-09-2021,94.58000183105469,94.93000030517578,476000,96.0199966430664,94.6500015258789,94.6500015258789
24-09-2021,93.93000030517578,94.27999877929688,417900,95.37999725341797,94.43000030517578,94.43000030517578
27-09-2021,93.9800033569336,94.2699966430664,411200,95.5199966430664,94.06999969482422,94.06999969482422
28-09-2021,91.7300033569336,93.9800033569336,696700,94.29000091552734,92.5199966430664,92.5199966430664
29-09-2021,92.12999725341797,92.87999725341797,423000,93.23999786376953,92.23999786376953,92.23999786376953
30-09-2021,88.81999969482422,92.6500015258789,1430100,92.66000366210938,89.22000122070312,89.22000122070312
01-10-2021,86.62999725341797,89.27999877929688,889600,89.6500015258789,89.08999633789062,89.08999633789062
04-10-2021,86.05000305175781,89.54000091552734,1008900,89.54000091552734,86.6500015258789,86.6500015258789
05-10-2021,86.08000183105469,86.9800033569336,970600,87.72000122070312,87.12000274658203,87.12000274658203
06-10-2021,86.30000305175781,86.56999969482422,597600,88.0199966430664,87.91000366210938,87.91000366210938
07-10-2021,88.5199966430664,88.91999816894531,766600,90.25,89.30999755859375,89.30999755859375
08-10-2021,89.70999908447266,89.70999908447266,695700,90.76000213623047,90.0,90.0
11-10-2021,87.80999755859375,88.0,883000,89.62000274658203,88.54000091552734,88.54000091552734
12-10-2021,87.0,88.87999725341797,647500,89.44999694824219,88.05000305175781,88.05000305175781
13-10-2021,86.9000015258789,87.5,783800,88.72000122070312,88.25,88.25
14-10-2021,88.94999694824219,89.16999816894531,1066800,92.02999877929688,91.3499984741211,91.3499984741211
15-10-2021,91.6500015258789,92.02999877929688,978500,93.1500015258789,92.47000122070312,92.47000122070312
18-10-2021,91.84500122070312,92.18000030517578,242159,92.72000122070312,92.4800033569336,92.4800033569336
