Date,Low,Open,Volume,High,Close,Adjusted Close
06-06-2014,8.0,8.029999732971191,1769100,8.4399995803833,8.010000228881836,8.010000228881836
09-06-2014,7.550000190734863,7.760000228881836,152500,8.199999809265137,8.0,8.0
10-06-2014,8.0,8.100000381469727,56500,8.100000381469727,8.0,8.0
11-06-2014,7.849999904632568,7.980000019073486,96000,8.020000457763672,7.980000019073486,7.980000019073486
12-06-2014,8.0,8.0,108100,8.199999809265137,8.010000228881836,8.010000228881836
13-06-2014,8.0,8.0,81300,8.539999961853027,8.229999542236328,8.229999542236328
16-06-2014,7.460000038146973,8.220000267028809,91700,8.4399995803833,8.140000343322754,8.140000343322754
17-06-2014,8.0,8.199999809265137,92600,8.289999961853027,8.180000305175781,8.180000305175781
18-06-2014,8.149999618530273,8.149999618530273,33500,8.609999656677246,8.600000381469727,8.600000381469727
19-06-2014,8.390000343322754,8.600000381469727,39300,8.989999771118164,8.779999732971191,8.779999732971191
20-06-2014,8.229999542236328,8.930000305175781,86000,9.729999542236328,9.729999542236328,9.729999542236328
23-06-2014,9.149999618530273,9.699999809265137,79900,10.0,9.989999771118164,9.989999771118164
24-06-2014,10.0,11.300000190734863,50000,11.300000190734863,10.569999694824219,10.569999694824219
25-06-2014,10.199999809265137,10.699999809265137,14100,10.819999694824219,10.600000381469727,10.600000381469727
26-06-2014,10.0600004196167,10.199999809265137,32900,10.890000343322754,10.25,10.25
27-06-2014,10.25,10.430000305175781,17000,10.940999984741211,10.819999694824219,10.819999694824219
30-06-2014,10.800000190734863,10.800000190734863,201400,14.600000381469727,13.0,13.0
01-07-2014,13.300000190734863,13.300000190734863,182800,16.850000381469727,16.6299991607666,16.6299991607666
02-07-2014,14.529999732971191,16.899999618530273,113200,17.31999969482422,15.289999961853027,15.289999961853027
03-07-2014,13.9399995803833,15.279999732971191,44800,15.989999771118164,15.109999656677246,15.109999656677246
07-07-2014,12.630000114440918,15.170000076293945,55700,15.449999809265137,13.350000381469727,13.350000381469727
08-07-2014,11.35099983215332,13.390000343322754,76200,13.390000343322754,11.529999732971191,11.529999732971191
09-07-2014,10.34000015258789,11.510000228881836,71700,12.34000015258789,10.960000038146973,10.960000038146973
10-07-2014,10.050000190734863,10.420000076293945,64400,10.760000228881836,10.59000015258789,10.59000015258789
11-07-2014,10.50100040435791,10.539999961853027,31800,12.699999809265137,11.550000190734863,11.550000190734863
14-07-2014,11.5,11.579999923706055,98500,13.880000114440918,12.460000038146973,12.460000038146973
15-07-2014,11.479999542236328,12.4399995803833,24600,12.880000114440918,12.140000343322754,12.140000343322754
16-07-2014,12.539999961853027,12.699999809265137,66200,14.050000190734863,13.055000305175781,13.055000305175781
17-07-2014,11.993000030517578,13.4399995803833,46500,13.4399995803833,12.550000190734863,12.550000190734863
18-07-2014,11.850000381469727,12.5600004196167,32100,12.600000381469727,12.0600004196167,12.0600004196167
21-07-2014,11.0,12.0,17200,12.0,11.15999984741211,11.15999984741211
22-07-2014,10.260000228881836,11.149999618530273,40800,11.9399995803833,10.550000190734863,10.550000190734863
23-07-2014,10.020000457763672,10.579999923706055,38400,10.8100004196167,10.076000213623047,10.076000213623047
24-07-2014,10.0600004196167,10.0600004196167,10900,10.489999771118164,10.15999984741211,10.15999984741211
25-07-2014,10.039999961853027,10.170000076293945,38100,10.479999542236328,10.260000228881836,10.260000228881836
28-07-2014,10.199999809265137,10.399999618530273,16600,10.75,10.34000015258789,10.34000015258789
29-07-2014,9.149999618530273,10.270000457763672,120200,10.550000190734863,9.550000190734863,9.550000190734863
30-07-2014,9.149999618530273,9.550000190734863,36000,10.010000228881836,9.210000038146973,9.210000038146973
31-07-2014,8.619999885559082,9.149999618530273,66300,9.5,8.920000076293945,8.920000076293945
01-08-2014,8.085000038146973,8.880000114440918,73600,8.890000343322754,8.380000114440918,8.380000114440918
04-08-2014,8.420000076293945,8.5,53100,9.630000114440918,9.460000038146973,9.460000038146973
05-08-2014,9.119999885559082,9.75,151700,12.149999618530273,10.130000114440918,10.130000114440918
06-08-2014,10.010000228881836,10.5,112600,11.399999618530273,10.359999656677246,10.359999656677246
07-08-2014,9.75,10.40999984741211,44700,10.710000038146973,10.640000343322754,10.640000343322754
08-08-2014,10.600000381469727,11.25,108000,12.0,11.8100004196167,11.8100004196167
11-08-2014,12.0,12.0,88200,13.600000381469727,12.640000343322754,12.640000343322754
12-08-2014,11.605999946594238,12.569999694824219,53700,12.649999618530273,12.5,12.5
13-08-2014,12.010000228881836,12.59000015258789,61500,13.210000038146973,12.350000381469727,12.350000381469727
14-08-2014,11.402999877929688,12.930000305175781,51700,12.930000305175781,12.5600004196167,12.5600004196167
15-08-2014,12.0,12.609999656677246,63200,13.359999656677246,13.15999984741211,13.15999984741211
18-08-2014,12.920000076293945,13.5,127500,14.0,13.350000381469727,13.350000381469727
19-08-2014,10.75,11.710000038146973,57800,13.680000305175781,13.390000343322754,13.390000343322754
20-08-2014,12.949999809265137,13.3100004196167,24800,13.979999542236328,13.8100004196167,13.8100004196167
21-08-2014,12.64900016784668,13.779999732971191,26000,13.779999732971191,13.489999771118164,13.489999771118164
22-08-2014,13.109999656677246,13.369999885559082,28500,14.0,13.800000190734863,13.800000190734863
25-08-2014,13.0,13.5,24500,14.0,13.970000267028809,13.970000267028809
26-08-2014,13.5,13.65999984741211,18100,14.0,14.0,14.0
27-08-2014,13.329999923706055,13.699999809265137,7300,14.0,14.0,14.0
28-08-2014,13.126999855041504,13.869999885559082,10200,13.869999885559082,13.390000343322754,13.390000343322754
29-08-2014,13.559000015258789,13.6899995803833,11200,14.0,13.680000305175781,13.680000305175781
02-09-2014,14.0,14.0,53000,15.972000122070312,14.859999656677246,14.859999656677246
03-09-2014,14.699999809265137,15.260000228881836,25400,15.699999809265137,14.800000190734863,14.800000190734863
04-09-2014,14.131999969482422,14.899999618530273,23800,14.90999984741211,14.510000228881836,14.510000228881836
05-09-2014,14.170000076293945,14.539999961853027,48100,15.718999862670898,14.720000267028809,14.720000267028809
08-09-2014,14.3100004196167,15.199999809265137,85800,15.979999542236328,15.979999542236328,15.979999542236328
09-09-2014,15.300000190734863,15.869999885559082,67900,15.970000267028809,15.609999656677246,15.609999656677246
10-09-2014,15.329999923706055,15.850000381469727,41800,15.960000038146973,15.890000343322754,15.890000343322754
11-09-2014,15.279999732971191,15.789999961853027,43600,15.899999618530273,15.510000228881836,15.510000228881836
12-09-2014,15.100000381469727,15.449999809265137,52900,15.90999984741211,15.149999618530273,15.149999618530273
15-09-2014,13.15999984741211,15.152999877929688,68900,15.152999877929688,14.029999732971191,14.029999732971191
16-09-2014,14.317999839782715,14.4399995803833,70200,15.720000267028809,14.885000228881836,14.885000228881836
17-09-2014,14.329999923706055,15.25,50900,15.699999809265137,14.520000457763672,14.520000457763672
18-09-2014,14.100000381469727,14.59000015258789,71200,15.34000015258789,14.59000015258789,14.59000015258789
19-09-2014,14.109999656677246,15.149999618530273,188200,15.319999694824219,14.640000343322754,14.640000343322754
22-09-2014,14.649999618530273,14.890000343322754,91700,15.300000190734863,15.300000190734863,15.300000190734863
23-09-2014,15.5,15.5,539000,19.899999618530273,17.950000762939453,17.950000762939453
24-09-2014,17.59000015258789,17.68000030517578,133400,19.204999923706055,19.1200008392334,19.1200008392334
25-09-2014,17.600000381469727,18.899999618530273,135700,19.75,19.520000457763672,19.520000457763672
26-09-2014,18.0,19.030000686645508,160500,22.5,22.239999771118164,22.239999771118164
29-09-2014,21.34000015258789,22.0,277300,24.280000686645508,21.420000076293945,21.420000076293945
30-09-2014,20.020000457763672,21.209999084472656,783900,21.639999389648438,21.0,21.0
01-10-2014,18.809999465942383,21.149999618530273,109400,21.780000686645508,19.139999389648438,19.139999389648438
02-10-2014,18.25,18.260000228881836,661800,19.860000610351562,18.829999923706055,18.829999923706055
03-10-2014,18.25,18.850000381469727,108600,20.010000228881836,19.799999237060547,19.799999237060547
06-10-2014,18.5,19.799999237060547,107900,20.3700008392334,20.110000610351562,20.110000610351562
07-10-2014,19.170000076293945,19.93000030517578,80100,20.979999542236328,20.469999313354492,20.469999313354492
08-10-2014,20.43000030517578,20.43000030517578,143800,23.75,23.309999465942383,23.309999465942383
09-10-2014,22.540000915527344,23.190000534057617,191700,24.926000595092773,23.110000610351562,23.110000610351562
10-10-2014,20.399999618530273,23.389999389648438,166200,24.448999404907227,20.700000762939453,20.700000762939453
13-10-2014,18.049999237060547,20.479999542236328,133900,20.700000762939453,18.1200008392334,18.1200008392334
14-10-2014,17.440000534057617,18.1299991607666,119200,19.100000381469727,17.729999542236328,17.729999542236328
15-10-2014,16.549999237060547,17.510000228881836,125200,19.219999313354492,18.450000762939453,18.450000762939453
16-10-2014,17.6299991607666,17.6299991607666,96200,19.775999069213867,18.739999771118164,18.739999771118164
17-10-2014,18.059999465942383,19.030000686645508,65100,19.350000381469727,18.170000076293945,18.170000076293945
20-10-2014,18.020000457763672,18.020000457763672,56500,19.190000534057617,18.709999084472656,18.709999084472656
21-10-2014,18.790000915527344,19.09000015258789,36600,20.940000534057617,19.049999237060547,19.049999237060547
22-10-2014,18.84000015258789,20.0,22100,20.0,19.030000686645508,19.030000686645508
23-10-2014,19.239999771118164,19.520000457763672,34600,20.530000686645508,19.59000015258789,19.59000015258789
24-10-2014,19.270000457763672,20.0,84700,20.639999389648438,19.649999618530273,19.649999618530273
27-10-2014,19.408000946044922,20.0,47200,20.709999084472656,19.799999237060547,19.799999237060547
28-10-2014,19.56999969482422,20.190000534057617,47800,20.350000381469727,20.030000686645508,20.030000686645508
29-10-2014,19.65999984741211,20.020000457763672,44600,20.1200008392334,19.950000762939453,19.950000762939453
30-10-2014,18.5,19.700000762939453,104300,20.170000076293945,18.959999084472656,18.959999084472656
31-10-2014,18.3700008392334,19.709999084472656,78500,20.440000534057617,18.40999984741211,18.40999984741211
03-11-2014,18.549999237060547,18.75,94000,19.389999389648438,19.020000457763672,19.020000457763672
04-11-2014,18.1200008392334,18.850000381469727,142600,20.5,20.200000762939453,20.200000762939453
05-11-2014,19.809999465942383,20.31999969482422,72100,21.445999145507812,20.219999313354492,20.219999313354492
06-11-2014,20.09000015258789,20.15999984741211,167400,22.649999618530273,20.8700008392334,20.8700008392334
07-11-2014,20.549999237060547,21.079999923706055,99400,22.25,22.139999389648438,22.139999389648438
10-11-2014,21.82900047302246,22.06999969482422,107400,22.899999618530273,22.31999969482422,22.31999969482422
11-11-2014,19.280000686645508,22.299999237060547,117000,22.959999084472656,20.65999984741211,20.65999984741211
12-11-2014,20.799999237060547,21.489999771118164,160900,22.18000030517578,21.75,21.75
13-11-2014,21.020000457763672,22.459999084472656,146500,23.760000228881836,22.729999542236328,22.729999542236328
14-11-2014,21.969999313354492,24.0,172600,24.0,22.31999969482422,22.31999969482422
17-11-2014,22.170000076293945,22.170000076293945,93000,23.559999465942383,22.889999389648438,22.889999389648438
18-11-2014,22.809999465942383,23.09000015258789,95500,23.579999923706055,22.969999313354492,22.969999313354492
19-11-2014,22.760000228881836,22.790000915527344,62700,23.290000915527344,22.950000762939453,22.950000762939453
20-11-2014,22.81999969482422,22.950000762939453,63400,23.270000457763672,23.15999984741211,23.15999984741211
21-11-2014,21.709999084472656,23.600000381469727,237600,23.600000381469727,22.219999313354492,22.219999313354492
24-11-2014,22.40999984741211,24.0,172100,24.0,22.700000762939453,22.700000762939453
25-11-2014,22.399999618530273,22.959999084472656,217100,23.149999618530273,22.65999984741211,22.65999984741211
26-11-2014,22.510000228881836,22.600000381469727,118700,23.079999923706055,22.709999084472656,22.709999084472656
28-11-2014,22.530000686645508,22.530000686645508,178700,27.700000762939453,24.700000762939453,24.700000762939453
01-12-2014,21.809999465942383,24.579999923706055,187900,25.670000076293945,23.8799991607666,23.8799991607666
02-12-2014,23.149999618530273,24.079999923706055,100400,25.799999237060547,24.18000030517578,24.18000030517578
03-12-2014,21.93000030517578,24.139999389648438,114000,24.139999389648438,22.06999969482422,22.06999969482422
04-12-2014,21.899999618530273,21.989999771118164,155600,24.101999282836914,23.389999389648438,23.389999389648438
05-12-2014,22.534000396728516,23.170000076293945,126200,24.514999389648438,24.239999771118164,24.239999771118164
08-12-2014,22.559999465942383,24.25,225800,25.459999084472656,22.860000610351562,22.860000610351562
09-12-2014,22.5,22.610000610351562,632000,23.84000015258789,22.899999618530273,22.899999618530273
10-12-2014,22.149999618530273,22.899999618530273,150000,23.280000686645508,22.299999237060547,22.299999237060547
11-12-2014,22.290000915527344,22.290000915527344,183100,24.989999771118164,24.600000381469727,24.600000381469727
12-12-2014,24.149999618530273,24.489999771118164,344700,26.860000610351562,26.3799991607666,26.3799991607666
15-12-2014,24.809999465942383,26.68000030517578,466000,27.7450008392334,25.100000381469727,25.100000381469727
16-12-2014,24.93000030517578,24.93000030517578,293900,26.969999313354492,26.299999237060547,26.299999237060547
17-12-2014,26.25,26.899999618530273,748200,31.530000686645508,30.969999313354492,30.969999313354492
18-12-2014,30.799999237060547,31.0,453000,32.81999969482422,31.559999465942383,31.559999465942383
19-12-2014,31.06999969482422,32.29999923706055,1126200,32.529998779296875,32.029998779296875,32.029998779296875
22-12-2014,30.459999084472656,31.5,2157000,42.56999969482422,37.45000076293945,37.45000076293945
23-12-2014,34.029998779296875,38.0099983215332,1071600,38.849998474121094,37.060001373291016,37.060001373291016
24-12-2014,35.65999984741211,37.380001068115234,194100,38.119998931884766,37.16999816894531,37.16999816894531
26-12-2014,36.9900016784668,37.5,103000,38.56999969482422,38.15999984741211,38.15999984741211
29-12-2014,37.80500030517578,38.25,244600,39.9900016784668,39.0,39.0
30-12-2014,37.290000915527344,38.810001373291016,258800,39.130001068115234,37.959999084472656,37.959999084472656
31-12-2014,37.15599822998047,37.81999969482422,318100,39.25,38.90999984741211,38.90999984741211
02-01-2015,38.369998931884766,39.75,213000,41.29999923706055,41.209999084472656,41.209999084472656
05-01-2015,40.209999084472656,41.27000045776367,489700,44.66999816894531,42.5,42.5
06-01-2015,39.540000915527344,42.84000015258789,383500,42.84000015258789,40.08000183105469,40.08000183105469
07-01-2015,39.0,40.0,610500,42.970001220703125,42.380001068115234,42.380001068115234
08-01-2015,41.16999816894531,43.0,454000,43.0,41.5099983215332,41.5099983215332
09-01-2015,40.31999969482422,41.15999984741211,716700,41.52000045776367,40.91999816894531,40.91999816894531
12-01-2015,38.119998931884766,41.5,427100,42.099998474121094,38.900001525878906,38.900001525878906
13-01-2015,38.75,38.81999969482422,375200,41.470001220703125,40.72999954223633,40.72999954223633
14-01-2015,39.540000915527344,40.04999923706055,195700,41.5,40.72999954223633,40.72999954223633
15-01-2015,38.5,40.20000076293945,179500,40.45000076293945,39.45000076293945,39.45000076293945
16-01-2015,38.349998474121094,38.939998626708984,352300,40.040000915527344,39.38999938964844,39.38999938964844
20-01-2015,37.11000061035156,39.189998626708984,662500,40.0,39.369998931884766,39.369998931884766
21-01-2015,35.53300094604492,38.599998474121094,488800,39.0,36.900001525878906,36.900001525878906
22-01-2015,35.02000045776367,36.529998779296875,450900,37.900001525878906,37.5099983215332,37.5099983215332
23-01-2015,37.709999084472656,37.869998931884766,2954700,39.189998626708984,38.650001525878906,38.650001525878906
26-01-2015,38.380001068115234,38.95000076293945,951500,41.75,40.939998626708984,40.939998626708984
27-01-2015,38.79999923706055,39.279998779296875,926900,45.97999954223633,44.290000915527344,44.290000915527344
28-01-2015,42.75,44.310001373291016,728300,48.09000015258789,46.54999923706055,46.54999923706055
29-01-2015,43.58000183105469,46.08000183105469,463200,49.40999984741211,47.119998931884766,47.119998931884766
30-01-2015,48.0,48.47999954223633,944100,50.0,48.189998626708984,48.189998626708984
02-02-2015,46.04999923706055,49.0,374200,49.0,47.810001373291016,47.810001373291016
03-02-2015,43.459999084472656,48.310001373291016,661300,48.310001373291016,46.959999084472656,46.959999084472656
04-02-2015,44.439998626708984,46.349998474121094,310700,47.65999984741211,46.279998779296875,46.279998779296875
05-02-2015,45.54999923706055,46.849998474121094,517200,47.79999923706055,46.689998626708984,46.689998626708984
06-02-2015,45.61000061035156,46.970001220703125,284500,47.79999923706055,47.70000076293945,47.70000076293945
09-02-2015,47.400001525878906,47.400001525878906,272400,50.439998626708984,49.08000183105469,49.08000183105469
10-02-2015,48.560001373291016,49.08000183105469,328000,50.33000183105469,49.7400016784668,49.7400016784668
11-02-2015,48.97999954223633,49.310001373291016,239200,49.720001220703125,49.599998474121094,49.599998474121094
12-02-2015,48.130001068115234,49.79999923706055,222300,50.290000915527344,49.7400016784668,49.7400016784668
13-02-2015,49.04199981689453,49.56999969482422,708800,51.220001220703125,50.369998931884766,50.369998931884766
17-02-2015,47.880001068115234,50.650001525878906,330300,50.650001525878906,47.88999938964844,47.88999938964844
18-02-2015,45.27000045776367,47.13999938964844,1305400,47.790000915527344,45.599998474121094,45.599998474121094
19-02-2015,44.79999923706055,45.5,447000,46.97999954223633,46.88999938964844,46.88999938964844
20-02-2015,45.849998474121094,46.70000076293945,593100,48.22999954223633,45.900001525878906,45.900001525878906
23-02-2015,45.08000183105469,45.91999816894531,205100,47.34000015258789,47.06999969482422,47.06999969482422
24-02-2015,46.327999114990234,47.06999969482422,179700,48.0,46.68000030517578,46.68000030517578
25-02-2015,45.31999969482422,46.959999084472656,313200,47.470001220703125,45.709999084472656,45.709999084472656
26-02-2015,44.619998931884766,45.65999984741211,224300,46.20000076293945,45.31999969482422,45.31999969482422
27-02-2015,42.33000183105469,45.279998779296875,465900,45.38800048828125,42.650001525878906,42.650001525878906
02-03-2015,42.06999969482422,42.650001525878906,510200,44.79999923706055,44.18000030517578,44.18000030517578
03-03-2015,43.5,44.18000030517578,333200,44.709999084472656,43.869998931884766,43.869998931884766
04-03-2015,43.040000915527344,43.880001068115234,354800,44.55400085449219,44.13999938964844,44.13999938964844
05-03-2015,44.099998474121094,44.209999084472656,399900,46.61000061035156,46.18000030517578,46.18000030517578
06-03-2015,45.29999923706055,46.04999923706055,583600,47.880001068115234,47.470001220703125,47.470001220703125
09-03-2015,46.29999923706055,47.849998474121094,744800,48.470001220703125,47.790000915527344,47.790000915527344
10-03-2015,46.7599983215332,48.060001373291016,513300,49.540000915527344,47.790000915527344,47.790000915527344
11-03-2015,47.08000183105469,48.779998779296875,572200,48.779998779296875,48.20000076293945,48.20000076293945
12-03-2015,47.5099983215332,47.939998626708984,359400,48.83000183105469,48.619998931884766,48.619998931884766
13-03-2015,46.02000045776367,48.33000183105469,667300,50.31800079345703,47.36000061035156,47.36000061035156
16-03-2015,46.95000076293945,47.779998779296875,399500,48.4900016784668,48.34000015258789,48.34000015258789
17-03-2015,47.439998626708984,48.0,442200,48.779998779296875,48.20000076293945,48.20000076293945
18-03-2015,47.25,47.939998626708984,498800,48.20000076293945,47.86000061035156,47.86000061035156
19-03-2015,46.95000076293945,48.15999984741211,490800,49.099998474121094,48.20000076293945,48.20000076293945
20-03-2015,47.09000015258789,48.4900016784668,1388400,49.58000183105469,48.61000061035156,48.61000061035156
23-03-2015,47.150001525878906,48.470001220703125,302000,48.599998474121094,47.529998779296875,47.529998779296875
24-03-2015,47.0,47.45000076293945,488900,48.8849983215332,47.599998474121094,47.599998474121094
25-03-2015,42.5880012512207,47.470001220703125,515300,47.720001220703125,44.59000015258789,44.59000015258789
26-03-2015,41.2599983215332,44.25,621000,44.900001525878906,41.84000015258789,41.84000015258789
27-03-2015,41.15999984741211,42.0099983215332,342700,43.2599983215332,41.77000045776367,41.77000045776367
30-03-2015,41.650001525878906,42.09000015258789,238800,43.61000061035156,43.540000915527344,43.540000915527344
31-03-2015,41.099998474121094,43.45000076293945,372000,44.06999969482422,41.15999984741211,41.15999984741211
01-04-2015,39.43000030517578,41.22999954223633,487000,42.220001220703125,40.619998931884766,40.619998931884766
02-04-2015,40.150001525878906,40.599998474121094,312000,42.369998931884766,42.27000045776367,42.27000045776367
06-04-2015,40.22600173950195,42.099998474121094,178600,42.979000091552734,40.47999954223633,40.47999954223633
07-04-2015,39.93000030517578,40.5,320000,41.31999969482422,40.2599983215332,40.2599983215332
08-04-2015,40.060001373291016,40.310001373291016,393300,44.400001525878906,44.189998626708984,44.189998626708984
09-04-2015,41.619998931884766,44.13999938964844,459000,44.95000076293945,44.279998779296875,44.279998779296875
10-04-2015,42.56999969482422,44.220001220703125,269500,44.58000183105469,43.18000030517578,43.18000030517578
13-04-2015,42.40999984741211,43.27000045776367,253300,43.849998474121094,43.0,43.0
14-04-2015,41.66999816894531,43.029998779296875,307100,43.79999923706055,41.88999938964844,41.88999938964844
15-04-2015,40.25,41.77000045776367,319500,41.86000061035156,41.58000183105469,41.58000183105469
16-04-2015,41.20800018310547,41.349998474121094,333600,43.779998779296875,43.5,43.5
17-04-2015,41.060001373291016,43.040000915527344,312900,43.439998626708984,41.4900016784668,41.4900016784668
20-04-2015,40.349998474121094,41.779998779296875,213500,42.709999084472656,41.75,41.75
21-04-2015,41.54999923706055,41.97999954223633,179000,43.0099983215332,42.380001068115234,42.380001068115234
22-04-2015,41.790000915527344,42.470001220703125,237300,43.0099983215332,41.900001525878906,41.900001525878906
23-04-2015,41.29999923706055,42.0099983215332,175800,42.599998474121094,41.959999084472656,41.959999084472656
24-04-2015,40.689998626708984,42.2599983215332,211600,42.630001068115234,41.0099983215332,41.0099983215332
27-04-2015,37.47999954223633,41.0,431900,41.9900016784668,37.79999923706055,37.79999923706055
28-04-2015,35.2599983215332,37.95000076293945,527500,38.04999923706055,36.68000030517578,36.68000030517578
29-04-2015,35.02000045776367,36.38999938964844,547000,37.4900016784668,36.2400016784668,36.2400016784668
30-04-2015,34.755001068115234,36.08000183105469,633400,36.79999923706055,35.84000015258789,35.84000015258789
01-05-2015,34.95000076293945,36.09000015258789,400900,36.779998779296875,36.58000183105469,36.58000183105469
04-05-2015,36.599998474121094,36.83000183105469,439600,38.63999938964844,36.869998931884766,36.869998931884766
05-05-2015,35.58000183105469,36.939998626708984,451500,37.18000030517578,36.040000915527344,36.040000915527344
06-05-2015,35.2599983215332,36.470001220703125,437800,38.220001220703125,37.58000183105469,37.58000183105469
07-05-2015,36.540000915527344,38.56999969482422,169000,38.72999954223633,36.7400016784668,36.7400016784668
08-05-2015,37.060001373291016,37.060001373291016,465600,39.47999954223633,37.9900016784668,37.9900016784668
11-05-2015,39.5099983215332,39.5099983215332,1034700,41.82899856567383,41.47999954223633,41.47999954223633
12-05-2015,40.654998779296875,41.400001525878906,558200,43.25,42.220001220703125,42.220001220703125
13-05-2015,42.0,42.33000183105469,406500,43.06999969482422,42.7599983215332,42.7599983215332
14-05-2015,42.220001220703125,42.810001373291016,394700,45.2599983215332,45.11000061035156,45.11000061035156
15-05-2015,44.529998779296875,44.77000045776367,365700,46.599998474121094,46.22999954223633,46.22999954223633
18-05-2015,44.880001068115234,46.0,480200,47.400001525878906,46.630001068115234,46.630001068115234
19-05-2015,46.75,47.02000045776367,643700,49.361000061035156,48.099998474121094,48.099998474121094
20-05-2015,46.349998474121094,48.25,453900,49.060001373291016,48.34000015258789,48.34000015258789
21-05-2015,47.29999923706055,48.58000183105469,258300,49.025001525878906,48.06999969482422,48.06999969482422
22-05-2015,47.09000015258789,47.93000030517578,246700,48.47999954223633,48.06999969482422,48.06999969482422
26-05-2015,47.880001068115234,48.65999984741211,506100,49.70000076293945,48.900001525878906,48.900001525878906
27-05-2015,47.7599983215332,48.90999984741211,402800,49.0,48.45000076293945,48.45000076293945
28-05-2015,46.2400016784668,48.27000045776367,191500,49.040000915527344,47.939998626708984,47.939998626708984
29-05-2015,47.0099983215332,47.689998626708984,245200,48.349998474121094,48.220001220703125,48.220001220703125
01-06-2015,46.72999954223633,48.75,516100,49.150001525878906,47.86000061035156,47.86000061035156
02-06-2015,46.709999084472656,47.31999969482422,326900,49.0,48.06999969482422,48.06999969482422
03-06-2015,47.04999923706055,48.88999938964844,324100,48.88999938964844,48.040000915527344,48.040000915527344
04-06-2015,45.560001373291016,47.68000030517578,213900,48.07500076293945,47.060001373291016,47.060001373291016
05-06-2015,46.11000061035156,46.880001068115234,250500,48.2400016784668,48.20000076293945,48.20000076293945
08-06-2015,47.70000076293945,48.369998931884766,317500,49.5,48.09000015258789,48.09000015258789
09-06-2015,46.0989990234375,47.959999084472656,207100,48.13999938964844,48.04999923706055,48.04999923706055
10-06-2015,47.56999969482422,47.959999084472656,361900,49.0099983215332,49.0099983215332,49.0099983215332
11-06-2015,48.18000030517578,49.099998474121094,320600,49.709999084472656,49.43000030517578,49.43000030517578
12-06-2015,47.33000183105469,49.40999984741211,327500,49.40999984741211,47.880001068115234,47.880001068115234
15-06-2015,46.41999816894531,47.38999938964844,314900,49.119998931884766,48.880001068115234,48.880001068115234
16-06-2015,47.54999923706055,48.58000183105469,380900,49.720001220703125,48.56999969482422,48.56999969482422
17-06-2015,48.56999969482422,48.61000061035156,859000,52.5,51.72999954223633,51.72999954223633
18-06-2015,55.04999923706055,55.34000015258789,3747800,63.52000045776367,59.63999938964844,59.63999938964844
19-06-2015,58.599998474121094,60.0,1755000,61.0,60.0,60.0
22-06-2015,58.25,59.7400016784668,2101400,64.0,63.04999923706055,63.04999923706055
23-06-2015,63.439998626708984,63.939998626708984,1676800,66.54000091552734,65.56999969482422,65.56999969482422
24-06-2015,64.04499816894531,65.86000061035156,994200,66.9000015258789,64.29000091552734,64.29000091552734
25-06-2015,61.11000061035156,64.69000244140625,821200,64.75,63.43000030517578,63.43000030517578
26-06-2015,60.599998474121094,63.34000015258789,3441400,64.69999694824219,63.93000030517578,63.93000030517578
29-06-2015,61.119998931884766,62.869998931884766,446800,63.84000015258789,61.709999084472656,61.709999084472656
30-06-2015,63.029998779296875,64.4800033569336,1746400,69.16000366210938,67.69999694824219,67.69999694824219
01-07-2015,66.69999694824219,69.3499984741211,1079000,69.4000015258789,66.94000244140625,66.94000244140625
02-07-2015,65.76000213623047,66.98999786376953,485600,68.19999694824219,67.93000030517578,67.93000030517578
06-07-2015,67.0,67.27999877929688,786200,70.5999984741211,70.19000244140625,70.19000244140625
07-07-2015,66.81099700927734,70.30000305175781,919600,70.54000091552734,70.37999725341797,70.37999725341797
08-07-2015,67.41000366210938,69.54000091552734,725700,72.48999786376953,67.87000274658203,67.87000274658203
09-07-2015,68.30000305175781,68.97000122070312,518400,70.94999694824219,70.02999877929688,70.02999877929688
10-07-2015,70.11599731445312,71.0,653700,75.0,72.61000061035156,72.61000061035156
13-07-2015,72.72000122070312,73.7699966430664,556500,75.59500122070312,73.3499984741211,73.3499984741211
14-07-2015,73.13800048828125,73.38999938964844,863200,80.25,79.9000015258789,79.9000015258789
15-07-2015,72.30000305175781,81.98999786376953,3601000,84.63999938964844,75.37999725341797,75.37999725341797
16-07-2015,75.37999725341797,76.56999969482422,1158300,78.5,77.63999938964844,77.63999938964844
17-07-2015,76.98999786376953,77.88999938964844,892700,81.73999786376953,80.62999725341797,80.62999725341797
20-07-2015,77.54000091552734,81.0,737500,83.5,78.86000061035156,78.86000061035156
21-07-2015,75.60399627685547,79.26000213623047,580700,79.44999694824219,78.29000091552734,78.29000091552734
22-07-2015,70.2699966430664,70.93000030517578,1323500,76.51000213623047,75.41000366210938,75.41000366210938
23-07-2015,73.25,74.98999786376953,3026800,76.9000015258789,76.08000183105469,76.08000183105469
24-07-2015,74.80000305175781,75.81999969482422,1257800,78.9000015258789,75.11499786376953,75.11499786376953
27-07-2015,72.01000213623047,74.79000091552734,806000,75.23999786376953,73.76000213623047,73.76000213623047
28-07-2015,72.01000213623047,74.37999725341797,994600,74.79000091552734,72.9000015258789,72.9000015258789
29-07-2015,72.33999633789062,72.94999694824219,591800,75.0,73.38999938964844,73.38999938964844
30-07-2015,72.86699676513672,73.5,725900,75.54000091552734,75.23999786376953,75.23999786376953
31-07-2015,74.95800018310547,75.26000213623047,1304300,78.93000030517578,78.31999969482422,78.31999969482422
03-08-2015,76.54000091552734,78.62999725341797,849200,79.9000015258789,77.66000366210938,77.66000366210938
04-08-2015,75.29000091552734,77.37999725341797,567100,78.5999984741211,75.97000122070312,75.97000122070312
05-08-2015,75.5,76.12000274658203,654700,78.45999908447266,76.25,76.25
06-08-2015,67.7699966430664,74.0,1087200,76.76000213623047,68.44000244140625,68.44000244140625
07-08-2015,63.400001525878906,68.70999908447266,1072700,68.97000122070312,66.52999877929688,66.52999877929688
10-08-2015,65.27999877929688,67.0,894800,70.0,65.93000030517578,65.93000030517578
11-08-2015,64.75,65.91999816894531,692000,68.01000213623047,65.69999694824219,65.69999694824219
12-08-2015,64.75,65.0,905300,68.87799835205078,68.20999908447266,68.20999908447266
13-08-2015,65.9000015258789,68.37999725341797,520600,69.44999694824219,66.62000274658203,66.62000274658203
14-08-2015,63.75,68.02999877929688,1014000,68.33000183105469,66.86000061035156,66.86000061035156
17-08-2015,66.29000091552734,66.29000091552734,1075100,72.94999694824219,72.51000213623047,72.51000213623047
18-08-2015,70.30000305175781,72.87000274658203,710700,72.87000274658203,71.22000122070312,71.22000122070312
19-08-2015,68.12000274658203,70.97000122070312,522100,71.94999694824219,69.19000244140625,69.19000244140625
20-08-2015,63.720001220703125,68.25,777400,68.48999786376953,63.84000015258789,63.84000015258789
21-08-2015,58.72999954223633,60.5,962300,65.19200134277344,63.13999938964844,63.13999938964844
24-08-2015,52.5,55.900001525878906,1075500,62.0,57.040000915527344,57.040000915527344
25-08-2015,57.65999984741211,61.0099983215332,717200,61.65999984741211,57.77000045776367,57.77000045776367
26-08-2015,57.349998474121094,59.689998626708984,713000,61.83000183105469,61.70000076293945,61.70000076293945
27-08-2015,61.650001525878906,62.84000015258789,589400,65.62999725341797,63.34000015258789,63.34000015258789
28-08-2015,61.529998779296875,62.70000076293945,343400,64.27999877929688,64.04000091552734,64.04000091552734
31-08-2015,60.63999938964844,63.650001525878906,815100,64.72000122070312,60.86000061035156,60.86000061035156
01-09-2015,58.70000076293945,59.029998779296875,511800,62.029998779296875,61.0099983215332,61.0099983215332
02-09-2015,60.5,62.20000076293945,484200,64.5,64.37999725341797,64.37999725341797
03-09-2015,60.69599914550781,64.91000366210938,693000,65.0,62.5,62.5
04-09-2015,60.40999984741211,61.13999938964844,403500,63.95000076293945,61.459999084472656,61.459999084472656
08-09-2015,62.290000915527344,63.0099983215332,630300,67.0,66.91999816894531,66.91999816894531
09-09-2015,64.66000366210938,67.4000015258789,523100,68.88999938964844,65.2300033569336,65.2300033569336
10-09-2015,63.7400016784668,65.5199966430664,400100,67.16000366210938,65.86000061035156,65.86000061035156
11-09-2015,64.12000274658203,65.25,397500,68.20999908447266,68.08000183105469,68.08000183105469
14-09-2015,67.7300033569336,68.6500015258789,474700,70.45999908447266,69.4800033569336,69.4800033569336
15-09-2015,68.5,69.37999725341797,307700,70.4000015258789,69.54000091552734,69.54000091552734
16-09-2015,67.97000122070312,69.69999694824219,356500,70.20999908447266,69.91999816894531,69.91999816894531
17-09-2015,68.89600372314453,69.54000091552734,945400,74.93800354003906,72.69000244140625,72.69000244140625
18-09-2015,71.35199737548828,72.4000015258789,1292100,75.0,75.0,75.0
21-09-2015,66.0999984741211,75.0,1108300,75.23999786376953,68.87999725341797,68.87999725341797
22-09-2015,64.87999725341797,68.0,670500,69.47000122070312,65.72000122070312,65.72000122070312
23-09-2015,66.05400085449219,66.45999908447266,1262300,74.23999786376953,71.5999984741211,71.5999984741211
24-09-2015,69.5199966430664,72.19999694824219,1111300,73.63999938964844,70.23999786376953,70.23999786376953
25-09-2015,66.0199966430664,71.88999938964844,1373100,72.0,67.72000122070312,67.72000122070312
28-09-2015,61.22999954223633,66.7300033569336,1447000,70.77999877929688,61.619998931884766,61.619998931884766
29-09-2015,60.560001373291016,63.0,1583200,69.2699966430664,65.41000366210938,65.41000366210938
30-09-2015,66.7300033569336,67.70999908447266,1156200,70.0,69.30999755859375,69.30999755859375
01-10-2015,67.0199966430664,69.0999984741211,1494600,74.94999694824219,74.56999969482422,74.56999969482422
02-10-2015,70.70999908447266,72.0,1245200,76.19999694824219,75.88999938964844,75.88999938964844
05-10-2015,70.81999969482422,76.5999984741211,1111900,77.0999984741211,75.54000091552734,75.54000091552734
06-10-2015,68.16999816894531,74.55999755859375,1100800,75.6500015258789,70.27999877929688,70.27999877929688
07-10-2015,65.20999908447266,70.5,1407100,71.0199966430664,66.68000030517578,66.68000030517578
08-10-2015,59.5099983215332,66.23999786376953,1939000,67.69000244140625,61.099998474121094,61.099998474121094
09-10-2015,56.400001525878906,62.040000915527344,1814800,62.38999938964844,57.79999923706055,57.79999923706055
12-10-2015,55.0099983215332,60.0,1603400,62.18000030517578,55.27000045776367,55.27000045776367
13-10-2015,49.62200164794922,56.33000183105469,1762700,56.5,49.79999923706055,49.79999923706055
14-10-2015,45.88999938964844,49.63999938964844,2826000,55.88999938964844,54.150001525878906,54.150001525878906
15-10-2015,52.75,54.150001525878906,3806300,65.4800033569336,65.37000274658203,65.37000274658203
16-10-2015,64.05999755859375,64.23999786376953,2861600,69.0,68.93000030517578,68.93000030517578
19-10-2015,59.7400016784668,68.0199966430664,2169600,68.66999816894531,63.09000015258789,63.09000015258789
20-10-2015,61.38999938964844,63.34000015258789,1347100,65.63999938964844,65.37999725341797,65.37999725341797
21-10-2015,59.48500061035156,66.33999633789062,1211600,66.44999694824219,61.45000076293945,61.45000076293945
22-10-2015,58.130001068115234,61.27000045776367,960800,62.16999816894531,61.09000015258789,61.09000015258789
23-10-2015,60.5,60.86000061035156,719100,65.33000183105469,64.88999938964844,64.88999938964844
26-10-2015,63.23099899291992,64.44000244140625,701100,68.4000015258789,64.55000305175781,64.55000305175781
27-10-2015,63.5,64.58000183105469,584600,65.95999908447266,65.06999969482422,65.06999969482422
28-10-2015,64.22000122070312,64.87000274658203,670300,67.9000015258789,67.44000244140625,67.44000244140625
29-10-2015,62.57500076293945,67.11000061035156,954500,67.80000305175781,63.040000915527344,63.040000915527344
30-10-2015,63.13999938964844,63.77000045776367,740600,65.9800033569336,64.2300033569336,64.2300033569336
02-11-2015,61.810001373291016,63.2400016784668,905400,67.37999725341797,67.2300033569336,67.2300033569336
03-11-2015,65.44999694824219,67.4000015258789,1087700,70.48999786376953,69.80000305175781,69.80000305175781
04-11-2015,68.66000366210938,70.22000122070312,822200,71.43000030517578,70.79000091552734,70.79000091552734
05-11-2015,67.94999694824219,69.72000122070312,849500,72.63999938964844,71.94999694824219,71.94999694824219
06-11-2015,70.51000213623047,71.9000015258789,1054400,74.25,70.80999755859375,70.80999755859375
09-11-2015,70.5199966430664,71.19999694824219,733400,73.9000015258789,70.81999969482422,70.81999969482422
10-11-2015,70.61000061035156,71.43000030517578,420900,73.0,72.77999877929688,72.77999877929688
11-11-2015,71.12000274658203,73.19999694824219,613900,74.01000213623047,71.91000366210938,71.91000366210938
12-11-2015,70.51000213623047,72.26000213623047,964400,75.0,71.7699966430664,71.7699966430664
13-11-2015,71.77999877929688,72.5,795500,75.0,74.61000061035156,74.61000061035156
16-11-2015,67.3499984741211,74.5,1586400,75.5,69.18000030517578,69.18000030517578
17-11-2015,60.0,68.18000030517578,2540200,68.18000030517578,61.5099983215332,61.5099983215332
18-11-2015,61.130001068115234,63.810001373291016,1524500,65.9800033569336,62.279998779296875,62.279998779296875
19-11-2015,60.529998779296875,62.59000015258789,958800,63.81999969482422,60.619998931884766,60.619998931884766
20-11-2015,60.43000030517578,60.81999969482422,557200,62.459999084472656,61.04999923706055,61.04999923706055
23-11-2015,61.4900016784668,61.4900016784668,1010800,64.9800033569336,61.97999954223633,61.97999954223633
24-11-2015,60.95000076293945,61.849998474121094,463900,62.31999969482422,61.290000915527344,61.290000915527344
25-11-2015,61.099998474121094,61.29999923706055,436600,62.88999938964844,62.70000076293945,62.70000076293945
27-11-2015,62.58000183105469,62.849998474121094,285500,65.55000305175781,65.41000366210938,65.41000366210938
30-11-2015,60.33000183105469,65.72000122070312,744300,65.72000122070312,60.810001373291016,60.810001373291016
01-12-2015,56.7239990234375,61.13999938964844,1118000,62.2400016784668,56.79999923706055,56.79999923706055
02-12-2015,55.95000076293945,56.79999923706055,945100,59.06999969482422,56.11000061035156,56.11000061035156
03-12-2015,54.189998626708984,56.349998474121094,1041500,57.20000076293945,55.709999084472656,55.709999084472656
04-12-2015,55.099998474121094,56.29999923706055,876100,59.09000015258789,58.790000915527344,58.790000915527344
07-12-2015,55.619998931884766,59.0,851300,59.0,57.290000915527344,57.290000915527344
08-12-2015,56.33000183105469,56.5,517600,59.130001068115234,58.209999084472656,58.209999084472656
09-12-2015,55.25,58.13999938964844,654300,58.220001220703125,55.380001068115234,55.380001068115234
10-12-2015,52.54999923706055,55.209999084472656,684300,55.77000045776367,54.060001373291016,54.060001373291016
11-12-2015,52.70000076293945,53.060001373291016,832000,56.459999084472656,55.68000030517578,55.68000030517578
14-12-2015,54.70000076293945,55.439998626708984,642600,57.0,55.130001068115234,55.130001068115234
15-12-2015,55.40999984741211,55.79999923706055,880300,61.18000030517578,61.099998474121094,61.099998474121094
16-12-2015,60.018001556396484,61.97999954223633,736700,62.6150016784668,62.150001525878906,62.150001525878906
17-12-2015,58.22999954223633,62.099998474121094,651600,62.380001068115234,58.619998931884766,58.619998931884766
18-12-2015,57.849998474121094,58.529998779296875,1345100,60.47999954223633,58.970001220703125,58.970001220703125
21-12-2015,57.529998779296875,59.650001525878906,386000,59.9900016784668,58.56999969482422,58.56999969482422
22-12-2015,55.540000915527344,58.66999816894531,675800,59.459999084472656,57.02000045776367,57.02000045776367
23-12-2015,57.130001068115234,57.43000030517578,322100,60.15999984741211,59.709999084472656,59.709999084472656
24-12-2015,58.4900016784668,59.779998779296875,215600,61.380001068115234,60.36000061035156,60.36000061035156
28-12-2015,58.880001068115234,60.0099983215332,323000,61.47999954223633,60.529998779296875,60.529998779296875
29-12-2015,60.65999984741211,61.11000061035156,399400,62.52000045776367,62.290000915527344,62.290000915527344
30-12-2015,61.099998474121094,61.849998474121094,368100,62.84000015258789,62.45000076293945,62.45000076293945
31-12-2015,59.779998779296875,62.41999816894531,677600,62.61000061035156,61.540000915527344,61.540000915527344
04-01-2016,57.02000045776367,60.04999923706055,651000,60.47999954223633,58.5,58.5
05-01-2016,56.02000045776367,58.650001525878906,401100,58.900001525878906,56.59000015258789,56.59000015258789
06-01-2016,51.810001373291016,55.04999923706055,995600,56.119998931884766,52.310001373291016,52.310001373291016
07-01-2016,50.250999450683594,51.369998931884766,573000,53.689998626708984,51.470001220703125,51.470001220703125
08-01-2016,50.29999923706055,52.279998779296875,324400,53.84000015258789,50.47999954223633,50.47999954223633
11-01-2016,41.06999969482422,50.38999938964844,1889400,51.380001068115234,45.099998474121094,45.099998474121094
12-01-2016,42.20000076293945,46.61000061035156,1192300,47.88999938964844,45.599998474121094,45.599998474121094
13-01-2016,37.81999969482422,44.880001068115234,2264300,45.97999954223633,40.119998931884766,40.119998931884766
14-01-2016,38.029998779296875,41.029998779296875,956100,45.78099822998047,45.41999816894531,45.41999816894531
15-01-2016,40.040000915527344,42.56999969482422,1052400,43.0,40.869998931884766,40.869998931884766
19-01-2016,37.81999969482422,41.9900016784668,704300,42.59400177001953,39.060001373291016,39.060001373291016
20-01-2016,35.0099983215332,37.970001220703125,1425800,40.01499938964844,38.91999816894531,38.91999816894531
21-01-2016,33.59000015258789,39.209999084472656,1677300,39.209999084472656,33.75,33.75
22-01-2016,28.760000228881836,35.0099983215332,2961400,36.27000045776367,35.7400016784668,35.7400016784668
25-01-2016,33.95000076293945,35.209999084472656,901000,36.119998931884766,34.75,34.75
26-01-2016,32.310001373291016,35.0,1118600,36.060001373291016,35.06999969482422,35.06999969482422
27-01-2016,30.34000015258789,34.880001068115234,946100,34.88999938964844,31.139999389648438,31.139999389648438
28-01-2016,29.0,31.5,1372500,33.58000183105469,32.86000061035156,32.86000061035156
29-01-2016,30.75,33.08000183105469,1084400,33.9900016784668,32.029998779296875,32.029998779296875
01-02-2016,30.81999969482422,32.16999816894531,663600,33.099998474121094,32.400001525878906,32.400001525878906
02-02-2016,29.549999237060547,31.940000534057617,764500,32.029998779296875,30.510000228881836,30.510000228881836
03-02-2016,25.5,30.59000015258789,1566800,31.618999481201172,31.489999771118164,31.489999771118164
04-02-2016,29.760000228881836,30.520000457763672,900700,34.459999084472656,32.06999969482422,32.06999969482422
05-02-2016,30.540000915527344,31.81999969482422,750800,32.79999923706055,31.260000228881836,31.260000228881836
08-02-2016,27.959999084472656,30.420000076293945,696000,30.68000030517578,29.34000015258789,29.34000015258789
09-02-2016,27.15999984741211,28.110000610351562,625500,32.2400016784668,29.219999313354492,29.219999313354492
10-02-2016,29.329999923706055,30.440000534057617,782600,32.20000076293945,29.889999389648438,29.889999389648438
11-02-2016,24.75,28.0,1599500,28.229999542236328,26.170000076293945,26.170000076293945
12-02-2016,25.0049991607666,27.15999984741211,1134700,27.770000457763672,26.969999313354492,26.969999313354492
16-02-2016,25.940000534057617,27.5,929600,28.18000030517578,26.329999923706055,26.329999923706055
17-02-2016,24.760000228881836,26.799999237060547,1384800,27.31999969482422,27.209999084472656,27.209999084472656
18-02-2016,24.989999771118164,27.459999084472656,940800,27.8700008392334,25.18000030517578,25.18000030517578
19-02-2016,24.760000228881836,25.25,991200,27.059999465942383,27.0,27.0
22-02-2016,32.25,32.66999816894531,5973000,37.0,33.869998931884766,33.869998931884766
23-02-2016,30.829999923706055,33.13999938964844,1605100,33.4900016784668,32.83000183105469,32.83000183105469
24-02-2016,28.75,30.8799991607666,3097300,34.400001525878906,33.040000915527344,33.040000915527344
25-02-2016,30.799999237060547,32.099998474121094,1695300,33.810001373291016,30.920000076293945,30.920000076293945
26-02-2016,29.020000457763672,30.950000762939453,828900,31.729999542236328,30.0,30.0
29-02-2016,29.100000381469727,29.950000762939453,485600,30.299999237060547,29.299999237060547,29.299999237060547
01-03-2016,28.610000610351562,29.559999465942383,696000,30.729999542236328,30.68000030517578,30.68000030517578
02-03-2016,29.709999084472656,30.989999771118164,1246400,31.780000686645508,31.059999465942383,31.059999465942383
03-03-2016,30.3700008392334,31.239999771118164,568900,31.6200008392334,30.739999771118164,30.739999771118164
04-03-2016,30.280000686645508,31.200000762939453,823800,33.099998474121094,31.799999237060547,31.799999237060547
07-03-2016,31.280000686645508,31.329999923706055,777500,34.0,33.4900016784668,33.4900016784668
08-03-2016,31.809999465942383,33.2400016784668,1248700,34.75,32.09000015258789,32.09000015258789
09-03-2016,31.09000015258789,32.970001220703125,2465500,37.790000915527344,37.06999969482422,37.06999969482422
10-03-2016,33.349998474121094,37.349998474121094,2145100,38.83000183105469,34.869998931884766,34.869998931884766
11-03-2016,32.900001525878906,35.2400016784668,1566100,35.8849983215332,35.02000045776367,35.02000045776367
14-03-2016,33.0,34.72999954223633,1469900,35.2400016784668,34.18000030517578,34.18000030517578
15-03-2016,30.05500030517578,33.650001525878906,1089700,33.98500061035156,30.479999542236328,30.479999542236328
16-03-2016,28.34000015258789,30.450000762939453,943600,31.459999084472656,30.020000457763672,30.020000457763672
17-03-2016,28.18000030517578,30.190000534057617,1416900,31.84000015258789,31.3700008392334,31.3700008392334
18-03-2016,30.229999542236328,31.389999389648438,2051900,33.33000183105469,32.0,32.0
21-03-2016,31.655000686645508,31.709999084472656,1399400,35.459999084472656,33.15999984741211,33.15999984741211
22-03-2016,33.0099983215332,33.0099983215332,1935500,36.630001068115234,35.58000183105469,35.58000183105469
23-03-2016,32.91999816894531,36.040000915527344,1464900,36.95000076293945,33.220001220703125,33.220001220703125
24-03-2016,31.040000915527344,32.90999984741211,1481300,34.65999984741211,32.959999084472656,32.959999084472656
28-03-2016,30.049999237060547,32.970001220703125,1736000,33.40999984741211,30.25,30.25
29-03-2016,28.0,30.420000076293945,1998900,30.969999313354492,30.84000015258789,30.84000015258789
30-03-2016,30.070999145507812,31.200000762939453,3772400,34.119998931884766,32.83000183105469,32.83000183105469
31-03-2016,30.799999237060547,32.36000061035156,1834300,33.22999954223633,31.440000534057617,31.440000534057617
01-04-2016,31.030000686645508,31.950000762939453,2319500,35.34000015258789,34.66999816894531,34.66999816894531
04-04-2016,32.91999816894531,34.66999816894531,1396100,34.959999084472656,33.029998779296875,33.029998779296875
05-04-2016,32.119998931884766,32.540000915527344,788200,33.75,32.43000030517578,32.43000030517578
06-04-2016,32.58000183105469,32.58000183105469,1374200,35.97999954223633,35.689998626708984,35.689998626708984
07-04-2016,34.810001373291016,35.38999938964844,2558100,39.38999938964844,37.08000183105469,37.08000183105469
08-04-2016,34.84000015258789,38.150001525878906,1856500,38.150001525878906,35.439998626708984,35.439998626708984
11-04-2016,33.20000076293945,35.45000076293945,1094900,35.58000183105469,33.34000015258789,33.34000015258789
12-04-2016,32.599998474121094,33.29999923706055,751200,34.345001220703125,33.81999969482422,33.81999969482422
13-04-2016,33.54999923706055,34.2400016784668,486200,35.0,34.93000030517578,34.93000030517578
14-04-2016,34.20000076293945,34.65999984741211,667400,36.65999984741211,36.41999816894531,36.41999816894531
15-04-2016,35.2400016784668,36.279998779296875,715700,36.915000915527344,36.7400016784668,36.7400016784668
18-04-2016,35.540000915527344,36.70000076293945,733200,37.93000030517578,36.189998626708984,36.189998626708984
19-04-2016,35.29999923706055,36.70000076293945,543000,37.220001220703125,36.65999984741211,36.65999984741211
20-04-2016,35.34000015258789,36.529998779296875,575300,37.0099983215332,36.0,36.0
21-04-2016,35.95000076293945,36.04999923706055,792100,38.78499984741211,38.2599983215332,38.2599983215332
22-04-2016,37.33000183105469,38.43000030517578,666800,39.06999969482422,38.779998779296875,38.779998779296875
25-04-2016,37.900001525878906,38.72999954223633,833200,39.709999084472656,38.34000015258789,38.34000015258789
26-04-2016,36.38999938964844,38.20000076293945,597700,38.93000030517578,37.40999984741211,37.40999984741211
27-04-2016,35.88999938964844,37.29999923706055,510600,37.95000076293945,37.380001068115234,37.380001068115234
28-04-2016,36.22999954223633,37.0099983215332,360000,38.029998779296875,36.529998779296875,36.529998779296875
29-04-2016,35.58000183105469,36.47999954223633,559800,37.33000183105469,35.599998474121094,35.599998474121094
02-05-2016,35.08000183105469,35.7400016784668,1187600,36.65999984741211,36.63999938964844,36.63999938964844
03-05-2016,35.0,36.099998474121094,466000,36.70000076293945,35.2599983215332,35.2599983215332
04-05-2016,32.435001373291016,35.0,642900,35.314998626708984,33.040000915527344,33.040000915527344
05-05-2016,30.25,33.0,1091600,33.0,30.489999771118164,30.489999771118164
06-05-2016,29.270000457763672,30.68000030517578,786200,32.189998626708984,30.93000030517578,30.93000030517578
09-05-2016,30.5,30.520000457763672,837500,33.77000045776367,33.279998779296875,33.279998779296875
10-05-2016,32.2400016784668,33.58000183105469,717800,34.2599983215332,33.529998779296875,33.529998779296875
11-05-2016,32.060001373291016,33.310001373291016,636600,34.13999938964844,32.15999984741211,32.15999984741211
12-05-2016,30.100000381469727,32.189998626708984,612200,32.189998626708984,30.280000686645508,30.280000686645508
13-05-2016,29.783000946044922,30.34000015258789,429300,31.96299934387207,30.479999542236328,30.479999542236328
16-05-2016,30.552000045776367,30.799999237060547,488600,32.0,31.5,31.5
17-05-2016,30.90999984741211,31.290000915527344,692700,33.74800109863281,33.06999969482422,33.06999969482422
18-05-2016,32.689998626708984,33.0,523300,33.72999954223633,32.900001525878906,32.900001525878906
19-05-2016,31.40999984741211,32.56999969482422,429100,33.41999816894531,32.040000915527344,32.040000915527344
20-05-2016,31.8799991607666,32.08000183105469,514300,33.7599983215332,33.72999954223633,33.72999954223633
23-05-2016,34.150001525878906,34.16999816894531,586300,35.349998474121094,34.400001525878906,34.400001525878906
24-05-2016,34.209999084472656,34.779998779296875,591600,35.91999816894531,35.65999984741211,35.65999984741211
25-05-2016,34.5,35.97999954223633,457300,36.209999084472656,34.900001525878906,34.900001525878906
26-05-2016,33.15999984741211,34.5099983215332,648600,34.90999984741211,33.650001525878906,33.650001525878906
27-05-2016,33.08000183105469,33.34000015258789,481500,35.130001068115234,35.04999923706055,35.04999923706055
31-05-2016,35.24100112915039,35.4900016784668,880800,37.97999954223633,36.2599983215332,36.2599983215332
01-06-2016,36.029998779296875,36.459999084472656,709400,37.849998474121094,37.4900016784668,37.4900016784668
02-06-2016,37.25,37.25,807300,39.939998626708984,39.90999984741211,39.90999984741211
03-06-2016,37.5099983215332,40.0099983215332,794700,40.90999984741211,37.599998474121094,37.599998474121094
06-06-2016,36.56999969482422,37.54999923706055,718700,40.0,39.41999816894531,39.41999816894531
07-06-2016,38.220001220703125,39.130001068115234,467400,39.88999938964844,38.279998779296875,38.279998779296875
08-06-2016,38.0,38.209999084472656,499300,39.82899856567383,38.41999816894531,38.41999816894531
09-06-2016,36.630001068115234,37.70000076293945,364400,38.40999984741211,36.689998626708984,36.689998626708984
10-06-2016,34.560001373291016,36.2599983215332,484900,36.880001068115234,36.63999938964844,36.63999938964844
13-06-2016,34.66999816894531,36.310001373291016,683100,36.63999938964844,35.060001373291016,35.060001373291016
14-06-2016,34.599998474121094,35.0,473900,35.880001068115234,35.369998931884766,35.369998931884766
15-06-2016,35.099998474121094,35.58000183105469,378100,36.349998474121094,35.61000061035156,35.61000061035156
16-06-2016,34.939998626708984,35.33000183105469,306200,36.150001525878906,35.93000030517578,35.93000030517578
17-06-2016,35.65999984741211,36.04999923706055,1182200,37.349998474121094,36.040000915527344,36.040000915527344
20-06-2016,35.98500061035156,36.34000015258789,504600,37.55699920654297,36.33000183105469,36.33000183105469
21-06-2016,35.07500076293945,36.369998931884766,579000,36.75,35.88999938964844,35.88999938964844
22-06-2016,34.970001220703125,36.029998779296875,410300,37.38999938964844,35.66999816894531,35.66999816894531
23-06-2016,35.91999816894531,36.310001373291016,364000,37.310001373291016,37.2400016784668,37.2400016784668
24-06-2016,34.779998779296875,34.869998931884766,736500,36.0,35.220001220703125,35.220001220703125
27-06-2016,33.31999969482422,34.52000045776367,610900,35.209999084472656,33.599998474121094,33.599998474121094
28-06-2016,34.11000061035156,34.22999954223633,634600,35.790000915527344,35.77000045776367,35.77000045776367
29-06-2016,35.630001068115234,36.2599983215332,464400,37.13999938964844,36.97999954223633,36.97999954223633
30-06-2016,36.04999923706055,36.869998931884766,499800,36.939998626708984,36.75,36.75
01-07-2016,36.45000076293945,36.63999938964844,635400,38.75,38.529998779296875,38.529998779296875
05-07-2016,37.74599838256836,37.91999816894531,449600,38.70000076293945,38.16999816894531,38.16999816894531
06-07-2016,37.95000076293945,37.970001220703125,660900,40.20000076293945,39.63999938964844,39.63999938964844
07-07-2016,39.29999923706055,39.79999923706055,640300,41.75,40.47999954223633,40.47999954223633
08-07-2016,40.18000030517578,40.540000915527344,585400,41.75,41.25,41.25
11-07-2016,41.15999984741211,41.61000061035156,569200,43.060001373291016,42.439998626708984,42.439998626708984
12-07-2016,41.88999938964844,42.79999923706055,528800,42.939998626708984,42.40999984741211,42.40999984741211
13-07-2016,39.099998474121094,42.59000015258789,661400,42.84000015258789,39.27000045776367,39.27000045776367
14-07-2016,38.20000076293945,39.959999084472656,501800,39.959999084472656,39.0,39.0
15-07-2016,38.95000076293945,39.119998931884766,417100,41.06999969482422,40.349998474121094,40.349998474121094
18-07-2016,39.540000915527344,40.290000915527344,245300,40.459999084472656,40.380001068115234,40.380001068115234
19-07-2016,39.0,40.279998779296875,455800,40.75,39.029998779296875,39.029998779296875
20-07-2016,39.0,39.2599983215332,551400,41.61000061035156,41.38999938964844,41.38999938964844
21-07-2016,40.98500061035156,41.70000076293945,610000,43.38999938964844,42.209999084472656,42.209999084472656
22-07-2016,41.93000030517578,42.20000076293945,623500,45.310001373291016,45.2599983215332,45.2599983215332
25-07-2016,43.0,45.290000915527344,403000,45.310001373291016,44.630001068115234,44.630001068115234
26-07-2016,44.09000015258789,44.33000183105469,348500,45.93000030517578,45.02000045776367,45.02000045776367
27-07-2016,44.68000030517578,45.20000076293945,450900,46.650001525878906,46.529998779296875,46.529998779296875
28-07-2016,44.72999954223633,46.349998474121094,368800,46.529998779296875,45.79999923706055,45.79999923706055
29-07-2016,45.13999938964844,45.61000061035156,453700,47.540000915527344,47.119998931884766,47.119998931884766
01-08-2016,46.380001068115234,47.5099983215332,487100,48.20000076293945,47.0099983215332,47.0099983215332
02-08-2016,45.150001525878906,46.900001525878906,1005500,49.54999923706055,48.97999954223633,48.97999954223633
03-08-2016,49.83000183105469,50.0,4079600,56.88999938964844,53.0,53.0
04-08-2016,50.220001220703125,53.290000915527344,2176700,53.290000915527344,50.54999923706055,50.54999923706055
05-08-2016,50.090999603271484,50.9900016784668,1183000,55.0,54.970001220703125,54.970001220703125
08-08-2016,52.0,54.220001220703125,1089800,54.709999084472656,52.369998931884766,52.369998931884766
09-08-2016,51.63999938964844,52.65999984741211,830700,54.349998474121094,53.540000915527344,53.540000915527344
10-08-2016,51.0,54.0,1073800,54.220001220703125,51.970001220703125,51.970001220703125
11-08-2016,48.5099983215332,54.029998779296875,2238300,54.22999954223633,51.59000015258789,51.59000015258789
12-08-2016,51.849998474121094,51.869998931884766,2232300,56.970001220703125,56.7400016784668,56.7400016784668
15-08-2016,54.20000076293945,56.5,1171400,57.900001525878906,57.720001220703125,57.720001220703125
16-08-2016,53.59000015258789,57.88999938964844,1951100,59.880001068115234,55.7400016784668,55.7400016784668
17-08-2016,54.0099983215332,56.91999816894531,890600,56.91999816894531,55.310001373291016,55.310001373291016
18-08-2016,54.77199935913086,55.529998779296875,1361700,57.2400016784668,56.400001525878906,56.400001525878906
19-08-2016,56.099998474121094,57.459999084472656,2033400,57.90999984741211,56.540000915527344,56.540000915527344
22-08-2016,56.0,57.099998474121094,1166100,58.0,57.439998626708984,57.439998626708984
23-08-2016,56.52000045776367,58.13999938964844,547800,58.13999938964844,56.7400016784668,56.7400016784668
24-08-2016,54.0,55.959999084472656,1219900,57.59000015258789,54.650001525878906,54.650001525878906
25-08-2016,51.58000183105469,54.630001068115234,1080200,55.400001525878906,53.33000183105469,53.33000183105469
26-08-2016,52.52000045776367,53.29999923706055,1006700,54.61000061035156,54.290000915527344,54.290000915527344
29-08-2016,53.84000015258789,54.58000183105469,715300,55.27000045776367,54.540000915527344,54.540000915527344
30-08-2016,54.25,54.5,652500,55.95000076293945,55.5099983215332,55.5099983215332
31-08-2016,54.290000915527344,55.189998626708984,497800,55.709999084472656,54.84000015258789,54.84000015258789
01-09-2016,54.04999923706055,55.02000045776367,822500,55.724998474121094,55.68000030517578,55.68000030517578
02-09-2016,55.599998474121094,56.2599983215332,897100,57.709999084472656,56.560001373291016,56.560001373291016
06-09-2016,55.540000915527344,56.54999923706055,911300,56.900001525878906,56.02000045776367,56.02000045776367
07-09-2016,55.72999954223633,56.13999938964844,1044200,57.5,56.40999984741211,56.40999984741211
08-09-2016,55.25,56.40999984741211,668700,56.90999984741211,56.2400016784668,56.2400016784668
09-09-2016,53.83000183105469,55.5,980900,56.310001373291016,53.869998931884766,53.869998931884766
12-09-2016,53.04999923706055,53.15999984741211,1403100,54.9900016784668,54.77000045776367,54.77000045776367
13-09-2016,51.40999984741211,54.25,1515200,54.3849983215332,53.18000030517578,53.18000030517578
14-09-2016,52.75,53.11000061035156,1084000,54.849998474121094,54.40999984741211,54.40999984741211
15-09-2016,53.08000183105469,54.5099983215332,637000,54.7400016784668,54.4900016784668,54.4900016784668
16-09-2016,53.779998779296875,54.2400016784668,1640700,55.41999816894531,55.119998931884766,55.119998931884766
19-09-2016,54.119998931884766,55.54999923706055,1659500,57.65999984741211,55.11000061035156,55.11000061035156
20-09-2016,55.27000045776367,55.630001068115234,1093300,57.20000076293945,56.72999954223633,56.72999954223633
21-09-2016,55.119998931884766,57.189998626708984,1067200,57.81999969482422,56.81999969482422,56.81999969482422
22-09-2016,56.849998474121094,57.150001525878906,720200,57.70000076293945,57.40999984741211,57.40999984741211
23-09-2016,56.5,57.380001068115234,401300,57.9900016784668,56.52000045776367,56.52000045776367
26-09-2016,55.5099983215332,56.0,426900,56.95000076293945,56.08000183105469,56.08000183105469
27-09-2016,55.59000015258789,55.869998931884766,402900,57.11000061035156,56.849998474121094,56.849998474121094
28-09-2016,55.86000061035156,57.099998474121094,2375700,59.220001220703125,58.130001068115234,58.130001068115234
29-09-2016,55.060001373291016,57.970001220703125,1352200,58.58000183105469,55.20000076293945,55.20000076293945
30-09-2016,53.130001068115234,55.400001525878906,1164900,55.68000030517578,54.09000015258789,54.09000015258789
03-10-2016,52.290000915527344,53.95000076293945,760500,54.369998931884766,53.189998626708984,53.189998626708984
04-10-2016,52.220001220703125,53.4900016784668,685500,54.720001220703125,52.529998779296875,52.529998779296875
05-10-2016,52.349998474121094,52.58000183105469,587400,54.209999084472656,53.0099983215332,53.0099983215332
06-10-2016,51.20000076293945,52.470001220703125,747800,52.9900016784668,52.08000183105469,52.08000183105469
07-10-2016,51.29999923706055,51.83000183105469,529100,52.8849983215332,51.599998474121094,51.599998474121094
10-10-2016,51.70000076293945,51.849998474121094,550100,52.560001373291016,52.099998474121094,52.099998474121094
11-10-2016,53.18000030517578,53.40999984741211,2211000,54.400001525878906,53.7599983215332,53.7599983215332
12-10-2016,51.54499816894531,53.9900016784668,886100,54.119998931884766,52.400001525878906,52.400001525878906
13-10-2016,50.599998474121094,51.61000061035156,898600,53.099998474121094,52.470001220703125,52.470001220703125
14-10-2016,51.689998626708984,53.0,1525900,54.0,52.529998779296875,52.529998779296875
17-10-2016,50.58000183105469,52.0,1084500,52.29999923706055,50.86000061035156,50.86000061035156
18-10-2016,51.02000045776367,51.119998931884766,785400,52.900001525878906,52.52000045776367,52.52000045776367
19-10-2016,50.7400016784668,52.25,580000,52.869998931884766,51.02000045776367,51.02000045776367
20-10-2016,50.20000076293945,50.5,549200,52.0,51.720001220703125,51.720001220703125
21-10-2016,50.25,51.02000045776367,534300,51.849998474121094,51.13999938964844,51.13999938964844
24-10-2016,47.45000076293945,51.13999938964844,1521000,51.2599983215332,47.540000915527344,47.540000915527344
25-10-2016,45.5,47.59000015258789,2366900,48.7400016784668,46.13999938964844,46.13999938964844
26-10-2016,43.70000076293945,46.09000015258789,998200,46.560001373291016,44.439998626708984,44.439998626708984
27-10-2016,42.33000183105469,44.619998931884766,999400,44.88999938964844,43.029998779296875,43.029998779296875
28-10-2016,42.0,42.849998474121094,982000,44.18899917602539,43.09000015258789,43.09000015258789
31-10-2016,42.04999923706055,42.95000076293945,800700,43.0099983215332,42.91999816894531,42.91999816894531
01-11-2016,41.54999923706055,42.7599983215332,916400,43.630001068115234,42.4900016784668,42.4900016784668
02-11-2016,38.349998474121094,41.77000045776367,1210700,42.220001220703125,39.560001373291016,39.560001373291016
03-11-2016,35.91999816894531,39.529998779296875,2021400,39.77000045776367,36.79999923706055,36.79999923706055
04-11-2016,36.81999969482422,36.81999969482422,1114900,40.970001220703125,40.06999969482422,40.06999969482422
07-11-2016,40.31999969482422,41.189998626708984,813100,42.63999938964844,42.0,42.0
08-11-2016,40.2599983215332,41.66999816894531,838800,42.130001068115234,41.279998779296875,41.279998779296875
09-11-2016,43.779998779296875,43.869998931884766,1288300,47.68000030517578,46.86000061035156,46.86000061035156
10-11-2016,46.59000015258789,48.0,1309500,51.810001373291016,51.08000183105469,51.08000183105469
11-11-2016,50.0,50.06999969482422,989900,53.090999603271484,52.84000015258789,52.84000015258789
14-11-2016,51.60499954223633,52.290000915527344,1111200,54.400001525878906,54.27000045776367,54.27000045776367
15-11-2016,53.20000076293945,54.060001373291016,836700,55.970001220703125,54.900001525878906,54.900001525878906
16-11-2016,52.29800033569336,54.849998474121094,1003100,55.939998626708984,52.47999954223633,52.47999954223633
17-11-2016,51.279998779296875,51.83000183105469,653700,53.54999923706055,53.189998626708984,53.189998626708984
18-11-2016,52.189998626708984,53.58000183105469,431200,54.439998626708984,52.77000045776367,52.77000045776367
21-11-2016,50.459999084472656,52.689998626708984,369200,52.95000076293945,51.630001068115234,51.630001068115234
22-11-2016,48.5099983215332,51.79999923706055,568300,51.95000076293945,49.7400016784668,49.7400016784668
23-11-2016,48.54999923706055,49.75,755500,53.09000015258789,52.959999084472656,52.959999084472656
25-11-2016,52.11000061035156,53.439998626708984,319900,54.400001525878906,54.189998626708984,54.189998626708984
28-11-2016,51.06999969482422,53.689998626708984,463700,54.02000045776367,51.650001525878906,51.650001525878906
29-11-2016,51.02000045776367,51.59000015258789,606500,53.869998931884766,53.040000915527344,53.040000915527344
30-11-2016,52.70000076293945,53.220001220703125,580100,54.415000915527344,53.220001220703125,53.220001220703125
01-12-2016,50.43000030517578,53.040000915527344,832200,53.790000915527344,50.540000915527344,50.540000915527344
02-12-2016,50.029998779296875,50.790000915527344,673700,51.66999816894531,50.599998474121094,50.599998474121094
05-12-2016,51.2599983215332,51.2599983215332,822400,53.380001068115234,52.59000015258789,52.59000015258789
06-12-2016,52.349998474121094,52.9900016784668,750800,55.29999923706055,55.0099983215332,55.0099983215332
07-12-2016,52.95000076293945,54.0,921900,55.0,53.5,53.5
08-12-2016,42.959999084472656,52.77000045776367,3771500,53.0,47.06999969482422,47.06999969482422
09-12-2016,43.900001525878906,47.599998474121094,1372900,49.38999938964844,43.939998626708984,43.939998626708984
12-12-2016,41.88999938964844,43.790000915527344,813900,44.38999938964844,43.630001068115234,43.630001068115234
13-12-2016,41.29999923706055,43.93000030517578,656700,44.400001525878906,41.4900016784668,41.4900016784668
14-12-2016,38.54999923706055,41.41999816894531,1374300,42.099998474121094,41.279998779296875,41.279998779296875
15-12-2016,41.150001525878906,41.25,1163400,45.65999984741211,43.93000030517578,43.93000030517578
16-12-2016,43.2599983215332,44.08000183105469,2204100,44.810001373291016,43.849998474121094,43.849998474121094
19-12-2016,41.650001525878906,43.849998474121094,498100,44.974998474121094,42.09000015258789,42.09000015258789
20-12-2016,40.099998474121094,42.0,861800,42.73500061035156,41.0,41.0
21-12-2016,38.959999084472656,40.720001220703125,684700,41.0,38.9900016784668,38.9900016784668
22-12-2016,37.619998931884766,38.560001373291016,607600,38.9900016784668,38.25,38.25
23-12-2016,37.150001525878906,37.86000061035156,646400,39.880001068115234,39.7599983215332,39.7599983215332
27-12-2016,38.45000076293945,39.900001525878906,354700,40.540000915527344,38.529998779296875,38.529998779296875
28-12-2016,37.861000061035156,38.290000915527344,387300,38.86000061035156,38.43000030517578,38.43000030517578
29-12-2016,38.02000045776367,38.5,278100,39.220001220703125,38.25,38.25
30-12-2016,37.79999923706055,38.40999984741211,401600,38.790000915527344,38.029998779296875,38.029998779296875
03-01-2017,36.61000061035156,38.41999816894531,736700,39.22999954223633,37.61000061035156,37.61000061035156
04-01-2017,37.5,37.79999923706055,944300,40.01499938964844,39.849998474121094,39.849998474121094
05-01-2017,39.290000915527344,40.0,555400,40.900001525878906,40.75,40.75
06-01-2017,40.75,41.11000061035156,661200,43.369998931884766,42.439998626708984,42.439998626708984
09-01-2017,41.04999923706055,43.0,1075600,44.29999923706055,43.63999938964844,43.63999938964844
10-01-2017,43.279998779296875,43.849998474121094,1079300,46.72999954223633,45.38999938964844,45.38999938964844
11-01-2017,42.66999816894531,45.7599983215332,1208600,46.54999923706055,44.31999969482422,44.31999969482422
12-01-2017,42.540000915527344,44.0,615100,45.08000183105469,44.20000076293945,44.20000076293945
13-01-2017,44.29999923706055,44.470001220703125,917200,46.599998474121094,45.459999084472656,45.459999084472656
17-01-2017,42.70000076293945,44.779998779296875,855900,45.040000915527344,42.810001373291016,42.810001373291016
18-01-2017,43.41999816894531,43.650001525878906,743800,45.5,44.68000030517578,44.68000030517578
19-01-2017,43.77000045776367,44.70000076293945,517900,45.18000030517578,44.81999969482422,44.81999969482422
20-01-2017,44.189998626708984,44.939998626708984,745100,45.09000015258789,44.849998474121094,44.849998474121094
23-01-2017,42.040000915527344,45.0,645600,45.25,42.529998779296875,42.529998779296875
24-01-2017,40.3849983215332,42.66999816894531,795400,43.54999923706055,41.11000061035156,41.11000061035156
25-01-2017,40.75,41.25,617300,41.97999954223633,41.869998931884766,41.869998931884766
26-01-2017,41.9900016784668,42.09000015258789,520400,43.400001525878906,42.04999923706055,42.04999923706055
27-01-2017,41.529998779296875,42.220001220703125,549400,43.709999084472656,43.66999816894531,43.66999816894531
30-01-2017,42.0099983215332,44.02000045776367,433000,44.88999938964844,42.189998626708984,42.189998626708984
31-01-2017,41.02000045776367,41.189998626708984,720700,43.65999984741211,43.52000045776367,43.52000045776367
01-02-2017,42.7400016784668,44.18000030517578,518400,44.599998474121094,43.130001068115234,43.130001068115234
02-02-2017,42.119998931884766,42.959999084472656,359200,43.630001068115234,43.349998474121094,43.349998474121094
03-02-2017,42.55500030517578,43.709999084472656,443000,43.900001525878906,43.459999084472656,43.459999084472656
06-02-2017,41.90999984741211,42.97999954223633,461500,43.290000915527344,42.709999084472656,42.709999084472656
07-02-2017,41.380001068115234,42.88999938964844,528200,42.91999816894531,41.86000061035156,41.86000061035156
08-02-2017,40.875,41.56999969482422,634200,43.25,43.099998474121094,43.099998474121094
09-02-2017,42.27000045776367,43.06999969482422,324200,44.20000076293945,43.90999984741211,43.90999984741211
10-02-2017,43.33000183105469,44.20000076293945,293400,44.5,43.59000015258789,43.59000015258789
13-02-2017,42.72999954223633,43.58000183105469,308900,44.029998779296875,42.81999969482422,42.81999969482422
14-02-2017,42.27000045776367,42.29999923706055,843600,45.349998474121094,45.0099983215332,45.0099983215332
15-02-2017,44.54999923706055,45.09000015258789,1506600,48.439998626708984,48.060001373291016,48.060001373291016
16-02-2017,44.209999084472656,48.06999969482422,1312100,48.2599983215332,45.15999984741211,45.15999984741211
17-02-2017,44.5,45.130001068115234,400200,45.720001220703125,45.650001525878906,45.650001525878906
21-02-2017,43.20000076293945,45.88999938964844,550300,45.9900016784668,43.810001373291016,43.810001373291016
22-02-2017,42.20000076293945,43.45000076293945,486900,44.33000183105469,42.47999954223633,42.47999954223633
23-02-2017,41.59000015258789,42.810001373291016,521900,43.3849983215332,43.189998626708984,43.189998626708984
24-02-2017,40.61000061035156,41.70000076293945,930600,42.619998931884766,41.04999923706055,41.04999923706055
27-02-2017,40.54999923706055,40.97999954223633,806900,44.29999923706055,43.599998474121094,43.599998474121094
28-02-2017,42.040000915527344,44.06999969482422,778500,45.0,42.13999938964844,42.13999938964844
01-03-2017,41.939998626708984,42.84000015258789,724500,43.66999816894531,42.29999923706055,42.29999923706055
02-03-2017,41.5099983215332,42.189998626708984,457300,43.209999084472656,41.70000076293945,41.70000076293945
03-03-2017,41.16999816894531,42.08000183105469,361500,42.470001220703125,41.95000076293945,41.95000076293945
06-03-2017,40.77000045776367,41.75,536600,42.73500061035156,42.11000061035156,42.11000061035156
07-03-2017,41.02000045776367,41.459999084472656,523600,42.619998931884766,42.18000030517578,42.18000030517578
08-03-2017,42.09000015258789,42.369998931884766,814700,45.0,43.619998931884766,43.619998931884766
09-03-2017,42.72999954223633,43.650001525878906,996700,45.400001525878906,43.11000061035156,43.11000061035156
10-03-2017,38.334999084472656,40.0,3202700,41.935001373291016,40.849998474121094,40.849998474121094
13-03-2017,39.665000915527344,40.22999954223633,962100,42.05400085449219,41.779998779296875,41.779998779296875
14-03-2017,39.970001220703125,41.61000061035156,1284500,41.77000045776367,40.060001373291016,40.060001373291016
15-03-2017,38.91999816894531,40.40999984741211,1251100,40.762001037597656,39.189998626708984,39.189998626708984
16-03-2017,37.75,39.29999923706055,821300,39.70000076293945,38.08000183105469,38.08000183105469
17-03-2017,37.7599983215332,37.83000183105469,1779300,38.790000915527344,37.939998626708984,37.939998626708984
20-03-2017,37.599998474121094,38.959999084472656,572900,39.470001220703125,38.220001220703125,38.220001220703125
21-03-2017,35.16999816894531,38.369998931884766,1328600,38.650001525878906,35.630001068115234,35.630001068115234
22-03-2017,35.45000076293945,36.91999816894531,892400,37.43000030517578,36.869998931884766,36.869998931884766
23-03-2017,36.5,37.27000045776367,846900,38.68000030517578,37.290000915527344,37.290000915527344
24-03-2017,37.380001068115234,37.439998626708984,989500,38.61000061035156,38.18000030517578,38.18000030517578
27-03-2017,37.20000076293945,37.5,558100,39.43000030517578,38.959999084472656,38.959999084472656
28-03-2017,38.32899856567383,39.0,347000,39.43000030517578,38.56999969482422,38.56999969482422
29-03-2017,38.310001373291016,38.70000076293945,503400,39.83000183105469,39.060001373291016,39.060001373291016
30-03-2017,38.68000030517578,39.130001068115234,489300,39.939998626708984,38.84000015258789,38.84000015258789
31-03-2017,37.93000030517578,39.959999084472656,427500,39.959999084472656,38.650001525878906,38.650001525878906
03-04-2017,38.099998474121094,39.06999969482422,692700,39.61000061035156,38.189998626708984,38.189998626708984
04-04-2017,37.310001373291016,38.43000030517578,545100,39.130001068115234,37.41999816894531,37.41999816894531
05-04-2017,35.54499816894531,37.38999938964844,719400,38.0,35.779998779296875,35.779998779296875
06-04-2017,34.90999984741211,35.84000015258789,733300,36.630001068115234,36.5099983215332,36.5099983215332
07-04-2017,36.060001373291016,36.22999954223633,403000,37.349998474121094,37.2400016784668,37.2400016784668
10-04-2017,36.33000183105469,37.18000030517578,307400,37.62900161743164,36.36000061035156,36.36000061035156
11-04-2017,35.380001068115234,36.27000045776367,528200,37.244998931884766,35.4900016784668,35.4900016784668
12-04-2017,35.29999923706055,35.66999816894531,361300,35.97999954223633,35.529998779296875,35.529998779296875
13-04-2017,35.45000076293945,35.45000076293945,436000,36.880001068115234,36.45000076293945,36.45000076293945
17-04-2017,36.0,36.38999938964844,320100,37.27000045776367,37.02000045776367,37.02000045776367
18-04-2017,35.849998474121094,36.86000061035156,331700,36.94900131225586,36.540000915527344,36.540000915527344
19-04-2017,36.86000061035156,36.86000061035156,384200,38.150001525878906,37.72999954223633,37.72999954223633
20-04-2017,37.5099983215332,37.529998779296875,701900,38.7400016784668,38.11000061035156,38.11000061035156
21-04-2017,37.5,38.18000030517578,396300,38.40999984741211,38.22999954223633,38.22999954223633
24-04-2017,38.349998474121094,38.63999938964844,626900,39.47999954223633,38.779998779296875,38.779998779296875
25-04-2017,38.900001525878906,39.15999984741211,735100,39.95000076293945,39.45000076293945,39.45000076293945
26-04-2017,39.15999984741211,39.439998626708984,383500,39.939998626708984,39.220001220703125,39.220001220703125
27-04-2017,38.04999923706055,39.34000015258789,613100,39.888999938964844,38.720001220703125,38.720001220703125
28-04-2017,37.0099983215332,38.720001220703125,5992400,43.29999923706055,39.06999969482422,39.06999969482422
01-05-2017,34.40999984741211,39.06999969482422,3843000,39.900001525878906,35.310001373291016,35.310001373291016
02-05-2017,31.579999923706055,34.79999923706055,4187700,35.849998474121094,35.470001220703125,35.470001220703125
03-05-2017,35.529998779296875,35.880001068115234,1583100,37.33000183105469,37.0,37.0
04-05-2017,35.869998931884766,37.349998474121094,877100,37.650001525878906,36.470001220703125,36.470001220703125
05-05-2017,35.0,36.5,858400,36.880001068115234,35.75,35.75
08-05-2017,35.4109992980957,35.650001525878906,533500,36.529998779296875,35.63999938964844,35.63999938964844
09-05-2017,35.15999984741211,35.77000045776367,786700,36.650001525878906,36.529998779296875,36.529998779296875
10-05-2017,35.0,36.380001068115234,723000,36.43000030517578,35.31999969482422,35.31999969482422
11-05-2017,34.0,35.25,1012500,35.54999923706055,34.310001373291016,34.310001373291016
12-05-2017,33.935001373291016,34.31999969482422,720800,35.79999923706055,35.52000045776367,35.52000045776367
15-05-2017,34.709999084472656,35.22999954223633,561600,35.624000549316406,34.959999084472656,34.959999084472656
16-05-2017,33.560001373291016,35.22999954223633,1018600,35.22999954223633,34.34000015258789,34.34000015258789
17-05-2017,32.803001403808594,33.93000030517578,975100,34.75,32.880001068115234,32.880001068115234
18-05-2017,32.00600051879883,32.869998931884766,1346400,35.099998474121094,35.0,35.0
19-05-2017,34.20000076293945,35.0099983215332,798700,35.4900016784668,34.93000030517578,34.93000030517578
22-05-2017,36.75,40.86000061035156,7519400,41.9900016784668,37.2400016784668,37.2400016784668
23-05-2017,36.2599983215332,37.13999938964844,975100,37.779998779296875,37.15999984741211,37.15999984741211
24-05-2017,36.59000015258789,37.20000076293945,1048400,37.900001525878906,37.369998931884766,37.369998931884766
25-05-2017,36.119998931884766,38.56999969482422,1815200,38.58000183105469,36.20000076293945,36.20000076293945
26-05-2017,34.790000915527344,36.029998779296875,1348900,36.20000076293945,34.93000030517578,34.93000030517578
30-05-2017,33.58000183105469,34.939998626708984,1251800,35.229000091552734,34.5,34.5
31-05-2017,33.81999969482422,34.849998474121094,764000,35.09000015258789,34.619998931884766,34.619998931884766
01-06-2017,34.43000030517578,34.720001220703125,796000,35.459999084472656,35.09000015258789,35.09000015258789
02-06-2017,34.619998931884766,35.130001068115234,731600,35.61000061035156,35.08000183105469,35.08000183105469
05-06-2017,35.75,35.849998474121094,2685800,39.0,38.75,38.75
06-06-2017,38.20000076293945,38.5,1306900,40.0,38.7599983215332,38.7599983215332
07-06-2017,38.400001525878906,38.689998626708984,783200,39.97999954223633,38.61000061035156,38.61000061035156
08-06-2017,38.09000015258789,38.54999923706055,580300,39.22999954223633,38.439998626708984,38.439998626708984
09-06-2017,37.869998931884766,38.59000015258789,893100,39.09000015258789,38.31999969482422,38.31999969482422
12-06-2017,37.86000061035156,38.08000183105469,687700,39.150001525878906,38.90999984741211,38.90999984741211
13-06-2017,38.79999923706055,39.040000915527344,590300,39.790000915527344,39.470001220703125,39.470001220703125
14-06-2017,39.30500030517578,39.41999816894531,956000,41.599998474121094,41.56999969482422,41.56999969482422
15-06-2017,40.04999923706055,41.33000183105469,911900,42.099998474121094,40.540000915527344,40.540000915527344
16-06-2017,39.849998474121094,40.45000076293945,797600,41.09000015258789,40.83000183105469,40.83000183105469
19-06-2017,41.0,41.0,888800,42.83399963378906,42.220001220703125,42.220001220703125
20-06-2017,41.45000076293945,42.38999938964844,1158600,44.54999923706055,42.810001373291016,42.810001373291016
21-06-2017,42.849998474121094,42.849998474121094,907600,44.56999969482422,44.25,44.25
22-06-2017,44.25400161743164,44.58000183105469,1061900,46.56999969482422,46.45000076293945,46.45000076293945
23-06-2017,45.970001220703125,46.4900016784668,1426700,47.290000915527344,47.119998931884766,47.119998931884766
26-06-2017,45.81999969482422,47.0,644900,47.439998626708984,46.65999984741211,46.65999984741211
27-06-2017,44.650001525878906,46.529998779296875,770800,47.16999816894531,44.900001525878906,44.900001525878906
28-06-2017,44.68000030517578,44.970001220703125,674800,45.90999984741211,45.25,45.25
29-06-2017,44.79999923706055,45.08000183105469,611100,45.979000091552734,44.900001525878906,44.900001525878906
30-06-2017,44.279998779296875,45.0,759200,45.779998779296875,45.22999954223633,45.22999954223633
03-07-2017,45.31999969482422,45.369998931884766,285800,46.584999084472656,45.95000076293945,45.95000076293945
05-07-2017,45.86000061035156,45.86000061035156,870400,48.40999984741211,47.849998474121094,47.849998474121094
06-07-2017,46.02000045776367,47.310001373291016,876900,47.779998779296875,46.59000015258789,46.59000015258789
07-07-2017,46.22999954223633,46.79999923706055,419600,47.2400016784668,46.29999923706055,46.29999923706055
10-07-2017,45.15999984741211,46.189998626708984,644800,46.869998931884766,45.540000915527344,45.540000915527344
11-07-2017,45.29999923706055,45.439998626708984,1340000,48.630001068115234,48.15999984741211,48.15999984741211
12-07-2017,47.099998474121094,48.380001068115234,763400,49.15999984741211,47.16999816894531,47.16999816894531
13-07-2017,46.16999816894531,47.060001373291016,901400,48.599998474121094,48.349998474121094,48.349998474121094
14-07-2017,47.369998931884766,48.310001373291016,481900,48.970001220703125,47.400001525878906,47.400001525878906
17-07-2017,42.91999816894531,47.400001525878906,2692600,47.459999084472656,42.970001220703125,42.970001220703125
18-07-2017,40.935001373291016,43.04999923706055,1787700,43.099998474121094,41.83000183105469,41.83000183105469
19-07-2017,41.099998474121094,42.380001068115234,1249100,43.029998779296875,42.459999084472656,42.459999084472656
20-07-2017,41.349998474121094,42.4900016784668,820000,42.88999938964844,42.34000015258789,42.34000015258789
21-07-2017,39.25,42.400001525878906,2631900,43.0,42.220001220703125,42.220001220703125
24-07-2017,40.83000183105469,40.91999816894531,1031100,43.4900016784668,43.2400016784668,43.2400016784668
25-07-2017,42.5099983215332,43.45000076293945,574500,43.619998931884766,42.939998626708984,42.939998626708984
26-07-2017,42.66999816894531,43.15999984741211,271500,43.470001220703125,43.369998931884766,43.369998931884766
27-07-2017,40.810001373291016,43.65999984741211,669100,43.65999984741211,41.06999969482422,41.06999969482422
28-07-2017,40.525001525878906,40.75,354500,42.66999816894531,42.130001068115234,42.130001068115234
31-07-2017,42.91999816894531,42.91999816894531,1329100,45.900001525878906,44.029998779296875,44.029998779296875
01-08-2017,42.849998474121094,44.08000183105469,474800,44.540000915527344,44.279998779296875,44.279998779296875
02-08-2017,43.099998474121094,44.41999816894531,348600,44.869998931884766,43.369998931884766,43.369998931884766
03-08-2017,42.77000045776367,43.189998626708984,454300,43.869998931884766,43.08000183105469,43.08000183105469
04-08-2017,40.130001068115234,41.400001525878906,827700,43.459999084472656,41.790000915527344,41.790000915527344
07-08-2017,40.41999816894531,41.77000045776367,586600,41.77000045776367,40.459999084472656,40.459999084472656
08-08-2017,36.369998931884766,39.5099983215332,4282500,39.689998626708984,36.834999084472656,36.834999084472656
09-08-2017,34.91999816894531,36.470001220703125,2492900,36.84000015258789,34.97999954223633,34.97999954223633
10-08-2017,33.63999938964844,34.79999923706055,1693800,35.150001525878906,34.16999816894531,34.16999816894531
11-08-2017,33.77000045776367,34.5,1995300,35.90999984741211,35.540000915527344,35.540000915527344
14-08-2017,34.63999938964844,35.65999984741211,924600,36.45000076293945,34.95000076293945,34.95000076293945
15-08-2017,34.150001525878906,35.029998779296875,647900,35.21099853515625,34.88999938964844,34.88999938964844
16-08-2017,34.55500030517578,34.97999954223633,1103600,36.5,36.43000030517578,36.43000030517578
17-08-2017,35.290000915527344,36.29999923706055,793700,36.959999084472656,35.41999816894531,35.41999816894531
18-08-2017,34.779998779296875,35.15999984741211,539800,36.13999938964844,35.52000045776367,35.52000045776367
21-08-2017,35.0,35.59000015258789,397400,35.959999084472656,35.849998474121094,35.849998474121094
22-08-2017,35.75,35.75,960100,37.29999923706055,36.939998626708984,36.939998626708984
23-08-2017,35.91999816894531,36.4900016784668,721800,37.349998474121094,36.02000045776367,36.02000045776367
24-08-2017,35.5,36.349998474121094,756400,37.650001525878906,37.40999984741211,37.40999984741211
25-08-2017,36.29999923706055,37.34000015258789,757800,37.380001068115234,37.0,37.0
28-08-2017,36.880001068115234,37.43000030517578,582700,37.75,37.31999969482422,37.31999969482422
29-08-2017,36.470001220703125,36.689998626708984,347500,37.91999816894531,37.61000061035156,37.61000061035156
30-08-2017,36.68000030517578,37.40999984741211,583600,37.95000076293945,37.29999923706055,37.29999923706055
31-08-2017,37.02000045776367,37.45000076293945,759200,38.029998779296875,37.630001068115234,37.630001068115234
01-09-2017,37.150001525878906,37.709999084472656,460900,37.849998474121094,37.459999084472656,37.459999084472656
05-09-2017,36.4900016784668,37.43000030517578,916900,37.83000183105469,36.7400016784668,36.7400016784668
06-09-2017,35.7599983215332,36.84000015258789,555000,37.48899841308594,37.06999969482422,37.06999969482422
07-09-2017,35.935001373291016,37.150001525878906,581800,37.459999084472656,36.25,36.25
08-09-2017,36.0,36.369998931884766,407900,37.29999923706055,36.599998474121094,36.599998474121094
11-09-2017,35.20000076293945,38.5,775800,38.54999923706055,35.45000076293945,35.45000076293945
12-09-2017,34.93000030517578,35.54999923706055,624100,35.95000076293945,35.40999984741211,35.40999984741211
13-09-2017,33.380001068115234,35.310001373291016,1457200,35.849998474121094,33.84000015258789,33.84000015258789
14-09-2017,32.61000061035156,34.0099983215332,1197800,34.2599983215332,32.9900016784668,32.9900016784668
15-09-2017,31.809999465942383,33.18000030517578,2925800,33.75,33.540000915527344,33.540000915527344
18-09-2017,33.58000183105469,33.84000015258789,958300,35.29999923706055,33.709999084472656,33.709999084472656
19-09-2017,33.34000015258789,33.61000061035156,703300,34.130001068115234,33.9900016784668,33.9900016784668
20-09-2017,33.7400016784668,33.84000015258789,692800,34.709999084472656,34.560001373291016,34.560001373291016
21-09-2017,34.25,34.560001373291016,457500,35.16999816894531,34.849998474121094,34.849998474121094
22-09-2017,34.36000061035156,34.79999923706055,521700,35.439998626708984,35.16999816894531,35.16999816894531
25-09-2017,35.20000076293945,35.310001373291016,844500,36.709999084472656,36.369998931884766,36.369998931884766
26-09-2017,35.92499923706055,36.150001525878906,707300,36.900001525878906,36.47999954223633,36.47999954223633
27-09-2017,36.59000015258789,36.84000015258789,1298500,38.040000915527344,37.849998474121094,37.849998474121094
28-09-2017,37.82500076293945,38.02000045776367,1053200,39.709999084472656,39.439998626708984,39.439998626708984
29-09-2017,38.400001525878906,39.31999969482422,799600,39.7400016784668,38.54999923706055,38.54999923706055
02-10-2017,38.0,38.86000061035156,822300,40.0,40.0,40.0
03-10-2017,38.58000183105469,40.220001220703125,803900,40.78799819946289,39.36000061035156,39.36000061035156
04-10-2017,38.310001373291016,39.15999984741211,759600,39.619998931884766,39.040000915527344,39.040000915527344
05-10-2017,38.369998931884766,39.310001373291016,483200,39.959999084472656,38.47999954223633,38.47999954223633
06-10-2017,37.900001525878906,38.38999938964844,323000,38.790000915527344,38.7599983215332,38.7599983215332
09-10-2017,37.54999923706055,39.0,548400,39.27000045776367,37.7400016784668,37.7400016784668
10-10-2017,36.970001220703125,37.77000045776367,438800,38.02000045776367,37.209999084472656,37.209999084472656
11-10-2017,36.380001068115234,37.11000061035156,672100,37.5,36.77000045776367,36.77000045776367
12-10-2017,36.45000076293945,36.599998474121094,675000,37.95000076293945,37.56999969482422,37.56999969482422
13-10-2017,37.058998107910156,37.68000030517578,1255300,39.25,37.5,37.5
16-10-2017,35.83000183105469,37.560001373291016,610100,38.29999923706055,35.84000015258789,35.84000015258789
17-10-2017,34.220001220703125,35.310001373291016,1352000,35.619998931884766,34.61000061035156,34.61000061035156
18-10-2017,33.529998779296875,34.38999938964844,1890700,36.779998779296875,34.599998474121094,34.599998474121094
19-10-2017,34.369998931884766,35.16999816894531,886500,36.0,35.97999954223633,35.97999954223633
20-10-2017,35.029998779296875,36.15999984741211,694500,36.64500045776367,35.63999938964844,35.63999938964844
23-10-2017,35.11000061035156,35.65999984741211,539200,35.790000915527344,35.29999923706055,35.29999923706055
24-10-2017,33.97999954223633,35.63999938964844,873300,35.83000183105469,34.060001373291016,34.060001373291016
25-10-2017,32.0,33.88999938964844,2118200,34.11000061035156,32.849998474121094,32.849998474121094
26-10-2017,30.399999618530273,32.560001373291016,1709600,33.310001373291016,30.489999771118164,30.489999771118164
27-10-2017,30.479999542236328,30.809999465942383,1330800,33.380001068115234,32.5,32.5
30-10-2017,32.189998626708984,32.720001220703125,537500,33.2400016784668,32.59000015258789,32.59000015258789
31-10-2017,32.04999923706055,32.45000076293945,602000,33.16999816894531,32.11000061035156,32.11000061035156
01-11-2017,30.809999465942383,32.18000030517578,765000,32.66999816894531,30.850000381469727,30.850000381469727
02-11-2017,29.540000915527344,31.239999771118164,1255300,32.099998474121094,30.1299991607666,30.1299991607666
03-11-2017,27.15999984741211,29.0,2871900,29.93000030517578,29.559999465942383,29.559999465942383
06-11-2017,28.600000381469727,29.829999923706055,1009300,29.920000076293945,28.709999084472656,28.709999084472656
07-11-2017,28.549999237060547,29.020000457763672,928800,29.549999237060547,28.889999389648438,28.889999389648438
08-11-2017,28.579999923706055,29.600000381469727,1315600,30.81999969482422,28.75,28.75
09-11-2017,27.55299949645996,28.549999237060547,1277300,28.75,28.399999618530273,28.399999618530273
10-11-2017,27.450000762939453,28.15999984741211,1289000,28.530000686645508,28.100000381469727,28.100000381469727
13-11-2017,27.34000015258789,28.670000076293945,1645900,28.670000076293945,27.709999084472656,27.709999084472656
14-11-2017,24.65999984741211,27.600000381469727,2205600,27.725000381469727,26.350000381469727,26.350000381469727
15-11-2017,25.93000030517578,26.059999465942383,1227000,27.329999923706055,26.829999923706055,26.829999923706055
16-11-2017,26.68000030517578,27.1200008392334,1020600,28.200000762939453,28.040000915527344,28.040000915527344
17-11-2017,27.81999969482422,27.81999969482422,689400,28.549999237060547,28.31999969482422,28.31999969482422
20-11-2017,27.010000228881836,28.290000915527344,595300,28.350000381469727,27.420000076293945,27.420000076293945
21-11-2017,26.700000762939453,27.530000686645508,552200,27.78499984741211,27.040000915527344,27.040000915527344
22-11-2017,26.579999923706055,27.079999923706055,613300,27.6200008392334,27.450000762939453,27.450000762939453
24-11-2017,27.360000610351562,27.6200008392334,537200,28.639999389648438,28.579999923706055,28.579999923706055
27-11-2017,27.440000534057617,28.489999771118164,669500,28.579999923706055,27.799999237060547,27.799999237060547
28-11-2017,27.934999465942383,28.049999237060547,990900,29.639999389648438,29.190000534057617,29.190000534057617
29-11-2017,27.950000762939453,29.43000030517578,864700,29.6299991607666,28.100000381469727,28.100000381469727
30-11-2017,27.829999923706055,28.1200008392334,876500,29.0,28.309999465942383,28.309999465942383
01-12-2017,27.100000381469727,28.600000381469727,701900,28.600000381469727,27.8700008392334,27.8700008392334
04-12-2017,28.0,28.25,1443900,28.829999923706055,28.229999542236328,28.229999542236328
05-12-2017,27.18000030517578,28.100000381469727,868700,28.149999618530273,27.270000457763672,27.270000457763672
06-12-2017,26.110000610351562,27.09000015258789,1139100,27.350000381469727,26.700000762939453,26.700000762939453
07-12-2017,25.801000595092773,26.3700008392334,1441300,27.440000534057617,27.40999984741211,27.40999984741211
08-12-2017,28.420000076293945,29.399999618530273,3177700,32.33000183105469,31.600000381469727,31.600000381469727
11-12-2017,30.709999084472656,31.290000915527344,1216500,32.22999954223633,31.190000534057617,31.190000534057617
12-12-2017,29.510000228881836,31.040000915527344,1157500,31.31999969482422,29.579999923706055,29.579999923706055
13-12-2017,28.649999618530273,29.579999923706055,944500,30.100000381469727,29.6200008392334,29.6200008392334
14-12-2017,28.309999465942383,29.6200008392334,1100700,30.010000228881836,28.65999984741211,28.65999984741211
15-12-2017,27.219999313354492,27.469999313354492,1950000,30.420000076293945,29.979999542236328,29.979999542236328
18-12-2017,28.850000381469727,30.399999618530273,580500,30.850000381469727,29.049999237060547,29.049999237060547
19-12-2017,28.94499969482422,29.040000915527344,638000,30.729999542236328,30.190000534057617,30.190000534057617
20-12-2017,29.43000030517578,30.239999771118164,290600,30.540000915527344,29.610000610351562,29.610000610351562
21-12-2017,29.56999969482422,29.600000381469727,482200,30.719999313354492,30.139999389648438,30.139999389648438
22-12-2017,30.25,30.31999969482422,586000,31.31999969482422,30.979999542236328,30.979999542236328
26-12-2017,30.3700008392334,30.850000381469727,386100,31.020000457763672,30.649999618530273,30.649999618530273
27-12-2017,30.260000228881836,30.68000030517578,491700,31.780000686645508,31.389999389648438,31.389999389648438
28-12-2017,30.8799991607666,31.350000381469727,403100,31.719999313354492,31.520000457763672,31.520000457763672
29-12-2017,31.3439998626709,31.59000015258789,752200,33.0099983215332,31.770000457763672,31.770000457763672
02-01-2018,31.549999237060547,32.02000045776367,559800,33.15999984741211,32.939998626708984,32.939998626708984
03-01-2018,32.558998107910156,33.09000015258789,686000,33.584999084472656,33.290000915527344,33.290000915527344
04-01-2018,32.0,33.45000076293945,570300,33.70000076293945,33.29999923706055,33.29999923706055
05-01-2018,32.880001068115234,33.209999084472656,906000,34.56999969482422,34.560001373291016,34.560001373291016
08-01-2018,33.209999084472656,34.45000076293945,1060000,35.08000183105469,34.91999816894531,34.91999816894531
09-01-2018,34.439998626708984,34.619998931884766,1190600,36.810001373291016,36.599998474121094,36.599998474121094
10-01-2018,33.2400016784668,36.25,1653500,36.54999923706055,36.099998474121094,36.099998474121094
11-01-2018,34.91999816894531,36.040000915527344,771700,36.400001525878906,35.369998931884766,35.369998931884766
12-01-2018,34.150001525878906,35.2599983215332,1379000,35.369998931884766,34.70000076293945,34.70000076293945
16-01-2018,33.75,35.119998931884766,922200,35.9900016784668,34.099998474121094,34.099998474121094
17-01-2018,33.599998474121094,34.16999816894531,603200,34.540000915527344,33.86000061035156,33.86000061035156
18-01-2018,33.90999984741211,33.90999984741211,1310200,36.93000030517578,36.119998931884766,36.119998931884766
19-01-2018,35.439998626708984,36.08000183105469,1599500,38.029998779296875,38.02000045776367,38.02000045776367
22-01-2018,37.29999923706055,38.11000061035156,1109100,38.91999816894531,38.5,38.5
23-01-2018,38.11399841308594,38.84000015258789,1463300,40.31999969482422,39.400001525878906,39.400001525878906
24-01-2018,37.83000183105469,39.56999969482422,814600,39.75,39.2599983215332,39.2599983215332
25-01-2018,38.63999938964844,39.560001373291016,523900,39.79999923706055,39.290000915527344,39.290000915527344
26-01-2018,38.23500061035156,39.310001373291016,1017600,40.0,38.7400016784668,38.7400016784668
29-01-2018,38.900001525878906,39.25,1033700,41.15999984741211,39.650001525878906,39.650001525878906
30-01-2018,38.02000045776367,39.310001373291016,561300,39.566001892089844,38.93000030517578,38.93000030517578
31-01-2018,37.34000015258789,39.27000045776367,581900,39.349998474121094,37.65999984741211,37.65999984741211
01-02-2018,36.54999923706055,37.650001525878906,671000,37.650001525878906,37.06999969482422,37.06999969482422
02-02-2018,36.31999969482422,36.810001373291016,781700,38.25,36.61000061035156,36.61000061035156
05-02-2018,35.04999923706055,36.040000915527344,611100,36.83000183105469,35.47999954223633,35.47999954223633
06-02-2018,34.66999816894531,34.90999984741211,770000,37.4900016784668,37.290000915527344,37.290000915527344
07-02-2018,36.150001525878906,37.02000045776367,505100,37.529998779296875,36.189998626708984,36.189998626708984
08-02-2018,33.4900016784668,36.220001220703125,891900,36.220001220703125,33.5,33.5
09-02-2018,32.94200134277344,34.0,792000,35.939998626708984,35.15999984741211,35.15999984741211
12-02-2018,34.61000061035156,36.0099983215332,564600,36.709999084472656,36.41999816894531,36.41999816894531
13-02-2018,35.52000045776367,36.459999084472656,580800,38.33000183105469,37.83000183105469,37.83000183105469
14-02-2018,37.0099983215332,37.54999923706055,631800,38.93000030517578,38.630001068115234,38.630001068115234
15-02-2018,38.20000076293945,38.81999969482422,900900,39.369998931884766,38.56999969482422,38.56999969482422
16-02-2018,37.5,38.66999816894531,381900,39.130001068115234,37.90999984741211,37.90999984741211
20-02-2018,37.0099983215332,37.4900016784668,572800,39.220001220703125,38.220001220703125,38.220001220703125
21-02-2018,37.650001525878906,38.220001220703125,495700,38.97999954223633,37.709999084472656,37.709999084472656
22-02-2018,37.40299987792969,38.060001373291016,1339800,39.29499816894531,38.95000076293945,38.95000076293945
23-02-2018,38.95000076293945,39.29999923706055,1290600,40.970001220703125,40.150001525878906,40.150001525878906
26-02-2018,39.689998626708984,40.2599983215332,1060500,40.75,40.220001220703125,40.220001220703125
27-02-2018,37.900001525878906,40.220001220703125,1182000,40.43000030517578,38.349998474121094,38.349998474121094
28-02-2018,37.88999938964844,38.279998779296875,552000,39.52000045776367,38.09000015258789,38.09000015258789
01-03-2018,37.11000061035156,37.880001068115234,1146700,38.11000061035156,37.540000915527344,37.540000915527344
02-03-2018,31.450000762939453,36.130001068115234,4333300,36.130001068115234,32.915000915527344,32.915000915527344
05-03-2018,32.310001373291016,33.869998931884766,1737800,34.45000076293945,32.939998626708984,32.939998626708984
06-03-2018,32.27000045776367,32.709999084472656,1243000,33.45000076293945,32.900001525878906,32.900001525878906
07-03-2018,32.349998474121094,32.84000015258789,823600,33.43000030517578,33.150001525878906,33.150001525878906
08-03-2018,32.2599983215332,33.25,641300,33.36000061035156,33.04999923706055,33.04999923706055
09-03-2018,32.95000076293945,33.38999938964844,831300,35.43000030517578,35.279998779296875,35.279998779296875
12-03-2018,34.209999084472656,35.279998779296875,637500,35.45000076293945,35.04999923706055,35.04999923706055
13-03-2018,34.91999816894531,35.040000915527344,857200,35.900001525878906,35.29999923706055,35.29999923706055
14-03-2018,34.209999084472656,35.5,533200,35.5,34.97999954223633,34.97999954223633
15-03-2018,34.75,35.2400016784668,367900,35.439998626708984,35.38999938964844,35.38999938964844
16-03-2018,35.29999923706055,35.29999923706055,592300,36.36000061035156,35.93000030517578,35.93000030517578
19-03-2018,34.5,35.97999954223633,792400,36.66999816894531,35.18000030517578,35.18000030517578
20-03-2018,33.59000015258789,34.900001525878906,701400,35.099998474121094,33.970001220703125,33.970001220703125
21-03-2018,33.560001373291016,34.16999816894531,466200,35.91999816894531,35.27000045776367,35.27000045776367
22-03-2018,32.0,32.5099983215332,1448700,35.279998779296875,33.83000183105469,33.83000183105469
23-03-2018,33.005001068115234,33.720001220703125,521700,34.38999938964844,33.79999923706055,33.79999923706055
26-03-2018,33.06999969482422,34.52000045776367,1191500,35.41999816894531,35.18000030517578,35.18000030517578
27-03-2018,33.90999984741211,35.41999816894531,574700,35.4900016784668,34.13999938964844,34.13999938964844
28-03-2018,33.58000183105469,34.220001220703125,460600,34.849998474121094,34.369998931884766,34.369998931884766
29-03-2018,35.02000045776367,36.02000045776367,1058500,37.2400016784668,35.939998626708984,35.939998626708984
02-04-2018,35.150001525878906,35.540000915527344,994100,37.65999984741211,36.7599983215332,36.7599983215332
03-04-2018,35.59000015258789,36.95000076293945,514900,37.0,36.04999923706055,36.04999923706055
04-04-2018,35.0,35.4900016784668,617800,36.88999938964844,36.560001373291016,36.560001373291016
05-04-2018,35.90999984741211,36.959999084472656,564100,37.029998779296875,36.72999954223633,36.72999954223633
06-04-2018,35.665000915527344,36.209999084472656,420900,36.7400016784668,36.29999923706055,36.29999923706055
09-04-2018,35.779998779296875,36.650001525878906,697600,37.0,35.810001373291016,35.810001373291016
10-04-2018,35.810001373291016,36.279998779296875,680600,36.88999938964844,36.47999954223633,36.47999954223633
11-04-2018,36.09000015258789,36.09000015258789,629500,36.939998626708984,36.470001220703125,36.470001220703125
12-04-2018,35.560001373291016,36.75,859000,36.75,35.68000030517578,35.68000030517578
13-04-2018,33.7400016784668,35.56999969482422,641000,35.65999984741211,34.0,34.0
16-04-2018,33.58000183105469,34.20000076293945,571200,34.459999084472656,33.939998626708984,33.939998626708984
17-04-2018,33.7599983215332,34.209999084472656,712900,35.560001373291016,35.130001068115234,35.130001068115234
18-04-2018,34.915000915527344,35.02000045776367,450700,36.0,35.11000061035156,35.11000061035156
19-04-2018,33.459999084472656,34.86000061035156,749400,34.9900016784668,33.7400016784668,33.7400016784668
20-04-2018,32.900001525878906,33.630001068115234,921300,35.04999923706055,33.27000045776367,33.27000045776367
23-04-2018,31.75,33.31999969482422,879600,33.6150016784668,33.02000045776367,33.02000045776367
24-04-2018,32.060001373291016,33.220001220703125,507300,33.82099914550781,32.61000061035156,32.61000061035156
25-04-2018,31.94499969482422,32.52000045776367,604000,32.88999938964844,32.20000076293945,32.20000076293945
26-04-2018,32.130001068115234,32.369998931884766,351100,33.189998626708984,32.970001220703125,32.970001220703125
27-04-2018,31.389999389648438,33.02000045776367,566500,33.040000915527344,31.510000228881836,31.510000228881836
30-04-2018,30.190000534057617,31.59000015258789,554100,31.649999618530273,30.200000762939453,30.200000762939453
01-05-2018,29.639999389648438,30.18000030517578,880300,30.795000076293945,30.6299991607666,30.6299991607666
02-05-2018,30.34000015258789,30.579999923706055,378700,31.75,30.799999237060547,30.799999237060547
03-05-2018,30.360000610351562,30.690000534057617,319400,31.34000015258789,30.6200008392334,30.6200008392334
04-05-2018,30.540000915527344,30.90999984741211,411000,31.979999542236328,31.690000534057617,31.690000534057617
07-05-2018,31.700000762939453,31.700000762939453,300200,32.689998626708984,32.20000076293945,32.20000076293945
08-05-2018,31.850000381469727,32.22999954223633,332300,32.617000579833984,32.02000045776367,32.02000045776367
09-05-2018,31.899999618530273,32.060001373291016,739000,33.150001525878906,32.0099983215332,32.0099983215332
10-05-2018,31.690000534057617,32.75,1172200,34.02000045776367,31.770000457763672,31.770000457763672
11-05-2018,30.834999084472656,31.229999542236328,942800,33.09000015258789,32.689998626708984,32.689998626708984
14-05-2018,32.310001373291016,32.75,629700,33.56999969482422,33.45000076293945,33.45000076293945
15-05-2018,32.560001373291016,33.06999969482422,401900,33.529998779296875,32.97999954223633,32.97999954223633
16-05-2018,31.889999389648438,32.779998779296875,815500,32.779998779296875,32.189998626708984,32.189998626708984
17-05-2018,31.290000915527344,32.209999084472656,762200,32.27000045776367,31.729999542236328,31.729999542236328
18-05-2018,31.31999969482422,31.8799991607666,521300,32.09000015258789,31.389999389648438,31.389999389648438
21-05-2018,28.690000534057617,31.479999542236328,1005600,31.649999618530273,29.010000228881836,29.010000228881836
22-05-2018,28.25,29.0,1115300,29.68000030517578,29.100000381469727,29.100000381469727
23-05-2018,28.290000915527344,29.0,1057100,29.27899932861328,28.90999984741211,28.90999984741211
24-05-2018,28.200000762939453,28.8700008392334,602800,29.1299991607666,28.700000762939453,28.700000762939453
25-05-2018,28.75,28.81999969482422,735500,29.690000534057617,29.170000076293945,29.170000076293945
29-05-2018,28.110000610351562,28.969999313354492,371500,29.190000534057617,28.3700008392334,28.3700008392334
30-05-2018,28.360000610351562,28.389999389648438,1113300,29.280000686645508,29.139999389648438,29.139999389648438
31-05-2018,28.25,29.15999984741211,546100,29.270000457763672,28.5,28.5
01-06-2018,28.440000534057617,28.649999618530273,641600,29.059999465942383,28.670000076293945,28.670000076293945
04-06-2018,27.559999465942383,28.850000381469727,669500,28.854999542236328,27.84000015258789,27.84000015258789
05-06-2018,27.549999237060547,27.809999465942383,912500,28.700000762939453,28.600000381469727,28.600000381469727
06-06-2018,28.44499969482422,28.799999237060547,344800,29.200000762939453,28.920000076293945,28.920000076293945
07-06-2018,28.549999237060547,28.899999618530273,562200,29.399999618530273,28.700000762939453,28.700000762939453
08-06-2018,28.190000534057617,28.700000762939453,515100,29.229999542236328,28.209999084472656,28.209999084472656
11-06-2018,27.040000915527344,28.5,1409700,28.5,27.239999771118164,27.239999771118164
12-06-2018,27.239999771118164,27.239999771118164,1514300,30.540000915527344,29.979999542236328,29.979999542236328
13-06-2018,29.440000534057617,29.889999389648438,898200,31.239999771118164,30.75,30.75
14-06-2018,29.200000762939453,30.780000686645508,804200,30.829999923706055,30.739999771118164,30.739999771118164
15-06-2018,30.389999389648438,30.65999984741211,784400,31.329999923706055,30.540000915527344,30.540000915527344
18-06-2018,29.635000228881836,29.90999984741211,300000,31.059999465942383,30.68000030517578,30.68000030517578
19-06-2018,30.040000915527344,30.6200008392334,583000,31.549999237060547,31.309999465942383,31.309999465942383
20-06-2018,31.09000015258789,31.399999618530273,498500,31.920000076293945,31.860000610351562,31.860000610351562
21-06-2018,31.010000228881836,31.84000015258789,420400,31.860000610351562,31.06999969482422,31.06999969482422
22-06-2018,30.049999237060547,31.049999237060547,1048700,31.540000915527344,30.540000915527344,30.540000915527344
25-06-2018,29.6200008392334,30.399999618530273,913100,30.65999984741211,29.65999984741211,29.65999984741211
26-06-2018,28.8799991607666,29.84000015258789,734700,30.219999313354492,28.940000534057617,28.940000534057617
27-06-2018,27.639999389648438,28.90999984741211,585300,28.93000030517578,27.940000534057617,27.940000534057617
28-06-2018,27.25,27.940000534057617,873000,29.079999923706055,28.90999984741211,28.90999984741211
29-06-2018,28.6200008392334,29.049999237060547,838000,30.520000457763672,29.469999313354492,29.469999313354492
02-07-2018,28.0,29.170000076293945,744900,29.649999618530273,28.56999969482422,28.56999969482422
03-07-2018,28.270000457763672,28.56999969482422,214800,28.8799991607666,28.700000762939453,28.700000762939453
05-07-2018,27.8799991607666,28.979999542236328,399700,29.200000762939453,27.899999618530273,27.899999618530273
06-07-2018,27.90999984741211,28.040000915527344,731200,28.93000030517578,28.860000610351562,28.860000610351562
09-07-2018,27.979999542236328,28.90999984741211,863200,29.479999542236328,29.030000686645508,29.030000686645508
10-07-2018,28.809999465942383,29.389999389648438,892000,29.6299991607666,29.299999237060547,29.299999237060547
11-07-2018,28.65999984741211,28.84000015258789,536200,29.540000915527344,29.229999542236328,29.229999542236328
12-07-2018,28.81999969482422,29.360000610351562,547000,30.540000915527344,30.520000457763672,30.520000457763672
13-07-2018,28.729999542236328,30.3700008392334,954800,30.3700008392334,29.270000457763672,29.270000457763672
16-07-2018,28.549999237060547,29.309999465942383,535200,29.31999969482422,28.739999771118164,28.739999771118164
17-07-2018,28.149999618530273,28.780000686645508,479500,29.06999969482422,28.860000610351562,28.860000610351562
18-07-2018,28.299999237060547,28.790000915527344,396200,28.809999465942383,28.3799991607666,28.3799991607666
19-07-2018,28.020000457763672,28.239999771118164,302200,28.540000915527344,28.459999084472656,28.459999084472656
20-07-2018,27.739999771118164,28.43000030517578,454100,28.479999542236328,27.90999984741211,27.90999984741211
23-07-2018,27.639999389648438,28.0,664100,28.579999923706055,28.399999618530273,28.399999618530273
24-07-2018,27.520000457763672,28.700000762939453,963500,28.84000015258789,27.729999542236328,27.729999542236328
25-07-2018,25.81999969482422,27.059999465942383,1595400,28.809999465942383,26.170000076293945,26.170000076293945
26-07-2018,25.040000915527344,26.15999984741211,1163500,26.399999618530273,25.889999389648438,25.889999389648438
27-07-2018,24.540000915527344,26.030000686645508,739900,26.030000686645508,24.75,24.75
30-07-2018,24.06999969482422,24.709999084472656,682800,25.364999771118164,24.18000030517578,24.18000030517578
31-07-2018,23.540000915527344,24.360000610351562,1058200,24.610000610351562,24.0,24.0
01-08-2018,22.93000030517578,23.969999313354492,1184800,24.15999984741211,22.950000762939453,22.950000762939453
02-08-2018,22.25,22.989999771118164,822200,23.280000686645508,22.510000228881836,22.510000228881836
03-08-2018,22.610000610351562,22.6200008392334,1062200,23.860000610351562,23.399999618530273,23.399999618530273
06-08-2018,22.729999542236328,23.299999237060547,1776400,23.899999618530273,23.010000228881836,23.010000228881836
07-08-2018,22.31999969482422,23.770000457763672,1180100,24.440000534057617,23.360000610351562,23.360000610351562
08-08-2018,22.579999923706055,23.299999237060547,727100,23.780000686645508,22.610000610351562,22.610000610351562
09-08-2018,22.219999313354492,22.559999465942383,697800,22.959999084472656,22.25,22.25
10-08-2018,21.709999084472656,22.15999984741211,630600,22.760000228881836,22.43000030517578,22.43000030517578
13-08-2018,20.84000015258789,22.399999618530273,1032900,22.575000762939453,20.93000030517578,20.93000030517578
14-08-2018,20.56999969482422,21.100000381469727,2320000,21.8700008392334,21.170000076293945,21.170000076293945
15-08-2018,20.510000228881836,20.90999984741211,742500,21.139999389648438,20.8700008392334,20.8700008392334
16-08-2018,20.6200008392334,20.969999313354492,929400,21.485000610351562,21.280000686645508,21.280000686645508
17-08-2018,19.95199966430664,21.34000015258789,1201800,21.610000610351562,19.989999771118164,19.989999771118164
20-08-2018,18.8799991607666,19.969999313354492,1585900,20.0,19.760000228881836,19.760000228881836
21-08-2018,19.239999771118164,19.889999389648438,1058000,21.040000915527344,20.799999237060547,20.799999237060547
22-08-2018,20.34000015258789,20.700000762939453,873800,21.030000686645508,20.989999771118164,20.989999771118164
23-08-2018,20.510000228881836,21.020000457763672,870500,21.209999084472656,20.950000762939453,20.950000762939453
24-08-2018,19.579999923706055,20.8700008392334,4709100,21.270000457763672,20.219999313354492,20.219999313354492
27-08-2018,20.260000228881836,20.299999237060547,955200,21.0,20.68000030517578,20.68000030517578
28-08-2018,20.25,20.780000686645508,849200,20.780000686645508,20.600000381469727,20.600000381469727
29-08-2018,20.280000686645508,20.700000762939453,612700,20.950000762939453,20.56999969482422,20.56999969482422
30-08-2018,19.700000762939453,20.5,600700,20.670000076293945,19.739999771118164,19.739999771118164
31-08-2018,19.68000030517578,19.700000762939453,1004500,21.1200008392334,20.56999969482422,20.56999969482422
04-09-2018,19.719999313354492,20.469999313354492,640900,20.770000457763672,19.93000030517578,19.93000030517578
05-09-2018,19.700000762939453,19.940000534057617,413100,20.200000762939453,19.940000534057617,19.940000534057617
06-09-2018,19.114999771118164,19.93000030517578,604500,20.0,19.170000076293945,19.170000076293945
07-09-2018,18.579999923706055,19.06999969482422,562100,19.229999542236328,18.639999389648438,18.639999389648438
10-09-2018,18.34000015258789,18.75,1050000,19.0,18.790000915527344,18.790000915527344
11-09-2018,18.5,18.700000762939453,796900,19.030000686645508,18.799999237060547,18.799999237060547
12-09-2018,18.440000534057617,18.799999237060547,732200,18.969999313354492,18.639999389648438,18.639999389648438
13-09-2018,18.309999465942383,18.68000030517578,557400,18.920000076293945,18.719999313354492,18.719999313354492
14-09-2018,18.052000045776367,18.729999542236328,739300,18.790000915527344,18.190000534057617,18.190000534057617
17-09-2018,17.420000076293945,18.190000534057617,1077000,18.389999389648438,17.780000686645508,17.780000686645508
18-09-2018,16.709999084472656,17.690000534057617,1415900,17.799999237060547,17.510000228881836,17.510000228881836
19-09-2018,17.43000030517578,17.459999084472656,950700,18.649999618530273,18.440000534057617,18.440000534057617
20-09-2018,18.389999389648438,18.510000228881836,482500,18.844999313354492,18.829999923706055,18.829999923706055
21-09-2018,17.809999465942383,18.81999969482422,2035200,19.09000015258789,17.93000030517578,17.93000030517578
24-09-2018,17.219999313354492,17.889999389648438,717600,18.280000686645508,17.309999465942383,17.309999465942383
25-09-2018,16.940000534057617,17.299999237060547,620000,17.440000534057617,17.190000534057617,17.190000534057617
26-09-2018,17.139999389648438,17.239999771118164,730900,17.790000915527344,17.450000762939453,17.450000762939453
27-09-2018,17.309999465942383,17.459999084472656,688200,18.010000228881836,17.790000915527344,17.790000915527344
28-09-2018,17.149999618530273,17.68000030517578,648800,18.09000015258789,17.799999237060547,17.799999237060547
01-10-2018,17.68000030517578,17.770000457763672,923200,19.149999618530273,18.799999237060547,18.799999237060547
02-10-2018,18.139999389648438,18.729999542236328,824300,19.030000686645508,18.350000381469727,18.350000381469727
03-10-2018,18.75,18.75,934400,20.25,19.969999313354492,19.969999313354492
04-10-2018,18.969999313354492,19.780000686645508,1030200,19.90999984741211,19.1200008392334,19.1200008392334
05-10-2018,18.8700008392334,19.200000762939453,685800,19.579999923706055,19.1200008392334,19.1200008392334
08-10-2018,18.56999969482422,19.049999237060547,560900,19.360000610351562,18.84000015258789,18.84000015258789
09-10-2018,18.549999237060547,18.81999969482422,568700,19.239999771118164,18.729999542236328,18.729999542236328
10-10-2018,18.399999618530273,18.6299991607666,757700,19.274999618530273,18.440000534057617,18.440000534057617
11-10-2018,17.93000030517578,18.360000610351562,662000,18.799999237060547,18.530000686645508,18.530000686645508
12-10-2018,18.209999084472656,18.84000015258789,493000,19.350000381469727,19.209999084472656,19.209999084472656
15-10-2018,18.799999237060547,19.170000076293945,472400,19.549999237060547,18.979999542236328,18.979999542236328
16-10-2018,18.780000686645508,19.100000381469727,1057300,20.360000610351562,20.110000610351562,20.110000610351562
17-10-2018,19.549999237060547,20.0,712800,20.190000534057617,19.860000610351562,19.860000610351562
18-10-2018,19.170000076293945,19.8700008392334,676700,19.90999984741211,19.479999542236328,19.479999542236328
19-10-2018,18.799999237060547,19.489999771118164,643400,19.889999389648438,18.959999084472656,18.959999084472656
22-10-2018,18.049999237060547,19.0,635700,19.0,18.299999237060547,18.299999237060547
23-10-2018,17.899999618530273,18.049999237060547,422800,19.040000915527344,18.510000228881836,18.510000228881836
24-10-2018,17.040000915527344,18.540000915527344,943900,18.829999923706055,17.139999389648438,17.139999389648438
25-10-2018,17.139999389648438,17.25,851100,18.3700008392334,17.989999771118164,17.989999771118164
26-10-2018,17.0,17.649999618530273,827500,18.270000457763672,17.670000076293945,17.670000076293945
29-10-2018,16.450000762939453,17.8799991607666,672800,17.920000076293945,16.649999618530273,16.649999618530273
30-10-2018,16.239999771118164,16.59000015258789,683200,17.25,16.530000686645508,16.530000686645508
31-10-2018,15.739999771118164,16.799999237060547,1401600,18.0,15.829999923706055,15.829999923706055
01-11-2018,16.209999084472656,16.989999771118164,3391700,18.100000381469727,17.75,17.75
02-11-2018,17.940000534057617,18.1200008392334,1318600,19.40999984741211,18.280000686645508,18.280000686645508
05-11-2018,17.39900016784668,18.329999923706055,623000,18.579999923706055,17.600000381469727,17.600000381469727
06-11-2018,16.719999313354492,17.670000076293945,1312300,17.709999084472656,16.989999771118164,16.989999771118164
07-11-2018,16.90999984741211,17.239999771118164,789200,17.6200008392334,17.440000534057617,17.440000534057617
08-11-2018,16.920000076293945,17.34000015258789,522200,17.860000610351562,17.540000915527344,17.540000915527344
09-11-2018,15.670000076293945,17.440000534057617,876700,17.440000534057617,15.699999809265137,15.699999809265137
12-11-2018,14.970000267028809,15.6899995803833,652000,16.260000228881836,15.010000228881836,15.010000228881836
13-11-2018,15.100000381469727,15.199999809265137,550800,16.1299991607666,15.220000267028809,15.220000267028809
14-11-2018,14.520000457763672,15.25,766800,15.465999603271484,14.640000343322754,14.640000343322754
15-11-2018,14.5600004196167,14.5600004196167,681700,16.1200008392334,16.1200008392334,16.1200008392334
16-11-2018,15.8100004196167,15.9399995803833,583500,16.959999084472656,16.719999313354492,16.719999313354492
19-11-2018,15.350000381469727,16.549999237060547,749600,16.700000762939453,15.5,15.5
20-11-2018,14.729999542236328,15.210000038146973,588500,15.8100004196167,15.5,15.5
21-11-2018,15.305000305175781,15.720000267028809,645700,15.960000038146973,15.760000228881836,15.760000228881836
23-11-2018,15.529999732971191,15.529999732971191,366100,16.299999237060547,15.920000076293945,15.920000076293945
26-11-2018,15.40999984741211,16.1200008392334,669000,16.31999969482422,16.079999923706055,16.079999923706055
27-11-2018,15.180000305175781,15.920000076293945,410400,15.970000267028809,15.260000228881836,15.260000228881836
28-11-2018,14.970000267028809,15.449999809265137,1288500,15.800000190734863,15.789999961853027,15.789999961853027
29-11-2018,15.25,15.770000457763672,738200,16.020000457763672,15.630000114440918,15.630000114440918
30-11-2018,15.619999885559082,15.760000228881836,585900,16.700000762939453,16.670000076293945,16.670000076293945
03-12-2018,16.610000610351562,17.1299991607666,660600,17.309999465942383,17.25,17.25
04-12-2018,15.970000267028809,17.200000762939453,945900,17.59000015258789,16.079999923706055,16.079999923706055
06-12-2018,15.720000267028809,15.920000076293945,818300,16.530000686645508,16.31999969482422,16.31999969482422
07-12-2018,15.649999618530273,16.309999465942383,747000,16.959999084472656,15.84000015258789,15.84000015258789
10-12-2018,14.920000076293945,15.859999656677246,763500,16.0,15.949999809265137,15.949999809265137
11-12-2018,15.729999542236328,16.149999618530273,526200,16.540000915527344,16.31999969482422,16.31999969482422
12-12-2018,16.559999465942383,16.559999465942383,505900,17.260000228881836,17.06999969482422,17.06999969482422
13-12-2018,15.880000114440918,17.09000015258789,862600,17.540000915527344,15.960000038146973,15.960000038146973
14-12-2018,15.25,15.789999961853027,703700,16.040000915527344,15.779999732971191,15.779999732971191
17-12-2018,14.760000228881836,15.710000038146973,975900,15.779999732971191,15.300000190734863,15.300000190734863
18-12-2018,15.390000343322754,15.630000114440918,810900,16.049999237060547,15.699999809265137,15.699999809265137
19-12-2018,15.020000457763672,15.869999885559082,867200,16.719999313354492,15.210000038146973,15.210000038146973
20-12-2018,14.0,15.180000305175781,1302500,15.329999923706055,14.5600004196167,14.5600004196167
21-12-2018,13.350000381469727,14.720000267028809,2717800,14.819999694824219,13.359999656677246,13.359999656677246
24-12-2018,12.8100004196167,13.260000228881836,353300,13.779999732971191,13.350000381469727,13.350000381469727
26-12-2018,13.40999984741211,13.40999984741211,613400,14.71500015258789,14.640000343322754,14.640000343322754
27-12-2018,13.989999771118164,14.40999984741211,796900,14.710000038146973,14.510000228881836,14.510000228881836
28-12-2018,14.461000442504883,14.710000038146973,791300,15.270000457763672,14.84000015258789,14.84000015258789
31-12-2018,15.0,15.0600004196167,846500,16.489999771118164,16.489999771118164,16.489999771118164
02-01-2019,15.739999771118164,16.149999618530273,777800,16.850000381469727,16.850000381469727,16.850000381469727
03-01-2019,15.930000305175781,16.829999923706055,734900,16.8799991607666,16.190000534057617,16.190000534057617
04-01-2019,16.270000457763672,16.420000076293945,845000,16.979999542236328,16.559999465942383,16.559999465942383
07-01-2019,16.43400001525879,16.739999771118164,824700,17.579999923706055,17.549999237060547,17.549999237060547
08-01-2019,16.610000610351562,17.649999618530273,814100,17.899999618530273,16.93000030517578,16.93000030517578
09-01-2019,16.260000228881836,16.989999771118164,649200,17.0,16.59000015258789,16.59000015258789
10-01-2019,16.110000610351562,16.459999084472656,663300,16.979999542236328,16.940000534057617,16.940000534057617
11-01-2019,16.280000686645508,16.760000228881836,523900,17.149999618530273,16.440000534057617,16.440000534057617
14-01-2019,15.760000228881836,16.31999969482422,594100,16.459999084472656,15.770000457763672,15.770000457763672
15-01-2019,15.670000076293945,15.960000038146973,684700,16.43000030517578,16.25,16.25
16-01-2019,16.149999618530273,16.329999923706055,701300,17.020000457763672,16.40999984741211,16.40999984741211
17-01-2019,16.280000686645508,16.3700008392334,429300,17.190000534057617,16.950000762939453,16.950000762939453
18-01-2019,16.639999389648438,17.059999465942383,356000,17.559999465942383,17.510000228881836,17.510000228881836
22-01-2019,16.579999923706055,17.510000228881836,535200,17.59000015258789,16.670000076293945,16.670000076293945
23-01-2019,16.239999771118164,16.739999771118164,510700,17.049999237060547,16.450000762939453,16.450000762939453
24-01-2019,16.43000030517578,16.489999771118164,315400,17.1299991607666,17.100000381469727,17.100000381469727
25-01-2019,16.860000610351562,17.56999969482422,788700,18.219999313354492,18.190000534057617,18.190000534057617
28-01-2019,17.200000762939453,18.110000610351562,791900,18.350000381469727,17.25,17.25
29-01-2019,16.959999084472656,17.200000762939453,231900,17.459999084472656,17.06999969482422,17.06999969482422
30-01-2019,16.969999313354492,17.139999389648438,561400,18.09000015258789,18.079999923706055,18.079999923706055
31-01-2019,18.040000915527344,18.09000015258789,585800,18.579999923706055,18.270000457763672,18.270000457763672
01-02-2019,18.02400016784668,18.239999771118164,445800,18.81999969482422,18.670000076293945,18.670000076293945
04-02-2019,18.375,18.700000762939453,409900,19.239999771118164,18.8799991607666,18.8799991607666
05-02-2019,18.68400001525879,19.0,509100,19.440000534057617,18.90999984741211,18.90999984741211
06-02-2019,18.56999969482422,18.920000076293945,383300,19.200000762939453,18.780000686645508,18.780000686645508
07-02-2019,17.93000030517578,18.649999618530273,675300,18.889999389648438,18.399999618530273,18.399999618530273
08-02-2019,18.040000915527344,18.25,677900,19.670000076293945,19.670000076293945,19.670000076293945
11-02-2019,19.040000915527344,19.739999771118164,453300,19.950000762939453,19.350000381469727,19.350000381469727
12-02-2019,19.25,19.469999313354492,495200,19.799999237060547,19.600000381469727,19.600000381469727
13-02-2019,19.030000686645508,19.75,260300,19.84000015258789,19.170000076293945,19.170000076293945
14-02-2019,17.540000915527344,18.989999771118164,975200,19.06999969482422,17.68000030517578,17.68000030517578
15-02-2019,17.549999237060547,17.790000915527344,730500,18.360000610351562,18.290000915527344,18.290000915527344
19-02-2019,17.790000915527344,18.299999237060547,425700,18.75,18.540000915527344,18.540000915527344
20-02-2019,18.459999084472656,18.56999969482422,410100,19.190000534057617,18.8799991607666,18.8799991607666
21-02-2019,18.209999084472656,18.84000015258789,291000,18.969999313354492,18.389999389648438,18.389999389648438
22-02-2019,18.316999435424805,18.489999771118164,467700,19.260000228881836,19.18000030517578,19.18000030517578
25-02-2019,19.222000122070312,19.360000610351562,573300,19.889999389648438,19.579999923706055,19.579999923706055
26-02-2019,18.920000076293945,19.530000686645508,387900,19.75,18.969999313354492,18.969999313354492
27-02-2019,18.59000015258789,18.979999542236328,381600,19.639999389648438,19.530000686645508,19.530000686645508
28-02-2019,18.829999923706055,19.40999984741211,639900,19.530000686645508,18.959999084472656,18.959999084472656
01-03-2019,18.90999984741211,19.219999313354492,1306700,20.579999923706055,19.93000030517578,19.93000030517578
04-03-2019,19.209999084472656,20.149999618530273,716200,20.31399917602539,19.90999984741211,19.90999984741211
05-03-2019,18.809999465942383,19.959999084472656,639700,20.15999984741211,18.8700008392334,18.8700008392334
06-03-2019,17.940000534057617,18.860000610351562,875700,18.975000381469727,18.110000610351562,18.110000610351562
07-03-2019,17.899999618530273,18.479999542236328,367800,18.75,18.280000686645508,18.280000686645508
08-03-2019,17.75,18.110000610351562,427300,18.309999465942383,18.149999618530273,18.149999618530273
11-03-2019,18.030000686645508,18.190000534057617,539300,19.100000381469727,19.049999237060547,19.049999237060547
12-03-2019,18.780000686645508,19.100000381469727,289000,19.670000076293945,19.389999389648438,19.389999389648438
13-03-2019,18.510000228881836,19.489999771118164,510100,19.489999771118164,19.219999313354492,19.219999313354492
14-03-2019,18.65999984741211,19.139999389648438,551300,19.649999618530273,18.68000030517578,18.68000030517578
15-03-2019,18.6299991607666,18.760000228881836,1094900,19.290000915527344,18.670000076293945,18.670000076293945
18-03-2019,18.5,18.670000076293945,467700,19.350000381469727,18.799999237060547,18.799999237060547
19-03-2019,18.389999389648438,18.93000030517578,361000,19.079999923706055,18.670000076293945,18.670000076293945
20-03-2019,18.3700008392334,18.670000076293945,435500,19.0,18.43000030517578,18.43000030517578
21-03-2019,18.110000610351562,18.25,601500,19.3700008392334,19.329999923706055,19.329999923706055
22-03-2019,18.7450008392334,19.219999313354492,785300,19.469999313354492,18.920000076293945,18.920000076293945
25-03-2019,18.219999313354492,18.920000076293945,340200,19.030000686645508,18.43000030517578,18.43000030517578
26-03-2019,18.329999923706055,18.489999771118164,227700,19.049999237060547,19.030000686645508,19.030000686645508
27-03-2019,18.1299991607666,19.010000228881836,309000,19.270000457763672,18.350000381469727,18.350000381469727
28-03-2019,18.209999084472656,18.350000381469727,261400,19.1200008392334,19.100000381469727,19.100000381469727
29-03-2019,18.950000762939453,19.06999969482422,995500,20.049999237060547,19.940000534057617,19.940000534057617
01-04-2019,20.149999618530273,20.149999618530273,823200,21.440000534057617,20.440000534057617,20.440000534057617
02-04-2019,20.1200008392334,20.43000030517578,988900,21.899999618530273,21.600000381469727,21.600000381469727
03-04-2019,21.719999313354492,21.8700008392334,914900,22.405000686645508,22.290000915527344,22.290000915527344
04-04-2019,21.959999084472656,22.510000228881836,520800,22.510000228881836,22.079999923706055,22.079999923706055
05-04-2019,21.8799991607666,22.1200008392334,1103000,22.760000228881836,22.290000915527344,22.290000915527344
08-04-2019,21.87299919128418,22.25,829400,22.989999771118164,22.739999771118164,22.739999771118164
09-04-2019,22.1200008392334,22.729999542236328,750000,23.010000228881836,22.219999313354492,22.219999313354492
10-04-2019,21.90999984741211,22.260000228881836,361200,22.600000381469727,22.149999618530273,22.149999618530273
11-04-2019,21.59000015258789,22.149999618530273,439300,22.290000915527344,21.68000030517578,21.68000030517578
12-04-2019,21.670000076293945,21.969999313354492,405000,22.270000457763672,21.81999969482422,21.81999969482422
15-04-2019,21.520000457763672,21.829999923706055,495700,22.200000762939453,22.0,22.0
16-04-2019,22.040000915527344,22.219999313354492,653100,22.920000076293945,22.75,22.75
17-04-2019,21.6200008392334,22.950000762939453,755800,22.950000762939453,22.200000762939453,22.200000762939453
18-04-2019,21.170000076293945,22.299999237060547,991900,22.940000534057617,21.43000030517578,21.43000030517578
22-04-2019,20.68000030517578,21.209999084472656,437000,21.5,21.110000610351562,21.110000610351562
23-04-2019,20.780000686645508,21.079999923706055,574600,21.809999465942383,21.59000015258789,21.59000015258789
24-04-2019,21.0,21.670000076293945,355900,21.8700008392334,21.100000381469727,21.100000381469727
25-04-2019,20.6299991607666,21.0,274400,21.459999084472656,21.100000381469727,21.100000381469727
26-04-2019,20.725000381469727,21.040000915527344,296300,21.145000457763672,20.979999542236328,20.979999542236328
29-04-2019,20.969999313354492,20.969999313354492,912100,21.489999771118164,21.350000381469727,21.350000381469727
30-04-2019,21.1299991607666,21.420000076293945,730200,22.18000030517578,22.020000457763672,22.020000457763672
01-05-2019,20.440000534057617,22.110000610351562,457200,22.170000076293945,20.520000457763672,20.520000457763672
02-05-2019,19.8700008392334,20.559999465942383,435100,20.790000915527344,20.790000915527344,20.790000915527344
03-05-2019,20.809999465942383,20.809999465942383,499900,21.850000381469727,21.790000915527344,21.790000915527344
06-05-2019,21.139999389648438,21.200000762939453,351400,22.389999389648438,22.1299991607666,22.1299991607666
07-05-2019,20.90999984741211,21.84000015258789,414500,22.299999237060547,21.059999465942383,21.059999465942383
08-05-2019,19.56999969482422,20.5,670100,21.75,21.459999084472656,21.459999084472656
09-05-2019,20.930999755859375,21.309999465942383,897900,21.899999618530273,21.530000686645508,21.530000686645508
10-05-2019,21.0,21.43000030517578,700200,22.440000534057617,21.219999313354492,21.219999313354492
13-05-2019,19.6200008392334,20.5,873200,20.770000457763672,20.190000534057617,20.190000534057617
14-05-2019,20.25,20.56999969482422,915000,21.889999389648438,21.469999313354492,21.469999313354492
15-05-2019,21.190000534057617,21.190000534057617,580200,21.989999771118164,21.8700008392334,21.8700008392334
16-05-2019,21.15999984741211,21.780000686645508,767800,22.19499969482422,21.479999542236328,21.479999542236328
17-05-2019,20.690000534057617,21.1299991607666,424000,21.5,21.06999969482422,21.06999969482422
20-05-2019,19.540000915527344,20.690000534057617,714100,20.84000015258789,19.600000381469727,19.600000381469727
21-05-2019,19.68000030517578,19.760000228881836,536700,20.899999618530273,20.790000915527344,20.790000915527344
22-05-2019,20.139999389648438,20.649999618530273,211300,20.850000381469727,20.420000076293945,20.420000076293945
23-05-2019,19.549999237060547,20.200000762939453,355800,20.790000915527344,20.639999389648438,20.639999389648438
24-05-2019,20.68000030517578,20.770000457763672,261900,21.200000762939453,21.110000610351562,21.110000610351562
28-05-2019,20.934999465942383,21.18000030517578,404700,21.850000381469727,21.229999542236328,21.229999542236328
29-05-2019,20.809999465942383,21.709999084472656,955200,21.969999313354492,21.899999618530273,21.899999618530273
30-05-2019,21.690000534057617,22.020000457763672,843800,22.700000762939453,21.979999542236328,21.979999542236328
31-05-2019,20.739999771118164,21.709999084472656,580600,22.06999969482422,20.790000915527344,20.790000915527344
03-06-2019,20.760000228881836,20.760000228881836,505900,22.239999771118164,21.809999465942383,21.809999465942383
04-06-2019,21.540000915527344,22.170000076293945,677600,22.360000610351562,22.079999923706055,22.079999923706055
05-06-2019,21.790000915527344,22.280000686645508,446800,22.760000228881836,22.479999542236328,22.479999542236328
06-06-2019,21.399999618530273,22.520000457763672,532200,22.639999389648438,21.450000762939453,21.450000762939453
07-06-2019,21.020000457763672,21.530000686645508,324600,22.139999389648438,21.989999771118164,21.989999771118164
10-06-2019,21.649999618530273,22.040000915527344,176500,22.43000030517578,21.68000030517578,21.68000030517578
11-06-2019,21.139999389648438,22.149999618530273,312700,22.239999771118164,21.219999313354492,21.219999313354492
12-06-2019,20.84000015258789,21.190000534057617,384500,21.5,21.239999771118164,21.239999771118164
13-06-2019,20.760000228881836,21.3799991607666,366000,21.809999465942383,21.780000686645508,21.780000686645508
14-06-2019,21.65999984741211,21.780000686645508,343100,22.399999618530273,22.0,22.0
17-06-2019,22.030000686645508,22.280000686645508,640700,23.75,23.639999389648438,23.639999389648438
18-06-2019,23.389999389648438,23.940000534057617,932300,24.350000381469727,23.770000457763672,23.770000457763672
19-06-2019,23.639999389648438,23.829999923706055,299400,24.479999542236328,24.450000762939453,24.450000762939453
20-06-2019,23.68000030517578,24.600000381469727,651900,24.969999313354492,23.760000228881836,23.760000228881836
21-06-2019,22.989999771118164,23.540000915527344,738400,23.969999313354492,23.90999984741211,23.90999984741211
24-06-2019,23.209999084472656,24.0,502500,24.360000610351562,23.3799991607666,23.3799991607666
25-06-2019,22.97800064086914,23.489999771118164,375800,23.799999237060547,23.170000076293945,23.170000076293945
26-06-2019,22.770000457763672,23.31999969482422,260900,23.5,22.860000610351562,22.860000610351562
27-06-2019,22.729999542236328,23.010000228881836,344400,23.829999923706055,23.770000457763672,23.770000457763672
28-06-2019,23.530000686645508,23.760000228881836,1314300,24.389999389648438,24.360000610351562,24.360000610351562
01-07-2019,24.219999313354492,24.600000381469727,595200,25.395000457763672,24.530000686645508,24.530000686645508
02-07-2019,23.8700008392334,24.5,274100,24.559999465942383,24.190000534057617,24.190000534057617
03-07-2019,24.190000534057617,24.309999465942383,204900,25.0,25.0,25.0
05-07-2019,24.40999984741211,24.8799991607666,429900,25.209999084472656,24.6200008392334,24.6200008392334
08-07-2019,23.399999618530273,24.510000228881836,385900,24.520000457763672,23.6200008392334,23.6200008392334
09-07-2019,23.280000686645508,23.520000457763672,436100,24.0,23.93000030517578,23.93000030517578
10-07-2019,22.97599983215332,24.09000015258789,264700,24.260000228881836,23.780000686645508,23.780000686645508
11-07-2019,22.600000381469727,23.90999984741211,310600,23.989999771118164,22.6200008392334,22.6200008392334
12-07-2019,22.040000915527344,22.600000381469727,353900,22.809999465942383,22.200000762939453,22.200000762939453
15-07-2019,21.760000228881836,22.1299991607666,598900,22.239999771118164,22.0,22.0
16-07-2019,21.760000228881836,22.059999465942383,397300,22.239999771118164,21.90999984741211,21.90999984741211
17-07-2019,21.649999618530273,21.850000381469727,300500,22.739999771118164,22.510000228881836,22.510000228881836
18-07-2019,22.059999465942383,22.5,297700,22.950000762939453,22.3799991607666,22.3799991607666
19-07-2019,22.079999923706055,22.420000076293945,263600,22.690000534057617,22.440000534057617,22.440000534057617
22-07-2019,21.520000457763672,22.479999542236328,501800,22.799999237060547,21.81999969482422,21.81999969482422
23-07-2019,21.608999252319336,21.899999618530273,274900,22.1299991607666,22.079999923706055,22.079999923706055
24-07-2019,21.920000076293945,22.010000228881836,249500,22.799999237060547,22.700000762939453,22.700000762939453
25-07-2019,21.510000228881836,22.600000381469727,460700,22.690000534057617,21.520000457763672,21.520000457763672
26-07-2019,21.399999618530273,21.670000076293945,191400,22.454999923706055,21.8700008392334,21.8700008392334
29-07-2019,21.170000076293945,21.81999969482422,185300,21.969999313354492,21.8799991607666,21.8799991607666
30-07-2019,21.575000762939453,21.600000381469727,461300,22.690000534057617,22.399999618530273,22.399999618530273
31-07-2019,21.270000457763672,22.31999969482422,335000,22.5,21.459999084472656,21.459999084472656
01-08-2019,21.1299991607666,21.610000610351562,453600,22.15999984741211,21.489999771118164,21.489999771118164
02-08-2019,19.979999542236328,21.290000915527344,419000,21.790000915527344,20.31999969482422,20.31999969482422
05-08-2019,19.239999771118164,19.920000076293945,578900,19.969999313354492,19.670000076293945,19.670000076293945
06-08-2019,20.229999542236328,20.229999542236328,824800,21.700000762939453,21.540000915527344,21.540000915527344
07-08-2019,21.031999588012695,21.239999771118164,720600,23.729999542236328,23.229999542236328,23.229999542236328
08-08-2019,21.780000686645508,23.170000076293945,687200,24.700000762939453,23.0,23.0
09-08-2019,22.65999984741211,22.90999984741211,409300,23.209999084472656,22.860000610351562,22.860000610351562
12-08-2019,22.280000686645508,22.709999084472656,372600,23.924999237060547,22.549999237060547,22.549999237060547
13-08-2019,22.25,22.610000610351562,265500,23.399999618530273,22.959999084472656,22.959999084472656
14-08-2019,22.100000381469727,22.510000228881836,371100,23.0,22.780000686645508,22.780000686645508
15-08-2019,22.520000457763672,22.860000610351562,231400,23.049999237060547,22.549999237060547,22.549999237060547
16-08-2019,22.649999618530273,22.649999618530273,250600,23.31999969482422,23.1200008392334,23.1200008392334
19-08-2019,22.790000915527344,23.3799991607666,289400,23.59000015258789,23.049999237060547,23.049999237060547
20-08-2019,22.65999984741211,22.979999542236328,273000,23.135000228881836,22.959999084472656,22.959999084472656
21-08-2019,22.889999389648438,23.040000915527344,331300,23.979999542236328,23.799999237060547,23.799999237060547
22-08-2019,23.329999923706055,23.950000762939453,612300,24.209999084472656,23.8700008392334,23.8700008392334
23-08-2019,23.459999084472656,23.799999237060547,414900,24.15999984741211,23.670000076293945,23.670000076293945
26-08-2019,23.829999923706055,24.030000686645508,228700,24.200000762939453,24.1200008392334,24.1200008392334
27-08-2019,24.0,24.270000457763672,475600,24.850000381469727,24.34000015258789,24.34000015258789
28-08-2019,24.06999969482422,24.329999923706055,487000,25.280000686645508,24.899999618530273,24.899999618530273
29-08-2019,25.5,25.8799991607666,722900,26.889999389648438,26.5,26.5
30-08-2019,26.600000381469727,26.899999618530273,1099500,28.770000457763672,28.299999237060547,28.299999237060547
03-09-2019,27.81999969482422,28.5,806800,29.110000610351562,28.549999237060547,28.549999237060547
04-09-2019,27.079999923706055,28.75,1050400,28.950000762939453,27.700000762939453,27.700000762939453
05-09-2019,27.174999237060547,27.940000534057617,636800,28.0,27.75,27.75
06-09-2019,27.399999618530273,27.959999084472656,699000,28.350000381469727,27.709999084472656,27.709999084472656
09-09-2019,27.135000228881836,27.93000030517578,514200,27.93000030517578,27.670000076293945,27.670000076293945
10-09-2019,26.760000228881836,27.459999084472656,706600,27.790000915527344,27.229999542236328,27.229999542236328
11-09-2019,27.139999389648438,27.139999389648438,609900,28.260000228881836,28.100000381469727,28.100000381469727
12-09-2019,27.290000915527344,28.239999771118164,1309900,29.440000534057617,28.510000228881836,28.510000228881836
13-09-2019,27.90999984741211,29.0,908100,29.68000030517578,28.34000015258789,28.34000015258789
16-09-2019,28.110000610351562,28.25,727400,29.389999389648438,29.020000457763672,29.020000457763672
17-09-2019,28.94499969482422,29.030000686645508,992200,29.969999313354492,29.110000610351562,29.110000610351562
18-09-2019,28.469999313354492,28.93000030517578,580500,29.270000457763672,28.6200008392334,28.6200008392334
19-09-2019,28.1299991607666,28.5,433800,29.350000381469727,28.860000610351562,28.860000610351562
20-09-2019,27.75,28.889999389648438,1736100,29.329999923706055,28.469999313354492,28.469999313354492
23-09-2019,27.450000762939453,28.270000457763672,481700,29.040000915527344,27.5,27.5
24-09-2019,26.799999237060547,27.530000686645508,574300,27.8700008392334,26.940000534057617,26.940000534057617
25-09-2019,26.3700008392334,27.0,446100,27.709999084472656,27.434999465942383,27.434999465942383
26-09-2019,26.010000228881836,27.389999389648438,447800,27.899999618530273,26.049999237060547,26.049999237060547
27-09-2019,25.739999771118164,26.049999237060547,376100,27.040000915527344,26.010000228881836,26.010000228881836
30-09-2019,25.43000030517578,26.049999237060547,318100,26.239999771118164,25.75,25.75
01-10-2019,24.5,26.079999923706055,502400,26.729999542236328,24.649999618530273,24.649999618530273
02-10-2019,24.3799991607666,24.420000076293945,500900,25.75,25.440000534057617,25.440000534057617
03-10-2019,25.190000534057617,25.399999618530273,295400,26.149999618530273,26.09000015258789,26.09000015258789
04-10-2019,25.25,26.0,435800,26.65999984741211,25.75,25.75
07-10-2019,23.18000030517578,25.0,2117300,25.329999923706055,23.709999084472656,23.709999084472656
08-10-2019,23.020000457763672,23.350000381469727,669400,24.298999786376953,23.559999465942383,23.559999465942383
09-10-2019,23.3799991607666,23.81999969482422,256100,24.010000228881836,23.709999084472656,23.709999084472656
10-10-2019,23.780000686645508,23.799999237060547,322900,24.420000076293945,24.350000381469727,24.350000381469727
11-10-2019,24.1200008392334,24.520000457763672,410800,25.149999618530273,24.530000686645508,24.530000686645508
14-10-2019,24.43000030517578,24.469999313354492,294400,25.579999923706055,25.049999237060547,25.049999237060547
15-10-2019,25.049999237060547,25.059999465942383,430200,26.239999771118164,26.09000015258789,26.09000015258789
16-10-2019,26.0,26.06999969482422,670100,27.190000534057617,27.05500030517578,27.05500030517578
17-10-2019,27.125,27.170000076293945,650900,27.84000015258789,27.610000610351562,27.610000610351562
18-10-2019,26.8799991607666,27.270000457763672,561700,27.75,27.309999465942383,27.309999465942383
21-10-2019,27.190000534057617,27.690000534057617,1206300,28.1200008392334,27.329999923706055,27.329999923706055
22-10-2019,27.0,27.579999923706055,503400,27.899999618530273,27.1299991607666,27.1299991607666
23-10-2019,26.90999984741211,27.1200008392334,476300,27.959999084472656,27.329999923706055,27.329999923706055
24-10-2019,26.889999389648438,27.170000076293945,434300,27.739999771118164,27.25,27.25
25-10-2019,27.049999237060547,27.09000015258789,547200,28.229999542236328,28.079999923706055,28.079999923706055
28-10-2019,28.065000534057617,28.260000228881836,448800,29.09000015258789,28.729999542236328,28.729999542236328
29-10-2019,28.420000076293945,28.770000457763672,451400,29.290000915527344,29.15999984741211,29.15999984741211
30-10-2019,28.440000534057617,29.09000015258789,536200,29.40999984741211,28.709999084472656,28.709999084472656
31-10-2019,27.579999923706055,28.559999465942383,445700,28.969999313354492,28.440000534057617,28.440000534057617
01-11-2019,28.6299991607666,28.639999389648438,360800,29.719999313354492,29.690000534057617,29.690000534057617
04-11-2019,28.229999542236328,29.690000534057617,450000,29.889999389648438,28.270000457763672,28.270000457763672
05-11-2019,27.18000030517578,28.079999923706055,487600,28.43000030517578,28.100000381469727,28.100000381469727
06-11-2019,22.20199966430664,25.0,1931400,25.0,23.31999969482422,23.31999969482422
07-11-2019,23.389999389648438,23.6200008392334,1297900,24.43000030517578,23.989999771118164,23.989999771118164
08-11-2019,23.559999465942383,23.799999237060547,639900,25.079999923706055,24.850000381469727,24.850000381469727
11-11-2019,24.389999389648438,24.850000381469727,827700,25.399999618530273,25.149999618530273,25.149999618530273
12-11-2019,24.739999771118164,25.1299991607666,397700,25.43000030517578,25.145000457763672,25.145000457763672
13-11-2019,23.670000076293945,24.770000457763672,524800,24.799999237060547,23.950000762939453,23.950000762939453
14-11-2019,23.670000076293945,23.940000534057617,360900,24.665000915527344,23.709999084472656,23.709999084472656
15-11-2019,23.290000915527344,23.940000534057617,484800,24.219999313354492,23.9950008392334,23.9950008392334
18-11-2019,23.746000289916992,23.8799991607666,295500,24.75,24.700000762939453,24.700000762939453
19-11-2019,24.270000457763672,24.850000381469727,507600,25.084999084472656,24.59000015258789,24.59000015258789
20-11-2019,23.364999771118164,24.3799991607666,508800,24.5,23.700000762939453,23.700000762939453
21-11-2019,23.030000686645508,23.729999542236328,424100,23.8799991607666,23.40999984741211,23.40999984741211
22-11-2019,23.139999389648438,23.459999084472656,206900,23.722999572753906,23.399999618530273,23.399999618530273
25-11-2019,22.829999923706055,23.579999923706055,505500,23.8799991607666,22.90999984741211,22.90999984741211
26-11-2019,22.81999969482422,22.979999542236328,299000,23.739999771118164,22.969999313354492,22.969999313354492
27-11-2019,22.969999313354492,23.059999465942383,294000,23.68000030517578,23.489999771118164,23.489999771118164
29-11-2019,22.399999618530273,23.280000686645508,286900,23.309999465942383,22.399999618530273,22.399999618530273
02-12-2019,21.420000076293945,22.270000457763672,523600,22.75,21.760000228881836,21.760000228881836
03-12-2019,21.28499984741211,21.479999542236328,1056700,22.030000686645508,21.860000610351562,21.860000610351562
04-12-2019,21.110000610351562,21.969999313354492,702800,22.06999969482422,21.719999313354492,21.719999313354492
05-12-2019,21.540000915527344,21.760000228881836,392900,21.959999084472656,21.68000030517578,21.68000030517578
06-12-2019,21.579999923706055,21.93000030517578,519400,22.09000015258789,21.90999984741211,21.90999984741211
09-12-2019,21.790000915527344,21.969999313354492,540200,22.8799991607666,22.399999618530273,22.399999618530273
10-12-2019,22.139999389648438,22.420000076293945,711800,23.200000762939453,23.1200008392334,23.1200008392334
11-12-2019,21.959999084472656,23.219999313354492,461500,23.219999313354492,22.059999465942383,22.059999465942383
12-12-2019,22.049999237060547,22.049999237060547,404300,22.770000457763672,22.399999618530273,22.399999618530273
13-12-2019,22.260000228881836,22.469999313354492,256600,22.940000534057617,22.3799991607666,22.3799991607666
16-12-2019,22.34000015258789,22.479999542236328,391900,23.200000762939453,22.559999465942383,22.559999465942383
17-12-2019,20.920000076293945,22.59000015258789,779700,22.719999313354492,21.25,21.25
18-12-2019,20.549999237060547,21.239999771118164,839000,21.549999237060547,21.459999084472656,21.459999084472656
19-12-2019,21.31999969482422,21.530000686645508,340900,22.229999542236328,22.149999618530273,22.149999618530273
20-12-2019,21.1200008392334,22.15999984741211,1717300,22.34000015258789,21.329999923706055,21.329999923706055
23-12-2019,20.8799991607666,21.149999618530273,471100,21.549999237060547,21.299999237060547,21.299999237060547
24-12-2019,20.68000030517578,21.290000915527344,331800,21.68000030517578,21.600000381469727,21.600000381469727
26-12-2019,20.979999542236328,21.75,398200,21.75,21.059999465942383,21.059999465942383
27-12-2019,20.56999969482422,21.0,526600,21.270000457763672,20.979999542236328,20.979999542236328
30-12-2019,20.1200008392334,20.950000762939453,443900,21.06999969482422,20.170000076293945,20.170000076293945
31-12-2019,19.510000228881836,20.100000381469727,718200,20.229999542236328,20.15999984741211,20.15999984741211
02-01-2020,19.260000228881836,20.309999465942383,608300,20.3799991607666,19.479999542236328,19.479999542236328
03-01-2020,18.809999465942383,19.1299991607666,477300,19.639999389648438,19.239999771118164,19.239999771118164
06-01-2020,18.415000915527344,19.059999465942383,509400,19.770000457763672,19.610000610351562,19.610000610351562
07-01-2020,18.989999771118164,19.579999923706055,407200,19.770000457763672,19.270000457763672,19.270000457763672
08-01-2020,19.104000091552734,19.170000076293945,427000,19.950000762939453,19.799999237060547,19.799999237060547
09-01-2020,19.90999984741211,20.100000381469727,487100,20.510000228881836,20.489999771118164,20.489999771118164
10-01-2020,19.40999984741211,20.59000015258789,631500,20.770000457763672,19.43000030517578,19.43000030517578
13-01-2020,18.229999542236328,19.559999465942383,600900,19.575000762939453,18.360000610351562,18.360000610351562
14-01-2020,18.399999618530273,18.459999084472656,921200,20.190000534057617,20.09000015258789,20.09000015258789
15-01-2020,19.81999969482422,20.059999465942383,575400,21.219999313354492,21.010000228881836,21.010000228881836
16-01-2020,19.547000885009766,21.200000762939453,612700,21.209999084472656,19.7549991607666,19.7549991607666
17-01-2020,19.450000762939453,19.889999389648438,451500,19.959999084472656,19.649999618530273,19.649999618530273
21-01-2020,19.360000610351562,19.5,493000,19.950000762939453,19.5,19.5
22-01-2020,19.059999465942383,19.540000915527344,275000,19.770000457763672,19.100000381469727,19.100000381469727
23-01-2020,18.53499984741211,19.010000228881836,632500,19.110000610351562,18.90999984741211,18.90999984741211
24-01-2020,18.299999237060547,18.950000762939453,572300,19.06999969482422,18.850000381469727,18.850000381469727
27-01-2020,18.43000030517578,18.43000030517578,295100,18.8700008392334,18.559999465942383,18.559999465942383
28-01-2020,18.459999084472656,18.690000534057617,596700,19.8700008392334,19.43000030517578,19.43000030517578
29-01-2020,18.809999465942383,19.350000381469727,434300,19.5,18.829999923706055,18.829999923706055
30-01-2020,17.639999389648438,18.610000610351562,468100,18.729999542236328,17.8799991607666,17.8799991607666
31-01-2020,17.360000610351562,17.799999237060547,478900,17.81999969482422,17.559999465942383,17.559999465942383
03-02-2020,17.510000228881836,17.6200008392334,1505400,20.8700008392334,19.84000015258789,19.84000015258789
04-02-2020,19.149999618530273,20.170000076293945,696600,20.719999313354492,19.420000076293945,19.420000076293945
05-02-2020,19.309999465942383,19.309999465942383,781400,20.780000686645508,20.149999618530273,20.149999618530273
06-02-2020,19.329999923706055,20.260000228881836,450100,20.3700008392334,19.350000381469727,19.350000381469727
07-02-2020,18.579999923706055,19.270000457763672,458800,19.520000457763672,19.09000015258789,19.09000015258789
10-02-2020,18.729999542236328,19.06999969482422,393000,19.600000381469727,19.520000457763672,19.520000457763672
11-02-2020,18.850000381469727,19.639999389648438,362700,19.729999542236328,18.934999465942383,18.934999465942383
12-02-2020,18.920000076293945,19.1299991607666,529700,20.31999969482422,20.149999618530273,20.149999618530273
13-02-2020,19.53499984741211,20.1200008392334,441500,20.1200008392334,19.760000228881836,19.760000228881836
14-02-2020,19.510000228881836,19.770000457763672,282000,20.260000228881836,19.969999313354492,19.969999313354492
18-02-2020,19.75,19.93000030517578,251600,20.329999923706055,19.93000030517578,19.93000030517578
19-02-2020,19.559999465942383,20.0,319500,20.06999969482422,19.8799991607666,19.8799991607666
20-02-2020,19.079999923706055,19.75,371700,20.149999618530273,19.959999084472656,19.959999084472656
21-02-2020,19.229999542236328,19.93000030517578,289800,20.059999465942383,19.360000610351562,19.360000610351562
24-02-2020,17.520000457763672,18.799999237060547,634800,19.329999923706055,19.06999969482422,19.06999969482422
25-02-2020,17.559999465942383,18.889999389648438,763900,19.100000381469727,17.899999618530273,17.899999618530273
26-02-2020,17.274999618530273,17.950000762939453,652800,18.219999313354492,17.8700008392334,17.8700008392334
27-02-2020,16.75,18.049999237060547,1244100,21.149999618530273,19.729999542236328,19.729999542236328
28-02-2020,18.770000457763672,19.8799991607666,921800,21.06999969482422,21.059999465942383,21.059999465942383
02-03-2020,19.239999771118164,21.110000610351562,863200,21.268999099731445,20.25,20.25
03-03-2020,19.5,20.239999771118164,558100,20.3799991607666,19.610000610351562,19.610000610351562
04-03-2020,19.760000228881836,19.889999389648438,423000,20.549999237060547,20.530000686645508,20.530000686645508
05-03-2020,18.8799991607666,20.010000228881836,560500,20.360000610351562,19.139999389648438,19.139999389648438
06-03-2020,17.209999084472656,18.540000915527344,514200,19.15999984741211,17.479999542236328,17.479999542236328
09-03-2020,15.300000190734863,16.239999771118164,691600,16.600000381469727,15.449999809265137,15.449999809265137
10-03-2020,14.880000114440918,15.8100004196167,718200,16.780000686645508,16.770000457763672,16.770000457763672
11-03-2020,15.819999694824219,16.229999542236328,763400,16.655000686645508,16.059999465942383,16.059999465942383
12-03-2020,14.1899995803833,15.010000228881836,986800,16.739999771118164,16.149999618530273,16.149999618530273
13-03-2020,14.539999961853027,16.780000686645508,889700,17.542999267578125,15.770000457763672,15.770000457763672
16-03-2020,10.319999694824219,14.460000038146973,1203900,14.970000267028809,10.319999694824219,10.319999694824219
17-03-2020,10.4399995803833,10.899999618530273,1246100,12.479999542236328,11.90999984741211,11.90999984741211
18-03-2020,10.600000381469727,11.079999923706055,786300,12.90999984741211,11.890000343322754,11.890000343322754
19-03-2020,11.25,11.630000114440918,768500,13.800000190734863,13.430000305175781,13.430000305175781
20-03-2020,11.760000228881836,13.619999885559082,826900,14.010000228881836,12.380000114440918,12.380000114440918
23-03-2020,11.270000457763672,12.600000381469727,533700,12.739999771118164,11.680000305175781,11.680000305175781
24-03-2020,12.010000228881836,12.270000457763672,594200,13.279999732971191,13.220000267028809,13.220000267028809
25-03-2020,12.680000305175781,13.1899995803833,650200,14.199999809265137,13.979999542236328,13.979999542236328
26-03-2020,13.5,14.029999732971191,549800,15.670000076293945,14.420000076293945,14.420000076293945
27-03-2020,12.970000267028809,13.9399995803833,500800,14.239999771118164,13.15999984741211,13.15999984741211
30-03-2020,12.8149995803833,13.010000228881836,392500,13.600000381469727,13.109999656677246,13.109999656677246
31-03-2020,12.649999618530273,13.220000267028809,482500,13.680000305175781,13.0,13.0
01-04-2020,11.819999694824219,12.510000228881836,469300,12.8100004196167,11.850000381469727,11.850000381469727
02-04-2020,11.5600004196167,11.5600004196167,601200,12.829999923706055,12.529999732971191,12.529999732971191
03-04-2020,11.600000381469727,12.369999885559082,408900,12.756999969482422,11.899999618530273,11.899999618530273
06-04-2020,12.4399995803833,12.5,514600,13.15999984741211,13.050000190734863,13.050000190734863
07-04-2020,12.109999656677246,13.460000038146973,409600,13.760000228881836,12.229999542236328,12.229999542236328
08-04-2020,12.0,12.399999618530273,466800,12.729999542236328,12.600000381469727,12.600000381469727
09-04-2020,12.8100004196167,12.859999656677246,417000,13.67300033569336,13.220000267028809,13.220000267028809
13-04-2020,13.020000457763672,13.369999885559082,279300,13.47700023651123,13.130000114440918,13.130000114440918
14-04-2020,12.854999542236328,13.489999771118164,487100,13.869999885559082,13.114999771118164,13.114999771118164
15-04-2020,13.010000228881836,13.3100004196167,1443000,14.239999771118164,13.0600004196167,13.0600004196167
16-04-2020,12.5,12.979999542236328,1190000,13.989999771118164,13.84000015258789,13.84000015258789
17-04-2020,13.779999732971191,14.4399995803833,881200,15.609999656677246,15.5,15.5
20-04-2020,14.970000267028809,15.390000343322754,540600,15.920000076293945,15.510000228881836,15.510000228881836
21-04-2020,14.729000091552734,15.109999656677246,374500,15.609999656677246,15.329999923706055,15.329999923706055
22-04-2020,15.289999961853027,15.609999656677246,483400,16.239999771118164,15.75,15.75
23-04-2020,15.890000343322754,15.890000343322754,508100,17.3799991607666,17.18000030517578,17.18000030517578
24-04-2020,15.930000305175781,17.020000457763672,500000,17.44499969482422,16.399999618530273,16.399999618530273
27-04-2020,16.06599998474121,16.649999618530273,714200,17.899999618530273,17.469999313354492,17.469999313354492
28-04-2020,16.329999923706055,17.84000015258789,708400,17.90999984741211,16.459999084472656,16.459999084472656
29-04-2020,14.920000076293945,16.950000762939453,1202200,16.950000762939453,15.970000267028809,15.970000267028809
30-04-2020,15.260000228881836,15.720000267028809,1284000,16.170000076293945,15.6899995803833,15.6899995803833
01-05-2020,14.0,15.270000457763672,596300,15.380000114440918,14.109999656677246,14.109999656677246
04-05-2020,13.694999694824219,14.029999732971191,718500,14.350000381469727,14.194999694824219,14.194999694824219
05-05-2020,14.25,14.8100004196167,929200,14.989999771118164,14.300000190734863,14.300000190734863
06-05-2020,13.800000190734863,14.649999618530273,885000,14.649999618530273,14.079999923706055,14.079999923706055
07-05-2020,14.359999656677246,14.520000457763672,730100,15.1899995803833,15.020000457763672,15.020000457763672
08-05-2020,13.739999771118164,14.970000267028809,789300,16.270000457763672,14.569999694824219,14.569999694824219
11-05-2020,14.295000076293945,14.609999656677246,437400,15.09000015258789,14.800000190734863,14.800000190734863
12-05-2020,13.829999923706055,14.920000076293945,511500,15.039999961853027,13.84000015258789,13.84000015258789
13-05-2020,12.579999923706055,13.390000343322754,935000,13.710000038146973,13.0600004196167,13.0600004196167
14-05-2020,12.329999923706055,12.75,524700,12.949999809265137,12.609999656677246,12.609999656677246
15-05-2020,12.4399995803833,12.520000457763672,540900,13.600000381469727,13.449999809265137,13.449999809265137
18-05-2020,13.6899995803833,13.970000267028809,492900,14.484999656677246,13.880000114440918,13.880000114440918
19-05-2020,12.729999542236328,13.789999961853027,538400,14.130000114440918,12.779999732971191,12.779999732971191
20-05-2020,12.850000381469727,13.039999961853027,442300,13.449999809265137,13.4399995803833,13.4399995803833
21-05-2020,13.069999694824219,13.430000305175781,319900,13.579999923706055,13.239999771118164,13.239999771118164
22-05-2020,12.460000038146973,13.3100004196167,358800,13.3100004196167,12.720000267028809,12.720000267028809
26-05-2020,12.220000267028809,13.220000267028809,642400,13.305000305175781,12.239999771118164,12.239999771118164
27-05-2020,11.9399995803833,12.470000267028809,1039500,12.779999732971191,12.154999732971191,12.154999732971191
28-05-2020,11.979999542236328,12.220000267028809,697500,13.449999809265137,13.329999923706055,13.329999923706055
29-05-2020,12.020000457763672,13.25,564300,13.25,12.65999984741211,12.65999984741211
01-06-2020,12.5600004196167,12.680000305175781,409500,13.350000381469727,13.119999885559082,13.119999885559082
02-06-2020,12.364999771118164,13.130000114440918,658400,13.187000274658203,12.569999694824219,12.569999694824219
03-06-2020,12.550000190734863,12.670000076293945,397300,13.279999732971191,12.579999923706055,12.579999923706055
04-06-2020,12.119999885559082,12.5,476500,12.770000457763672,12.25,12.25
05-06-2020,12.390000343322754,12.569999694824219,668700,13.699999809265137,13.279999732971191,13.279999732971191
08-06-2020,13.319999694824219,13.539999961853027,310900,13.899999618530273,13.699999809265137,13.699999809265137
09-06-2020,13.329999923706055,13.619999885559082,316400,13.90999984741211,13.680000305175781,13.680000305175781
10-06-2020,12.843999862670898,13.6899995803833,399000,13.890000343322754,13.15999984741211,13.15999984741211
11-06-2020,12.399999618530273,12.760000228881836,685300,12.9350004196167,12.6899995803833,12.6899995803833
12-06-2020,12.680000305175781,13.220000267028809,646300,13.829999923706055,13.140000343322754,13.140000343322754
15-06-2020,12.59000015258789,12.869999885559082,414600,13.65999984741211,13.65999984741211,13.65999984741211
16-06-2020,12.75,14.229999542236328,630800,14.229999542236328,13.170000076293945,13.170000076293945
17-06-2020,12.829999923706055,13.229999542236328,450000,13.4399995803833,12.949999809265137,12.949999809265137
18-06-2020,12.760000228881836,12.949999809265137,426100,13.460000038146973,13.350000381469727,13.350000381469727
19-06-2020,13.170000076293945,13.399999618530273,811700,14.369999885559082,14.220000267028809,14.220000267028809
22-06-2020,13.305000305175781,14.3100004196167,507500,14.470000267028809,14.380000114440918,14.380000114440918
23-06-2020,14.079999923706055,14.569999694824219,378800,14.6850004196167,14.100000381469727,14.100000381469727
24-06-2020,13.510000228881836,13.989999771118164,362100,14.15999984741211,13.850000381469727,13.850000381469727
25-06-2020,13.529999732971191,13.579999923706055,399000,14.4399995803833,14.380000114440918,14.380000114440918
26-06-2020,13.710000038146973,14.300000190734863,784200,14.59000015258789,14.109999656677246,14.109999656677246
29-06-2020,13.164999961853027,14.260000228881836,357400,14.449999809265137,13.270000457763672,13.270000457763672
30-06-2020,13.039999961853027,13.25,292700,13.65999984741211,13.630000114440918,13.630000114440918
01-07-2020,13.529999732971191,13.640000343322754,488000,14.199999809265137,13.989999771118164,13.989999771118164
02-07-2020,13.75,14.229999542236328,419900,14.390000343322754,14.170000076293945,14.170000076293945
06-07-2020,14.125,14.470000267028809,296300,14.63700008392334,14.170000076293945,14.170000076293945
07-07-2020,14.010000228881836,14.180000305175781,254300,14.550000190734863,14.0600004196167,14.0600004196167
08-07-2020,12.670000076293945,13.600000381469727,1500000,13.760000228881836,12.989999771118164,12.989999771118164
09-07-2020,12.670000076293945,12.9399995803833,704300,13.479999542236328,13.270000457763672,13.270000457763672
10-07-2020,13.130000114440918,13.4399995803833,435500,13.819999694824219,13.329999923706055,13.329999923706055
13-07-2020,13.229999542236328,13.449999809265137,552200,14.079999923706055,13.3100004196167,13.3100004196167
14-07-2020,12.890000343322754,13.399999618530273,478500,13.970000267028809,13.229999542236328,13.229999542236328
15-07-2020,13.180000305175781,13.569999694824219,560400,13.960000038146973,13.194999694824219,13.194999694824219
16-07-2020,12.149999618530273,13.100000381469727,973700,13.1899995803833,12.489999771118164,12.489999771118164
17-07-2020,12.100000381469727,12.449999809265137,1152700,12.663999557495117,12.550000190734863,12.550000190734863
20-07-2020,12.489999771118164,12.670000076293945,455600,13.34000015258789,13.229999542236328,13.229999542236328
21-07-2020,12.739999771118164,13.3100004196167,429400,13.479999542236328,12.960000038146973,12.960000038146973
22-07-2020,12.779999732971191,12.880000114440918,244500,13.199999809265137,12.869999885559082,12.869999885559082
23-07-2020,12.510000228881836,12.819999694824219,406400,13.180000305175781,12.710000038146973,12.710000038146973
24-07-2020,13.211999893188477,14.0,1954700,14.22700023651123,13.850000381469727,13.850000381469727
27-07-2020,12.8100004196167,13.779999732971191,552800,14.010000228881836,13.350000381469727,13.350000381469727
28-07-2020,13.050000190734863,13.079999923706055,690200,13.789999961853027,13.300000190734863,13.300000190734863
29-07-2020,12.34000015258789,13.369999885559082,735900,13.399999618530273,12.800000190734863,12.800000190734863
30-07-2020,12.609999656677246,12.619999885559082,621700,13.770000457763672,13.149999618530273,13.149999618530273
31-07-2020,12.25,13.119999885559082,568100,13.229999542236328,12.550000190734863,12.550000190734863
03-08-2020,12.0,12.550000190734863,885800,12.649999618530273,12.194999694824219,12.194999694824219
04-08-2020,11.800000190734863,12.199999809265137,1233000,12.329999923706055,12.149999618530273,12.149999618530273
05-08-2020,11.9399995803833,12.25,1001700,12.34000015258789,12.020000457763672,12.020000457763672
06-08-2020,11.430000305175781,11.989999771118164,868900,12.050000190734863,11.619999885559082,11.619999885559082
07-08-2020,11.539999961853027,11.600000381469727,1227700,12.09000015258789,12.010000228881836,12.010000228881836
10-08-2020,11.850000381469727,12.079999923706055,662900,12.979999542236328,12.609999656677246,12.609999656677246
11-08-2020,12.319999694824219,12.529999732971191,607500,12.989999771118164,12.359999656677246,12.359999656677246
12-08-2020,12.039999961853027,12.489999771118164,661400,12.529999732971191,12.140000343322754,12.140000343322754
13-08-2020,12.010000228881836,12.1899995803833,378400,12.390000343322754,12.100000381469727,12.100000381469727
14-08-2020,11.359999656677246,12.09000015258789,854800,12.09000015258789,11.479999542236328,11.479999542236328
17-08-2020,11.3100004196167,11.460000038146973,621600,12.329999923706055,12.300000190734863,12.300000190734863
18-08-2020,11.9350004196167,12.279999732971191,260600,12.399999618530273,11.970000267028809,11.970000267028809
19-08-2020,11.699999809265137,12.010000228881836,343100,12.010000228881836,11.789999961853027,11.789999961853027
20-08-2020,11.510000228881836,11.680000305175781,370600,12.15999984741211,12.119999885559082,12.119999885559082
21-08-2020,11.84000015258789,11.869999885559082,324800,12.239999771118164,12.005000114440918,12.005000114440918
24-08-2020,11.668000221252441,12.0,389800,12.130000114440918,11.8100004196167,11.8100004196167
25-08-2020,11.350000381469727,11.789999961853027,483100,12.229999542236328,11.829999923706055,11.829999923706055
26-08-2020,11.569999694824219,11.829999923706055,1322500,12.100000381469727,12.020000457763672,12.020000457763672
27-08-2020,11.760000228881836,12.010000228881836,417600,12.270000457763672,12.220000267028809,12.220000267028809
28-08-2020,11.850000381469727,12.220000267028809,180300,12.270000457763672,12.020000457763672,12.020000457763672
31-08-2020,11.869999885559082,12.09000015258789,414500,12.460000038146973,12.380000114440918,12.380000114440918
01-09-2020,11.850000381469727,12.359999656677246,446800,12.399999618530273,12.020000457763672,12.020000457763672
02-09-2020,12.0,12.069999694824219,493400,12.609999656677246,12.600000381469727,12.600000381469727
03-09-2020,12.0600004196167,12.550000190734863,325400,12.619999885559082,12.069999694824219,12.069999694824219
04-09-2020,11.5,12.119999885559082,418600,12.149999618530273,11.850000381469727,11.850000381469727
08-09-2020,11.329999923706055,11.680000305175781,395600,11.880000114440918,11.5,11.5
09-09-2020,11.300000190734863,11.670000076293945,482000,12.25,12.0,12.0
10-09-2020,11.520000457763672,12.0,490200,12.529999732971191,11.520000457763672,11.520000457763672
11-09-2020,11.010000228881836,11.630000114440918,1056600,11.640000343322754,11.470000267028809,11.470000267028809
14-09-2020,11.40999984741211,11.739999771118164,838300,11.890000343322754,11.819999694824219,11.819999694824219
15-09-2020,11.979999542236328,12.199999809265137,632000,12.430000305175781,12.345000267028809,12.345000267028809
16-09-2020,12.210000038146973,12.270000457763672,521700,12.824999809265137,12.539999961853027,12.539999961853027
17-09-2020,12.380000114440918,12.380000114440918,432100,13.010000228881836,12.550000190734863,12.550000190734863
18-09-2020,11.779999732971191,12.6899995803833,969800,12.710000038146973,12.039999961853027,12.039999961853027
21-09-2020,11.399999618530273,11.800000190734863,545300,11.880000114440918,11.664999961853027,11.664999961853027
22-09-2020,11.430000305175781,11.760000228881836,390200,11.944999694824219,11.779999732971191,11.779999732971191
23-09-2020,11.279999732971191,11.800000190734863,562300,11.979999542236328,11.300000190734863,11.300000190734863
24-09-2020,10.720000267028809,11.039999961853027,665000,11.289999961853027,10.90999984741211,10.90999984741211
25-09-2020,10.520999908447266,10.5600004196167,808800,11.109999656677246,10.949999809265137,10.949999809265137
28-09-2020,10.151000022888184,11.109999656677246,1255100,11.109999656677246,10.800000190734863,10.800000190734863
29-09-2020,10.720000267028809,10.800000190734863,1109500,11.3100004196167,11.149999618530273,11.149999618530273
30-09-2020,11.170000076293945,11.170000076293945,561500,11.65999984741211,11.34000015258789,11.34000015258789
01-10-2020,11.34000015258789,11.350000381469727,343800,11.729999542236328,11.550000190734863,11.550000190734863
02-10-2020,10.994999885559082,11.380000114440918,387800,11.5,11.329999923706055,11.329999923706055
05-10-2020,11.300000190734863,11.489999771118164,484500,12.229999542236328,12.180000305175781,12.180000305175781
06-10-2020,12.09000015258789,12.300000190734863,747700,12.699999809265137,12.289999961853027,12.289999961853027
07-10-2020,12.170000076293945,12.350000381469727,714400,13.3100004196167,13.260000228881836,13.260000228881836
08-10-2020,12.869999885559082,13.430000305175781,443800,13.529999732971191,13.5,13.5
09-10-2020,13.149999618530273,13.609999656677246,473200,13.890000343322754,13.859999656677246,13.859999656677246
12-10-2020,13.369999885559082,13.899999618530273,246100,13.970000267028809,13.720000267028809,13.720000267028809
13-10-2020,13.380000114440918,13.460000038146973,425700,13.880000114440918,13.829999923706055,13.829999923706055
14-10-2020,13.210000038146973,13.890000343322754,264500,13.890000343322754,13.279999732971191,13.279999732971191
15-10-2020,12.819999694824219,13.109999656677246,282000,13.354999542236328,13.270000457763672,13.270000457763672
16-10-2020,12.890000343322754,13.25,281600,13.8100004196167,13.4399995803833,13.4399995803833
19-10-2020,13.260000228881836,13.5,268700,13.630000114440918,13.329999923706055,13.329999923706055
20-10-2020,13.239999771118164,13.5,271100,13.609999656677246,13.300000190734863,13.300000190734863
21-10-2020,13.03499984741211,13.369999885559082,266900,13.404999732971191,13.270000457763672,13.270000457763672
22-10-2020,12.630000114440918,13.25,422600,13.6899995803833,13.5600004196167,13.5600004196167
23-10-2020,13.630000114440918,13.729999542236328,236200,13.960000038146973,13.779999732971191,13.779999732971191
26-10-2020,13.399999618530273,13.670000076293945,287600,14.069999694824219,13.880000114440918,13.880000114440918
27-10-2020,13.579999923706055,13.859999656677246,262600,13.960000038146973,13.800000190734863,13.800000190734863
28-10-2020,13.170000076293945,13.640000343322754,282000,13.720000267028809,13.460000038146973,13.460000038146973
29-10-2020,13.15999984741211,13.380000114440918,331700,13.869999885559082,13.770000457763672,13.770000457763672
30-10-2020,13.210000038146973,13.729999542236328,311100,13.800000190734863,13.40999984741211,13.40999984741211
02-11-2020,12.720000267028809,13.430000305175781,250200,13.654999732971191,13.180000305175781,13.180000305175781
03-11-2020,12.744999885559082,13.210000038146973,553500,13.569999694824219,13.239999771118164,13.239999771118164
04-11-2020,13.229999542236328,13.229999542236328,632500,14.25,13.75,13.75
05-11-2020,12.920000076293945,13.8100004196167,868500,14.859999656677246,14.270000457763672,14.270000457763672
06-11-2020,13.489999771118164,14.3100004196167,364700,14.680000305175781,13.59000015258789,13.59000015258789
09-11-2020,13.859999656677246,14.319999694824219,610200,14.649999618530273,14.079999923706055,14.079999923706055
10-11-2020,14.050000190734863,14.300000190734863,637200,14.869999885559082,14.859999656677246,14.859999656677246
11-11-2020,14.90999984741211,14.989999771118164,768000,15.649999618530273,15.579999923706055,15.579999923706055
12-11-2020,15.380000114440918,15.520000457763672,712200,15.979999542236328,15.845000267028809,15.845000267028809
13-11-2020,15.850000381469727,16.0,512300,16.15999984741211,15.930000305175781,15.930000305175781
16-11-2020,15.619999885559082,16.149999618530273,556100,16.299999237060547,15.920000076293945,15.920000076293945
17-11-2020,15.550000190734863,15.869999885559082,408200,16.209999084472656,16.15999984741211,16.15999984741211
18-11-2020,15.619999885559082,16.260000228881836,567900,16.309999465942383,15.670000076293945,15.670000076293945
19-11-2020,15.333000183105469,15.649999618530273,268600,15.75,15.649999618530273,15.649999618530273
20-11-2020,15.300000190734863,15.5,277600,15.930000305175781,15.779999732971191,15.779999732971191
23-11-2020,15.65999984741211,15.989999771118164,318400,16.139999389648438,16.010000228881836,16.010000228881836
24-11-2020,15.991000175476074,16.190000534057617,640600,16.530000686645508,16.329999923706055,16.329999923706055
25-11-2020,16.0,16.260000228881836,221900,16.350000381469727,16.139999389648438,16.139999389648438
27-11-2020,15.520000457763672,16.15999984741211,158800,16.270000457763672,16.079999923706055,16.079999923706055
30-11-2020,15.649999618530273,16.200000762939453,288000,16.2450008392334,15.779999732971191,15.779999732971191
01-12-2020,15.0,15.970000267028809,320200,15.970000267028809,15.069999694824219,15.069999694824219
02-12-2020,14.75,14.970000267028809,222200,15.029999732971191,14.84000015258789,14.84000015258789
03-12-2020,14.550000190734863,14.850000381469727,228200,15.039999961853027,14.595000267028809,14.595000267028809
04-12-2020,14.420000076293945,14.550000190734863,226000,14.859999656677246,14.800000190734863,14.800000190734863
07-12-2020,14.1899995803833,14.90999984741211,268000,15.0,14.260000228881836,14.260000228881836
08-12-2020,13.739999771118164,14.399999618530273,313600,14.529999732971191,14.479999542236328,14.479999542236328
09-12-2020,13.880000114440918,14.550000190734863,258800,14.880000114440918,14.170000076293945,14.170000076293945
10-12-2020,13.649999618530273,14.149999618530273,273400,14.40999984741211,14.050000190734863,14.050000190734863
11-12-2020,13.65999984741211,13.960000038146973,249400,14.25,14.170000076293945,14.170000076293945
14-12-2020,14.199999809265137,14.239999771118164,404900,15.119999885559082,14.710000038146973,14.710000038146973
15-12-2020,14.539999961853027,14.819999694824219,376500,15.5,15.460000038146973,15.460000038146973
16-12-2020,15.25,15.449999809265137,1847800,18.798999786376953,18.540000915527344,18.540000915527344
17-12-2020,17.81999969482422,17.860000610351562,674900,19.06999969482422,18.989999771118164,18.989999771118164
18-12-2020,18.670000076293945,19.100000381469727,1327400,19.600000381469727,19.459999084472656,19.459999084472656
21-12-2020,18.549999237060547,19.350000381469727,480200,19.920000076293945,19.549999237060547,19.549999237060547
22-12-2020,19.020000457763672,19.540000915527344,400000,19.809999465942383,19.020000457763672,19.020000457763672
23-12-2020,18.59000015258789,19.229999542236328,348800,19.43000030517578,18.68000030517578,18.68000030517578
24-12-2020,18.209999084472656,18.93000030517578,146500,19.290000915527344,18.31999969482422,18.31999969482422
28-12-2020,18.06999969482422,18.530000686645508,360300,18.820999145507812,18.3799991607666,18.3799991607666
29-12-2020,18.209999084472656,18.3799991607666,427200,19.0,18.290000915527344,18.290000915527344
30-12-2020,18.25,18.309999465942383,400700,18.770000457763672,18.450000762939453,18.450000762939453
31-12-2020,17.700000762939453,18.420000076293945,484100,18.420000076293945,17.860000610351562,17.860000610351562
04-01-2021,17.760000228881836,18.15999984741211,436000,18.399999618530273,18.170000076293945,18.170000076293945
05-01-2021,18.229999542236328,18.280000686645508,478000,18.739999771118164,18.65999984741211,18.65999984741211
06-01-2021,18.520000457763672,18.780000686645508,989700,22.09000015258789,21.600000381469727,21.600000381469727
07-01-2021,21.305999755859375,22.93000030517578,738100,22.940000534057617,21.989999771118164,21.989999771118164
08-01-2021,21.1200008392334,22.06999969482422,382600,22.780000686645508,21.75,21.75
11-01-2021,21.219999313354492,21.809999465942383,336400,22.729999542236328,22.559999465942383,22.559999465942383
12-01-2021,21.90999984741211,22.84000015258789,935300,23.1299991607666,22.770000457763672,22.770000457763672
13-01-2021,21.5,22.799999237060547,479400,23.040000915527344,22.100000381469727,22.100000381469727
14-01-2021,21.65999984741211,22.100000381469727,446700,22.959999084472656,22.530000686645508,22.530000686645508
15-01-2021,21.639999389648438,22.399999618530273,356400,23.304000854492188,21.739999771118164,21.739999771118164
19-01-2021,21.3799991607666,22.06999969482422,308600,22.31999969482422,21.65999984741211,21.65999984741211
20-01-2021,21.010000228881836,21.65999984741211,573200,22.329999923706055,21.65999984741211,21.65999984741211
21-01-2021,21.780000686645508,21.889999389648438,650800,22.489999771118164,22.0,22.0
22-01-2021,21.43000030517578,21.780000686645508,431900,22.1299991607666,21.690000534057617,21.690000534057617
25-01-2021,20.489999771118164,21.34000015258789,341100,21.93000030517578,21.270000457763672,21.270000457763672
26-01-2021,20.020000457763672,21.479999542236328,527800,21.479999542236328,20.15999984741211,20.15999984741211
27-01-2021,18.610000610351562,19.760000228881836,801000,20.239999771118164,19.459999084472656,19.459999084472656
28-01-2021,19.209999084472656,19.700000762939453,350900,20.440000534057617,19.459999084472656,19.459999084472656
29-01-2021,18.530000686645508,19.489999771118164,313700,20.0,18.700000762939453,18.700000762939453
01-02-2021,18.309999465942383,18.850000381469727,339100,19.40999984741211,19.31999969482422,19.31999969482422
02-02-2021,19.479999542236328,19.520000457763672,421500,21.030000686645508,20.709999084472656,20.709999084472656
03-02-2021,20.610000610351562,20.719999313354492,493400,22.649999618530273,21.969999313354492,21.969999313354492
04-02-2021,21.34000015258789,22.139999389648438,428200,22.450000762939453,22.049999237060547,22.049999237060547
05-02-2021,22.100000381469727,22.329999923706055,250700,23.139999389648438,22.940000534057617,22.940000534057617
08-02-2021,22.440000534057617,23.1200008392334,332900,23.559999465942383,23.520000457763672,23.520000457763672
09-02-2021,22.219999313354492,23.6299991607666,241900,23.84000015258789,22.309999465942383,22.309999465942383
10-02-2021,20.920000076293945,22.389999389648438,325500,22.989999771118164,21.149999618530273,21.149999618530273
11-02-2021,20.520000457763672,21.290000915527344,239300,21.719999313354492,20.709999084472656,20.709999084472656
12-02-2021,19.625,20.510000228881836,367500,20.510000228881836,19.8700008392334,19.8700008392334
16-02-2021,18.979999542236328,19.8799991607666,330900,20.739999771118164,19.059999465942383,19.059999465942383
17-02-2021,18.56999969482422,18.719999313354492,412800,19.610000610351562,19.200000762939453,19.200000762939453
18-02-2021,18.270000457763672,18.920000076293945,258900,19.315000534057617,18.420000076293945,18.420000076293945
19-02-2021,18.059999465942383,18.40999984741211,260400,19.09000015258789,18.690000534057617,18.690000534057617
22-02-2021,18.204999923706055,18.56999969482422,461200,19.059999465942383,18.600000381469727,18.600000381469727
23-02-2021,17.6299991607666,18.479999542236328,394200,19.15999984741211,18.6200008392334,18.6200008392334
24-02-2021,19.059999465942383,19.1200008392334,442900,20.110000610351562,19.799999237060547,19.799999237060547
25-02-2021,18.110000610351562,20.290000915527344,524600,20.489999771118164,19.030000686645508,19.030000686645508
26-02-2021,18.0,19.049999237060547,401500,19.190000534057617,18.610000610351562,18.610000610351562
01-03-2021,18.56999969482422,18.959999084472656,427800,19.298999786376953,18.959999084472656,18.959999084472656
02-03-2021,18.43000030517578,18.809999465942383,434100,18.9950008392334,18.670000076293945,18.670000076293945
03-03-2021,18.200000762939453,18.540000915527344,1092300,20.329999923706055,19.190000534057617,19.190000534057617
04-03-2021,19.020000457763672,19.31999969482422,843200,21.118000030517578,20.709999084472656,20.709999084472656
05-03-2021,20.1200008392334,21.1299991607666,675200,21.5,21.469999313354492,21.469999313354492
08-03-2021,20.260000228881836,22.020000457763672,659100,22.059999465942383,20.479999542236328,20.479999542236328
09-03-2021,20.525999069213867,20.56999969482422,500700,21.860000610351562,21.469999313354492,21.469999313354492
10-03-2021,21.079999923706055,21.770000457763672,325200,22.25,21.170000076293945,21.170000076293945
11-03-2021,21.274999618530273,21.479999542236328,525800,22.799999237060547,22.739999771118164,22.739999771118164
12-03-2021,22.415000915527344,22.670000076293945,321900,23.0,22.899999618530273,22.899999618530273
15-03-2021,22.510000228881836,22.799999237060547,463900,23.389999389648438,23.25,23.25
16-03-2021,22.280000686645508,23.18000030517578,465200,23.479999542236328,22.709999084472656,22.709999084472656
17-03-2021,22.43000030517578,22.639999389648438,482500,23.3700008392334,23.209999084472656,23.209999084472656
18-03-2021,21.850000381469727,23.049999237060547,528300,23.600000381469727,21.989999771118164,21.989999771118164
19-03-2021,21.5,21.899999618530273,1045300,22.770000457763672,22.479999542236328,22.479999542236328
22-03-2021,23.229999542236328,23.549999237060547,969100,25.81999969482422,25.770000457763672,25.770000457763672
23-03-2021,24.690000534057617,25.479999542236328,656600,26.15999984741211,25.290000915527344,25.290000915527344
24-03-2021,23.014999389648438,25.329999923706055,751600,25.43000030517578,23.014999389648438,23.014999389648438
25-03-2021,22.110000610351562,22.790000915527344,776900,23.469999313354492,22.405000686645508,22.405000686645508
26-03-2021,21.209999084472656,22.510000228881836,475200,22.6200008392334,21.829999923706055,21.829999923706055
29-03-2021,20.31999969482422,21.719999313354492,522100,21.719999313354492,20.31999969482422,20.31999969482422
30-03-2021,19.829999923706055,20.25,523900,20.405000686645508,20.15999984741211,20.15999984741211
31-03-2021,20.389999389648438,20.389999389648438,602100,21.329999923706055,20.860000610351562,20.860000610351562
01-04-2021,20.489999771118164,21.139999389648438,387400,21.459999084472656,20.700000762939453,20.700000762939453
05-04-2021,20.020000457763672,21.18000030517578,375300,21.18000030517578,20.59000015258789,20.59000015258789
06-04-2021,20.3799991607666,20.709999084472656,287000,21.059999465942383,20.600000381469727,20.600000381469727
07-04-2021,20.020000457763672,20.559999465942383,354200,20.739999771118164,20.110000610351562,20.110000610351562
08-04-2021,19.6200008392334,20.219999313354492,228800,20.3700008392334,19.8799991607666,19.8799991607666
09-04-2021,19.43000030517578,19.81999969482422,300600,20.1299991607666,19.489999771118164,19.489999771118164
12-04-2021,18.829999923706055,19.3799991607666,383100,19.579999923706055,18.899999618530273,18.899999618530273
13-04-2021,18.600000381469727,19.030000686645508,259700,19.579999923706055,18.899999618530273,18.899999618530273
14-04-2021,18.850000381469727,18.889999389648438,275300,19.860000610351562,19.670000076293945,19.670000076293945
15-04-2021,19.40999984741211,19.799999237060547,223200,19.969999313354492,19.739999771118164,19.739999771118164
16-04-2021,18.850000381469727,19.690000534057617,342900,19.860000610351562,19.709999084472656,19.709999084472656
19-04-2021,18.809999465942383,19.520000457763672,258100,19.600000381469727,18.899999618530273,18.899999618530273
20-04-2021,18.3700008392334,18.81999969482422,180200,19.190000534057617,19.1299991607666,19.1299991607666
21-04-2021,18.709999084472656,19.020000457763672,282500,19.690000534057617,19.670000076293945,19.670000076293945
22-04-2021,19.030000686645508,19.65999984741211,373300,20.899999618530273,20.020000457763672,20.020000457763672
23-04-2021,19.506999969482422,20.1299991607666,304700,21.059999465942383,20.899999618530273,20.899999618530273
26-04-2021,20.600000381469727,21.170000076293945,356800,22.350000381469727,22.229999542236328,22.229999542236328
27-04-2021,21.670000076293945,22.420000076293945,316600,22.5,22.200000762939453,22.200000762939453
28-04-2021,21.760000228881836,22.15999984741211,262400,22.5,22.15999984741211,22.15999984741211
29-04-2021,21.915000915527344,22.479999542236328,168100,22.65999984741211,22.420000076293945,22.420000076293945
30-04-2021,22.114999771118164,22.1299991607666,301600,22.690000534057617,22.299999237060547,22.299999237060547
03-05-2021,21.635000228881836,22.59000015258789,223000,22.649999618530273,22.040000915527344,22.040000915527344
04-05-2021,20.75,21.8700008392334,337100,21.8799991607666,21.200000762939453,21.200000762939453
05-05-2021,20.65999984741211,21.15999984741211,258600,21.540000915527344,20.850000381469727,20.850000381469727
06-05-2021,19.940000534057617,20.969999313354492,424400,20.969999313354492,20.280000686645508,20.280000686645508
07-05-2021,19.799999237060547,20.280000686645508,335700,21.3700008392334,20.600000381469727,20.600000381469727
10-05-2021,19.479999542236328,20.040000915527344,363100,20.299999237060547,19.959999084472656,19.959999084472656
11-05-2021,19.280000686645508,19.31999969482422,476000,20.809999465942383,20.520000457763672,20.520000457763672
12-05-2021,20.309999465942383,20.309999465942383,383000,22.030000686645508,20.889999389648438,20.889999389648438
13-05-2021,19.950000762939453,21.0,562900,21.389999389648438,20.149999618530273,20.149999618530273
14-05-2021,20.0,20.139999389648438,273900,21.0,20.950000762939453,20.950000762939453
17-05-2021,20.170000076293945,20.790000915527344,186300,21.41900062561035,20.889999389648438,20.889999389648438
18-05-2021,20.260000228881836,20.90999984741211,345400,21.329999923706055,20.299999237060547,20.299999237060547
19-05-2021,19.440000534057617,19.959999084472656,219500,20.309999465942383,19.8799991607666,19.8799991607666
20-05-2021,19.469999313354492,19.799999237060547,424900,20.440000534057617,20.399999618530273,20.399999618530273
21-05-2021,20.049999237060547,20.649999618530273,275900,20.989999771118164,20.65999984741211,20.65999984741211
24-05-2021,19.58799934387207,20.860000610351562,135200,21.1200008392334,20.440000534057617,20.440000534057617
25-05-2021,19.649999618530273,20.549999237060547,208200,20.700000762939453,19.670000076293945,19.670000076293945
26-05-2021,19.510000228881836,19.860000610351562,125900,20.0,19.889999389648438,19.889999389648438
27-05-2021,19.530000686645508,19.940000534057617,211700,19.940000534057617,19.850000381469727,19.850000381469727
28-05-2021,19.229999542236328,19.950000762939453,222700,20.5,19.290000915527344,19.290000915527344
01-06-2021,18.790000915527344,19.309999465942383,262600,19.579999923706055,18.860000610351562,18.860000610351562
02-06-2021,17.780000686645508,18.93000030517578,588200,18.969999313354492,18.09000015258789,18.09000015258789
03-06-2021,17.5,18.06999969482422,261500,18.31999969482422,18.200000762939453,18.200000762939453
04-06-2021,17.850000381469727,18.25,382400,18.809999465942383,18.190000534057617,18.190000534057617
07-06-2021,17.81999969482422,18.219999313354492,373800,19.079999923706055,18.84000015258789,18.84000015258789
08-06-2021,18.079999923706055,19.030000686645508,208900,19.100000381469727,18.540000915527344,18.540000915527344
09-06-2021,18.0,18.690000534057617,383200,19.079999923706055,18.229999542236328,18.229999542236328
10-06-2021,18.1200008392334,18.280000686645508,238600,18.770000457763672,18.729999542236328,18.729999542236328
11-06-2021,18.399999618530273,18.770000457763672,240700,18.940000534057617,18.809999465942383,18.809999465942383
14-06-2021,18.469999313354492,19.020000457763672,237300,19.25,18.760000228881836,18.760000228881836
15-06-2021,18.25,18.790000915527344,293900,18.90999984741211,18.670000076293945,18.670000076293945
16-06-2021,18.450000762939453,18.770000457763672,247700,19.06999969482422,18.90999984741211,18.90999984741211
17-06-2021,18.65999984741211,18.93000030517578,171800,19.18000030517578,19.0,19.0
18-06-2021,18.309999465942383,18.75,576400,18.959999084472656,18.530000686645508,18.530000686645508
21-06-2021,18.510000228881836,18.639999389648438,335300,19.3799991607666,19.360000610351562,19.360000610351562
22-06-2021,18.959999084472656,19.270000457763672,201300,19.344999313354492,19.149999618530273,19.149999618530273
23-06-2021,18.90999984741211,19.110000610351562,166000,19.399999618530273,19.209999084472656,19.209999084472656
24-06-2021,19.110000610351562,19.209999084472656,337900,20.399999618530273,20.290000915527344,20.290000915527344
25-06-2021,19.989999771118164,20.399999618530273,607000,20.979999542236328,20.799999237060547,20.799999237060547
28-06-2021,19.450000762939453,20.950000762939453,196100,21.190000534057617,19.670000076293945,19.670000076293945
29-06-2021,18.559999465942383,19.68000030517578,291800,19.68000030517578,18.709999084472656,18.709999084472656
30-06-2021,18.229999542236328,18.729999542236328,272100,18.989999771118164,18.239999771118164,18.239999771118164
01-07-2021,18.079999923706055,18.31999969482422,337100,18.59000015258789,18.25,18.25
02-07-2021,17.6200008392334,18.209999084472656,238800,18.209999084472656,17.850000381469727,17.850000381469727
06-07-2021,17.170000076293945,17.809999465942383,325400,17.889999389648438,17.559999465942383,17.559999465942383
07-07-2021,17.5,17.559999465942383,266800,18.01799964904785,17.790000915527344,17.790000915527344
08-07-2021,17.360000610351562,17.5,307500,17.777999877929688,17.540000915527344,17.540000915527344
09-07-2021,17.399999618530273,17.649999618530273,196300,17.90999984741211,17.559999465942383,17.559999465942383
12-07-2021,16.780000686645508,17.549999237060547,220000,17.559999465942383,16.90999984741211,16.90999984741211
13-07-2021,16.420000076293945,16.81999969482422,272100,17.225000381469727,16.860000610351562,16.860000610351562
14-07-2021,16.43000030517578,16.90999984741211,216100,17.149999618530273,16.56999969482422,16.56999969482422
15-07-2021,16.190000534057617,16.579999923706055,300900,16.809999465942383,16.739999771118164,16.739999771118164
16-07-2021,16.360000610351562,17.010000228881836,261300,17.030000686645508,16.420000076293945,16.420000076293945
19-07-2021,16.049999237060547,16.18000030517578,242100,16.579999923706055,16.31999969482422,16.31999969482422
20-07-2021,16.1200008392334,16.270000457763672,341300,17.030000686645508,16.959999084472656,16.959999084472656
21-07-2021,16.75,16.950000762939453,212000,17.1200008392334,16.989999771118164,16.989999771118164
22-07-2021,16.239999771118164,17.0,340300,17.059999465942383,16.420000076293945,16.420000076293945
23-07-2021,15.829999923706055,16.56999969482422,204300,16.729999542236328,16.149999618530273,16.149999618530273
26-07-2021,15.789999961853027,16.100000381469727,255800,16.360000610351562,16.100000381469727,16.100000381469727
27-07-2021,15.4399995803833,16.110000610351562,418600,16.110000610351562,15.529999732971191,15.529999732971191
28-07-2021,15.520000457763672,15.65999984741211,328900,16.03499984741211,15.84000015258789,15.84000015258789
29-07-2021,15.029999732971191,16.020000457763672,298200,16.2450008392334,15.130000114440918,15.130000114440918
30-07-2021,14.755000114440918,15.010000228881836,301200,15.329999923706055,15.130000114440918,15.130000114440918
02-08-2021,14.949999809265137,15.329999923706055,287700,15.380000114440918,15.039999961853027,15.039999961853027
03-08-2021,14.449999809265137,14.875,286200,15.130000114440918,14.600000381469727,14.600000381469727
04-08-2021,14.220000267028809,14.510000228881836,321800,14.850000381469727,14.3100004196167,14.3100004196167
05-08-2021,13.449999809265137,14.460000038146973,1051600,15.289999961853027,14.039999961853027,14.039999961853027
06-08-2021,13.630000114440918,14.0,682800,14.289999961853027,14.0600004196167,14.0600004196167
09-08-2021,13.819999694824219,14.319999694824219,605500,14.619999885559082,13.859999656677246,13.859999656677246
10-08-2021,13.5,13.819999694824219,309300,13.949999809265137,13.75,13.75
11-08-2021,13.520000457763672,13.720000267028809,479100,13.869999885559082,13.789999961853027,13.789999961853027
12-08-2021,13.460000038146973,13.75,592600,13.949999809265137,13.850000381469727,13.850000381469727
13-08-2021,13.619999885559082,13.770000457763672,301200,13.90999984741211,13.779999732971191,13.779999732971191
16-08-2021,13.279999732971191,13.770000457763672,411500,13.770000457763672,13.319999694824219,13.319999694824219
17-08-2021,13.020000457763672,13.109999656677246,326700,13.779999732971191,13.630000114440918,13.630000114440918
18-08-2021,13.119999885559082,13.670000076293945,498300,13.84000015258789,13.130000114440918,13.130000114440918
19-08-2021,12.710000038146973,12.949999809265137,445600,13.210000038146973,12.859999656677246,12.859999656677246
20-08-2021,12.539999961853027,12.770000457763672,381300,13.220000267028809,13.149999618530273,13.149999618530273
23-08-2021,12.869999885559082,13.220000267028809,353100,13.890000343322754,13.859999656677246,13.859999656677246
24-08-2021,13.449999809265137,13.789999961853027,275700,13.819999694824219,13.630000114440918,13.630000114440918
25-08-2021,13.460000038146973,13.569999694824219,254900,13.829999923706055,13.489999771118164,13.489999771118164
26-08-2021,13.130000114440918,13.399999618530273,290900,13.640000343322754,13.300000190734863,13.300000190734863
27-08-2021,13.180000305175781,13.369999885559082,280800,13.835000038146973,13.65999984741211,13.65999984741211
30-08-2021,13.529999732971191,13.609999656677246,264100,13.819999694824219,13.619999885559082,13.619999885559082
31-08-2021,13.595000267028809,13.640000343322754,217000,13.899999618530273,13.859999656677246,13.859999656677246
01-09-2021,13.529999732971191,13.529999732971191,237300,14.180000305175781,14.069999694824219,14.069999694824219
02-09-2021,13.6899995803833,14.119999885559082,231400,14.260000228881836,13.710000038146973,13.710000038146973
03-09-2021,13.260000228881836,13.579999923706055,266300,13.640000343322754,13.449999809265137,13.449999809265137
07-09-2021,13.130000114440918,13.359999656677246,310500,13.529999732971191,13.300000190734863,13.300000190734863
08-09-2021,13.069999694824219,13.350000381469727,313700,13.520000457763672,13.149999618530273,13.149999618530273
09-09-2021,12.859999656677246,13.130000114440918,221000,13.420000076293945,13.0,13.0
10-09-2021,12.770000457763672,13.119999885559082,252500,13.119999885559082,12.779999732971191,12.779999732971191
13-09-2021,12.630000114440918,12.899999618530273,344300,12.979999542236328,12.729999542236328,12.729999542236328
14-09-2021,12.369999885559082,12.699999809265137,445400,12.949999809265137,12.390000343322754,12.390000343322754
15-09-2021,12.020000457763672,12.399999618530273,343500,12.399999618530273,12.119999885559082,12.119999885559082
16-09-2021,11.949999809265137,12.140000343322754,317300,12.260000228881836,12.180000305175781,12.180000305175781
17-09-2021,12.149999618530273,12.229999542236328,872800,12.850000381469727,12.800000190734863,12.800000190734863
20-09-2021,12.069999694824219,12.569999694824219,362100,12.680000305175781,12.239999771118164,12.239999771118164
21-09-2021,12.020000457763672,12.289999961853027,158300,12.4399995803833,12.029999732971191,12.029999732971191
22-09-2021,11.949999809265137,12.0,451200,12.4399995803833,12.229999542236328,12.229999542236328
23-09-2021,12.199999809265137,12.329999923706055,244200,12.725000381469727,12.649999618530273,12.649999618530273
24-09-2021,12.420000076293945,12.489999771118164,378300,12.789999961853027,12.619999885559082,12.619999885559082
27-09-2021,12.640000343322754,12.739999771118164,822600,13.800000190734863,13.520000457763672,13.520000457763672
28-09-2021,13.039999961853027,13.454999923706055,314500,13.520000457763672,13.039999961853027,13.039999961853027
29-09-2021,12.75,13.029999732971191,423700,13.119999885559082,12.970000267028809,12.970000267028809
30-09-2021,12.350000381469727,12.989999771118164,690900,13.069999694824219,12.40999984741211,12.40999984741211
01-10-2021,12.104999542236328,12.359999656677246,669900,13.470000267028809,13.239999771118164,13.239999771118164
04-10-2021,12.569999694824219,13.239999771118164,311300,13.25,12.630000114440918,12.630000114440918
05-10-2021,12.3100004196167,12.609999656677246,341100,12.760000228881836,12.609999656677246,12.609999656677246
06-10-2021,12.130000114440918,12.390000343322754,667100,12.675000190734863,12.170000076293945,12.170000076293945
07-10-2021,12.149999618530273,12.1899995803833,530400,13.029999732971191,13.010000228881836,13.010000228881836
08-10-2021,12.710000038146973,12.930000305175781,268200,13.619999885559082,13.470000267028809,13.470000267028809
11-10-2021,13.619999885559082,13.649999618530273,746100,15.149999618530273,15.010000228881836,15.010000228881836
12-10-2021,14.553999900817871,14.9399995803833,510000,15.180000305175781,14.779999732971191,14.779999732971191
13-10-2021,14.289999961853027,14.289999961853027,346200,14.9399995803833,14.529999732971191,14.529999732971191
14-10-2021,14.359999656677246,14.670000076293945,657000,15.164999961853027,15.100000381469727,15.100000381469727
15-10-2021,14.890000343322754,15.319999694824219,374600,15.489999771118164,15.100000381469727,15.100000381469727
18-10-2021,14.90999984741211,15.0600004196167,150747,15.520000457763672,15.501899719238281,15.501899719238281
