Date,Low,Open,Volume,High,Close,Adjusted Close
08-12-2000,7.5625,7.90625,17149800,11.4375,10.0,5.751135349273682
11-12-2000,9.9375,11.34375,2919200,11.375,10.59375,6.0926103591918945
12-12-2000,9.6875,10.609375,1077400,10.625,9.9375,5.715188503265381
13-12-2000,9.875,10.375,422400,10.4375,9.9375,5.715188503265381
14-12-2000,9.9375,9.992188453674316,265400,10.125,10.0625,5.787081718444824
15-12-2000,9.0,10.125,950200,10.125,10.0625,5.787081718444824
18-12-2000,9.71875,10.25,483600,10.25,10.03125,5.769107818603516
19-12-2000,9.625,10.023438453674316,457400,10.03125,9.8125,5.643303871154785
20-12-2000,9.0,9.6875,1228800,9.8125,9.125,5.247912406921387
21-12-2000,8.875,9.03125,1017400,9.25,9.09375,5.229936599731445
22-12-2000,9.25,9.3125,416000,9.6875,9.625,5.535468578338623
26-12-2000,9.4375,9.65625,754000,9.6875,9.5,5.463577747344971
27-12-2000,9.125,9.453125,361400,9.5625,9.28125,5.337772846221924
28-12-2000,9.15625,9.3125,1048600,9.6875,9.3125,5.355746269226074
29-12-2000,9.375,9.5,232800,10.0625,9.875,5.679248809814453
02-01-2001,9.34375,10.085938453674316,330400,10.125,9.625,5.535468578338623
03-01-2001,8.75,9.390625,545400,9.6875,8.8125,5.06818962097168
04-01-2001,8.8125,8.96875,287600,9.5,9.03125,5.193994998931885
05-01-2001,8.875,9.054688453674316,962000,9.25,9.0625,5.211966514587402
08-01-2001,8.75,9.0,631000,9.09375,8.75,5.032244682312012
09-01-2001,8.5,8.953125,821800,9.0,8.625,4.960355281829834
10-01-2001,8.375,8.59375,976800,8.625,8.5,4.888465404510498
11-01-2001,8.5,8.515625,1357000,9.25,9.09375,5.229936599731445
12-01-2001,9.25,9.296875,566200,9.625,9.5625,5.499525547027588
16-01-2001,9.4375,9.8125,663200,10.25,9.5,5.463577747344971
17-01-2001,9.4375,9.554688453674316,486000,9.9375,9.6875,5.571413040161133
18-01-2001,9.25,9.742188453674316,292800,9.75,9.5,5.463577747344971
19-01-2001,9.125,9.53125,254200,9.625,9.1875,5.28385591506958
22-01-2001,8.8125,9.3125,764600,9.3125,8.9375,5.140078544616699
23-01-2001,8.9375,9.125,442600,9.1875,8.9375,5.140078544616699
24-01-2001,8.46875,8.945313453674316,1197200,9.0,8.5,4.888465404510498
25-01-2001,8.125,8.625,985800,9.0,8.9375,5.140078544616699
26-01-2001,8.6875,8.75,249000,9.6875,9.3125,5.355746269226074
29-01-2001,9.3125,9.492188453674316,206600,10.0,9.96875,5.733163833618164
30-01-2001,9.46875,9.96875,188800,10.03125,10.03125,5.769107818603516
31-01-2001,9.6875,9.882813453674316,84200,10.03125,9.71875,5.589386463165283
01-02-2001,9.6875,9.6875,100600,10.03125,9.9375,5.715188503265381
02-02-2001,10.0,10.03125,477200,10.875,10.8125,6.218417167663574
05-02-2001,10.875,11.03125,562400,12.1875,11.9375,6.86541748046875
06-02-2001,11.9375,12.117188453674316,585600,12.84375,12.375,7.117031574249268
07-02-2001,11.9375,12.0625,189400,12.5,12.1875,7.009196758270264
08-02-2001,12.125,12.132813453674316,451400,12.6875,12.5625,7.2248640060424805
09-02-2001,12.0,12.53125,730200,12.59375,12.0,6.901361465454102
12-02-2001,11.75,12.125,2362200,12.1875,11.75,6.75758171081543
13-02-2001,11.6875,11.90625,228600,12.3125,12.1875,7.009196758270264
14-02-2001,10.6875,12.25,1363600,12.3125,11.125,6.398138523101807
15-02-2001,10.375,11.375,359400,11.5,10.625,6.1105828285217285
16-02-2001,10.0625,10.59375,264200,11.1875,10.6875,6.146528720855713
20-02-2001,9.5625,11.0,391400,11.0,9.8125,5.643303871154785
21-02-2001,9.4375,9.632813453674316,196800,10.0625,9.8125,5.643303871154785
22-02-2001,9.28125,9.804688453674316,197400,9.8125,9.28125,5.337772846221924
23-02-2001,9.1875,9.25,122800,10.28125,10.25,5.8949127197265625
26-02-2001,10.226563453674316,10.25,118600,10.75,10.609375,6.101595401763916
27-02-2001,10.6875,10.75,271800,11.0,11.0,6.32625150680542
28-02-2001,10.90625,11.0625,142600,11.0625,10.9375,6.290305137634277
01-03-2001,9.4375,10.875,232000,10.9375,10.0,5.751135349273682
02-03-2001,9.625,10.09375,167000,10.125,10.0625,5.787081718444824
05-03-2001,10.09375,10.25,110000,10.5625,10.4375,6.00274658203125
06-03-2001,10.0,10.5,257000,10.6875,10.0,5.751135349273682
07-03-2001,10.03125,10.359375,175800,10.4375,10.3125,5.930856704711914
08-03-2001,9.75,10.375,137000,10.375,9.9375,5.715188503265381
09-03-2001,9.75,9.984375,140000,10.25,9.8125,5.643303871154785
12-03-2001,9.0625,9.625,255000,9.8125,9.0625,5.211966514587402
13-03-2001,9.09375,9.1875,229200,9.5,9.4375,5.4276347160339355
14-03-2001,9.125,9.25,184000,10.125,9.90625,5.697216987609863
15-03-2001,9.9375,9.96875,57200,10.25,10.125,5.823025226593018
16-03-2001,9.84375,10.1875,75800,10.1875,9.84375,5.661273956298828
19-03-2001,9.4375,9.84375,120800,9.875,9.6875,5.571413040161133
20-03-2001,9.5625,9.75,309800,10.25,9.5625,5.499525547027588
21-03-2001,9.5625,9.5625,75200,10.0625,9.96875,5.733163833618164
22-03-2001,9.625,10.054688453674316,126800,10.0625,9.8125,5.643303871154785
23-03-2001,9.8125,10.0,339800,10.3125,10.0,5.751135349273682
26-03-2001,9.9375,10.0,491400,10.3125,10.125,5.823025226593018
27-03-2001,9.875,9.9375,230800,10.125,9.875,5.679248809814453
28-03-2001,9.0,9.8125,172400,9.9375,9.375,5.391691207885742
29-03-2001,9.0625,9.375,129600,9.5625,9.53125,5.481551647186279
30-03-2001,9.5,9.5,97200,10.0,9.9375,5.715188503265381
02-04-2001,9.6875,9.6875,125000,10.0,9.875,5.679248809814453
03-04-2001,9.25,10.0,224600,10.0625,9.25,5.31980037689209
04-04-2001,9.1875,9.4375,190000,10.125,10.03125,5.769107818603516
05-04-2001,9.96875,10.125,109600,10.1875,10.125,5.823025226593018
06-04-2001,9.5,10.0625,138800,10.0625,9.5625,5.499525547027588
09-04-2001,8.975000381469727,9.460000038146973,801400,9.460000038146973,9.125,5.247912406921387
10-04-2001,9.225000381469727,9.324999809265137,488200,9.375,9.274999618530273,5.3341779708862305
11-04-2001,9.130000114440918,9.449999809265137,347600,9.449999809265137,9.15999984741211,5.268042087554932
12-04-2001,9.050000190734863,9.100000381469727,120000,9.25,9.050000190734863,5.204779624938965
16-04-2001,8.949999809265137,9.050000190734863,149600,9.220000267028809,9.024999618530273,5.190399646759033
17-04-2001,9.079999923706055,9.079999923706055,80600,9.25,9.199999809265137,5.291043758392334
18-04-2001,8.899999618530273,9.274999618530273,599400,9.5,9.0,5.176023483276367
19-04-2001,9.0,9.039999961853027,258400,9.069999694824219,9.0,5.176023483276367
20-04-2001,9.095000267028809,9.25,391200,9.3100004196167,9.279999732971191,5.33705472946167
23-04-2001,9.175000190734863,9.25,151600,9.25,9.234999656677246,5.311171054840088
24-04-2001,9.130000114440918,9.149999618530273,135400,9.25,9.199999809265137,5.291043758392334
25-04-2001,9.0649995803833,9.164999961853027,366200,9.300000190734863,9.100000381469727,5.233534812927246
26-04-2001,9.074999809265137,9.079999923706055,350600,9.375,9.324999809265137,5.3629350662231445
27-04-2001,9.350000381469727,9.375,956000,10.024999618530273,10.024999618530273,5.765514850616455
30-04-2001,9.694999694824219,10.375,1306400,11.524999618530273,10.5,6.038693428039551
01-05-2001,10.5,10.5,393600,10.850000381469727,10.770000457763672,6.193975448608398
02-05-2001,10.454999923706055,10.824999809265137,754200,11.0,10.5,6.038693428039551
03-05-2001,10.449999809265137,10.5,512600,10.600000381469727,10.529999732971191,6.05594539642334
04-05-2001,10.5,10.539999961853027,189000,11.069999694824219,10.925000190734863,6.283116817474365
07-05-2001,10.765000343322754,11.0,76000,11.0,10.899999618530273,6.268737316131592
08-05-2001,10.949999809265137,11.074999809265137,244000,11.545000076293945,11.510000228881836,6.619555473327637
09-05-2001,11.5,11.524999618530273,108800,11.75,11.704999923706055,6.731705188751221
10-05-2001,11.845000267028809,11.875,306400,12.300000190734863,12.234999656677246,7.036513805389404
11-05-2001,11.899999618530273,12.229999542236328,448400,12.350000381469727,11.949999809265137,6.872607231140137
14-05-2001,11.399999618530273,11.949999809265137,278200,11.949999809265137,11.399999618530273,6.556295394897461
15-05-2001,11.305000305175781,11.5,375200,11.925000190734863,11.774999618530273,6.771962642669678
16-05-2001,11.350000381469727,11.9399995803833,210600,11.944999694824219,11.539999961853027,6.636810302734375
17-05-2001,11.5,11.699999809265137,348400,12.395000457763672,12.34000015258789,7.096902847290039
18-05-2001,12.0,12.345000267028809,335600,12.350000381469727,12.130000114440918,6.976130962371826
21-05-2001,11.725000381469727,12.055000305175781,182800,12.055000305175781,11.824999809265137,6.800717353820801
22-05-2001,11.449999809265137,11.75,337800,11.949999809265137,11.5,6.613804817199707
23-05-2001,11.46500015258789,11.5,96600,11.704999923706055,11.46500015258789,6.59367561340332
24-05-2001,11.5,11.550000190734863,452400,11.649999618530273,11.649999618530273,6.700073719024658
25-05-2001,11.475000381469727,11.649999618530273,342200,11.649999618530273,11.53499984741211,6.63393497467041
29-05-2001,11.005000114440918,11.524999618530273,731200,11.600000381469727,11.024999618530273,6.3406267166137695
30-05-2001,9.949999809265137,10.869999885559082,647200,10.899999618530273,10.149999618530273,5.837402820587158
31-05-2001,9.579999923706055,9.875,830400,10.0649995803833,10.005000114440918,5.754013538360596
01-06-2001,9.90999984741211,9.970000267028809,571800,10.050000190734863,10.005000114440918,5.754013538360596
04-06-2001,9.625,9.960000038146973,617800,10.039999961853027,9.9399995803833,5.716627597808838
05-06-2001,9.8149995803833,9.8149995803833,1325200,10.899999618530273,10.425000190734863,5.995559215545654
06-06-2001,10.324999809265137,10.430000305175781,1691400,11.199999809265137,10.654999732971191,6.127836227416992
07-06-2001,10.5600004196167,10.739999771118164,375800,11.225000381469727,11.050000190734863,6.3550028800964355
08-06-2001,11.074999809265137,11.279999732971191,436200,11.46500015258789,11.300000190734863,6.498785018920898
11-06-2001,10.899999618530273,11.255000114440918,275400,11.300000190734863,10.979999542236328,6.314746856689453
12-06-2001,10.949999809265137,11.029999732971191,212000,11.145000457763672,11.074999809265137,6.369382381439209
13-06-2001,10.875,11.1850004196167,297200,11.324999809265137,11.0,6.32625150680542
14-06-2001,10.949999809265137,11.050000190734863,178200,11.100000381469727,11.0,6.32625150680542
15-06-2001,10.949999809265137,10.949999809265137,155800,11.295000076293945,11.274999618530273,6.484405040740967
18-06-2001,11.100000381469727,11.274999618530273,84200,11.300000190734863,11.125,6.398138523101807
19-06-2001,10.954999923706055,11.204999923706055,210000,11.274999618530273,11.125,6.398138523101807
20-06-2001,11.0,11.100000381469727,185000,11.25,11.225000381469727,6.4556498527526855
21-06-2001,10.949999809265137,11.149999618530273,163400,11.175000190734863,11.039999961853027,6.349253177642822
22-06-2001,11.029999732971191,11.055000305175781,394400,11.28499984741211,11.25,6.470024585723877
25-06-2001,11.199999809265137,11.225000381469727,272600,11.335000038146973,11.204999923706055,6.444148063659668
26-06-2001,11.175000190734863,11.270000457763672,210000,11.270000457763672,11.175000190734863,6.4268927574157715
27-06-2001,11.149999618530273,11.175000190734863,316600,11.5,11.494999885559082,6.61093282699585
28-06-2001,11.324999809265137,11.5,311800,11.649999618530273,11.494999885559082,6.61093282699585
29-06-2001,11.300000190734863,11.510000228881836,282400,11.625,11.425000190734863,6.570672035217285
02-07-2001,11.5,11.555000305175781,155400,11.625,11.579999923706055,6.659814834594727
03-07-2001,11.5,11.619999885559082,75800,11.649999618530273,11.579999923706055,6.659814834594727
05-07-2001,11.524999618530273,11.574999809265137,154400,11.649999618530273,11.600000381469727,6.6713175773620605
06-07-2001,11.574999809265137,11.579999923706055,362000,11.704999923706055,11.670000076293945,6.711575508117676
09-07-2001,11.600000381469727,11.630000114440918,181600,11.65999984741211,11.649999618530273,6.700073719024658
10-07-2001,11.600000381469727,11.649999618530273,347000,11.725000381469727,11.680000305175781,6.717326641082764
11-07-2001,11.199999809265137,11.574999809265137,180400,11.675000190734863,11.204999923706055,6.444148063659668
12-07-2001,11.229999542236328,11.229999542236328,311200,11.375,11.375,6.5419182777404785
13-07-2001,11.324999809265137,11.375,145200,11.425000190734863,11.375,6.5419182777404785
16-07-2001,11.225000381469727,11.399999618530273,53400,11.449999809265137,11.300000190734863,6.498785018920898
17-07-2001,11.225000381469727,11.449999809265137,101800,11.449999809265137,11.3149995803833,6.507411956787109
18-07-2001,11.1899995803833,11.324999809265137,118600,11.335000038146973,11.199999809265137,6.441272735595703
19-07-2001,11.175000190734863,11.199999809265137,180800,11.475000381469727,11.350000381469727,6.527539253234863
20-07-2001,11.329999923706055,11.329999923706055,88400,11.449999809265137,11.425000190734863,6.570672035217285
23-07-2001,11.300000190734863,11.380000114440918,167800,11.449999809265137,11.350000381469727,6.527539253234863
24-07-2001,10.460000038146973,11.3149995803833,287400,11.324999809265137,10.600000381469727,6.096205711364746
25-07-2001,10.25,10.675000190734863,129600,10.675000190734863,10.40999984741211,5.98693323135376
26-07-2001,10.100000381469727,10.305000305175781,407400,10.600000381469727,10.5,6.038693428039551
27-07-2001,10.5,10.550000190734863,90800,11.079999923706055,10.994999885559082,6.323373317718506
30-07-2001,10.880000114440918,10.885000228881836,219800,11.050000190734863,11.0,6.32625150680542
31-07-2001,10.75,10.899999618530273,107400,11.024999618530273,10.899999618530273,6.268737316131592
01-08-2001,10.100000381469727,11.079999923706055,1476000,11.25,10.279999732971191,5.912165641784668
02-08-2001,9.824999809265137,10.300000190734863,1024200,10.300000190734863,9.859999656677246,5.670619487762451
03-08-2001,9.375,9.904999732971191,530400,9.925000190734863,9.595000267028809,5.518216133117676
06-08-2001,9.579999923706055,9.664999961853027,833600,9.90999984741211,9.90999984741211,5.699374675750732
07-08-2001,9.880000114440918,9.960000038146973,136000,9.960000038146973,9.895000457763672,5.690749168395996
08-08-2001,9.699999809265137,9.920000076293945,142200,9.920000076293945,9.774999618530273,5.621735095977783
09-08-2001,9.604999542236328,9.869999885559082,491600,9.875,9.699999809265137,5.578601837158203
10-08-2001,9.710000038146973,9.774999618530273,185400,9.774999618530273,9.75,5.607357501983643
13-08-2001,9.529999732971191,9.649999618530273,1976800,9.75,9.529999732971191,5.480832099914551
14-08-2001,9.475000381469727,9.529999732971191,1006000,9.75,9.550000190734863,5.492332458496094
15-08-2001,9.524999618530273,9.539999961853027,921600,9.850000381469727,9.645000457763672,5.546971321105957
16-08-2001,9.550000190734863,9.654999732971191,221400,9.65999984741211,9.59000015258789,5.515340805053711
17-08-2001,9.475000381469727,9.529999732971191,417200,9.545000076293945,9.524999618530273,5.477956295013428
20-08-2001,9.449999809265137,9.550000190734863,584200,9.550000190734863,9.475000381469727,5.449203014373779
21-08-2001,9.40999984741211,9.5,210400,9.645000457763672,9.510000228881836,5.46933126449585
22-08-2001,9.449999809265137,9.454999923706055,96400,10.045000076293945,9.920000076293945,5.7051262855529785
23-08-2001,9.850000381469727,10.024999618530273,122000,10.354999542236328,9.850000381469727,5.6648688316345215
24-08-2001,9.824999809265137,9.824999809265137,79000,10.175000190734863,10.005000114440918,5.754013538360596
27-08-2001,9.850000381469727,10.119999885559082,82800,10.130000114440918,9.850000381469727,5.6648688316345215
28-08-2001,9.75,10.125,67000,10.125,9.8149995803833,5.644740104675293
29-08-2001,9.8149995803833,9.975000381469727,42000,9.975000381469727,9.949999809265137,5.722381114959717
30-08-2001,9.875,9.975000381469727,47800,9.984999656677246,9.875,5.679248809814453
31-08-2001,9.875,9.90999984741211,23400,9.975000381469727,9.925000190734863,5.708001613616943
04-09-2001,9.90999984741211,9.970000267028809,283800,10.199999809265137,10.024999618530273,5.765514850616455
05-09-2001,10.024999618530273,10.085000038146973,177200,10.225000381469727,10.085000038146973,5.800020694732666
06-09-2001,10.0,10.0,358600,10.399999618530273,10.100000381469727,5.808646202087402
07-09-2001,9.850000381469727,10.0600004196167,282600,10.25,9.850000381469727,5.6648688316345215
10-09-2001,9.630000114440918,9.854999542236328,308600,10.03499984741211,10.0,5.751135349273682
17-09-2001,8.920000076293945,8.920000076293945,549200,9.75,9.5,5.463577747344971
18-09-2001,8.96500015258789,9.579999923706055,1371000,9.579999923706055,9.0,5.176023483276367
19-09-2001,8.350000381469727,9.0,688000,9.199999809265137,8.395000457763672,4.828078746795654
20-09-2001,7.150000095367432,7.375,941000,7.650000095367432,7.199999809265137,4.1408162117004395
21-09-2001,6.349999904632568,6.940000057220459,1003000,7.25,7.25,4.169573783874512
24-09-2001,7.519999980926514,7.525000095367432,292400,8.199999809265137,7.900000095367432,4.543398380279541
25-09-2001,7.349999904632568,7.96999979019165,253800,8.020000457763672,7.699999809265137,4.428375244140625
26-09-2001,7.599999904632568,7.695000171661377,159400,8.050000190734863,7.974999904632568,4.586529731750488
27-09-2001,7.949999809265137,8.074999809265137,238800,8.074999809265137,7.980000019073486,4.589406967163086
28-09-2001,7.980000019073486,8.050000190734863,1368400,8.100000381469727,8.055000305175781,4.632540702819824
01-10-2001,7.940000057220459,8.050000190734863,1061600,8.050000190734863,7.974999904632568,4.586529731750488
02-10-2001,7.699999809265137,8.149999618530273,1451000,8.149999618530273,7.75,4.457131862640381
03-10-2001,7.579999923706055,7.75,295400,7.875,7.775000095367432,4.471508979797363
04-10-2001,7.625,7.849999904632568,448400,8.149999618530273,7.989999771118164,4.595157146453857
05-10-2001,7.925000190734863,7.974999904632568,167200,8.149999618530273,8.03499984741211,4.621037483215332
08-10-2001,7.960000038146973,8.095000267028809,355000,8.125,8.0,4.600907802581787
09-10-2001,7.925000190734863,8.074999809265137,550000,8.074999809265137,7.949999809265137,4.572153091430664
10-10-2001,7.925000190734863,8.0,529800,8.149999618530273,8.0,4.600907802581787
11-10-2001,8.125,8.125,139600,8.895000457763672,8.609999656677246,4.951727390289307
12-10-2001,8.475000381469727,8.699999809265137,86600,8.875,8.699999809265137,5.003487586975098
15-10-2001,8.600000381469727,8.600000381469727,29200,8.800000190734863,8.710000038146973,5.00924015045166
16-10-2001,8.59000015258789,8.744999885559082,55000,8.744999885559082,8.600000381469727,4.945977687835693
17-10-2001,8.375,8.524999618530273,157000,8.625,8.425000190734863,4.84533166885376
18-10-2001,8.399999618530273,8.460000038146973,36400,8.5,8.399999618530273,4.8309526443481445
19-10-2001,8.274999618530273,8.5,33600,8.524999618530273,8.274999618530273,4.7590651512146
22-10-2001,8.34000015258789,8.489999771118164,49600,8.524999618530273,8.5,4.888465404510498
23-10-2001,8.425000190734863,8.5,44400,8.524999618530273,8.515000343322754,4.897091388702393
24-10-2001,8.25,8.520000457763672,72600,8.524999618530273,8.524999618530273,4.9028425216674805
25-10-2001,8.350000381469727,8.524999618530273,71200,8.524999618530273,8.454999923706055,4.862584114074707
26-10-2001,8.404999732971191,8.520000457763672,288800,8.574999809265137,8.569999694824219,4.9287238121032715
29-10-2001,8.475000381469727,8.524999618530273,43400,8.524999618530273,8.5,4.888465404510498
30-10-2001,8.100000381469727,8.520000457763672,130200,8.520000457763672,8.289999961853027,4.767691135406494
31-10-2001,8.204999923706055,8.375,80200,8.475000381469727,8.404999732971191,4.833829879760742
01-11-2001,8.125,8.350000381469727,412200,8.520000457763672,8.444999694824219,4.856834411621094
02-11-2001,8.404999732971191,8.484999656677246,64400,8.5,8.449999809265137,4.8597092628479
05-11-2001,8.350000381469727,8.510000228881836,100000,8.524999618530273,8.395000457763672,4.828078746795654
06-11-2001,8.25,8.430000305175781,53000,8.505000114440918,8.425000190734863,4.84533166885376
07-11-2001,8.4350004196167,8.494999885559082,37800,8.520000457763672,8.475000381469727,4.874088287353516
08-11-2001,8.40999984741211,8.5,125000,8.600000381469727,8.40999984741211,4.836703777313232
09-11-2001,8.399999618530273,8.489999771118164,35000,8.489999771118164,8.475000381469727,4.874088287353516
12-11-2001,8.385000228881836,8.454999923706055,107000,8.479999542236328,8.425000190734863,4.84533166885376
13-11-2001,8.399999618530273,8.550000190734863,310200,8.550000190734863,8.524999618530273,4.9028425216674805
14-11-2001,8.260000228881836,8.524999618530273,270600,8.524999618530273,8.28499984741211,4.764816761016846
15-11-2001,8.225000381469727,8.5,152600,8.524999618530273,8.444999694824219,4.856834411621094
16-11-2001,8.255000114440918,8.484999656677246,232600,8.550000190734863,8.524999618530273,4.9028425216674805
19-11-2001,8.449999809265137,8.524999618530273,125800,8.550000190734863,8.520000457763672,4.899967193603516
20-11-2001,8.25,8.5,46200,8.520000457763672,8.5,4.888465404510498
21-11-2001,8.375,8.399999618530273,122200,8.520000457763672,8.444999694824219,4.856834411621094
23-11-2001,8.354999542236328,8.354999542236328,29800,8.5,8.46500015258789,4.8683390617370605
26-11-2001,8.225000381469727,8.5,341800,8.600000381469727,8.600000381469727,4.945977687835693
27-11-2001,8.5,8.524999618530273,131200,8.649999618530273,8.550000190734863,4.9172210693359375
28-11-2001,8.515000343322754,8.529999732971191,147400,8.625,8.529999732971191,4.9057183265686035
29-11-2001,8.505000114440918,8.529999732971191,64600,8.625,8.609999656677246,4.951727390289307
30-11-2001,8.569999694824219,8.569999694824219,535200,8.75,8.725000381469727,5.017866134643555
03-12-2001,8.699999809265137,8.75,381600,9.029999732971191,8.970000267028809,5.158769607543945
04-12-2001,8.850000381469727,9.0,91400,9.0,8.9399995803833,5.141515731811523
05-12-2001,8.899999618530273,9.0,212800,9.125,9.0,5.176023483276367
06-12-2001,8.875,9.0,84400,9.050000190734863,8.994999885559082,5.173148155212402
07-12-2001,8.875,9.0,125600,9.045000076293945,9.015000343322754,5.18464994430542
10-12-2001,9.024999618530273,9.024999618530273,576800,9.494999885559082,9.46500015258789,5.443450927734375
11-12-2001,9.399999618530273,9.494999885559082,1029600,9.5600004196167,9.550000190734863,5.492332458496094
12-12-2001,9.425000190734863,9.545000076293945,866800,9.744999885559082,9.699999809265137,5.578601837158203
13-12-2001,9.604999542236328,9.694999694824219,539000,9.704999923706055,9.630000114440918,5.538342475891113
14-12-2001,9.635000228881836,9.680000305175781,195000,9.8149995803833,9.75,5.607357501983643
17-12-2001,9.704999923706055,9.795000076293945,605000,10.024999618530273,10.005000114440918,5.754013538360596
18-12-2001,10.050000190734863,10.055000305175781,588800,10.675000190734863,10.520000457763672,6.050196647644043
19-12-2001,10.0,10.5,121200,10.524999618530273,10.010000228881836,5.7568888664245605
20-12-2001,10.079999923706055,10.175000190734863,144600,10.350000381469727,10.279999732971191,5.912165641784668
21-12-2001,10.199999809265137,10.199999809265137,278000,10.550000190734863,10.505000114440918,6.041569709777832
24-12-2001,10.449999809265137,10.600000381469727,94800,10.604999542236328,10.545000076293945,6.064571380615234
26-12-2001,10.414999961853027,10.625,203800,10.630000114440918,10.545000076293945,6.064571380615234
27-12-2001,10.5,10.5,541000,10.680000305175781,10.574999809265137,6.081825256347656
28-12-2001,10.5,10.579999923706055,160800,10.75,10.65999984741211,6.130711078643799
31-12-2001,10.579999923706055,10.71500015258789,129800,10.75,10.65999984741211,6.130711078643799
02-01-2002,10.505000114440918,10.505000114440918,182400,10.649999618530273,10.625,6.1105828285217285
03-01-2002,10.550000190734863,10.625,351200,10.6850004196167,10.645000457763672,6.1220831871032715
04-01-2002,10.609999656677246,10.609999656677246,292200,10.6899995803833,10.680000305175781,6.142212390899658
07-01-2002,10.380000114440918,10.675000190734863,278800,10.680000305175781,10.46500015258789,6.018563270568848
08-01-2002,9.975000381469727,10.454999923706055,966000,10.475000381469727,10.125,5.823025226593018
09-01-2002,10.024999618530273,10.125,512600,10.25,10.114999771118164,5.8172736167907715
10-01-2002,10.109999656677246,10.149999618530273,162400,10.385000228881836,10.3149995803833,5.9322967529296875
11-01-2002,10.149999618530273,10.350000381469727,121800,10.350000381469727,10.149999618530273,5.837402820587158
14-01-2002,9.90999984741211,10.074999809265137,213400,10.079999923706055,9.994999885559082,5.748260974884033
15-01-2002,9.899999618530273,10.050000190734863,428800,10.404999732971191,10.354999542236328,5.9553022384643555
16-01-2002,9.675000190734863,10.095000267028809,361400,10.170000076293945,9.9399995803833,5.716627597808838
17-01-2002,9.854999542236328,9.949999809265137,62200,9.949999809265137,9.90999984741211,5.699374675750732
18-01-2002,9.725000381469727,9.949999809265137,239400,9.949999809265137,9.774999618530273,5.621735095977783
22-01-2002,9.699999809265137,9.770000457763672,116400,9.779999732971191,9.699999809265137,5.578601837158203
23-01-2002,9.550000190734863,9.699999809265137,127000,9.725000381469727,9.725000381469727,5.5929789543151855
24-01-2002,9.5,9.725000381469727,285800,9.75,9.6899995803833,5.572848796844482
25-01-2002,9.5,9.6899995803833,251400,9.6899995803833,9.645000457763672,5.546971321105957
28-01-2002,9.475000381469727,9.649999618530273,184000,9.725000381469727,9.640000343322754,5.544095993041992
29-01-2002,9.5,9.505000114440918,306800,9.635000228881836,9.5,5.463577747344971
30-01-2002,9.475000381469727,9.5,131400,9.550000190734863,9.524999618530273,5.477956295013428
31-01-2002,9.479999542236328,9.545000076293945,461800,9.65999984741211,9.5649995803833,5.5009613037109375
01-02-2002,9.454999923706055,9.654999732971191,219000,9.654999732971191,9.470000267028809,5.446324825286865
04-02-2002,9.425000190734863,9.470000267028809,283200,9.744999885559082,9.475000381469727,5.449203014373779
05-02-2002,9.300000190734863,9.494999885559082,617000,9.619999885559082,9.380000114440918,5.394567966461182
06-02-2002,9.375,9.510000228881836,122000,9.989999771118164,9.425000190734863,5.420444488525391
07-02-2002,9.375,9.680000305175781,519000,9.850000381469727,9.430000305175781,5.423320293426514
08-02-2002,9.369999885559082,9.399999618530273,136800,9.550000190734863,9.5,5.463577747344971
11-02-2002,9.449999809265137,9.5,278400,9.550000190734863,9.5,5.463577747344971
12-02-2002,9.380000114440918,9.550000190734863,440000,9.800000190734863,9.739999771118164,5.601606369018555
13-02-2002,9.625,9.800000190734863,445200,10.050000190734863,9.774999618530273,5.621735095977783
14-02-2002,9.770000457763672,9.949999809265137,590400,10.170000076293945,9.994999885559082,5.748260974884033
15-02-2002,9.904999732971191,10.0,209800,10.0,9.96500015258789,5.731007099151611
19-02-2002,9.835000038146973,9.899999618530273,173000,9.994999885559082,9.96500015258789,5.731007099151611
20-02-2002,9.869999885559082,9.970000267028809,223600,9.989999771118164,9.949999809265137,5.722381114959717
21-02-2002,9.850000381469727,9.850000381469727,125200,9.984999656677246,9.854999542236328,5.6677446365356445
22-02-2002,9.75,9.895000457763672,138000,9.9350004196167,9.904999732971191,5.696499347686768
25-02-2002,9.885000228881836,9.920000076293945,581400,10.050000190734863,10.0,5.751135349273682
26-02-2002,9.944999694824219,10.0,617800,10.095000267028809,10.03499984741211,5.771265506744385
27-02-2002,10.039999961853027,10.350000381469727,476800,10.354999542236328,10.074999809265137,5.79426908493042
28-02-2002,10.039999961853027,10.069999694824219,304400,10.149999618530273,10.074999809265137,5.79426908493042
01-03-2002,9.904999732971191,10.140000343322754,798800,10.1850004196167,10.079999923706055,5.797143936157227
04-03-2002,9.949999809265137,10.074999809265137,1309200,10.654999732971191,10.550000190734863,6.067449569702148
05-03-2002,10.350000381469727,10.555000305175781,1001000,10.824999809265137,10.725000381469727,6.168094158172607
06-03-2002,10.574999809265137,10.75,407200,10.779999732971191,10.734999656677246,6.1738457679748535
07-03-2002,10.524999618530273,10.744999885559082,724400,11.149999618530273,10.875,6.254360198974609
08-03-2002,10.75,10.899999618530273,343400,11.039999961853027,11.024999618530273,6.3406267166137695
11-03-2002,10.954999923706055,11.0,333600,11.09000015258789,11.0600004196167,6.360755920410156
12-03-2002,10.930000305175781,11.024999618530273,414000,11.100000381469727,11.024999618530273,6.3406267166137695
13-03-2002,10.005000114440918,11.074999809265137,758000,11.100000381469727,10.399999618530273,5.981179237365723
14-03-2002,10.4399995803833,10.449999809265137,282200,10.720000267028809,10.720000267028809,6.165217399597168
15-03-2002,10.475000381469727,10.71500015258789,611200,10.75,10.595000267028809,6.093330383300781
18-03-2002,10.5,10.645000457763672,249400,10.824999809265137,10.800000190734863,6.211227893829346
19-03-2002,10.720000267028809,10.875,398200,11.010000228881836,10.864999771118164,6.248608112335205
20-03-2002,10.850000381469727,10.949999809265137,483400,11.050000190734863,11.020000457763672,6.337752342224121
21-03-2002,10.930000305175781,10.944999694824219,233600,11.0649995803833,11.0600004196167,6.360755920410156
22-03-2002,10.904999732971191,10.90999984741211,201600,11.229999542236328,11.220000267028809,6.452773571014404
25-03-2002,11.050000190734863,11.095000267028809,358000,11.225000381469727,11.199999809265137,6.441272735595703
26-03-2002,11.055000305175781,11.0600004196167,384200,11.265000343322754,11.265000343322754,6.478655815124512
27-03-2002,11.045000076293945,11.1850004196167,380200,11.300000190734863,11.300000190734863,6.498785018920898
28-03-2002,11.164999961853027,11.255000114440918,671200,11.475000381469727,11.460000038146973,6.5908002853393555
01-04-2002,11.175000190734863,11.300000190734863,206800,11.524999618530273,11.5,6.613804817199707
02-04-2002,11.385000228881836,11.385000228881836,273600,11.585000038146973,11.574999809265137,6.656939506530762
03-04-2002,11.449999809265137,11.494999885559082,189000,11.5649995803833,11.524999618530273,6.628184795379639
04-04-2002,11.475000381469727,11.5,231600,11.545000076293945,11.545000076293945,6.639686107635498
05-04-2002,10.899999618530273,11.515000343322754,392000,11.625,11.609999656677246,6.677067279815674
08-04-2002,11.375,11.649999618530273,253800,11.649999618530273,11.529999732971191,6.631060600280762
09-04-2002,11.399999618530273,11.5,293800,11.600000381469727,11.494999885559082,6.61093282699585
10-04-2002,11.300000190734863,11.475000381469727,135600,11.524999618530273,11.524999618530273,6.628184795379639
11-04-2002,11.380000114440918,11.449999809265137,187000,11.579999923706055,11.574999809265137,6.656939506530762
12-04-2002,11.475000381469727,11.585000038146973,155400,11.585000038146973,11.574999809265137,6.656939506530762
15-04-2002,11.399999618530273,11.555000305175781,210000,11.569999694824219,11.510000228881836,6.619555473327637
16-04-2002,11.40999984741211,11.4350004196167,481800,11.579999923706055,11.579999923706055,6.659814834594727
17-04-2002,11.475000381469727,11.494999885559082,465000,11.574999809265137,11.539999961853027,6.636810302734375
18-04-2002,11.369999885559082,11.5,96400,11.569999694824219,11.489999771118164,6.6080546379089355
19-04-2002,11.300000190734863,11.369999885559082,83600,11.5,11.470000267028809,6.596551418304443
22-04-2002,11.074999809265137,11.449999809265137,151400,11.5,11.335000038146973,6.518911361694336
23-04-2002,11.25,11.295000076293945,48200,11.300000190734863,11.274999618530273,6.484405040740967
24-04-2002,11.194999694824219,11.505000114440918,100600,11.505000114440918,11.225000381469727,6.4556498527526855
25-04-2002,11.074999809265137,11.244999885559082,169000,11.375,11.175000190734863,6.4268927574157715
26-04-2002,11.100000381469727,11.125,333800,11.265000343322754,11.25,6.470024585723877
29-04-2002,11.149999618530273,11.25,159400,11.265000343322754,11.244999885559082,6.467151641845703
30-04-2002,11.199999809265137,11.244999885559082,231600,11.300000190734863,11.255000114440918,6.472905158996582
01-05-2002,11.295000076293945,11.395000457763672,478600,11.539999961853027,11.399999618530273,6.556295394897461
02-05-2002,11.350000381469727,11.404999732971191,429200,11.5,11.449999809265137,6.585051536560059
03-05-2002,11.399999618530273,11.425000190734863,199000,11.5,11.5,6.613804817199707
06-05-2002,11.369999885559082,11.375,219600,11.550000190734863,11.489999771118164,6.6080546379089355
07-05-2002,11.4350004196167,11.470000267028809,132400,11.5,11.4350004196167,6.576422214508057
08-05-2002,11.380000114440918,11.4399995803833,179800,11.524999618530273,11.470000267028809,6.596551418304443
09-05-2002,11.289999961853027,11.449999809265137,149400,11.5,11.470000267028809,6.596551418304443
10-05-2002,11.375,11.449999809265137,86400,11.475000381469727,11.475000381469727,6.599427700042725
13-05-2002,11.375,11.475000381469727,164200,11.505000114440918,11.475000381469727,6.599427700042725
14-05-2002,11.425000190734863,11.5,186600,11.524999618530273,11.494999885559082,6.61093282699585
15-05-2002,11.399999618530273,11.494999885559082,716600,11.885000228881836,11.640000343322754,6.694321155548096
16-05-2002,11.734999656677246,11.744999885559082,481400,11.949999809265137,11.824999809265137,6.800717353820801
17-05-2002,11.789999961853027,11.805000305175781,447600,12.095000267028809,12.095000267028809,6.955997467041016
20-05-2002,11.850000381469727,11.970000267028809,376200,12.0649995803833,11.960000038146973,6.878361225128174
21-05-2002,11.949999809265137,11.949999809265137,141400,12.010000228881836,11.994999885559082,6.898486137390137
22-05-2002,11.850000381469727,12.045000076293945,313800,12.050000190734863,12.0,6.901361465454102
23-05-2002,11.975000381469727,12.005000114440918,418800,12.074999809265137,12.0649995803833,6.938746452331543
24-05-2002,12.0,12.074999809265137,167200,12.100000381469727,12.010000228881836,6.907116889953613
28-05-2002,11.600000381469727,12.0,322200,12.100000381469727,12.095000267028809,6.955997467041016
29-05-2002,11.954999923706055,12.039999961853027,65000,12.125,12.045000076293945,6.927243232727051
30-05-2002,11.5,12.0,368800,12.0600004196167,12.0,6.901361465454102
31-05-2002,11.8100004196167,12.0,155000,12.050000190734863,11.984999656677246,6.892735481262207
03-06-2002,11.704999923706055,11.984999656677246,289600,12.024999618530273,11.774999618530273,6.771962642669678
04-06-2002,11.675000190734863,11.699999809265137,237400,11.96500015258789,11.850000381469727,6.815094470977783
05-06-2002,11.755000114440918,11.880000114440918,72400,11.994999885559082,11.984999656677246,6.892735481262207
06-06-2002,11.864999771118164,11.989999771118164,99800,12.0,11.890000343322754,6.838099956512451
07-06-2002,11.729999542236328,11.84000015258789,186000,12.0,11.970000267028809,6.884109973907471
10-06-2002,11.875,11.975000381469727,171000,12.050000190734863,11.96500015258789,6.8812336921691895
11-06-2002,11.550000190734863,11.970000267028809,58200,11.975000381469727,11.595000267028809,6.66844367980957
12-06-2002,10.675000190734863,11.649999618530273,264000,11.649999618530273,10.899999618530273,6.268737316131592
13-06-2002,10.75,10.880000114440918,188800,11.279999732971191,11.069999694824219,6.366506099700928
14-06-2002,10.800000190734863,10.925000190734863,238200,11.850000381469727,11.774999618530273,6.771962642669678
17-06-2002,11.649999618530273,11.739999771118164,246400,12.0,12.0,6.901361465454102
18-06-2002,11.75,11.824999809265137,101600,12.0,11.880000114440918,6.83234977722168
19-06-2002,11.369999885559082,11.845000267028809,178400,11.960000038146973,11.454999923706055,6.587928771972656
20-06-2002,10.994999885559082,11.449999809265137,218000,11.75,11.510000228881836,6.619555473327637
21-06-2002,11.25,11.399999618530273,168800,11.824999809265137,11.539999961853027,6.636810302734375
24-06-2002,11.460000038146973,11.494999885559082,166400,11.645000457763672,11.579999923706055,6.659814834594727
25-06-2002,11.055000305175781,11.574999809265137,294400,11.645000457763672,11.104999542236328,6.386634349822998
26-06-2002,10.859999656677246,10.949999809265137,286000,11.100000381469727,11.029999732971191,6.343502998352051
27-06-2002,10.925000190734863,10.994999885559082,211000,11.039999961853027,11.010000228881836,6.331999778747559
28-06-2002,10.899999618530273,11.0,183800,11.0600004196167,11.024999618530273,6.3406267166137695
01-07-2002,10.850000381469727,11.0,156000,11.0649995803833,10.949999809265137,6.297493934631348
02-07-2002,10.489999771118164,11.0,221000,11.0,10.5,6.038693428039551
03-07-2002,10.050000190734863,10.449999809265137,190400,10.5,10.125,5.823025226593018
05-07-2002,9.824999809265137,10.050000190734863,527000,10.225000381469727,9.949999809265137,5.722381114959717
08-07-2002,9.875,10.0,137600,10.0,9.899999618530273,5.6936235427856445
09-07-2002,9.399999618530273,9.899999618530273,356800,9.904999732971191,9.5600004196167,5.4980854988098145
10-07-2002,9.40999984741211,9.475000381469727,131000,9.630000114440918,9.494999885559082,5.460703372955322
11-07-2002,9.234999656677246,9.399999618530273,155000,9.944999694824219,9.399999618530273,5.406065940856934
12-07-2002,9.274999618530273,9.279999732971191,126000,9.59000015258789,9.505000114440918,5.466453552246094
15-07-2002,9.350000381469727,9.5,211200,9.875,9.670000076293945,5.561347484588623
16-07-2002,9.505000114440918,9.510000228881836,95000,9.875,9.680000305175781,5.56710147857666
17-07-2002,9.5,9.75,144200,9.805000305175781,9.5,5.463577747344971
18-07-2002,9.5,9.600000381469727,88800,9.805000305175781,9.600000381469727,5.521090030670166
19-07-2002,9.5,9.505000114440918,165600,9.670000076293945,9.524999618530273,5.477956295013428
22-07-2002,9.5,9.524999618530273,125200,9.649999618530273,9.524999618530273,5.477956295013428
23-07-2002,9.505000114440918,9.505000114440918,211600,9.645000457763672,9.574999809265137,5.506712436676025
24-07-2002,9.024999618530273,9.5,478600,9.550000190734863,9.255000114440918,5.3226752281188965
25-07-2002,9.050000190734863,9.175000190734863,356800,9.324999809265137,9.050000190734863,5.204779624938965
26-07-2002,9.024999618530273,9.055000305175781,118400,9.25,9.069999694824219,5.216281414031982
29-07-2002,9.125,9.199999809265137,359000,9.595000267028809,9.425000190734863,5.420444488525391
30-07-2002,9.300000190734863,9.449999809265137,319000,9.595000267028809,9.479999542236328,5.452075481414795
31-07-2002,9.5,9.5,682000,10.795000076293945,10.170000076293945,5.848904609680176
01-08-2002,10.0,10.244999885559082,165600,10.244999885559082,10.005000114440918,5.754013538360596
02-08-2002,9.920000076293945,10.125,255400,10.125,10.020000457763672,5.762639045715332
05-08-2002,9.819999694824219,10.0649995803833,239200,10.0649995803833,9.944999694824219,5.719505310058594
06-08-2002,9.899999618530273,9.949999809265137,212600,10.0600004196167,10.0,5.751135349273682
07-08-2002,10.0,10.104999542236328,130800,10.109999656677246,10.020000457763672,5.762639045715332
08-08-2002,9.925000190734863,9.994999885559082,242600,10.109999656677246,10.020000457763672,5.762639045715332
09-08-2002,9.949999809265137,10.0,138000,10.050000190734863,9.989999771118164,5.745384216308594
12-08-2002,9.84000015258789,9.984999656677246,104600,10.03499984741211,10.024999618530273,5.765514850616455
13-08-2002,9.704999923706055,9.944999694824219,109200,10.010000228881836,9.71500015258789,5.587227821350098
14-08-2002,9.484999656677246,9.550000190734863,335800,9.744999885559082,9.619999885559082,5.532593727111816
15-08-2002,9.609999656677246,9.645000457763672,294600,9.720000267028809,9.694999694824219,5.575725555419922
16-08-2002,9.710000038146973,9.710000038146973,340800,9.8100004196167,9.789999961853027,5.630360126495361
19-08-2002,9.78499984741211,9.78499984741211,466200,10.625,10.625,6.1105828285217285
20-08-2002,10.345000267028809,10.399999618530273,228800,10.550000190734863,10.484999656677246,6.030066013336182
21-08-2002,10.335000038146973,10.345000267028809,295800,10.699999809265137,10.6899995803833,6.147963523864746
22-08-2002,10.420000076293945,10.484999656677246,216400,10.550000190734863,10.479999542236328,6.027191162109375
23-08-2002,10.300000190734863,10.380000114440918,88400,10.425000190734863,10.300000190734863,5.923670291900635
26-08-2002,10.140000343322754,10.244999885559082,70600,10.350000381469727,10.270000457763672,5.906417369842529
27-08-2002,10.140000343322754,10.140000343322754,188400,10.505000114440918,10.46500015258789,6.018563270568848
28-08-2002,10.050000190734863,10.395000457763672,101200,10.399999618530273,10.095000267028809,5.80577278137207
29-08-2002,10.074999809265137,10.095000267028809,69000,10.305000305175781,10.095000267028809,5.80577278137207
30-08-2002,9.970000267028809,10.095000267028809,104600,10.210000038146973,10.09000015258789,5.802896022796631
03-09-2002,9.289999961853027,10.0,218400,10.074999809265137,9.289999961853027,5.342804908752441
04-09-2002,9.104999542236328,9.289999961853027,365000,9.899999618530273,9.875,5.679248809814453
05-09-2002,9.604999542236328,9.845000267028809,382000,10.024999618530273,9.84000015258789,5.659117698669434
06-09-2002,9.78499984741211,9.819999694824219,201400,10.274999618530273,10.225000381469727,5.880535125732422
09-09-2002,10.024999618530273,10.149999618530273,263400,10.274999618530273,10.149999618530273,5.837402820587158
10-09-2002,10.0,10.15999984741211,201800,10.494999885559082,10.420000076293945,5.992683410644531
11-09-2002,10.199999809265137,10.399999618530273,156400,10.40999984741211,10.274999618530273,5.909291744232178
12-09-2002,10.114999771118164,10.289999961853027,85000,10.329999923706055,10.324999809265137,5.938046455383301
13-09-2002,10.255000114440918,10.289999961853027,132000,10.369999885559082,10.369999885559082,5.963927745819092
16-09-2002,10.125,10.265000343322754,437200,10.345000267028809,10.1899995803833,5.86040735244751
17-09-2002,10.074999809265137,10.130000114440918,262200,10.295000076293945,10.100000381469727,5.808646202087402
18-09-2002,9.369999885559082,10.0649995803833,555800,10.140000343322754,9.635000228881836,5.541219711303711
19-09-2002,9.229999542236328,9.675000190734863,214000,9.699999809265137,9.244999885559082,5.316925048828125
20-09-2002,9.239999771118164,9.239999771118164,237600,9.5,9.40999984741211,5.411818027496338
23-09-2002,9.149999618530273,9.404999732971191,214600,9.5,9.229999542236328,5.308297634124756
24-09-2002,9.125,9.199999809265137,89800,9.300000190734863,9.1850004196167,5.282421588897705
25-09-2002,9.100000381469727,9.1850004196167,144400,9.345000267028809,9.274999618530273,5.3341779708862305
26-09-2002,9.210000038146973,9.300000190734863,173400,9.574999809265137,9.395000457763672,5.403191566467285
27-09-2002,9.265000343322754,9.470000267028809,188000,9.585000038146973,9.369999885559082,5.388812065124512
30-09-2002,9.199999809265137,9.399999618530273,317600,9.425000190734863,9.274999618530273,5.3341779708862305
01-10-2002,9.149999618530273,9.260000228881836,171600,9.5,9.494999885559082,5.460703372955322
02-10-2002,9.204999923706055,9.494999885559082,73600,9.5,9.319999694824219,5.360057830810547
03-10-2002,9.274999618530273,9.375,223200,9.380000114440918,9.335000038146973,5.368686199188232
04-10-2002,9.260000228881836,9.335000038146973,234400,9.399999618530273,9.395000457763672,5.403191566467285
07-10-2002,9.149999618530273,9.350000381469727,209800,9.444999694824219,9.149999618530273,5.262290000915527
08-10-2002,9.074999809265137,9.1850004196167,241600,9.260000228881836,9.079999923706055,5.222031593322754
09-10-2002,9.0,9.130000114440918,249400,9.130000114440918,9.0,5.176023483276367
10-10-2002,8.850000381469727,9.005000114440918,405000,9.345000267028809,9.175000190734863,5.276666164398193
11-10-2002,9.069999694824219,9.100000381469727,360200,9.375,9.274999618530273,5.3341779708862305
14-10-2002,9.154999732971191,9.154999732971191,77600,9.289999961853027,9.244999885559082,5.316925048828125
15-10-2002,9.074999809265137,9.300000190734863,334400,9.545000076293945,9.40999984741211,5.411818027496338
16-10-2002,9.255000114440918,9.414999961853027,197200,9.524999618530273,9.295000076293945,5.345680236816406
17-10-2002,9.324999809265137,9.329999923706055,135800,9.5,9.494999885559082,5.460703372955322
18-10-2002,9.265000343322754,9.5,245200,9.5,9.345000267028809,5.374435901641846
21-10-2002,9.199999809265137,9.420000076293945,379400,9.425000190734863,9.345000267028809,5.374435901641846
22-10-2002,9.125,9.300000190734863,100200,9.300000190734863,9.149999618530273,5.262290000915527
23-10-2002,9.109999656677246,9.149999618530273,436800,9.25,9.175000190734863,5.276666164398193
24-10-2002,9.020000457763672,9.175000190734863,493800,9.295000076293945,9.119999885559082,5.245036602020264
25-10-2002,9.09000015258789,9.220000267028809,163000,9.345000267028809,9.28499984741211,5.339929103851318
28-10-2002,9.380000114440918,9.380000114440918,996400,10.069999694824219,10.010000228881836,5.7568888664245605
29-10-2002,9.5,10.024999618530273,436600,10.0649995803833,9.760000228881836,5.613107204437256
30-10-2002,9.904999732971191,10.154999732971191,633800,10.399999618530273,10.395000457763672,5.978304386138916
31-10-2002,10.329999923706055,10.399999618530273,200600,10.524999618530273,10.460000038146973,6.015688419342041
01-11-2002,10.279999732971191,10.484999656677246,346800,10.5,10.5,6.038693428039551
04-11-2002,10.390000343322754,10.5,607200,11.119999885559082,10.960000038146973,6.303244590759277
05-11-2002,10.770000457763672,10.869999885559082,653400,11.050000190734863,11.050000190734863,6.3550028800964355
06-11-2002,10.904999732971191,11.0,409800,11.055000305175781,11.0,6.32625150680542
07-11-2002,10.899999618530273,10.904999732971191,266000,11.104999542236328,11.039999961853027,6.349253177642822
08-11-2002,10.789999961853027,11.109999656677246,316200,11.175000190734863,11.154999732971191,6.415391445159912
11-11-2002,11.0,11.015000343322754,826000,11.25,11.199999809265137,6.441272735595703
12-11-2002,11.109999656677246,11.25,518400,11.380000114440918,11.295000076293945,6.495907783508301
13-11-2002,11.079999923706055,11.300000190734863,398800,11.329999923706055,11.300000190734863,6.498785018920898
14-11-2002,11.260000228881836,11.300000190734863,508000,11.5,11.5,6.613804817199707
15-11-2002,11.345000267028809,11.364999771118164,402200,11.649999618530273,11.649999618530273,6.700073719024658
18-11-2002,11.5,11.59000015258789,469200,11.680000305175781,11.5649995803833,6.651188373565674
19-11-2002,11.46500015258789,11.555000305175781,339800,11.585000038146973,11.550000190734863,6.642562389373779
20-11-2002,11.420000076293945,11.460000038146973,466600,11.734999656677246,11.734999656677246,6.748958110809326
21-11-2002,11.645000457763672,11.729999542236328,788600,11.949999809265137,11.944999694824219,6.869732856750488
22-11-2002,11.744999885559082,11.774999618530273,950400,12.050000190734863,12.0,6.901361465454102
25-11-2002,11.875,12.0,650400,12.050000190734863,12.045000076293945,6.927243232727051
26-11-2002,11.854999542236328,12.039999961853027,301000,12.039999961853027,11.9350004196167,6.863979339599609
27-11-2002,11.399999618530273,11.5,533400,12.024999618530273,12.020000457763672,6.912867069244385
29-11-2002,11.899999618530273,11.989999771118164,160600,12.024999618530273,11.899999618530273,6.843850135803223
02-12-2002,11.899999618530273,11.975000381469727,2990600,12.899999618530273,12.75,7.332697868347168
03-12-2002,12.164999961853027,12.75,1976800,12.850000381469727,12.324999809265137,7.088274955749512
04-12-2002,11.920000076293945,12.319999694824219,1325400,12.475000381469727,12.359999656677246,7.108404159545898
05-12-2002,12.0,12.074999809265137,743600,12.425000190734863,12.079999923706055,6.947371482849121
06-12-2002,12.0,12.085000038146973,375000,12.425000190734863,12.274999618530273,7.0595197677612305
09-12-2002,11.949999809265137,12.274999618530273,287600,12.274999618530273,12.005000114440918,6.904238224029541
10-12-2002,12.0,12.069999694824219,325400,12.375,12.345000267028809,7.099775791168213
11-12-2002,12.359999656677246,12.380000114440918,1178000,12.524999618530273,12.494999885559082,7.186042308807373
12-12-2002,12.375,12.425000190734863,364200,12.524999618530273,12.5,7.188918113708496
13-12-2002,11.994999885559082,12.524999618530273,366000,12.524999618530273,12.109999656677246,6.9646220207214355
16-12-2002,12.420000076293945,12.494999885559082,4636000,14.319999694824219,14.210000038146973,8.172365188598633
17-12-2002,13.75,13.90999984741211,2928200,14.085000038146973,13.994999885559082,8.048714637756348
18-12-2002,13.515000343322754,13.899999618530273,1143600,13.9399995803833,13.779999732971191,7.9250664710998535
19-12-2002,13.704999923706055,13.765000343322754,965000,14.100000381469727,14.074999809265137,8.094725608825684
20-12-2002,13.960000038146973,14.024999618530273,1499000,14.489999771118164,14.475000381469727,8.3247709274292
23-12-2002,14.449999809265137,14.454999923706055,1829400,15.164999961853027,15.164999961853027,8.721595764160156
24-12-2002,14.819999694824219,14.975000381469727,777000,15.149999618530273,14.925000190734863,8.58357048034668
26-12-2002,14.800000190734863,14.944999694824219,452800,14.989999771118164,14.904999732971191,8.572065353393555
27-12-2002,14.765000343322754,14.899999618530273,389200,14.954999923706055,14.890000343322754,8.563443183898926
30-12-2002,14.135000228881836,14.869999885559082,957600,14.895000457763672,14.454999923706055,8.31326675415039
31-12-2002,14.335000038146973,14.449999809265137,610600,14.774999618530273,14.649999618530273,8.425415992736816
02-01-2003,14.135000228881836,14.649999618530273,883800,15.045000076293945,14.989999771118164,8.620949745178223
03-01-2003,14.930000305175781,14.994999885559082,1266400,15.675000190734863,15.40999984741211,8.86250114440918
06-01-2003,15.375,15.449999809265137,1238400,16.03499984741211,15.864999771118164,9.124176025390625
07-01-2003,15.550000190734863,15.835000038146973,1336400,15.954999923706055,15.65999984741211,9.006278038024902
08-01-2003,15.15999984741211,15.579999923706055,1718400,15.645000457763672,15.229999542236328,8.758980751037598
09-01-2003,15.229999542236328,15.260000228881836,995600,15.59000015258789,15.5,8.914263725280762
10-01-2003,15.425000190734863,15.475000381469727,812400,15.75,15.739999771118164,9.052288055419922
13-01-2003,15.21500015258789,15.8100004196167,1659200,15.835000038146973,15.350000381469727,8.827995300292969
14-01-2003,15.225000381469727,15.25,1178000,15.550000190734863,15.475000381469727,8.899882316589355
15-01-2003,15.300000190734863,15.494999885559082,893800,15.524999618530273,15.425000190734863,8.871126174926758
16-01-2003,14.899999618530273,15.430000305175781,1222200,15.5,15.414999961853027,8.865373611450195
17-01-2003,14.975000381469727,15.229999542236328,368200,15.375,15.130000114440918,8.701469421386719
21-01-2003,13.680000305175781,15.074999809265137,1702000,15.199999809265137,14.1899995803833,8.160861015319824
22-01-2003,13.704999923706055,13.760000228881836,758200,14.4350004196167,14.239999771118164,8.189614295959473
23-01-2003,14.255000114440918,14.324999809265137,483600,14.649999618530273,14.470000267028809,8.321891784667969
24-01-2003,14.399999618530273,14.475000381469727,388600,14.5649995803833,14.444999694824219,8.307514190673828
27-01-2003,14.0,14.430000305175781,867200,14.5,14.039999961853027,8.074594497680664
28-01-2003,13.829999923706055,13.975000381469727,395000,14.380000114440918,14.335000038146973,8.244253158569336
29-01-2003,13.975000381469727,14.295000076293945,620000,14.739999771118164,14.630000114440918,8.413914680480957
30-01-2003,14.430000305175781,14.739999771118164,519200,14.920000076293945,14.53499984741211,8.359273910522461
31-01-2003,14.399999618530273,14.425000190734863,330800,14.770000457763672,14.6850004196167,8.445544242858887
03-02-2003,14.53499984741211,14.640000343322754,492200,14.75,14.694999694824219,8.4512939453125
04-02-2003,14.539999961853027,14.609999656677246,236200,14.774999618530273,14.710000038146973,8.459921836853027
05-02-2003,14.680000305175781,14.680000305175781,380000,14.989999771118164,14.734999656677246,8.474298477172852
06-02-2003,14.579999923706055,14.694999694824219,363000,14.960000038146973,14.734999656677246,8.474298477172852
07-02-2003,14.265000343322754,14.720000267028809,249000,14.765000343322754,14.329999923706055,8.241375923156738
10-02-2003,14.229999542236328,14.25,465000,14.585000038146973,14.375,8.267256736755371
11-02-2003,14.335000038146973,14.395000457763672,851200,14.5600004196167,14.399999618530273,8.281632423400879
12-02-2003,14.5,14.524999618530273,3203800,15.5,15.130000114440918,8.701469421386719
13-02-2003,14.859999656677246,15.170000076293945,1416800,15.175000190734863,14.880000114440918,8.557690620422363
14-02-2003,14.854999542236328,14.854999542236328,897000,15.479999542236328,15.4350004196167,8.876876831054688
18-02-2003,15.449999809265137,15.494999885559082,2112400,16.649999618530273,16.510000228881836,9.495125770568848
19-02-2003,16.149999618530273,16.655000686645508,1863000,17.059999465942383,16.520000457763672,9.500872611999512
20-02-2003,16.524999618530273,16.649999618530273,936800,17.0,16.96500015258789,9.756802558898926
21-02-2003,16.649999618530273,16.850000381469727,826600,17.03499984741211,16.94499969482422,9.745299339294434
24-02-2003,16.700000762939453,16.844999313354492,646800,17.049999237060547,16.905000686645508,9.722294807434082
25-02-2003,16.579999923706055,16.739999771118164,554600,16.8799991607666,16.799999237060547,9.661905288696289
26-02-2003,16.584999084472656,16.80500030517578,659200,17.0,16.69499969482422,9.601523399353027
27-02-2003,16.184999465942383,17.0,890400,17.0,16.514999389648438,9.498003959655762
28-02-2003,16.635000228881836,16.735000610351562,658800,16.860000610351562,16.674999237060547,9.59001636505127
03-03-2003,16.704999923706055,17.075000762939453,657000,17.09000015258789,16.799999237060547,9.661905288696289
04-03-2003,16.329999923706055,16.725000381469727,922400,16.850000381469727,16.450000762939453,9.460618019104004
05-03-2003,15.954999923706055,16.350000381469727,1487200,16.545000076293945,16.040000915527344,9.224822044372559
06-03-2003,15.829999923706055,15.875,441400,16.229999542236328,16.170000076293945,9.29958724975586
07-03-2003,15.920000076293945,16.049999237060547,739800,16.145000457763672,16.0,9.201815605163574
10-03-2003,15.600000381469727,15.970000267028809,819000,16.040000915527344,15.765000343322754,9.066664695739746
11-03-2003,15.6899995803833,15.75,1102000,16.024999618530273,15.979999542236328,9.190314292907715
12-03-2003,15.819999694824219,16.0,841400,16.18000030517578,16.18000030517578,9.305335998535156
13-03-2003,16.084999084472656,16.239999771118164,1163000,16.795000076293945,16.645000457763672,9.572763442993164
14-03-2003,16.655000686645508,16.739999771118164,981600,17.0049991607666,16.854999542236328,9.6935396194458
17-03-2003,16.44499969482422,16.649999618530273,1249800,16.969999313354492,16.799999237060547,9.661905288696289
18-03-2003,16.764999389648438,16.81999969482422,2678800,17.479999542236328,17.459999084472656,10.041484832763672
19-03-2003,16.989999771118164,17.395000457763672,1529000,17.44499969482422,17.139999389648438,9.857447624206543
20-03-2003,16.774999618530273,17.209999084472656,684200,17.4950008392334,17.334999084472656,9.969595909118652
21-03-2003,17.354999542236328,17.5,1907400,17.690000534057617,17.469999313354492,10.047234535217285
24-03-2003,17.125,17.149999618530273,1549200,17.489999771118164,17.225000381469727,9.906332015991211
25-03-2003,17.174999237060547,17.200000762939453,3015400,18.600000381469727,18.44499969482422,10.607970237731934
26-03-2003,17.55500030517578,17.59000015258789,2440000,18.25,18.03499984741211,10.372173309326172
27-03-2003,17.5,18.014999389648438,812200,18.040000915527344,17.799999237060547,10.237025260925293
28-03-2003,17.549999237060547,17.799999237060547,602800,18.0,17.75,10.208263397216797
31-03-2003,17.049999237060547,17.774999618530273,1256800,18.010000228881836,17.899999618530273,10.294532775878906
01-04-2003,17.55500030517578,17.985000610351562,1099600,18.0,17.725000381469727,10.193887710571289
02-04-2003,17.735000610351562,17.875,1095400,18.075000762939453,17.989999771118164,10.346296310424805
03-04-2003,17.875,18.075000762939453,1411800,18.454999923706055,18.239999771118164,10.490073204040527
04-04-2003,17.579999923706055,18.420000076293945,1014000,18.5,17.735000610351562,10.199636459350586
07-04-2003,17.450000762939453,17.90999984741211,1169800,18.0,17.600000381469727,10.121999740600586
08-04-2003,17.549999237060547,17.645000457763672,910000,17.75,17.59000015258789,10.11624813079834
09-04-2003,17.454999923706055,17.600000381469727,969200,17.625,17.524999618530273,10.078863143920898
10-04-2003,17.450000762939453,17.549999237060547,1095000,17.75,17.579999923706055,10.110495567321777
11-04-2003,17.625,17.795000076293945,519600,17.80500030517578,17.75,10.208263397216797
14-04-2003,17.905000686645508,17.920000076293945,1363400,18.415000915527344,18.399999618530273,10.582087516784668
15-04-2003,18.34000015258789,18.44499969482422,2306600,19.125,19.100000381469727,10.984664916992188
16-04-2003,19.125,19.18000030517578,2104800,19.729999542236328,19.44499969482422,11.18308162689209
17-04-2003,19.19499969482422,19.375,628800,19.475000381469727,19.389999389648438,11.151451110839844
21-04-2003,19.155000686645508,19.40999984741211,920600,19.40999984741211,19.225000381469727,11.056554794311523
22-04-2003,19.219999313354492,19.299999237060547,1058600,19.864999771118164,19.704999923706055,11.332612991333008
23-04-2003,19.540000915527344,19.799999237060547,1818800,19.850000381469727,19.71500015258789,11.338362693786621
24-04-2003,19.6200008392334,19.649999618530273,930600,20.049999237060547,19.954999923706055,11.476388931274414
25-04-2003,19.475000381469727,19.895000457763672,1282000,19.989999771118164,19.5,11.214715003967285
28-04-2003,19.149999618530273,19.575000762939453,764000,19.75,19.350000381469727,11.128448486328125
29-04-2003,19.43000030517578,19.46500015258789,581200,19.7450008392334,19.610000610351562,11.27797794342041
30-04-2003,20.049999237060547,20.18000030517578,4466800,21.719999313354492,21.190000534057617,12.186660766601562
01-05-2003,20.889999389648438,21.084999084472656,1432000,21.524999618530273,21.235000610351562,12.212538719177246
02-05-2003,21.05500030517578,21.065000534057617,2982200,22.59000015258789,22.59000015258789,12.991815567016602
05-05-2003,22.635000228881836,22.684999465942383,1701200,23.075000762939453,22.905000686645508,13.172982215881348
06-05-2003,22.635000228881836,22.8700008392334,1421600,23.065000534057617,23.049999237060547,13.256369590759277
07-05-2003,22.780000686645508,22.920000076293945,597000,23.075000762939453,23.024999618530273,13.241994857788086
08-05-2003,22.75,22.93000030517578,427000,22.94499969482422,22.875,13.155719757080078
09-05-2003,22.7549991607666,22.924999237060547,571400,23.079999923706055,22.950000762939453,13.19885540008545
12-05-2003,22.954999923706055,22.975000381469727,1909000,24.0,23.825000762939453,13.702081680297852
13-05-2003,23.71500015258789,23.84000015258789,912600,23.950000762939453,23.924999237060547,13.75959300994873
14-05-2003,23.674999237060547,23.96500015258789,1088800,24.209999084472656,23.889999389648438,13.739465713500977
15-05-2003,23.385000228881836,23.950000762939453,1040400,24.219999313354492,23.81999969482422,13.69920539855957
16-05-2003,23.524999618530273,23.610000610351562,615800,24.19499969482422,24.19499969482422,13.91486930847168
19-05-2003,22.825000762939453,24.0,1267600,24.075000762939453,22.979999542236328,13.216109275817871
20-05-2003,21.264999389648438,23.09000015258789,2624000,23.104999542236328,21.875,12.580610275268555
21-05-2003,20.545000076293945,21.135000228881836,3918800,22.635000228881836,22.489999771118164,12.934303283691406
22-05-2003,22.18000030517578,22.825000762939453,1469600,22.954999923706055,22.799999237060547,13.112590789794922
23-05-2003,22.524999618530273,22.90999984741211,736400,23.235000610351562,23.139999389648438,13.30812931060791
27-05-2003,23.05500030517578,23.204999923706055,1521600,24.15999984741211,24.149999618530273,13.88899040222168
28-05-2003,23.799999237060547,24.475000381469727,1351400,24.565000534057617,24.010000228881836,13.808476448059082
29-05-2003,23.325000762939453,24.014999389648438,565800,24.020000457763672,23.475000381469727,13.500789642333984
30-05-2003,23.5049991607666,23.545000076293945,819800,24.225000381469727,24.125,13.874616622924805
02-06-2003,23.764999389648438,24.28499984741211,776200,24.295000076293945,23.825000762939453,13.702081680297852
03-06-2003,23.69499969482422,24.1200008392334,1053800,24.450000762939453,24.225000381469727,13.932125091552734
04-06-2003,24.225000381469727,24.375,1526000,24.899999618530273,24.559999465942383,14.12479019165039
05-06-2003,24.399999618530273,24.625,1916800,25.850000381469727,24.979999542236328,14.36633586883545
06-06-2003,24.625,25.25,1303600,25.485000610351562,25.1299991607666,14.452605247497559
09-06-2003,24.020000457763672,25.329999923706055,779800,25.329999923706055,24.235000610351562,13.937877655029297
10-06-2003,24.295000076293945,24.34000015258789,501600,24.725000381469727,24.575000762939453,14.133414268493652
11-06-2003,24.3799991607666,24.565000534057617,518800,25.0049991607666,24.889999389648438,14.314580917358398
12-06-2003,24.934999465942383,24.950000762939453,726200,25.290000915527344,25.100000381469727,14.435351371765137
13-06-2003,24.75,25.1200008392334,361400,25.149999618530273,24.809999465942383,14.268567085266113
16-06-2003,22.674999237060547,24.790000915527344,6395800,25.19499969482422,23.450000762939453,13.486411094665527
17-06-2003,20.674999237060547,22.049999237060547,12322600,22.614999771118164,22.2450008392334,12.793399810791016
18-06-2003,21.6299991607666,22.25,1963200,22.479999542236328,22.125,12.724386215209961
19-06-2003,21.75,22.31999969482422,744800,22.3799991607666,22.06999969482422,12.692757606506348
20-06-2003,21.25,22.0,933600,22.350000381469727,22.049999237060547,12.681253433227539
23-06-2003,19.80500030517578,21.844999313354492,3788600,21.96500015258789,19.96500015258789,11.482142448425293
24-06-2003,18.799999237060547,19.469999313354492,4579800,20.0,19.424999237060547,11.171577453613281
25-06-2003,19.09000015258789,19.264999389648438,2554400,20.200000762939453,19.139999389648438,11.007672309875488
26-06-2003,18.799999237060547,18.850000381469727,3180200,19.575000762939453,19.450000762939453,11.185957908630371
27-06-2003,19.21500015258789,19.729999542236328,1711400,19.979999542236328,19.3700008392334,11.139949798583984
30-06-2003,19.549999237060547,19.600000381469727,1213000,20.200000762939453,19.950000762939453,11.473516464233398
01-07-2003,19.260000228881836,19.799999237060547,1287200,19.950000762939453,19.434999465942383,11.17733097076416
02-07-2003,19.43000030517578,19.475000381469727,1292200,20.725000381469727,20.53499984741211,11.809952735900879
03-07-2003,20.25,20.600000381469727,455600,20.799999237060547,20.329999923706055,11.692058563232422
07-07-2003,20.045000076293945,20.375,1184400,20.56999969482422,20.325000762939453,11.689186096191406
08-07-2003,20.149999618530273,20.15999984741211,1127200,21.420000076293945,21.235000610351562,12.212538719177246
09-07-2003,21.075000762939453,21.34000015258789,1374200,21.979999542236328,21.71500015258789,12.488591194152832
10-07-2003,21.045000076293945,21.6299991607666,691800,21.649999618530273,21.114999771118164,12.143525123596191
11-07-2003,21.075000762939453,21.084999084472656,538600,21.5,21.385000228881836,12.298805236816406
14-07-2003,21.5,21.649999618530273,643000,21.950000762939453,21.625,12.436834335327148
15-07-2003,21.0,21.729999542236328,506200,21.770000457763672,21.145000457763672,12.160775184631348
16-07-2003,20.545000076293945,21.209999084472656,540400,21.209999084472656,20.924999237060547,12.034250259399414
17-07-2003,19.71500015258789,20.809999465942383,1810600,20.889999389648438,19.875,11.430377006530762
18-07-2003,19.610000610351562,19.875,956200,20.219999313354492,20.084999084472656,11.551156044006348
21-07-2003,19.950000762939453,20.020000457763672,484400,20.30500030517578,20.25,11.646050453186035
22-07-2003,20.225000381469727,20.225000381469727,499600,20.735000610351562,20.540000915527344,11.812834739685059
23-07-2003,20.424999237060547,20.440000534057617,587400,21.030000686645508,20.989999771118164,12.071634292602539
24-07-2003,21.309999465942383,21.44499969482422,892400,21.75,21.479999542236328,12.353439331054688
25-07-2003,21.3799991607666,21.524999618530273,1508000,22.690000534057617,22.614999771118164,13.006193161010742
28-07-2003,22.860000610351562,23.020000457763672,1048800,23.434999465942383,23.135000228881836,13.305254936218262
29-07-2003,23.0,23.40999984741211,1450600,23.75,23.30500030517578,13.403020858764648
30-07-2003,19.014999389648438,19.850000381469727,16212800,20.950000762939453,19.2549991607666,11.073812484741211
31-07-2003,18.825000762939453,19.735000610351562,3344600,19.739999771118164,19.145000457763672,11.010549545288086
01-08-2003,18.424999237060547,19.139999389648438,1924000,19.545000076293945,19.114999771118164,10.993294715881348
04-08-2003,18.5,19.21500015258789,939000,19.21500015258789,18.575000762939453,10.682732582092285
05-08-2003,18.524999618530273,18.594999313354492,858600,18.975000381469727,18.69499969482422,10.751749038696289
06-08-2003,17.850000381469727,18.899999618530273,1369200,18.899999618530273,18.325000762939453,10.53895378112793
07-08-2003,18.03499984741211,18.424999237060547,918200,18.424999237060547,18.125,10.423933029174805
08-08-2003,18.014999389648438,18.014999389648438,785200,18.399999618530273,18.21500015258789,10.47569751739502
11-08-2003,18.18000030517578,18.18000030517578,743600,18.645000457763672,18.59000015258789,10.691360473632812
12-08-2003,18.56999969482422,18.56999969482422,398200,18.875,18.854999542236328,10.843764305114746
13-08-2003,18.75,18.799999237060547,516200,18.975000381469727,18.915000915527344,10.878275871276855
14-08-2003,18.8799991607666,18.96500015258789,767800,19.219999313354492,19.170000076293945,11.024930000305176
15-08-2003,19.084999084472656,19.149999618530273,232800,19.219999313354492,19.145000457763672,11.010549545288086
18-08-2003,19.100000381469727,19.15999984741211,638800,19.385000228881836,19.344999313354492,11.125572204589844
19-08-2003,19.350000381469727,19.459999084472656,441600,19.725000381469727,19.614999771118164,11.280853271484375
20-08-2003,19.40999984741211,19.575000762939453,529600,19.665000915527344,19.5,11.214715003967285
21-08-2003,19.450000762939453,19.600000381469727,473800,19.6200008392334,19.584999084472656,11.263599395751953
22-08-2003,19.385000228881836,19.584999084472656,841000,19.75,19.510000228881836,11.22046947479248
25-08-2003,19.084999084472656,19.440000534057617,351400,19.510000228881836,19.424999237060547,11.171577453613281
26-08-2003,19.1200008392334,19.3799991607666,455800,19.530000686645508,19.485000610351562,11.206087112426758
27-08-2003,19.424999237060547,19.424999237060547,1021800,20.2549991607666,20.040000915527344,11.525278091430664
28-08-2003,19.950000762939453,19.979999542236328,530200,20.084999084472656,20.0,11.502270698547363
29-08-2003,19.920000076293945,19.940000534057617,304800,20.075000762939453,19.979999542236328,11.490768432617188
02-09-2003,19.875,19.93000030517578,661600,20.440000534057617,20.354999542236328,11.706439971923828
03-09-2003,20.354999542236328,20.399999618530273,1193000,21.4950008392334,21.350000381469727,12.278672218322754
04-09-2003,21.024999618530273,21.350000381469727,608400,21.600000381469727,21.469999313354492,12.347691535949707
05-09-2003,21.28499984741211,21.360000610351562,816200,21.899999618530273,21.770000457763672,12.520223617553711
08-09-2003,21.649999618530273,21.649999618530273,718000,22.225000381469727,21.9950008392334,12.649627685546875
09-09-2003,21.905000686645508,22.020000457763672,687600,22.094999313354492,21.94499969482422,12.620867729187012
10-09-2003,21.155000686645508,21.80500030517578,648800,21.954999923706055,21.360000610351562,12.284424781799316
11-09-2003,20.514999389648438,21.295000076293945,499600,21.309999465942383,21.0,12.077386856079102
12-09-2003,20.579999923706055,20.899999618530273,376000,21.184999465942383,21.094999313354492,12.132019996643066
15-09-2003,20.799999237060547,21.100000381469727,346800,21.149999618530273,21.024999618530273,12.091763496398926
16-09-2003,21.030000686645508,21.03499984741211,661400,22.200000762939453,22.19499969482422,12.76464557647705
17-09-2003,21.979999542236328,22.09000015258789,585000,22.684999465942383,22.299999237060547,12.825035095214844
18-09-2003,21.709999084472656,22.25,759600,22.434999465942383,22.3799991607666,12.871038436889648
19-09-2003,22.405000686645508,22.4950008392334,700600,22.649999618530273,22.600000381469727,12.997570037841797
22-09-2003,22.075000762939453,22.475000381469727,838800,22.600000381469727,22.5,12.940049171447754
23-09-2003,22.385000228881836,22.399999618530273,574400,22.940000534057617,22.915000915527344,13.178728103637695
24-09-2003,22.530000686645508,23.0,626600,23.0,22.56999969482422,12.980315208435059
25-09-2003,22.610000610351562,22.924999237060547,1028800,23.375,22.7549991607666,13.08670711517334
26-09-2003,20.594999313354492,22.78499984741211,2013200,22.795000076293945,21.125,12.149272918701172
29-09-2003,20.329999923706055,21.229999542236328,2124600,21.270000457763672,20.979999542236328,12.065882682800293
30-09-2003,20.815000534057617,21.0,644200,21.229999542236328,20.940000534057617,12.042880058288574
01-10-2003,20.485000610351562,21.024999618530273,587400,21.100000381469727,20.84000015258789,11.985366821289062
02-10-2003,20.760000228881836,20.834999084472656,925400,21.459999084472656,21.315000534057617,12.258545875549316
03-10-2003,21.594999313354492,21.600000381469727,637000,22.03499984741211,21.670000076293945,12.462712287902832
06-10-2003,21.6299991607666,21.6299991607666,257200,21.8700008392334,21.719999313354492,12.491467475891113
07-10-2003,21.635000228881836,21.719999313354492,738200,22.565000534057617,22.44499969482422,12.90842342376709
08-10-2003,22.219999313354492,22.5,363600,22.594999313354492,22.309999465942383,12.830782890319824
09-10-2003,22.084999084472656,22.405000686645508,539600,22.655000686645508,22.290000915527344,12.819283485412598
10-10-2003,21.514999389648438,22.389999389648438,629600,22.395000457763672,21.860000610351562,12.571982383728027
13-10-2003,20.8799991607666,21.7549991607666,1687000,21.795000076293945,21.104999542236328,12.137768745422363
14-10-2003,21.024999618530273,21.040000915527344,874600,21.649999618530273,21.6200008392334,12.433955192565918
15-10-2003,21.774999618530273,21.780000686645508,802200,22.395000457763672,22.09000015258789,12.704254150390625
16-10-2003,22.0,22.06999969482422,699600,22.549999237060547,22.375,12.868168830871582
17-10-2003,22.25,22.4950008392334,573800,22.5,22.350000381469727,12.853785514831543
20-10-2003,22.2450008392334,22.5,477800,22.5,22.3700008392334,12.865291595458984
21-10-2003,22.225000381469727,22.25,561200,22.459999084472656,22.405000686645508,12.885421752929688
22-10-2003,21.635000228881836,22.364999771118164,654600,22.405000686645508,21.690000534057617,12.474215507507324
23-10-2003,20.934999465942383,21.479999542236328,1002200,21.510000228881836,21.149999618530273,12.163650512695312
24-10-2003,20.75,21.21500015258789,1568800,21.225000381469727,21.024999618530273,12.091763496398926
27-10-2003,21.024999618530273,21.094999313354492,821600,21.975000381469727,21.905000686645508,12.59786319732666
28-10-2003,21.90999984741211,21.979999542236328,1265000,22.649999618530273,22.485000610351562,12.931429862976074
29-10-2003,22.524999618530273,22.68000030517578,7303800,27.040000915527344,26.024999618530273,14.967329025268555
30-10-2003,24.614999771118164,25.399999618530273,3156000,25.59000015258789,25.15999984741211,14.469857215881348
31-10-2003,24.8799991607666,25.15999984741211,970600,25.15999984741211,25.0,14.377836227416992
03-11-2003,25.155000686645508,25.28499984741211,3289000,26.889999389648438,26.6299991607666,15.315272331237793
04-11-2003,25.940000534057617,26.75,1070800,26.959999084472656,26.885000228881836,15.46192741394043
05-11-2003,25.655000686645508,26.6299991607666,928200,26.780000686645508,26.165000915527344,15.047849655151367
06-11-2003,25.364999771118164,26.100000381469727,703800,26.165000915527344,25.674999237060547,14.766036987304688
07-11-2003,25.510000228881836,25.780000686645508,578800,26.25,25.600000381469727,14.722906112670898
10-11-2003,25.049999237060547,25.739999771118164,382200,25.739999771118164,25.094999313354492,14.432476043701172
11-11-2003,24.05500030517578,25.174999237060547,692000,25.270000457763672,24.9950008392334,14.374960899353027
12-11-2003,25.0,25.0,421600,25.25,25.2450008392334,14.518746376037598
13-11-2003,25.114999771118164,25.235000610351562,635600,25.84000015258789,25.540000915527344,14.688400268554688
14-11-2003,24.639999389648438,25.405000686645508,504000,25.690000534057617,24.690000534057617,14.199551582336426
17-11-2003,24.44499969482422,24.6299991607666,1660600,26.0,25.860000610351562,14.872437477111816
18-11-2003,25.825000762939453,26.184999465942383,1588200,26.709999084472656,25.924999237060547,14.90981674194336
19-11-2003,25.40999984741211,25.96500015258789,1289800,26.15999984741211,25.809999465942383,14.843682289123535
20-11-2003,24.709999084472656,25.625,3317000,27.049999237060547,26.454999923706055,15.21462631225586
21-11-2003,25.6299991607666,26.700000762939453,804000,27.0,26.1200008392334,15.021965980529785
24-11-2003,26.424999237060547,26.475000381469727,2175800,27.600000381469727,27.5,15.815628051757812
25-11-2003,27.549999237060547,27.700000762939453,2118000,28.614999771118164,27.829999923706055,16.005403518676758
26-11-2003,27.524999618530273,28.100000381469727,902800,28.229999542236328,28.0049991607666,16.25204849243164
28-11-2003,27.725000381469727,27.75,261600,28.225000381469727,27.9950008392334,16.246246337890625
01-12-2003,27.190000534057617,28.274999618530273,1144800,28.920000076293945,27.885000228881836,16.182415008544922
02-12-2003,27.780000686645508,27.96500015258789,573000,28.174999237060547,27.90999984741211,16.196918487548828
03-12-2003,27.354999542236328,28.014999389648438,759200,28.524999618530273,27.454999923706055,15.932869911193848
04-12-2003,26.485000610351562,27.565000534057617,948200,28.024999618530273,27.274999618530273,15.828411102294922
05-12-2003,26.475000381469727,27.1299991607666,569000,27.139999389648438,26.774999618530273,15.53824520111084
08-12-2003,26.399999618530273,26.825000762939453,961400,27.424999237060547,26.625,15.451205253601074
09-12-2003,26.334999084472656,26.584999084472656,580600,27.024999618530273,26.344999313354492,15.288708686828613
10-12-2003,25.045000076293945,26.405000686645508,1390600,26.479999542236328,25.65999984741211,14.891182899475098
11-12-2003,25.5,25.614999771118164,1284200,27.225000381469727,26.8799991607666,15.599181175231934
12-12-2003,27.174999237060547,27.34000015258789,1576800,28.485000610351562,27.385000228881836,15.892248153686523
15-12-2003,26.46500015258789,28.1200008392334,1599800,28.219999313354492,26.674999237060547,15.480209350585938
16-12-2003,26.489999771118164,26.614999771118164,653600,26.825000762939453,26.625,15.451205253601074
17-12-2003,26.100000381469727,26.56999969482422,1260000,27.43000030517578,27.219999313354492,15.796492576599121
18-12-2003,26.864999771118164,27.510000228881836,914600,27.790000915527344,27.204999923706055,15.787790298461914
19-12-2003,27.1299991607666,27.375,7387600,28.0,27.510000228881836,15.964787483215332
22-12-2003,26.600000381469727,27.899999618530273,1769600,28.0,27.125,15.74135971069336
23-12-2003,26.899999618530273,27.114999771118164,976600,27.639999389648438,27.575000762939453,16.002506256103516
24-12-2003,26.934999465942383,27.450000762939453,454800,27.524999618530273,26.989999771118164,15.663017272949219
26-12-2003,26.920000076293945,27.104999542236328,231800,27.225000381469727,27.0049991607666,15.671721458435059
29-12-2003,26.979999542236328,27.065000534057617,742800,27.5,27.485000610351562,15.95028018951416
30-12-2003,27.2549991607666,27.479999542236328,775600,27.94499969482422,27.375,15.886442184448242
31-12-2003,27.0049991607666,27.55500030517578,636200,27.815000534057617,27.239999771118164,15.808101654052734
02-01-2004,26.665000915527344,27.56999969482422,926000,27.56999969482422,26.844999313354492,15.578869819641113
05-01-2004,26.6200008392334,26.920000076293945,997400,27.5,27.344999313354492,15.869032859802246
06-01-2004,26.975000381469727,27.25,2353400,29.34000015258789,28.834999084472656,16.73371696472168
07-01-2004,28.575000762939453,29.0,1526200,29.735000610351562,28.674999237060547,16.640871047973633
08-01-2004,28.5,28.729999542236328,728800,29.264999389648438,29.020000457763672,16.841075897216797
09-01-2004,28.375,28.764999389648438,887600,29.114999771118164,28.649999618530273,16.62636375427246
12-01-2004,28.299999237060547,28.71500015258789,655600,28.75,28.700000762939453,16.655378341674805
13-01-2004,28.149999618530273,28.704999923706055,847200,29.100000381469727,28.459999084472656,16.516096115112305
14-01-2004,28.165000915527344,28.799999237060547,1033600,29.274999618530273,28.71500015258789,16.66408920288086
15-01-2004,28.30500030517578,28.729999542236328,1134800,29.059999465942383,28.75,16.68439292907715
16-01-2004,28.559999465942383,28.7549991607666,731800,29.075000762939453,28.875,16.756940841674805
20-01-2004,28.05500030517578,28.954999923706055,875400,29.010000228881836,28.625,16.611854553222656
21-01-2004,28.100000381469727,28.725000381469727,552400,29.0,28.809999465942383,16.719207763671875
22-01-2004,28.104999542236328,28.815000534057617,806000,29.25,28.104999542236328,16.310081481933594
23-01-2004,27.290000915527344,28.170000076293945,1308800,28.485000610351562,27.440000534057617,15.924165725708008
26-01-2004,26.264999389648438,27.315000534057617,1852400,27.424999237060547,27.010000228881836,15.674626350402832
27-01-2004,26.31999969482422,26.864999771118164,1088800,27.010000228881836,26.405000686645508,15.323528289794922
28-01-2004,26.30500030517578,26.524999618530273,905600,26.790000915527344,26.5,15.378657341003418
29-01-2004,26.104999542236328,26.459999084472656,1309000,26.670000076293945,26.549999237060547,15.407675743103027
30-01-2004,26.25,26.549999237060547,538200,26.665000915527344,26.56999969482422,15.419282913208008
02-02-2004,25.920000076293945,26.5,1037600,27.0,26.020000457763672,15.100096702575684
03-02-2004,25.135000228881836,25.9950008392334,1516600,26.024999618530273,25.25,14.65324592590332
04-02-2004,24.375,24.985000610351562,1208400,25.0,24.575000762939453,14.261527061462402
05-02-2004,24.540000915527344,24.71500015258789,863000,25.309999465942383,24.825000762939453,14.406611442565918
06-02-2004,25.0,25.0049991607666,1427600,26.079999923706055,25.7549991607666,14.946319580078125
09-02-2004,25.649999618530273,26.100000381469727,579600,26.149999618530273,25.68000030517578,14.902788162231445
10-02-2004,25.6200008392334,25.71500015258789,781600,26.200000762939453,26.049999237060547,15.117509841918945
11-02-2004,22.299999237060547,24.424999237060547,9142600,24.5,23.40999984741211,13.585451126098633
12-02-2004,23.690000534057617,24.239999771118164,2482200,24.700000762939453,23.950000762939453,13.898822784423828
13-02-2004,23.75,24.174999237060547,1029200,24.325000762939453,24.0,13.927838325500488
17-02-2004,23.799999237060547,24.25,708600,24.274999618530273,23.825000762939453,13.826285362243652
18-02-2004,23.350000381469727,23.78499984741211,924400,23.795000076293945,23.549999237060547,13.666695594787598
19-02-2004,23.295000076293945,23.614999771118164,842000,24.010000228881836,23.309999465942383,13.52741813659668
20-02-2004,22.979999542236328,23.280000686645508,1149600,23.364999771118164,23.104999542236328,13.408451080322266
23-02-2004,22.799999237060547,23.0049991607666,1255200,23.190000534057617,22.905000686645508,13.292389869689941
24-02-2004,22.68000030517578,23.204999923706055,1322000,23.239999771118164,23.06999969482422,13.388137817382812
25-02-2004,22.75,23.174999237060547,1521200,23.184999465942383,23.049999237060547,13.376532554626465
26-02-2004,22.959999084472656,23.149999618530273,954400,23.225000381469727,23.040000915527344,13.370728492736816
27-02-2004,22.774999618530273,22.979999542236328,763400,23.165000915527344,22.920000076293945,13.30108642578125
01-03-2004,22.690000534057617,23.18000030517578,1142800,23.200000762939453,23.174999237060547,13.449075698852539
02-03-2004,23.010000228881836,23.09000015258789,965000,23.850000381469727,23.475000381469727,13.623167991638184
03-03-2004,22.920000076293945,23.354999542236328,625000,23.719999313354492,23.200000762939453,13.463580131530762
04-03-2004,22.9950008392334,23.049999237060547,376000,23.5,23.260000228881836,13.49839973449707
05-03-2004,22.889999389648438,23.200000762939453,617000,23.325000762939453,23.0,13.347512245178223
08-03-2004,22.200000762939453,22.405000686645508,3400600,22.989999771118164,22.405000686645508,13.002222061157227
09-03-2004,21.174999237060547,22.21500015258789,1977200,22.399999618530273,21.18000030517578,12.291319847106934
10-03-2004,20.575000762939453,21.135000228881836,1714600,21.799999237060547,21.040000915527344,12.210078239440918
11-03-2004,20.485000610351562,21.010000228881836,1786600,21.225000381469727,20.489999771118164,11.89089298248291
12-03-2004,20.350000381469727,20.514999389648438,1922200,21.0,20.670000076293945,11.995355606079102
15-03-2004,19.860000610351562,20.600000381469727,1779800,20.75,19.915000915527344,11.557206153869629
16-03-2004,19.899999618530273,20.174999237060547,1865200,20.299999237060547,19.924999237060547,11.563011169433594
17-03-2004,20.0,20.1200008392334,1667000,20.889999389648438,20.325000762939453,11.795144081115723
18-03-2004,20.0,20.3700008392334,936600,20.375,20.200000762939453,11.7225980758667
19-03-2004,20.139999389648438,20.375,1167800,20.475000381469727,20.174999237060547,11.708091735839844
22-03-2004,19.875,20.09000015258789,831400,20.174999237060547,20.040000915527344,11.629749298095703
23-03-2004,19.854999542236328,20.31999969482422,1062400,20.350000381469727,19.915000915527344,11.557206153869629
24-03-2004,19.905000686645508,19.989999771118164,2061200,21.350000381469727,21.225000381469727,12.317434310913086
25-03-2004,21.25,21.385000228881836,2892200,22.25,22.18000030517578,12.871648788452148
26-03-2004,21.594999313354492,21.985000610351562,847000,22.260000228881836,21.655000686645508,12.566973686218262
29-03-2004,21.270000457763672,21.850000381469727,1399800,21.920000076293945,21.459999084472656,12.453812599182129
30-03-2004,21.19499969482422,21.375,923600,22.165000915527344,22.149999618530273,12.854236602783203
31-03-2004,21.334999084472656,22.225000381469727,1054200,22.225000381469727,21.354999542236328,12.392877578735352
01-04-2004,21.1299991607666,21.415000915527344,3165000,21.56999969482422,21.200000762939453,12.302929878234863
02-04-2004,21.209999084472656,21.56999969482422,1242800,22.0,21.4950008392334,12.474124908447266
05-04-2004,21.05500030517578,21.4950008392334,950800,21.565000534057617,21.3799991607666,12.407383918762207
06-04-2004,21.094999313354492,21.329999923706055,382000,21.424999237060547,21.165000915527344,12.282613754272461
07-04-2004,21.100000381469727,21.104999542236328,613600,21.4950008392334,21.225000381469727,12.317434310913086
08-04-2004,21.100000381469727,21.399999618530273,775600,21.670000076293945,21.28499984741211,12.352254867553711
12-04-2004,20.96500015258789,21.05500030517578,603600,21.485000610351562,21.110000610351562,12.25069522857666
13-04-2004,20.18000030517578,21.100000381469727,959200,21.19499969482422,20.325000762939453,11.795144081115723
14-04-2004,20.139999389648438,20.209999084472656,874600,20.65999984741211,20.600000381469727,11.954730987548828
15-04-2004,20.0,20.5,935800,20.790000915527344,20.110000610351562,11.67037296295166
16-04-2004,19.899999618530273,19.975000381469727,1038800,20.235000610351562,20.079999923706055,11.652959823608398
19-04-2004,19.549999237060547,20.100000381469727,662400,20.415000915527344,20.3799991607666,11.827057838439941
20-04-2004,19.940000534057617,20.434999465942383,683800,20.594999313354492,19.940000534057617,11.571718215942383
21-04-2004,19.93000030517578,20.020000457763672,727400,20.229999542236328,20.094999313354492,11.661666870117188
22-04-2004,19.799999237060547,19.940000534057617,894800,20.299999237060547,20.19499969482422,11.719697952270508
23-04-2004,19.78499984741211,20.200000762939453,514800,20.264999389648438,20.03499984741211,11.626849174499512
26-04-2004,19.024999618530273,20.2450008392334,2483800,20.2450008392334,19.325000762939453,11.214816093444824
27-04-2004,19.395000457763672,19.584999084472656,1463200,19.850000381469727,19.65999984741211,11.409221649169922
28-04-2004,16.049999237060547,17.80500030517578,12201800,18.25,16.454999923706055,9.54927921295166
29-04-2004,16.354999542236328,16.610000610351562,2228000,16.80500030517578,16.520000457763672,9.586994171142578
30-04-2004,16.059999465942383,16.610000610351562,2246200,16.610000610351562,16.110000610351562,9.349064826965332
03-05-2004,15.795000076293945,16.25,1906000,16.34000015258789,15.84000015258789,9.192374229431152
04-05-2004,14.9350004196167,15.975000381469727,3347000,16.0,14.949999809265137,8.675884246826172
05-05-2004,14.954999923706055,15.010000228881836,3358400,15.220000267028809,15.069999694824219,8.745523452758789
06-05-2004,14.625,15.074999809265137,1665000,15.109999656677246,14.75,8.559818267822266
07-05-2004,14.699999809265137,14.789999961853027,2079600,14.930000305175781,14.734999656677246,8.551114082336426
10-05-2004,14.180000305175781,14.675000190734863,1575800,14.875,14.550000190734863,8.44375228881836
11-05-2004,14.53499984741211,14.614999771118164,1676800,14.78499984741211,14.670000076293945,8.513391494750977
12-05-2004,14.1850004196167,14.75,1967400,14.824999809265137,14.555000305175781,8.44665241241455
13-05-2004,14.319999694824219,14.470000267028809,1351000,14.609999656677246,14.46500015258789,8.394428253173828
14-05-2004,14.505000114440918,14.680000305175781,1461000,14.729999542236328,14.545000076293945,8.440851211547852
17-05-2004,14.039999961853027,14.335000038146973,1264800,14.475000381469727,14.21500015258789,8.249347686767578
18-05-2004,14.199999809265137,14.199999809265137,1335400,14.854999542236328,14.8100004196167,8.594637870788574
19-05-2004,15.0,15.074999809265137,2305800,15.930000305175781,15.444999694824219,8.96314525604248
20-05-2004,15.375,15.600000381469727,2299400,16.030000686645508,15.770000457763672,9.151753425598145
21-05-2004,15.854999542236328,15.994999885559082,2094400,16.3799991607666,16.299999237060547,9.459325790405273
24-05-2004,16.424999237060547,17.104999542236328,2331000,17.2450008392334,16.540000915527344,9.598607063293457
25-05-2004,16.399999618530273,16.69499969482422,1641600,17.190000534057617,17.165000915527344,9.961311340332031
26-05-2004,16.625,17.1299991607666,1453400,17.165000915527344,16.760000228881836,9.726274490356445
27-05-2004,16.850000381469727,16.850000381469727,1999000,17.440000534057617,17.114999771118164,9.932292938232422
28-05-2004,16.899999618530273,17.28499984741211,959400,17.399999618530273,17.360000610351562,10.074470520019531
01-06-2004,17.1299991607666,17.1299991607666,1351000,17.4950008392334,17.405000686645508,10.100586891174316
02-06-2004,17.1299991607666,17.5,632000,17.5,17.225000381469727,9.996129035949707
03-06-2004,16.8799991607666,17.135000228881836,693000,17.25,16.895000457763672,9.804618835449219
04-06-2004,16.799999237060547,17.024999618530273,664600,17.21500015258789,16.889999389648438,9.801718711853027
07-06-2004,16.954999923706055,17.235000610351562,1039600,17.690000534057617,17.565000534057617,10.193439483642578
08-06-2004,17.375,17.610000610351562,1049600,17.690000534057617,17.489999771118164,10.149913787841797
09-06-2004,17.114999771118164,17.295000076293945,799000,17.4950008392334,17.174999237060547,9.967111587524414
10-06-2004,17.075000762939453,17.315000534057617,398400,17.350000381469727,17.270000457763672,10.02224349975586
14-06-2004,16.40999984741211,17.315000534057617,1196600,17.440000534057617,16.514999389648438,9.584098815917969
15-06-2004,16.334999084472656,16.46500015258789,1341400,16.764999389648438,16.719999313354492,9.703062057495117
16-06-2004,15.635000228881836,16.799999237060547,3894600,16.799999237060547,15.710000038146973,9.116934776306152
17-06-2004,15.3149995803833,15.864999771118164,1987600,15.864999771118164,15.40999984741211,8.942835807800293
18-06-2004,15.265000343322754,15.274999618530273,1577200,16.399999618530273,15.96500015258789,9.26491928100586
21-06-2004,15.574999809265137,15.975000381469727,565400,16.125,15.635000228881836,9.073410034179688
22-06-2004,15.574999809265137,15.649999618530273,1098800,16.485000610351562,16.399999618530273,9.517361640930176
23-06-2004,16.075000762939453,16.325000762939453,970000,16.81999969482422,16.68000030517578,9.679850578308105
24-06-2004,16.645000457763672,16.78499984741211,1601800,17.385000228881836,17.19499969482422,9.978717803955078
25-06-2004,17.225000381469727,17.399999618530273,624000,17.399999618530273,17.329999923706055,10.057063102722168
28-06-2004,17.25,17.489999771118164,2071600,18.184999465942383,18.049999237060547,10.474897384643555
29-06-2004,17.6299991607666,18.014999389648438,1630600,18.149999618530273,17.860000610351562,10.364631652832031
30-06-2004,17.649999618530273,17.700000762939453,1452200,18.540000915527344,18.530000686645508,10.753453254699707
01-07-2004,17.295000076293945,18.274999618530273,3178400,18.280000686645508,17.329999923706055,10.057063102722168
02-07-2004,17.200000762939453,17.5,994000,17.71500015258789,17.204999923706055,9.98452091217041
06-07-2004,17.049999237060547,17.21500015258789,1146600,17.665000915527344,17.424999237060547,10.112191200256348
07-07-2004,17.5049991607666,17.739999771118164,962400,17.8700008392334,17.75,10.300797462463379
08-07-2004,17.514999389648438,17.639999389648438,810600,18.094999313354492,17.645000457763672,10.239862442016602
09-07-2004,17.649999618530273,17.885000228881836,372800,18.065000534057617,17.920000076293945,10.399456977844238
12-07-2004,17.174999237060547,17.920000076293945,805800,18.020000457763672,17.454999923706055,10.12960147857666
13-07-2004,17.385000228881836,17.385000228881836,786400,17.815000534057617,17.774999618530273,10.31531047821045
14-07-2004,17.450000762939453,17.670000076293945,703800,17.774999618530273,17.579999923706055,10.202142715454102
15-07-2004,17.170000076293945,17.489999771118164,829800,17.795000076293945,17.170000076293945,9.964210510253906
16-07-2004,16.844999313354492,17.174999237060547,1447400,17.55500030517578,17.065000534057617,9.903276443481445
19-07-2004,16.90999984741211,17.30500030517578,873600,17.549999237060547,17.44499969482422,10.123799324035645
20-07-2004,17.200000762939453,17.549999237060547,905000,17.584999084472656,17.4950008392334,10.152816772460938
21-07-2004,16.905000686645508,17.5,838400,17.510000228881836,16.940000534057617,9.830737113952637
22-07-2004,16.5,16.985000610351562,1283200,17.309999465942383,17.0,9.865553855895996
23-07-2004,16.225000381469727,16.81999969482422,773000,16.93000030517578,16.3799991607666,9.505752563476562
26-07-2004,16.25,16.479999542236328,748000,16.674999237060547,16.415000915527344,9.526063919067383
27-07-2004,15.755000114440918,16.475000381469727,2185600,17.3799991607666,16.825000762939453,9.763995170593262
28-07-2004,17.520000457763672,18.329999923706055,10419400,19.71500015258789,18.8700008392334,10.950764656066895
29-07-2004,18.549999237060547,18.59000015258789,2966000,19.1200008392334,19.03499984741211,11.046520233154297
30-07-2004,18.7450008392334,19.03499984741211,2133800,19.239999771118164,18.75,10.881128311157227
02-08-2004,18.5,18.7450008392334,1750200,19.5,19.350000381469727,11.229323387145996
03-08-2004,18.53499984741211,19.065000534057617,1065000,19.34000015258789,18.68000030517578,10.84050178527832
04-08-2004,18.690000534057617,18.8700008392334,1146600,19.149999618530273,18.895000457763672,10.965271949768066
05-08-2004,18.545000076293945,18.81999969482422,908600,19.100000381469727,18.614999771118164,10.802779197692871
06-08-2004,17.829999923706055,18.5,1247800,18.795000076293945,18.075000762939453,10.489405632019043
09-08-2004,17.655000686645508,17.735000610351562,662000,18.295000076293945,17.959999084472656,10.422666549682617
10-08-2004,18.014999389648438,18.084999084472656,935600,18.969999313354492,18.934999465942383,10.988489151000977
11-08-2004,17.834999084472656,18.704999923706055,1609600,18.920000076293945,18.665000915527344,10.831799507141113
12-08-2004,17.700000762939453,18.3700008392334,2106800,18.5,18.094999313354492,10.50101089477539
13-08-2004,17.899999618530273,18.125,841400,18.30500030517578,17.96500015258789,10.425568580627441
16-08-2004,17.934999465942383,18.325000762939453,749400,18.325000762939453,18.100000381469727,10.503917694091797
17-08-2004,18.03499984741211,18.065000534057617,1121200,18.549999237060547,18.549999237060547,10.765059471130371
18-08-2004,18.274999618530273,18.489999771118164,1090400,19.0,18.954999923706055,11.000094413757324
19-08-2004,18.584999084472656,18.75,909800,18.954999923706055,18.7450008392334,10.878226280212402
20-08-2004,18.579999923706055,18.834999084472656,626800,19.2450008392334,19.049999237060547,11.055222511291504
23-08-2004,18.795000076293945,19.145000457763672,947400,19.2450008392334,18.959999084472656,11.002992630004883
24-08-2004,18.385000228881836,19.145000457763672,624800,19.145000457763672,18.670000076293945,10.834702491760254
25-08-2004,18.540000915527344,18.540000915527344,1872600,19.549999237060547,19.344999313354492,11.226420402526855
26-08-2004,19.049999237060547,19.2450008392334,845400,19.360000610351562,19.329999923706055,11.217716217041016
27-08-2004,19.1200008392334,19.334999084472656,715000,19.625,19.489999771118164,11.310568809509277
30-08-2004,19.049999237060547,19.309999465942383,1504000,20.06999969482422,19.905000686645508,11.55140209197998
31-08-2004,18.885000228881836,20.0,2400000,20.235000610351562,19.454999923706055,11.290254592895508
01-09-2004,18.950000762939453,19.290000915527344,680200,19.725000381469727,19.200000762939453,11.14227294921875
02-09-2004,19.03499984741211,19.2450008392334,950800,19.969999313354492,19.905000686645508,11.55140209197998
03-09-2004,19.565000534057617,19.709999084472656,898600,20.065000534057617,19.915000915527344,11.557206153869629
07-09-2004,19.93000030517578,19.950000762939453,754400,20.5,20.360000610351562,11.815455436706543
08-09-2004,19.809999465942383,20.190000534057617,1064800,20.5,19.9950008392334,11.60363483428955
09-09-2004,19.809999465942383,20.024999618530273,1281200,20.299999237060547,19.950000762939453,11.577519416809082
10-09-2004,19.690000534057617,20.045000076293945,967000,20.045000076293945,19.854999542236328,11.52238941192627
13-09-2004,19.584999084472656,19.899999618530273,1043000,20.114999771118164,20.0,11.606534004211426
14-09-2004,19.84000015258789,20.049999237060547,1213000,20.31999969482422,20.25,11.751617431640625
15-09-2004,19.524999618530273,20.274999618530273,1496000,20.274999618530273,19.604999542236328,11.377307891845703
16-09-2004,19.739999771118164,19.860000610351562,1001600,20.299999237060547,20.135000228881836,11.684876441955566
17-09-2004,20.2549991607666,20.274999618530273,1135400,20.65999984741211,20.549999237060547,11.925713539123535
20-09-2004,20.1299991607666,20.524999618530273,1194600,20.614999771118164,20.309999465942383,11.786436080932617
21-09-2004,20.174999237060547,20.329999923706055,581000,20.4950008392334,20.385000228881836,11.829960823059082
22-09-2004,19.850000381469727,20.28499984741211,986400,20.34000015258789,20.024999618530273,11.621042251586914
23-09-2004,19.75,19.8700008392334,574800,20.125,19.78499984741211,11.48176383972168
24-09-2004,19.520000457763672,19.690000534057617,605800,19.94499969482422,19.760000228881836,11.467253684997559
27-09-2004,19.65999984741211,19.954999923706055,746200,20.149999618530273,20.024999618530273,11.621042251586914
28-09-2004,19.780000686645508,19.875,789400,20.18000030517578,20.100000381469727,11.664566993713379
29-09-2004,19.950000762939453,20.03499984741211,1705400,21.295000076293945,21.225000381469727,12.317434310913086
30-09-2004,21.155000686645508,21.165000915527344,1871200,21.975000381469727,21.625,12.549569129943848
01-10-2004,21.549999237060547,21.764999389648438,1086800,22.125,22.1200008392334,12.836827278137207
04-10-2004,21.584999084472656,21.989999771118164,1033800,22.31999969482422,21.674999237060547,12.578580856323242
05-10-2004,21.625,21.725000381469727,1102200,22.049999237060547,21.985000610351562,12.758482933044434
06-10-2004,21.75,21.989999771118164,1252000,22.549999237060547,22.524999618530273,13.071861267089844
07-10-2004,21.899999618530273,22.155000686645508,842000,22.700000762939453,22.604999542236328,13.118287086486816
08-10-2004,22.2549991607666,22.5,810200,22.594999313354492,22.364999771118164,12.979002952575684
11-10-2004,22.440000534057617,22.485000610351562,1118800,22.924999237060547,22.875,13.274971008300781
12-10-2004,22.399999618530273,22.815000534057617,798800,22.934999465942383,22.850000381469727,13.26046371459961
13-10-2004,22.625,22.764999389648438,1466400,23.219999313354492,22.94499969482422,13.315593719482422
14-10-2004,22.7450008392334,22.9950008392334,525200,23.1200008392334,23.100000381469727,13.405549049377441
15-10-2004,22.985000610351562,23.155000686645508,1296200,23.40999984741211,23.174999237060547,13.449075698852539
18-10-2004,22.424999237060547,23.28499984741211,1268800,23.28499984741211,22.575000762939453,13.10087776184082
19-10-2004,22.614999771118164,23.100000381469727,787000,23.25,22.665000915527344,13.153105735778809
20-10-2004,22.309999465942383,22.78499984741211,633400,23.170000076293945,22.979999542236328,13.335907936096191
21-10-2004,22.7450008392334,22.985000610351562,675200,23.264999389648438,23.145000457763672,13.431668281555176
22-10-2004,22.985000610351562,23.03499984741211,827400,23.5,23.184999465942383,13.454874992370605
25-10-2004,22.6299991607666,23.200000762939453,1101000,23.200000762939453,22.875,13.274971008300781
26-10-2004,22.600000381469727,22.875,1333000,23.950000762939453,23.854999542236328,13.843689918518066
27-10-2004,23.614999771118164,23.885000228881836,7224600,26.1200008392334,25.264999389648438,14.661958694458008
28-10-2004,24.639999389648438,25.795000076293945,2158200,25.850000381469727,24.75,14.36308765411377
29-10-2004,24.405000686645508,24.44499969482422,930800,25.225000381469727,25.0,14.50816535949707
01-11-2004,24.875,24.950000762939453,836800,25.4950008392334,25.079999923706055,14.554594993591309
02-11-2004,25.0,25.274999618530273,1545000,25.674999237060547,25.31999969482422,14.693872451782227
03-11-2004,25.395000457763672,25.5,1234800,25.809999465942383,25.604999542236328,14.859268188476562
04-11-2004,25.475000381469727,25.610000610351562,718800,26.0049991607666,25.979999542236328,15.076889991760254
05-11-2004,25.575000762939453,26.049999237060547,975600,26.299999237060547,25.875,15.01595687866211
08-11-2004,25.770000457763672,26.0,608000,26.25,25.834999084472656,14.992740631103516
09-11-2004,25.850000381469727,25.96500015258789,531000,26.325000762939453,26.125,15.161039352416992
10-11-2004,26.09000015258789,26.325000762939453,819800,26.53499984741211,26.3700008392334,15.303216934204102
11-11-2004,26.299999237060547,26.5,562800,26.700000762939453,26.645000457763672,15.462809562683105
12-11-2004,26.354999542236328,26.729999542236328,710600,26.799999237060547,26.799999237060547,15.55275821685791
15-11-2004,26.56999969482422,26.809999465942383,715600,27.03499984741211,26.975000381469727,15.654309272766113
16-11-2004,26.5,26.75,659200,27.049999237060547,26.6299991607666,15.45409870147705
17-11-2004,26.420000076293945,26.75,749200,27.059999465942383,26.520000457763672,15.390265464782715
18-11-2004,25.299999237060547,26.549999237060547,1583000,26.665000915527344,26.020000457763672,15.100096702575684
19-11-2004,25.7549991607666,26.18000030517578,1677400,26.790000915527344,26.59000015258789,15.430888175964355
22-11-2004,26.6299991607666,26.639999389648438,2543200,28.0049991607666,27.875,16.17660903930664
23-11-2004,27.5,28.0,1727000,28.5,28.434999465942383,16.5015926361084
24-11-2004,28.329999923706055,28.5,1074200,28.844999313354492,28.690000534057617,16.64957046508789
26-11-2004,28.674999237060547,28.850000381469727,942200,29.309999465942383,29.15999984741211,16.92232894897461
29-11-2004,28.565000534057617,29.25,1413000,29.315000534057617,29.084999084472656,17.02476692199707
30-11-2004,28.764999389648438,29.125,721200,29.204999923706055,29.110000610351562,17.03939437866211
01-12-2004,29.059999465942383,29.229999542236328,919800,29.5,29.395000457763672,17.206222534179688
02-12-2004,27.1299991607666,29.19499969482422,2903400,29.424999237060547,27.684999465942383,16.205280303955078
03-12-2004,26.559999465942383,27.485000610351562,2516600,28.084999084472656,28.0,16.38966178894043
06-12-2004,27.674999237060547,28.155000686645508,1381800,28.274999618530273,27.950000762939453,16.360393524169922
07-12-2004,27.139999389648438,28.024999618530273,1319000,28.024999618530273,27.415000915527344,16.0472354888916
08-12-2004,26.764999389648438,27.200000762939453,876800,27.420000076293945,27.0,15.804317474365234
09-12-2004,27.2549991607666,27.725000381469727,1586800,28.395000457763672,28.190000534057617,16.50088119506836
10-12-2004,27.329999923706055,28.209999084472656,796600,28.290000915527344,27.485000610351562,16.088211059570312
13-12-2004,27.5,27.7450008392334,831000,28.315000534057617,28.299999237060547,16.565269470214844
14-12-2004,28.0,28.364999771118164,817800,28.725000381469727,28.594999313354492,16.737945556640625
15-12-2004,28.15999984741211,28.614999771118164,659400,28.75,28.424999237060547,16.63844108581543
16-12-2004,27.389999389648438,28.5,1122000,28.65999984741211,27.530000686645508,16.11455535888672
17-12-2004,27.34000015258789,27.530000686645508,1997400,28.850000381469727,28.829999923706055,16.87550163269043
20-12-2004,28.329999923706055,28.825000762939453,1396000,29.25,28.770000457763672,16.840383529663086
21-12-2004,28.684999465942383,28.93000030517578,747800,29.200000762939453,29.114999771118164,17.042320251464844
22-12-2004,28.954999923706055,29.31999969482422,2659800,29.989999771118164,29.989999771118164,17.554502487182617
23-12-2004,29.8700008392334,29.940000534057617,2680600,30.8700008392334,30.43000030517578,17.812047958374023
27-12-2004,30.440000534057617,30.850000381469727,1356400,31.0,30.600000381469727,17.91156005859375
28-12-2004,30.510000228881836,30.7450008392334,938600,31.03499984741211,31.0,18.145702362060547
29-12-2004,30.5,30.860000610351562,836800,31.020000457763672,30.610000610351562,17.91741943359375
30-12-2004,30.21500015258789,30.790000915527344,532600,30.9950008392334,30.280000686645508,17.72425079345703
31-12-2004,30.049999237060547,30.219999313354492,526200,30.485000610351562,30.420000076293945,17.80620002746582
03-01-2005,28.864999771118164,30.584999084472656,2153200,30.719999313354492,29.459999084472656,17.244264602661133
04-01-2005,28.0049991607666,29.780000686645508,2544200,29.905000686645508,28.315000534057617,16.574050903320312
05-01-2005,26.28499984741211,27.950000762939453,4584600,28.2549991607666,26.780000686645508,15.675536155700684
06-01-2005,26.2549991607666,26.780000686645508,1736400,26.969999313354492,26.670000076293945,15.611152648925781
07-01-2005,26.565000534057617,26.700000762939453,1669200,27.30500030517578,26.690000534057617,15.622856140136719
10-01-2005,25.875,26.540000915527344,1758200,26.684999465942383,25.96500015258789,15.19848346710205
11-01-2005,24.575000762939453,25.639999389648438,3312800,25.709999084472656,24.6299991607666,14.417046546936035
12-01-2005,24.440000534057617,24.975000381469727,4794000,25.55500030517578,25.184999465942383,14.741915702819824
13-01-2005,25.104999542236328,25.395000457763672,3866800,26.25,25.8799991607666,15.148731231689453
14-01-2005,25.649999618530273,26.09000015258789,1618600,26.40999984741211,26.28499984741211,15.385796546936035
18-01-2005,26.239999771118164,26.40999984741211,1287600,26.844999313354492,26.729999542236328,15.646278381347656
19-01-2005,25.899999618530273,26.844999313354492,1445600,26.844999313354492,26.15999984741211,15.312629699707031
20-01-2005,25.204999923706055,26.15999984741211,1742800,26.15999984741211,25.614999771118164,14.993619918823242
21-01-2005,25.100000381469727,25.614999771118164,1771200,26.200000762939453,25.165000915527344,14.730208396911621
24-01-2005,24.934999465942383,25.344999313354492,1531200,25.9950008392334,25.094999313354492,14.689238548278809
25-01-2005,24.8799991607666,25.200000762939453,925400,25.7450008392334,25.21500015258789,14.759481430053711
26-01-2005,25.149999618530273,25.395000457763672,835400,25.774999618530273,25.614999771118164,14.993619918823242
27-01-2005,25.0,25.625,928400,25.625,25.594999313354492,14.981902122497559
28-01-2005,25.09000015258789,25.625,1646200,25.719999313354492,25.485000610351562,14.917520523071289
31-01-2005,26.44499969482422,26.5,4475200,28.649999618530273,27.5,16.09699249267578
01-02-2005,27.290000915527344,27.790000915527344,1546400,28.024999618530273,27.59000015258789,16.14967155456543
02-02-2005,27.350000381469727,27.364999771118164,2021600,28.920000076293945,28.885000228881836,16.90769386291504
03-02-2005,28.334999084472656,28.75,1101000,28.934999465942383,28.829999923706055,16.87550163269043
04-02-2005,28.25,28.850000381469727,1173800,28.950000762939453,28.479999542236328,16.670635223388672
07-02-2005,27.93000030517578,28.65999984741211,952200,28.764999389648438,28.1200008392334,16.45990753173828
08-02-2005,27.920000076293945,28.274999618530273,1716800,28.899999618530273,28.610000610351562,16.746723175048828
09-02-2005,26.774999618530273,29.03499984741211,5024200,29.600000381469727,27.415000915527344,16.0472354888916
10-02-2005,27.0,27.55500030517578,2021600,27.924999237060547,27.274999618530273,15.965292930603027
11-02-2005,26.75,27.135000228881836,977600,27.625,27.600000381469727,16.155529022216797
14-02-2005,27.100000381469727,27.614999771118164,1353800,27.864999771118164,27.594999313354492,16.15260124206543
15-02-2005,27.125,27.6200008392334,1000000,27.81999969482422,27.485000610351562,16.088211059570312
16-02-2005,27.420000076293945,27.46500015258789,496400,27.735000610351562,27.59000015258789,16.14967155456543
17-02-2005,27.399999618530273,27.5049991607666,911800,27.75,27.5,16.09699249267578
18-02-2005,26.424999237060547,27.405000686645508,1571800,27.53499984741211,26.600000381469727,15.570178031921387
22-02-2005,25.524999618530273,26.274999618530273,1967000,26.440000534057617,25.565000534057617,14.96435260772705
23-02-2005,25.2549991607666,25.594999313354492,1251200,25.899999618530273,25.55500030517578,14.958492279052734
24-02-2005,25.18000030517578,25.475000381469727,1068800,25.860000610351562,25.610000610351562,14.990692138671875
25-02-2005,25.229999542236328,25.649999618530273,844600,25.950000762939453,25.739999771118164,15.06678581237793
28-02-2005,25.530000686645508,25.7450008392334,1043400,26.420000076293945,25.625,14.999465942382812
01-03-2005,25.375,25.75,723600,26.184999465942383,25.69499969482422,15.040443420410156
02-03-2005,25.375,25.649999618530273,595800,25.8700008392334,25.454999923706055,14.899957656860352
03-03-2005,24.71500015258789,25.5,1558600,25.704999923706055,25.479999542236328,14.914600372314453
04-03-2005,25.5049991607666,25.540000915527344,2067000,26.950000762939453,25.96500015258789,15.19848346710205
07-03-2005,25.96500015258789,26.104999542236328,1270000,26.80500030517578,26.350000381469727,15.423840522766113
08-03-2005,25.875,26.239999771118164,656800,26.690000534057617,25.889999389648438,15.15458869934082
09-03-2005,25.5,25.920000076293945,572800,26.239999771118164,25.610000610351562,14.990692138671875
10-03-2005,24.959999084472656,25.825000762939453,1223400,25.825000762939453,25.295000076293945,14.806303024291992
11-03-2005,24.829999923706055,25.43000030517578,1354200,25.78499984741211,25.0049991607666,14.636555671691895
14-03-2005,24.739999771118164,25.0,593600,25.19499969482422,25.094999313354492,14.689238548278809
15-03-2005,23.139999389648438,25.125,3124600,25.145000457763672,24.0,14.048280715942383
16-03-2005,23.264999389648438,23.5,1530600,23.959999084472656,23.469999313354492,13.73805046081543
17-03-2005,23.149999618530273,23.399999618530273,2273800,24.850000381469727,24.190000534057617,14.159500122070312
18-03-2005,23.84000015258789,24.06999969482422,1298800,24.614999771118164,24.079999923706055,14.095108032226562
21-03-2005,23.905000686645508,24.209999084472656,902600,24.43000030517578,23.940000534057617,14.013165473937988
22-03-2005,23.309999465942383,24.0,1153000,24.235000610351562,23.5049991607666,13.758530616760254
23-03-2005,23.299999237060547,23.389999389648438,694200,24.014999389648438,23.81999969482422,13.942920684814453
24-03-2005,23.655000686645508,24.0049991607666,904000,24.139999389648438,23.69499969482422,13.869747161865234
28-03-2005,21.770000457763672,23.6299991607666,3036000,23.6299991607666,22.329999923706055,13.070755004882812
29-03-2005,21.875,22.170000076293945,1598200,22.700000762939453,22.420000076293945,13.123432159423828
30-03-2005,22.5,22.5,1098800,22.885000228881836,22.844999313354492,13.372207641601562
31-03-2005,22.815000534057617,22.940000534057617,1266200,23.399999618530273,23.15999984741211,13.556595802307129
01-04-2005,22.364999771118164,23.434999465942383,1270600,23.635000228881836,22.5,13.170267105102539
04-04-2005,22.184999465942383,22.530000686645508,1058200,22.889999389648438,22.719999313354492,13.299042701721191
05-04-2005,22.559999465942383,22.719999313354492,655400,23.059999465942383,23.010000228881836,13.468792915344238
06-04-2005,22.989999771118164,23.190000534057617,1190400,23.540000915527344,23.135000228881836,13.541960716247559
07-04-2005,22.584999084472656,23.010000228881836,2234600,23.045000076293945,22.735000610351562,13.307826042175293
08-04-2005,22.75,22.8799991607666,887800,23.235000610351562,22.899999618530273,13.404401779174805
11-04-2005,22.5,22.9950008392334,649800,23.059999465942383,22.764999389648438,13.325382232666016
12-04-2005,22.309999465942383,22.625,853200,23.125,23.065000534057617,13.500983238220215
13-04-2005,22.950000762939453,23.225000381469727,925000,23.3700008392334,23.059999465942383,13.498058319091797
14-04-2005,22.514999389648438,23.219999313354492,844600,23.329999923706055,22.584999084472656,13.220023155212402
15-04-2005,21.7450008392334,22.424999237060547,1923400,22.68000030517578,21.795000076293945,12.757596969604492
18-04-2005,21.219999313354492,21.725000381469727,2324800,22.084999084472656,21.459999084472656,12.561505317687988
19-04-2005,21.329999923706055,21.594999313354492,1061800,21.920000076293945,21.559999465942383,12.620038986206055
20-04-2005,21.5049991607666,21.690000534057617,1443000,22.170000076293945,21.510000228881836,12.590773582458496
21-04-2005,21.514999389648438,21.790000915527344,1529000,21.975000381469727,21.854999542236328,12.79272174835205
22-04-2005,21.489999771118164,21.770000457763672,1333600,21.905000686645508,21.635000228881836,12.66394329071045
25-04-2005,21.690000534057617,21.84000015258789,647400,21.96500015258789,21.899999618530273,12.819059371948242
26-04-2005,21.71500015258789,22.0,1574400,22.329999923706055,21.764999389648438,12.740038871765137
27-04-2005,19.954999923706055,20.625,5905400,21.299999237060547,21.114999771118164,12.359562873840332
28-04-2005,20.125,20.975000381469727,2731600,20.975000381469727,20.28499984741211,11.87372875213623
29-04-2005,19.520000457763672,20.350000381469727,2567800,20.59000015258789,19.75,11.560565948486328
02-05-2005,19.739999771118164,19.985000610351562,1588000,20.530000686645508,20.2450008392334,11.85031509399414
03-05-2005,20.104999542236328,20.34000015258789,800400,20.524999618530273,20.360000610351562,11.917630195617676
04-05-2005,20.024999618530273,20.5049991607666,810200,20.594999313354492,20.360000610351562,11.917630195617676
05-05-2005,20.045000076293945,20.520000457763672,1152000,20.530000686645508,20.375,11.926407814025879
06-05-2005,20.399999618530273,20.6200008392334,863600,20.979999542236328,20.959999084472656,12.268836975097656
09-05-2005,20.475000381469727,20.969999313354492,869400,21.0,20.700000762939453,12.116644859313965
10-05-2005,20.5,20.594999313354492,1378000,21.315000534057617,21.299999237060547,12.467852592468262
11-05-2005,21.145000457763672,21.21500015258789,1457600,21.889999389648438,21.665000915527344,12.681503295898438
12-05-2005,21.084999084472656,21.844999313354492,1014600,21.860000610351562,21.2450008392334,12.43565559387207
13-05-2005,21.145000457763672,21.2450008392334,587000,21.579999923706055,21.364999771118164,12.50589656829834
16-05-2005,20.764999389648438,21.610000610351562,957000,21.674999237060547,21.125,12.365412712097168
17-05-2005,20.895000457763672,21.15999984741211,628600,21.219999313354492,21.149999618530273,12.380050659179688
18-05-2005,21.149999618530273,21.149999618530273,2251000,22.399999618530273,22.024999618530273,12.892226219177246
19-05-2005,21.885000228881836,22.200000762939453,1281000,22.299999237060547,21.915000915527344,12.827841758728027
20-05-2005,21.899999618530273,22.010000228881836,566600,22.25,22.200000762939453,12.994658470153809
23-05-2005,22.170000076293945,22.5,1303400,22.69499969482422,22.635000228881836,13.249287605285645
24-05-2005,21.825000762939453,22.510000228881836,1851400,22.700000762939453,21.989999771118164,12.87173843383789
25-05-2005,21.43000030517578,22.145000457763672,737600,22.145000457763672,21.549999237060547,12.614185333251953
26-05-2005,21.475000381469727,21.549999237060547,1128600,22.2450008392334,21.90999984741211,12.82491397857666
27-05-2005,21.75,22.065000534057617,1241800,22.260000228881836,22.170000076293945,12.977104187011719
31-05-2005,22.075000762939453,22.28499984741211,555400,22.565000534057617,22.174999237060547,12.980030059814453
01-06-2005,22.05500030517578,22.30500030517578,739000,22.565000534057617,22.364999771118164,13.091241836547852
02-06-2005,22.030000686645508,22.575000762939453,698400,22.600000381469727,22.125,12.95075798034668
03-06-2005,21.704999923706055,22.19499969482422,579800,22.25,21.71500015258789,12.710771560668945
06-06-2005,21.600000381469727,21.815000534057617,525000,22.05500030517578,21.665000915527344,12.681503295898438
07-06-2005,21.104999542236328,21.649999618530273,1356000,21.700000762939453,21.2549991607666,12.441509246826172
08-06-2005,21.09000015258789,21.1200008392334,790000,21.549999237060547,21.145000457763672,12.37712287902832
09-06-2005,20.7549991607666,21.40999984741211,892400,21.424999237060547,21.094999313354492,12.347857475280762
10-06-2005,20.764999389648438,21.010000228881836,760200,21.200000762939453,20.885000228881836,12.224933624267578
13-06-2005,20.850000381469727,20.940000534057617,855400,21.264999389648438,21.09000015258789,12.344931602478027
14-06-2005,20.934999465942383,21.165000915527344,707800,21.270000457763672,21.0,12.292251586914062
15-06-2005,20.895000457763672,21.19499969482422,720000,21.19499969482422,21.059999465942383,12.327371597290039
16-06-2005,21.024999618530273,21.100000381469727,949000,22.059999465942383,22.0,12.877595901489258
17-06-2005,21.55500030517578,22.0,1757800,22.270000457763672,22.2549991607666,13.02685546875
20-06-2005,21.799999237060547,22.2450008392334,752200,22.395000457763672,22.059999465942383,12.912710189819336
21-06-2005,21.399999618530273,22.079999923706055,806200,22.104999542236328,21.674999237060547,12.687355041503906
22-06-2005,21.329999923706055,21.809999465942383,557400,21.889999389648438,21.815000534057617,12.769305229187012
23-06-2005,21.125,22.030000686645508,927400,22.040000915527344,21.204999923706055,12.412245750427246
24-06-2005,20.604999542236328,21.084999084472656,1200400,21.174999237060547,20.68000030517578,12.104937553405762
27-06-2005,20.520000457763672,20.55500030517578,1101000,21.040000915527344,20.53499984741211,12.020061492919922
28-06-2005,20.559999465942383,20.594999313354492,1319800,21.010000228881836,20.760000228881836,12.151762962341309
29-06-2005,20.700000762939453,20.774999618530273,757200,21.184999465942383,21.155000686645508,12.382979393005371
30-06-2005,21.2549991607666,21.385000228881836,1400800,21.674999237060547,21.375,12.511754035949707
01-07-2005,21.454999923706055,21.549999237060547,1645200,22.040000915527344,21.834999084472656,12.78100872039795
05-07-2005,21.700000762939453,21.969999313354492,882600,22.170000076293945,22.075000762939453,12.92149829864502
06-07-2005,22.024999618530273,22.065000534057617,3331200,24.15999984741211,24.09000015258789,14.10096549987793
07-07-2005,23.44499969482422,23.5,1537800,24.09000015258789,23.75,13.901947021484375
08-07-2005,23.520000457763672,23.75,1417000,24.450000762939453,24.19499969482422,14.162428855895996
11-07-2005,23.549999237060547,23.575000762939453,2083400,24.18000030517578,23.6200008392334,13.825848579406738
12-07-2005,23.155000686645508,23.700000762939453,1210600,23.8799991607666,23.704999923706055,13.875608444213867
13-07-2005,23.700000762939453,23.815000534057617,754000,24.325000762939453,23.7549991607666,13.904873847961426
14-07-2005,23.790000915527344,24.0,440200,24.235000610351562,24.040000915527344,14.071699142456055
15-07-2005,24.225000381469727,24.280000686645508,2518000,25.274999618530273,25.219999313354492,14.762404441833496
18-07-2005,24.295000076293945,25.184999465942383,1247200,25.184999465942383,25.0049991607666,14.636555671691895
19-07-2005,24.559999465942383,25.09000015258789,909200,25.399999618530273,25.270000457763672,14.79167366027832
20-07-2005,25.094999313354492,25.200000762939453,1592800,26.424999237060547,26.270000457763672,15.3770170211792
21-07-2005,25.739999771118164,26.149999618530273,1009200,26.59000015258789,26.020000457763672,15.23067569732666
22-07-2005,25.5049991607666,25.975000381469727,839800,26.21500015258789,25.635000228881836,15.005321502685547
25-07-2005,25.420000076293945,25.975000381469727,559800,26.0,25.645000457763672,15.011173248291016
26-07-2005,25.635000228881836,25.790000915527344,1424000,26.604999542236328,26.280000686645508,15.3828706741333
27-07-2005,27.125,28.565000534057617,8761400,28.725000381469727,27.44499969482422,16.06479835510254
28-07-2005,27.020000457763672,27.655000686645508,1389000,27.674999237060547,27.30500030517578,15.982847213745117
29-07-2005,27.149999618530273,27.44499969482422,1161600,27.645000457763672,27.44499969482422,16.06479835510254
01-08-2005,27.225000381469727,27.55500030517578,884600,27.75,27.565000534057617,16.135042190551758
02-08-2005,27.139999389648438,27.450000762939453,1010000,27.75,27.3700008392334,16.020898818969727
03-08-2005,26.764999389648438,27.184999465942383,1143400,27.540000915527344,27.010000228881836,15.810171127319336
04-08-2005,25.954999923706055,26.885000228881836,1557200,27.084999084472656,26.1200008392334,15.289216995239258
05-08-2005,26.0049991607666,26.139999389648438,1121200,27.024999618530273,26.514999389648438,15.520426750183105
08-08-2005,26.55500030517578,26.729999542236328,1150400,27.0,26.834999084472656,15.707735061645508
09-08-2005,26.96500015258789,26.985000610351562,1297400,27.59000015258789,27.5,16.09699249267578
10-08-2005,27.5,27.5,1606800,27.899999618530273,27.59000015258789,16.14967155456543
11-08-2005,27.75,27.799999237060547,1357600,28.4950008392334,28.375,16.609172821044922
12-08-2005,27.80500030517578,28.31999969482422,1346800,28.395000457763672,28.114999771118164,16.45697593688965
15-08-2005,27.885000228881836,28.104999542236328,869600,28.454999923706055,28.364999771118164,16.60331153869629
16-08-2005,27.235000610351562,28.375,1351600,28.3799991607666,27.399999618530273,16.0384578704834
17-08-2005,27.31999969482422,27.364999771118164,793200,27.739999771118164,27.454999923706055,16.07065200805664
18-08-2005,27.315000534057617,27.424999237060547,1057600,27.889999389648438,27.524999618530273,16.111621856689453
19-08-2005,27.28499984741211,27.524999618530273,889400,27.90999984741211,27.825000762939453,16.2872257232666
22-08-2005,27.815000534057617,27.9950008392334,704200,28.25,27.9950008392334,16.38673210144043
23-08-2005,28.040000915527344,28.040000915527344,880000,28.389999389648438,28.165000915527344,16.486242294311523
24-08-2005,27.834999084472656,28.204999923706055,960800,28.809999465942383,27.979999542236328,16.377954483032227
25-08-2005,27.860000610351562,27.860000610351562,540000,28.709999084472656,28.059999465942383,16.424787521362305
26-08-2005,27.774999618530273,28.0,801800,28.280000686645508,27.799999237060547,16.272594451904297
29-08-2005,27.584999084472656,27.799999237060547,736200,28.114999771118164,27.93000030517578,16.348682403564453
30-08-2005,27.735000610351562,27.735000610351562,876800,28.299999237060547,28.2549991607666,16.538923263549805
31-08-2005,28.135000228881836,28.229999542236328,1223800,28.950000762939453,28.950000762939453,16.94573974609375
01-09-2005,28.774999618530273,28.94499969482422,1270400,29.454999923706055,29.3799991607666,17.197446823120117
02-09-2005,29.225000381469727,29.25,1013800,29.96500015258789,29.709999084472656,17.390594482421875
06-09-2005,29.709999084472656,29.895000457763672,769400,30.0,29.979999542236328,17.548641204833984
07-09-2005,29.815000534057617,29.815000534057617,624000,30.045000076293945,29.975000381469727,17.545719146728516
08-09-2005,30.049999237060547,30.174999237060547,1258600,30.46500015258789,30.344999313354492,17.762304306030273
09-09-2005,30.204999923706055,30.219999313354492,2057400,31.299999237060547,31.165000915527344,18.242277145385742
12-09-2005,31.145000457763672,31.235000610351562,1247000,31.739999771118164,31.6299991607666,18.51446533203125
13-09-2005,31.290000915527344,31.524999618530273,2960200,32.5,32.31999969482422,18.918357849121094
14-09-2005,31.670000076293945,32.29499816894531,1618200,32.474998474121094,32.0,18.731042861938477
15-09-2005,32.060001373291016,32.06999969482422,1258000,32.48500061035156,32.39500045776367,18.962255477905273
16-09-2005,32.224998474121094,32.27000045776367,2817800,33.57500076293945,33.470001220703125,19.591495513916016
19-09-2005,33.3849983215332,33.529998779296875,2124800,33.70000076293945,33.66999816894531,19.708568572998047
20-09-2005,33.05500030517578,33.70000076293945,2212400,33.95000076293945,33.09000015258789,19.36907386779785
21-09-2005,30.84000015258789,33.209999084472656,3825600,33.209999084472656,31.454999923706055,18.412031173706055
22-09-2005,30.575000762939453,31.5,2542400,31.600000381469727,30.80500030517578,18.031557083129883
23-09-2005,31.0,31.219999313354492,1772800,31.700000762939453,31.114999771118164,18.2130184173584
26-09-2005,30.329999923706055,31.174999237060547,1989600,32.060001373291016,30.809999465942383,18.034488677978516
27-09-2005,30.375,31.010000228881836,2524600,31.799999237060547,31.350000381469727,18.350576400756836
28-09-2005,30.360000610351562,31.274999618530273,1945800,32.0099983215332,31.09000015258789,18.198379516601562
29-09-2005,31.075000762939453,31.084999084472656,3764200,33.66999816894531,33.34000015258789,19.515411376953125
30-09-2005,33.244998931884766,33.45000076293945,2821000,34.040000915527344,33.915000915527344,19.85198211669922
03-10-2005,34.0099983215332,34.36000061035156,3163400,35.21500015258789,35.20500183105469,20.60708236694336
04-10-2005,34.45500183105469,35.21500015258789,2045200,35.34000015258789,34.67499923706055,20.29684066772461
05-10-2005,33.0099983215332,34.474998474121094,2220000,34.5,33.244998931884766,19.45979881286621
06-10-2005,32.779998779296875,33.28499984741211,1914200,33.709999084472656,33.154998779296875,19.4071102142334
07-10-2005,33.0,33.130001068115234,1191200,33.44499969482422,33.025001525878906,19.331024169921875
10-10-2005,32.625,33.20000076293945,1084400,33.349998474121094,32.76499938964844,19.178834915161133
11-10-2005,31.875,33.10499954223633,3437600,33.10499954223633,32.525001525878906,19.038354873657227
12-10-2005,31.020000457763672,32.54499816894531,2408800,32.57500076293945,31.2549991607666,18.294965744018555
13-10-2005,30.549999237060547,31.350000381469727,2909400,32.1150016784668,31.225000381469727,18.277402877807617
14-10-2005,30.53499984741211,31.475000381469727,1650000,31.9950008392334,31.93000030517578,18.690067291259766
17-10-2005,31.334999084472656,32.05500030517578,747800,32.224998474121094,31.520000457763672,18.4500789642334
18-10-2005,30.84000015258789,31.5,1282400,32.084999084472656,31.584999084472656,18.488122940063477
19-10-2005,31.0049991607666,31.565000534057617,1455200,32.39500045776367,32.349998474121094,18.935911178588867
20-10-2005,31.739999771118164,31.75,1774800,32.790000915527344,32.10499954223633,18.79250144958496
21-10-2005,32.0,32.470001220703125,1749600,32.83000183105469,32.79999923706055,19.19931983947754
24-10-2005,32.125,32.849998474121094,1608800,33.790000915527344,33.790000915527344,19.778810501098633
25-10-2005,33.334999084472656,33.974998474121094,1843200,34.01499938964844,33.7400016784668,19.74954605102539
26-10-2005,28.375,32.974998474121094,12743400,33.0,29.75,17.41401481628418
27-10-2005,27.770000457763672,29.260000228881836,4122000,29.59000015258789,28.225000381469727,16.5213680267334
28-10-2005,27.80500030517578,28.635000228881836,2923200,29.190000534057617,28.55500030517578,16.71453094482422
31-10-2005,28.25,28.979999542236328,2303600,29.375,28.71500015258789,16.808183670043945
01-11-2005,27.950000762939453,28.780000686645508,2079600,29.0049991607666,28.09000015258789,16.44234848022461
02-11-2005,27.575000762939453,28.09000015258789,2676600,28.149999618530273,27.670000076293945,16.196495056152344
03-11-2005,28.065000534057617,28.100000381469727,2526400,28.8799991607666,28.864999771118164,16.895986557006836
04-11-2005,28.024999618530273,28.954999923706055,1696400,29.049999237060547,28.385000228881836,16.615026473999023
07-11-2005,27.05500030517578,28.354999542236328,3002400,28.69499969482422,27.415000915527344,16.0472354888916
08-11-2005,27.174999237060547,27.18000030517578,1582600,27.899999618530273,27.31999969482422,15.991625785827637
09-11-2005,27.479999542236328,27.594999313354492,1094200,27.924999237060547,27.790000915527344,16.266742706298828
10-11-2005,27.575000762939453,27.950000762939453,1382800,28.65999984741211,28.545000076293945,16.70867919921875
11-11-2005,28.299999237060547,28.55500030517578,1407400,29.0,28.639999389648438,16.7642822265625
14-11-2005,28.645000457763672,28.684999465942383,1697200,29.479999542236328,29.0,16.97500991821289
15-11-2005,28.489999771118164,29.28499984741211,1602800,29.469999313354492,28.665000915527344,16.778921127319336
16-11-2005,28.665000915527344,28.719999313354492,888000,29.0,28.850000381469727,16.887203216552734
17-11-2005,28.704999923706055,29.0,1053000,29.510000228881836,29.5049991607666,17.270606994628906
18-11-2005,29.549999237060547,29.799999237060547,3521600,30.940000534057617,30.575000762939453,17.896926879882812
21-11-2005,30.325000762939453,30.844999313354492,1518400,31.0,30.934999465942383,18.10764503479004
22-11-2005,29.614999771118164,30.854999542236328,2022000,30.93000030517578,30.864999771118164,18.066680908203125
23-11-2005,29.200000762939453,30.889999389648438,1948400,30.895000457763672,29.895000457763672,17.498889923095703
25-11-2005,29.204999923706055,29.81999969482422,697200,30.030000686645508,29.924999237060547,17.516448974609375
28-11-2005,28.7549991607666,29.885000228881836,1964200,30.1200008392334,28.864999771118164,16.895986557006836
29-11-2005,27.815000534057617,29.110000610351562,2146200,29.315000534057617,27.899999618530273,16.473804473876953
30-11-2005,26.985000610351562,27.875,3513200,27.9950008392334,27.549999237060547,16.26714515686035
01-12-2005,27.600000381469727,27.770000457763672,2563600,28.75,28.125,16.60666275024414
02-12-2005,27.989999771118164,28.309999465942383,2051000,29.0,28.954999923706055,17.09674072265625
05-12-2005,29.190000534057617,29.895000457763672,2414000,30.489999771118164,29.520000457763672,17.430355072021484
06-12-2005,29.010000228881836,29.584999084472656,1468000,29.8799991607666,29.100000381469727,17.182357788085938
07-12-2005,28.780000686645508,29.010000228881836,1631000,29.739999771118164,29.69499969482422,17.533679962158203
08-12-2005,29.334999084472656,29.969999313354492,1644800,30.225000381469727,29.399999618530273,17.359498977661133
09-12-2005,28.920000076293945,29.3700008392334,1201000,29.610000610351562,29.18000030517578,17.22959327697754
12-12-2005,29.625,29.774999618530273,2010800,30.5,30.420000076293945,17.96176528930664
13-12-2005,30.274999618530273,30.420000076293945,3983400,31.899999618530273,31.770000457763672,18.758882522583008
14-12-2005,31.200000762939453,31.875,1714000,31.934999465942383,31.7450008392334,18.744123458862305
15-12-2005,30.924999237060547,32.0,1467200,32.02000045776367,31.100000381469727,18.36328125
16-12-2005,30.315000534057617,30.899999618530273,3677800,31.0,30.520000457763672,18.020814895629883
19-12-2005,30.489999771118164,30.489999771118164,1795400,31.18000030517578,30.674999237060547,18.11233139038086
20-12-2005,30.295000076293945,30.8700008392334,1488200,30.90999984741211,30.690000534057617,18.121187210083008
21-12-2005,30.200000762939453,30.829999923706055,1733800,31.625,31.395000457763672,18.5374698638916
22-12-2005,31.350000381469727,31.399999618530273,8012600,34.380001068115234,34.150001525878906,20.1641788482666
23-12-2005,33.25,34.150001525878906,2808400,34.35499954223633,34.28499984741211,20.24388885498047
27-12-2005,32.939998626708984,34.189998626708984,1264000,34.32500076293945,33.21500015258789,19.612102508544922
28-12-2005,32.55500030517578,33.21500015258789,1433800,33.30500030517578,32.834999084472656,19.387725830078125
29-12-2005,32.040000915527344,32.75,1324000,32.79999923706055,32.41999816894531,19.14267921447754
30-12-2005,31.860000610351562,32.130001068115234,3711400,34.439998626708984,33.17499923706055,19.58847999572754
03-01-2006,32.7400016784668,33.470001220703125,2263000,33.810001373291016,33.68000030517578,19.886659622192383
04-01-2006,31.399999618530273,32.6349983215332,5175600,32.84000015258789,32.77000045776367,19.349340438842773
05-01-2006,31.78499984741211,32.810001373291016,2273600,32.974998474121094,31.96500015258789,18.874025344848633
06-01-2006,31.81999969482422,32.244998931884766,2355000,33.45000076293945,33.38999938964844,19.715429306030273
09-01-2006,32.845001220703125,33.5,1959600,34.07500076293945,33.470001220703125,19.762664794921875
10-01-2006,32.040000915527344,33.3849983215332,2197400,33.599998474121094,32.375,19.116113662719727
11-01-2006,31.65999984741211,32.400001525878906,3079400,32.92499923706055,31.959999084472656,18.871074676513672
12-01-2006,31.149999618530273,31.850000381469727,2317000,32.290000915527344,31.844999313354492,18.80316734313965
13-01-2006,30.56999969482422,31.875,2976600,32.16999816894531,31.469999313354492,18.581745147705078
17-01-2006,30.5,31.469999313354492,1550800,31.594999313354492,30.700000762939453,18.12709617614746
18-01-2006,29.90999984741211,30.0,2312600,30.899999618530273,30.725000381469727,18.141855239868164
19-01-2006,29.950000762939453,30.6299991607666,2870400,30.950000762939453,30.450000762939453,17.979482650756836
20-01-2006,29.75,30.25,2349200,30.94499969482422,29.899999618530273,17.65473175048828
23-01-2006,29.94499969482422,29.94499969482422,2089600,30.575000762939453,30.524999618530273,18.023759841918945
24-01-2006,30.514999389648438,30.514999389648438,3762800,32.33000183105469,32.185001373291016,19.00392723083496
25-01-2006,31.15999984741211,32.20000076293945,2650800,32.75,31.520000457763672,18.611276626586914
26-01-2006,30.579999923706055,30.68000030517578,1778400,31.950000762939453,31.625,18.67327117919922
27-01-2006,31.5,31.545000076293945,1822600,33.11000061035156,32.119998931884766,18.965545654296875
30-01-2006,31.600000381469727,32.34000015258789,1266400,32.665000915527344,31.704999923706055,18.720502853393555
31-01-2006,30.829999923706055,31.864999771118164,958200,31.864999771118164,31.104999542236328,18.366228103637695
01-02-2006,30.549999237060547,30.8700008392334,1105800,31.31999969482422,31.104999542236328,18.366228103637695
02-02-2006,31.399999618530273,31.399999618530273,4993600,32.75,32.209999084472656,19.018686294555664
03-02-2006,31.649999618530273,32.08000183105469,4182200,33.03499984741211,31.9950008392334,18.89173698425293
06-02-2006,31.28499984741211,31.93000030517578,1288600,31.985000610351562,31.34000015258789,18.504989624023438
07-02-2006,30.415000915527344,31.510000228881836,1578000,31.959999084472656,30.735000610351562,18.147762298583984
08-02-2006,30.0,30.774999618530273,1703800,31.420000076293945,30.3700008392334,17.932241439819336
09-02-2006,30.825000762939453,30.825000762939453,2772800,33.03499984741211,32.81999969482422,19.378864288330078
10-02-2006,32.334999084472656,32.625,1555600,33.3849983215332,33.25,19.63276481628418
13-02-2006,33.35499954223633,33.459999084472656,2107400,34.0,34.0,20.07561492919922
14-02-2006,33.029998779296875,33.904998779296875,1411200,33.904998779296875,33.52000045776367,19.792192459106445
15-02-2006,32.73500061035156,33.494998931884766,1125400,33.494998931884766,32.95000076293945,19.455631256103516
16-02-2006,32.435001373291016,33.0,1309000,33.375,32.75,19.337535858154297
17-02-2006,32.560001373291016,32.82500076293945,1592400,33.349998474121094,32.65999984741211,19.284393310546875
21-02-2006,32.58000183105469,32.744998931884766,2532000,33.4900016784668,33.0,19.485153198242188
22-02-2006,31.829999923706055,35.125,17487800,35.47999954223633,32.564998626708984,19.228294372558594
23-02-2006,32.40999984741211,32.834999084472656,3356200,33.19499969482422,32.76499938964844,19.346391677856445
24-02-2006,32.525001525878906,32.834999084472656,2279000,33.525001525878906,33.5,19.78038215637207
27-02-2006,34.150001525878906,34.44499969482422,3022600,35.189998626708984,35.16999816894531,20.766448974609375
28-02-2006,34.064998626708984,35.0,1620800,35.189998626708984,34.40999984741211,20.31769561767578
01-03-2006,33.904998779296875,34.709999084472656,2018000,35.0,34.834999084472656,20.568649291992188
02-03-2006,34.529998779296875,34.939998626708984,3034600,36.349998474121094,36.349998474121094,21.463191986083984
03-03-2006,36.07500076293945,36.29999923706055,4005200,37.5099983215332,37.0,21.846988677978516
06-03-2006,37.154998779296875,37.15999984741211,3823400,38.349998474121094,37.60499954223633,22.204221725463867
07-03-2006,36.25,37.5,2304200,37.77000045776367,36.91999816894531,21.79974937438965
08-03-2006,36.095001220703125,36.689998626708984,2417400,37.66999816894531,37.39500045776367,22.080219268798828
09-03-2006,36.959999084472656,37.595001220703125,2465800,38.31999969482422,37.70000076293945,22.260313034057617
10-03-2006,37.1150016784668,37.48500061035156,783600,37.744998931884766,37.3849983215332,22.074312210083008
13-03-2006,37.125,37.400001525878906,1099000,37.68000030517578,37.33000183105469,22.04184913635254
14-03-2006,37.02000045776367,37.314998626708984,1438400,37.97999954223633,37.650001525878906,22.230785369873047
15-03-2006,37.54999923706055,37.650001525878906,2310200,38.744998931884766,38.5,22.732681274414062
16-03-2006,37.970001220703125,38.68000030517578,1219000,38.790000915527344,38.31999969482422,22.626394271850586
17-03-2006,38.2599983215332,38.2599983215332,1880400,38.98500061035156,38.54499816894531,22.759244918823242
20-03-2006,38.67499923706055,38.93000030517578,2221200,39.79999923706055,39.70500183105469,23.444183349609375
21-03-2006,39.310001373291016,39.70000076293945,3258400,40.79499816894531,40.51499938964844,23.922454833984375
22-03-2006,40.0,40.43000030517578,1498800,40.43000030517578,40.3849983215332,23.845693588256836
23-03-2006,39.29999923706055,40.28499984741211,1054200,40.28499984741211,39.900001525878906,23.5593204498291
24-03-2006,39.65999984741211,39.9900016784668,1148400,40.82500076293945,40.775001525878906,24.075969696044922
27-03-2006,40.915000915527344,40.95000076293945,3003000,42.10499954223633,42.07500076293945,24.843563079833984
28-03-2006,40.42499923706055,42.29499816894531,2916000,42.38999938964844,40.744998931884766,24.058259963989258
29-03-2006,40.584999084472656,41.07500076293945,2022600,41.459999084472656,40.689998626708984,24.025787353515625
30-03-2006,38.790000915527344,40.584999084472656,3140000,40.685001373291016,39.505001068115234,23.326091766357422
31-03-2006,39.0099983215332,39.040000915527344,2866000,40.21500015258789,39.71500015258789,23.450075149536133
03-04-2006,39.96500015258789,40.06999969482422,3341200,41.78499984741211,40.56999969482422,23.95493507385254
04-04-2006,40.04499816894531,40.77000045776367,985200,41.0,40.564998626708984,23.951974868774414
05-04-2006,40.13999938964844,40.439998626708984,1144400,41.26499938964844,40.790000915527344,24.08482551574707
06-04-2006,40.630001068115234,40.64500045776367,1061400,41.5,41.220001220703125,24.33871841430664
07-04-2006,40.900001525878906,41.30500030517578,1755800,42.060001373291016,41.1349983215332,24.288536071777344
10-04-2006,40.154998779296875,41.150001525878906,1561800,41.4900016784668,41.14500045776367,24.2944393157959
11-04-2006,40.95000076293945,41.29499816894531,811000,41.4900016784668,41.314998626708984,24.394819259643555
12-04-2006,40.915000915527344,41.314998626708984,1721400,42.334999084472656,42.130001068115234,24.876035690307617
13-04-2006,41.97999954223633,42.02000045776367,2864800,43.709999084472656,43.5,25.68497085571289
17-04-2006,42.82500076293945,43.25,1797200,43.79999923706055,42.97999954223633,25.377927780151367
18-04-2006,43.0,43.16999816894531,1689600,44.14500045776367,43.974998474121094,25.965431213378906
19-04-2006,43.5,44.125,2133800,44.54499816894531,44.0,25.980205535888672
20-04-2006,43.560001373291016,43.994998931884766,871200,44.224998474121094,43.779998779296875,25.850296020507812
21-04-2006,42.849998474121094,44.27000045776367,1180200,44.474998474121094,43.005001068115234,25.392698287963867
24-04-2006,42.80500030517578,43.400001525878906,1315200,43.54499816894531,43.02000045776367,25.401554107666016
25-04-2006,43.1349983215332,43.375,3003200,44.0,43.54499816894531,25.7115421295166
26-04-2006,42.755001068115234,43.27000045776367,1409400,43.875,43.584999084472656,25.73516082763672
27-04-2006,40.18000030517578,42.380001068115234,2279200,44.20500183105469,44.119998931884766,26.05105209350586
28-04-2006,43.07500076293945,44.45000076293945,1445600,44.45000076293945,43.18000030517578,25.496021270751953
01-05-2006,43.2599983215332,44.224998474121094,1994000,44.75,43.709999084472656,25.808963775634766
02-05-2006,43.33000183105469,44.25,1640600,44.25,43.959999084472656,25.956584930419922
03-05-2006,47.10499954223633,48.474998474121094,12038800,49.724998474121094,48.21500015258789,28.468976974487305
04-05-2006,47.290000915527344,48.279998779296875,2340000,48.45500183105469,48.05500030517578,28.37451171875
05-05-2006,47.23500061035156,48.44499969482422,2033800,48.459999084472656,47.404998779296875,27.99071502685547
08-05-2006,47.27000045776367,47.494998931884766,2525800,48.5,47.95000076293945,28.312517166137695
09-05-2006,47.83000183105469,47.834999084472656,1881000,48.8849983215332,48.834999084472656,28.835063934326172
10-05-2006,48.0,48.90999984741211,2125600,49.060001373291016,48.5,28.637264251708984
11-05-2006,48.15999984741211,48.81999969482422,3115800,50.939998626708984,48.459999084472656,28.613651275634766
12-05-2006,47.125,48.16999816894531,1732000,49.13999938964844,47.36000061035156,27.96414566040039
15-05-2006,44.375,46.8650016784668,2344400,47.584999084472656,46.10499954223633,27.223121643066406
16-05-2006,46.07500076293945,46.2599983215332,1262200,47.349998474121094,46.6349983215332,27.53606414794922
17-05-2006,43.625,46.6349983215332,2668400,46.70500183105469,43.900001525878906,25.921157836914062
18-05-2006,42.6349983215332,44.1349983215332,2588800,45.099998474121094,43.25,25.537349700927734
19-05-2006,43.060001373291016,43.25,2511800,44.724998474121094,44.6150016784668,26.343334197998047
22-05-2006,42.040000915527344,44.60499954223633,2675600,45.56999969482422,42.685001373291016,25.2037410736084
23-05-2006,43.005001068115234,43.1150016784668,1798400,44.28499984741211,43.584999084472656,25.73516082763672
24-05-2006,43.380001068115234,43.584999084472656,2317600,44.63999938964844,44.35499954223633,26.189823150634766
25-05-2006,44.70000076293945,45.0,2156400,45.625,45.47999954223633,26.854080200195312
26-05-2006,45.6349983215332,46.07500076293945,1576200,46.95000076293945,46.95000076293945,27.72205352783203
30-05-2006,45.650001525878906,46.849998474121094,2924600,47.439998626708984,46.255001068115234,27.311681747436523
31-05-2006,44.665000915527344,46.2599983215332,4078600,47.25,46.64500045776367,27.541967391967773
01-06-2006,46.29999923706055,46.5,2271200,48.60499954223633,48.560001373291016,28.672704696655273
02-06-2006,47.86000061035156,48.875,1733000,49.125,48.63999938964844,28.719928741455078
05-06-2006,46.67499923706055,48.65999984741211,1295600,48.880001068115234,46.974998474121094,27.73680877685547
06-06-2006,45.400001525878906,46.939998626708984,2266600,47.72999954223633,46.2400016784668,27.30284309387207
07-06-2006,46.18000030517578,46.415000915527344,2067800,47.540000915527344,46.47999954223633,27.444538116455078
08-06-2006,44.5,46.10499954223633,3498000,46.2599983215332,45.72999954223633,27.001693725585938
09-06-2006,45.15999984741211,46.46500015258789,1961800,47.125,45.23500061035156,26.709421157836914
12-06-2006,44.404998779296875,46.3650016784668,2294800,46.4900016784668,44.79999923706055,26.45256996154785
13-06-2006,40.30500030517578,44.505001068115234,5870200,44.77000045776367,41.779998779296875,24.66937828063965
14-06-2006,41.78499984741211,41.78499984741211,5369800,44.97999954223633,44.834999084472656,26.473228454589844
15-06-2006,44.915000915527344,45.400001525878906,4483000,47.5,46.82500076293945,27.64824867248535
16-06-2006,46.005001068115234,46.81999969482422,2838200,46.959999084472656,46.505001068115234,27.45929527282715
19-06-2006,47.0,47.349998474121094,3161600,48.11000061035156,47.18000030517578,27.857858657836914
20-06-2006,45.154998779296875,47.18000030517578,2569600,47.18000030517578,46.61000061035156,27.521297454833984
21-06-2006,46.369998931884766,46.904998779296875,3820200,49.54999923706055,48.435001373291016,28.598886489868164
22-06-2006,47.82500076293945,49.439998626708984,4087200,49.76499938964844,49.474998474121094,29.21297264099121
23-06-2006,48.55500030517578,49.654998779296875,3814000,50.80500030517578,49.16999816894531,29.03287696838379
26-06-2006,48.5,49.92499923706055,3064400,50.0,49.45500183105469,29.201154708862305
27-06-2006,48.435001373291016,49.70000076293945,2744000,50.29999923706055,48.529998779296875,28.654983520507812
28-06-2006,49.005001068115234,49.154998779296875,4316400,51.150001525878906,51.150001525878906,30.201995849609375
29-06-2006,50.880001068115234,51.5,6891600,53.95500183105469,53.775001525878906,31.75194549560547
30-06-2006,52.220001220703125,54.494998931884766,4054000,54.75,52.720001220703125,31.12900733947754
03-07-2006,52.720001220703125,53.150001525878906,1705800,53.52000045776367,53.22999954223633,31.43014144897461
05-07-2006,51.599998474121094,53.0,2521800,53.04499816894531,52.125,30.777685165405273
06-07-2006,52.119998931884766,52.459999084472656,3219400,54.099998474121094,53.2599983215332,31.447847366333008
07-07-2006,48.875,52.3650016784668,9913200,52.47999954223633,49.5,29.22771644592285
10-07-2006,48.30500030517578,50.29499816894531,4113800,50.70000076293945,48.900001525878906,28.873449325561523
11-07-2006,48.5099983215332,48.724998474121094,3116800,51.29999923706055,51.2599983215332,30.266935348510742
12-07-2006,48.94499969482422,50.92499923706055,3301000,50.92499923706055,49.20500183105469,29.053543090820312
13-07-2006,47.5,48.19499969482422,3997800,49.994998931884766,48.89500045776367,28.870492935180664
14-07-2006,47.474998474121094,48.584999084472656,2966200,49.70000076293945,48.6349983215332,28.71697998046875
17-07-2006,48.275001525878906,48.5,2797400,50.22999954223633,49.630001068115234,29.30448341369629
18-07-2006,49.3849983215332,49.98500061035156,3051800,51.0,50.595001220703125,29.8742733001709
19-07-2006,49.60499954223633,50.68000030517578,2225400,51.17499923706055,50.53499984741211,29.838855743408203
20-07-2006,48.5,50.7400016784668,2139000,51.005001068115234,48.60499954223633,28.699262619018555
21-07-2006,47.48500061035156,48.290000915527344,3040200,48.79499816894531,47.67499923706055,28.150127410888672
24-07-2006,47.82500076293945,48.13999938964844,3110800,50.4900016784668,50.095001220703125,29.57905387878418
25-07-2006,49.0,50.369998931884766,2160000,50.48500061035156,50.21500015258789,29.64990234375
26-07-2006,48.974998474121094,49.25,2530800,50.125,49.380001068115234,29.1568660736084
27-07-2006,46.03499984741211,49.095001220703125,8284800,49.095001220703125,46.45000076293945,27.426820755004883
28-07-2006,46.07500076293945,46.595001220703125,4276400,47.654998779296875,46.2400016784668,27.30284309387207
31-07-2006,46.5,46.79999923706055,3721000,48.01499938964844,47.494998931884766,28.043861389160156
01-08-2006,44.314998626708984,46.42499923706055,8913000,46.42499923706055,45.0,26.570655822753906
02-08-2006,43.07500076293945,48.79999923706055,31320800,49.40999984741211,44.06999969482422,26.021541595458984
03-08-2006,43.28499984741211,44.0,10768400,46.099998474121094,44.35499954223633,26.189823150634766
04-08-2006,42.4900016784668,45.21500015258789,7918200,45.39500045776367,43.345001220703125,25.59345245361328
07-08-2006,43.5,44.0,3616000,44.57500076293945,44.17499923706055,26.083528518676758
08-08-2006,43.244998931884766,44.415000915527344,3258400,44.625,43.584999084472656,25.73516082763672
09-08-2006,42.54999923706055,44.060001373291016,2780800,44.400001525878906,42.875,25.31593132019043
10-08-2006,42.66999816894531,43.224998474121094,2078400,43.79999923706055,43.64500045776367,25.770593643188477
11-08-2006,43.05500030517578,43.689998626708984,2337600,44.4900016784668,44.435001373291016,26.2370548248291
14-08-2006,43.595001220703125,44.665000915527344,2537200,45.349998474121094,43.599998474121094,25.744016647338867
15-08-2006,43.849998474121094,44.23500061035156,3408600,45.189998626708984,44.70000076293945,26.393529891967773
16-08-2006,45.02000045776367,45.959999084472656,2651300,46.61000061035156,46.31999969482422,27.350069046020508
17-08-2006,46.400001525878906,46.79999923706055,2544200,47.70000076293945,46.630001068115234,27.53311538696289
18-08-2006,45.529998779296875,46.70000076293945,1702800,46.81999969482422,46.20000076293945,27.279212951660156
21-08-2006,44.720001220703125,46.040000915527344,1487000,46.470001220703125,46.20000076293945,27.279212951660156
22-08-2006,45.150001525878906,45.470001220703125,1911500,46.47999954223633,45.880001068115234,27.090259552001953
23-08-2006,44.70000076293945,46.040000915527344,871000,46.310001373291016,44.90999984741211,26.517520904541016
24-08-2006,43.52000045776367,45.290000915527344,1713900,45.349998474121094,43.84000015258789,25.885726928710938
25-08-2006,43.619998931884766,43.97999954223633,1146400,44.9900016784668,44.2400016784668,26.121917724609375
28-08-2006,44.0,44.380001068115234,1302200,45.45000076293945,45.29999923706055,26.747802734375
29-08-2006,44.5,45.54999923706055,1197600,45.54999923706055,45.310001373291016,26.75370979309082
30-08-2006,45.4900016784668,45.540000915527344,1809800,46.75,46.75,27.603961944580078
31-08-2006,46.06999969482422,47.20000076293945,2463500,47.540000915527344,46.7599983215332,27.60986328125
01-09-2006,46.040000915527344,46.29999923706055,1517200,47.099998474121094,46.959999084472656,27.727954864501953
05-09-2006,46.630001068115234,47.15999984741211,1923400,47.939998626708984,47.79999923706055,28.22394371032715
06-09-2006,45.040000915527344,47.439998626708984,2274500,47.439998626708984,45.18000030517578,26.67694664001465
07-09-2006,42.40999984741211,45.0099983215332,5152100,45.130001068115234,42.59000015258789,25.14765739440918
08-09-2006,42.81999969482422,42.9900016784668,3902600,44.88999938964844,43.189998626708984,25.50193214416504
11-09-2006,41.20000076293945,43.2400016784668,3487300,43.25,42.18000030517578,24.90557098388672
12-09-2006,41.5,42.06999969482422,2644700,43.0099983215332,42.90999984741211,25.336593627929688
13-09-2006,42.720001220703125,43.04999923706055,1703700,43.79999923706055,43.29999923706055,25.566875457763672
14-09-2006,42.72999954223633,43.38999938964844,2355900,44.04999923706055,43.97999954223633,25.9683895111084
15-09-2006,43.25,44.310001373291016,4923200,44.41999816894531,43.5,25.68497085571289
18-09-2006,43.459999084472656,43.75,2008300,44.599998474121094,44.369998931884766,26.19867515563965
19-09-2006,42.5,44.0,2224400,44.04999923706055,43.119998931884766,25.46059799194336
20-09-2006,43.02000045776367,43.400001525878906,2533500,44.79999923706055,44.439998626708984,26.240001678466797
21-09-2006,44.04999923706055,44.72999954223633,2303200,45.04999923706055,44.63999938964844,26.358095169067383
22-09-2006,43.5099983215332,44.689998626708984,3165900,44.7400016784668,43.869998931884766,25.903438568115234
25-09-2006,43.41999816894531,44.29999923706055,2189900,45.18000030517578,45.060001373291016,26.6060848236084
26-09-2006,44.08000183105469,45.029998779296875,2398200,45.36000061035156,45.34000015258789,26.771421432495117
27-09-2006,45.5099983215332,45.599998474121094,4913800,47.939998626708984,47.369998931884766,27.97005271911621
28-09-2006,46.349998474121094,47.130001068115234,3718200,48.720001220703125,48.540000915527344,28.660888671875
29-09-2006,48.29999923706055,48.36000061035156,3000800,49.36000061035156,48.779998779296875,28.802600860595703
02-10-2006,47.560001373291016,48.75,2332600,48.75,47.93000030517578,28.30070686340332
03-10-2006,46.31999969482422,48.09000015258789,3115900,48.09000015258789,47.13999938964844,27.834245681762695
04-10-2006,46.810001373291016,47.099998474121094,2255800,49.13999938964844,48.95000076293945,28.902973175048828
05-10-2006,48.599998474121094,49.040000915527344,3214500,49.95000076293945,49.5,29.22771644592285
06-10-2006,48.86000061035156,49.59000015258789,2479000,50.20000076293945,49.7400016784668,29.36943244934082
09-10-2006,49.20000076293945,49.540000915527344,1562900,50.77000045776367,50.400001525878906,29.75914192199707
10-10-2006,49.849998474121094,50.220001220703125,1819200,51.0,50.65999984741211,29.91266632080078
11-10-2006,49.060001373291016,50.29999923706055,2246300,51.18000030517578,50.20000076293945,29.641042709350586
12-10-2006,50.06999969482422,50.58000183105469,1936300,51.36000061035156,50.77000045776367,29.97761344909668
13-10-2006,50.47999954223633,50.90999984741211,1449700,51.20000076293945,51.040000915527344,30.13702964782715
16-10-2006,50.81999969482422,51.189998626708984,1769000,51.70000076293945,50.95000076293945,30.083900451660156
17-10-2006,49.470001220703125,50.599998474121094,1603200,50.880001068115234,50.70000076293945,29.936283111572266
18-10-2006,49.56999969482422,51.41999816894531,1521900,51.47999954223633,49.56999969482422,29.269058227539062
19-10-2006,47.619998931884766,49.400001525878906,3216200,49.43000030517578,49.400001525878906,29.168676376342773
20-10-2006,48.36000061035156,49.58000183105469,3099100,49.61000061035156,48.95000076293945,28.902973175048828
23-10-2006,49.349998474121094,50.97999954223633,3172800,51.0,49.880001068115234,29.452104568481445
24-10-2006,49.630001068115234,50.0,1602900,50.9900016784668,50.619998931884766,29.889041900634766
25-10-2006,51.099998474121094,51.13999938964844,2813500,53.0,52.90999984741211,31.241180419921875
26-10-2006,53.0,54.310001373291016,3494200,55.08000183105469,54.869998931884766,32.398502349853516
27-10-2006,52.369998931884766,54.4900016784668,3497600,55.58000183105469,52.88999938964844,31.229385375976562
30-10-2006,52.150001525878906,52.95000076293945,2609600,54.0,52.560001373291016,31.034542083740234
31-10-2006,52.25,52.9900016784668,3482900,53.7599983215332,53.40999984741211,31.536428451538086
01-11-2006,44.79999923706055,46.560001373291016,26861500,47.0,44.97999954223633,26.558849334716797
02-11-2006,44.529998779296875,45.599998474121094,8846500,46.95000076293945,46.5,27.456344604492188
03-11-2006,45.849998474121094,46.7400016784668,4089400,47.34000015258789,46.56999969482422,27.497678756713867
06-11-2006,46.56999969482422,47.400001525878906,3047800,48.290000915527344,47.189998626708984,27.863759994506836
07-11-2006,47.0,47.349998474121094,2526300,47.9900016784668,47.040000915527344,27.77520179748535
08-11-2006,46.70000076293945,46.75,2172800,48.09000015258789,47.5099983215332,28.052711486816406
09-11-2006,46.61000061035156,47.790000915527344,2163900,47.849998474121094,47.09000015258789,27.804723739624023
10-11-2006,46.08000183105469,47.16999816894531,2323200,47.16999816894531,46.279998779296875,27.326444625854492
13-11-2006,45.75,46.25,1923600,46.75,46.70000076293945,27.57445526123047
14-11-2006,46.400001525878906,46.5,2328600,48.36000061035156,48.349998474121094,28.548704147338867
15-11-2006,47.959999084472656,48.290000915527344,2068300,49.380001068115234,49.04999923706055,28.962024688720703
16-11-2006,49.290000915527344,49.4900016784668,3313200,50.59000015258789,50.5,29.818185806274414
17-11-2006,49.310001373291016,50.34000015258789,1988700,50.459999084472656,50.130001068115234,29.59970474243164
20-11-2006,48.59000015258789,49.65999984741211,2437900,50.0,48.9900016784668,28.926586151123047
21-11-2006,48.27000045776367,49.0,1600900,49.599998474121094,48.619998931884766,28.708120346069336
22-11-2006,48.060001373291016,48.880001068115234,1924500,50.0,49.279998779296875,29.097824096679688
24-11-2006,48.599998474121094,48.83000183105469,715600,49.779998779296875,49.02000045776367,28.944311141967773
27-11-2006,48.290000915527344,50.0099983215332,2246500,50.369998931884766,48.77000045776367,28.796689987182617
28-11-2006,48.150001525878906,48.84000015258789,1594300,49.08000183105469,48.599998474121094,28.69631004333496
29-11-2006,48.90999984741211,49.599998474121094,3482000,50.5,50.2400016784668,29.973041534423828
30-11-2006,50.25,50.25,2284400,51.08000183105469,50.88999938964844,30.36081886291504
01-12-2006,49.349998474121094,50.5,1757500,50.689998626708984,49.959999084472656,29.80598258972168
04-12-2006,49.97999954223633,50.470001220703125,2097800,50.5,50.220001220703125,29.961105346679688
05-12-2006,50.7400016784668,51.220001220703125,2699500,51.400001525878906,50.84000015258789,30.33098602294922
06-12-2006,50.5,50.75,1363700,51.349998474121094,50.970001220703125,30.40854835510254
07-12-2006,48.79999923706055,49.7400016784668,3046300,50.349998474121094,49.599998474121094,29.591209411621094
08-12-2006,48.20000076293945,49.58000183105469,2546000,49.7599983215332,49.720001220703125,29.662805557250977
11-12-2006,50.0,50.310001373291016,2378200,50.939998626708984,50.25,29.979000091552734
12-12-2006,50.08000183105469,50.25,3181200,51.88999938964844,51.439998626708984,30.68894386291504
13-12-2006,51.5,51.599998474121094,3674000,52.91999816894531,52.720001220703125,31.452594757080078
14-12-2006,52.79999923706055,53.0,2927800,54.09000015258789,53.439998626708984,31.88214111328125
15-12-2006,53.09000015258789,53.38999938964844,5245800,54.869998931884766,54.7599983215332,32.66965103149414
18-12-2006,54.470001220703125,54.900001525878906,3327900,55.70000076293945,55.369998931884766,33.0335693359375
19-12-2006,52.029998779296875,54.849998474121094,4517400,55.439998626708984,55.040000915527344,32.83669662475586
20-12-2006,53.79999923706055,54.529998779296875,1738800,55.38999938964844,54.56999969482422,32.556297302246094
21-12-2006,53.91999816894531,54.45000076293945,2166200,55.2400016784668,54.66999816894531,32.6159553527832
22-12-2006,54.130001068115234,54.79999923706055,1870700,55.34000015258789,55.15999984741211,32.908294677734375
26-12-2006,54.31999969482422,54.90999984741211,1122100,55.11000061035156,54.95000076293945,32.78300094604492
27-12-2006,55.0,55.33000183105469,1533700,55.849998474121094,55.22999954223633,32.950042724609375
28-12-2006,55.20000076293945,55.54999923706055,2662100,56.79999923706055,56.25,33.55857467651367
29-12-2006,55.54999923706055,56.18000030517578,1798700,56.88999938964844,55.65999984741211,33.206581115722656
03-01-2007,54.06999969482422,55.869998931884766,3995000,56.65999984741211,55.66999816894531,33.21254348754883
04-01-2007,54.400001525878906,55.43000030517578,2170900,55.939998626708984,55.060001373291016,32.848636627197266
05-01-2007,53.75,54.650001525878906,2645500,55.0,54.880001068115234,32.741241455078125
08-01-2007,53.06999969482422,54.529998779296875,2633900,54.63999938964844,54.0,32.21623611450195
09-01-2007,50.400001525878906,52.0,5974700,52.95000076293945,51.93000030517578,30.981271743774414
10-01-2007,51.0,51.09000015258789,2578100,52.599998474121094,52.29999923706055,31.202022552490234
11-01-2007,51.81999969482422,52.880001068115234,2350000,52.900001525878906,52.040000915527344,31.046899795532227
12-01-2007,51.5,51.849998474121094,1515700,52.59000015258789,52.29999923706055,31.202022552490234
16-01-2007,51.439998626708984,52.099998474121094,2336600,52.20000076293945,52.11000061035156,31.08867645263672
17-01-2007,51.61000061035156,51.619998931884766,2346400,52.599998474121094,52.2400016784668,31.166229248046875
18-01-2007,49.650001525878906,51.869998931884766,2702700,51.95000076293945,50.130001068115234,29.907392501831055
19-01-2007,49.34000015258789,49.869998931884766,2794800,51.099998474121094,49.54999923706055,29.56136703491211
22-01-2007,48.459999084472656,49.52000045776367,2417800,49.540000915527344,49.290000915527344,29.406259536743164
23-01-2007,49.36000061035156,49.36000061035156,1602000,50.4900016784668,50.060001373291016,29.865646362304688
24-01-2007,50.0,50.41999816894531,1321500,50.58000183105469,50.43000030517578,30.08638572692871
25-01-2007,49.27000045776367,50.25,1393500,50.29999923706055,49.68000030517578,29.63894271850586
26-01-2007,48.560001373291016,49.560001373291016,2112200,49.97999954223633,49.4900016784668,29.525585174560547
29-01-2007,48.810001373291016,49.4900016784668,1588700,50.31999969482422,49.90999984741211,29.776151657104492
30-01-2007,48.79999923706055,49.970001220703125,1433400,49.970001220703125,49.189998626708984,29.346607208251953
31-01-2007,49.310001373291016,49.849998474121094,2036600,50.4900016784668,50.220001220703125,29.961105346679688
01-02-2007,49.599998474121094,50.380001068115234,1533900,51.04999923706055,49.70000076293945,29.650867462158203
02-02-2007,49.86000061035156,49.900001525878906,1919500,51.470001220703125,51.150001525878906,30.515939712524414
05-02-2007,50.41999816894531,51.150001525878906,1212600,51.29999923706055,50.90999984741211,30.372751235961914
06-02-2007,50.33000183105469,51.0,1099400,51.689998626708984,50.95000076293945,30.396621704101562
07-02-2007,50.77000045776367,51.099998474121094,1806800,51.75,51.70000076293945,30.844051361083984
08-02-2007,51.540000915527344,51.540000915527344,2081600,53.15999984741211,53.150001525878906,31.70912742614746
09-02-2007,51.97999954223633,53.16999816894531,2040100,53.27000045776367,52.2599983215332,31.17815589904785
12-02-2007,51.130001068115234,51.52000045776367,2634500,52.470001220703125,51.84000015258789,30.927576065063477
13-02-2007,51.880001068115234,52.099998474121094,2598700,52.90999984741211,52.709999084472656,31.44661521911621
14-02-2007,55.11000061035156,58.25,19819700,59.29999923706055,57.0,34.00602722167969
15-02-2007,56.27000045776367,56.900001525878906,4223300,58.5,56.5,33.70772171020508
16-02-2007,54.7599983215332,56.400001525878906,3458300,56.470001220703125,55.77000045776367,33.27220916748047
20-02-2007,56.43000030517578,56.81999969482422,5140400,58.810001373291016,57.65999984741211,34.399784088134766
21-02-2007,56.790000915527344,57.959999084472656,2324100,58.400001525878906,57.18000030517578,34.113407135009766
22-02-2007,56.029998779296875,57.47999954223633,2303900,57.93000030517578,56.689998626708984,33.82107162475586
23-02-2007,56.86000061035156,56.9900016784668,1665100,57.79999923706055,57.4900016784668,34.298362731933594
26-02-2007,56.75,58.2400016784668,2611000,59.09000015258789,57.189998626708984,34.11937713623047
27-02-2007,54.189998626708984,55.849998474121094,2971500,56.29999923706055,54.189998626708984,32.32958984375
28-02-2007,54.04999923706055,54.95000076293945,2509600,55.7400016784668,54.7599983215332,32.66965103149414
01-03-2007,52.0,53.20000076293945,2984300,54.7599983215332,53.83000183105469,32.11479568481445
02-03-2007,52.02000045776367,53.630001068115234,2098100,53.970001220703125,52.04999923706055,31.052860260009766
05-03-2007,51.130001068115234,51.66999816894531,2142500,52.59000015258789,51.22999954223633,30.563671112060547
06-03-2007,52.060001373291016,52.45000076293945,1808000,53.31999969482422,52.72999954223633,31.458560943603516
07-03-2007,50.0099983215332,52.72999954223633,2602400,52.86000061035156,51.68000030517578,30.83213996887207
08-03-2007,52.2400016784668,52.61000061035156,2007200,53.25,52.72999954223633,31.458560943603516
09-03-2007,52.099998474121094,53.400001525878906,1308700,53.630001068115234,52.47999954223633,31.309419631958008
12-03-2007,52.380001068115234,52.380001068115234,1188800,53.47999954223633,53.47999954223633,31.906007766723633
13-03-2007,52.4900016784668,52.83000183105469,2183300,53.52000045776367,52.4900016784668,31.315378189086914
14-03-2007,52.11000061035156,52.45000076293945,1671800,53.56999969482422,53.34000015258789,31.822479248046875
15-03-2007,53.0099983215332,53.04999923706055,1628900,53.9900016784668,53.56999969482422,31.959705352783203
16-03-2007,53.279998779296875,53.560001373291016,2019800,54.4900016784668,53.7599983215332,32.073055267333984
19-03-2007,53.849998474121094,54.25,1642400,54.83000183105469,54.5099983215332,32.52049255371094
20-03-2007,54.5099983215332,54.72999954223633,1260500,55.029998779296875,54.869998931884766,32.73527526855469
21-03-2007,54.709999084472656,55.0,1620100,55.79999923706055,55.79999923706055,33.29010009765625
22-03-2007,55.310001373291016,55.959999084472656,1400600,56.06999969482422,55.83000183105469,33.30801010131836
23-03-2007,55.349998474121094,55.86000061035156,900100,56.150001525878906,55.63999938964844,33.19465255737305
26-03-2007,54.29999923706055,55.599998474121094,1495800,55.599998474121094,55.06999969482422,32.85458755493164
27-03-2007,54.2599983215332,54.849998474121094,1102200,55.150001525878906,54.34000015258789,32.4190788269043
28-03-2007,53.79999923706055,54.290000915527344,1530400,54.84000015258789,53.86000061035156,32.13271713256836
29-03-2007,53.77000045776367,54.31999969482422,1710100,55.34000015258789,54.290000915527344,32.38925552368164
30-03-2007,53.86000061035156,54.29999923706055,1426400,54.470001220703125,54.150001525878906,32.30571746826172
02-04-2007,54.0099983215332,54.2599983215332,1034200,54.54999923706055,54.29999923706055,32.39522171020508
03-04-2007,54.349998474121094,54.689998626708984,1031700,55.119998931884766,54.810001373291016,32.699485778808594
04-04-2007,53.79999923706055,54.720001220703125,1528400,54.790000915527344,54.029998779296875,32.23412322998047
05-04-2007,53.90999984741211,53.95000076293945,1093400,54.25,54.06999969482422,32.257991790771484
09-04-2007,53.689998626708984,54.349998474121094,1013200,54.400001525878906,53.7599983215332,32.073055267333984
10-04-2007,53.04999923706055,53.5,1748600,53.779998779296875,53.4900016784668,31.911968231201172
11-04-2007,52.29999923706055,53.59000015258789,1202400,53.79999923706055,52.689998626708984,31.4346923828125
12-04-2007,52.18000030517578,52.75,1176400,53.54999923706055,53.38999938964844,31.8523006439209
13-04-2007,53.0099983215332,53.16999816894531,879300,53.7400016784668,53.599998474121094,31.977596282958984
16-04-2007,53.61000061035156,53.75,1070700,54.25,54.150001525878906,32.30571746826172
17-04-2007,53.79999923706055,54.52000045776367,1223400,54.65999984741211,54.189998626708984,32.32958984375
18-04-2007,54.0099983215332,54.04999923706055,1127300,55.06999969482422,54.70000076293945,32.63385772705078
19-04-2007,54.36000061035156,54.47999954223633,1213800,55.279998779296875,55.11000061035156,32.878456115722656
20-04-2007,54.95000076293945,55.220001220703125,1680000,55.619998931884766,55.0099983215332,32.81879806518555
23-04-2007,54.650001525878906,55.0099983215332,1088500,55.65999984741211,55.119998931884766,32.884422302246094
24-04-2007,54.70000076293945,55.150001525878906,1040400,55.5,54.81999969482422,32.705440521240234
25-04-2007,55.04999923706055,55.150001525878906,2298200,56.970001220703125,56.290000915527344,33.58244323730469
26-04-2007,55.900001525878906,56.91999816894531,2297600,58.099998474121094,57.959999084472656,34.57875061035156
27-04-2007,57.59000015258789,57.61000061035156,2339300,58.900001525878906,58.61000061035156,34.966556549072266
30-04-2007,57.90999984741211,58.61000061035156,4335100,59.70000076293945,58.189998626708984,34.715965270996094
01-05-2007,58.0,58.380001068115234,3301900,59.5,59.369998931884766,35.41997146606445
02-05-2007,55.25,55.75,8134900,58.040000915527344,56.939998626708984,33.9702262878418
03-05-2007,55.79999923706055,56.790000915527344,2130500,57.040000915527344,56.650001525878906,33.797218322753906
04-05-2007,55.150001525878906,56.70000076293945,1950000,56.970001220703125,55.45000076293945,33.08129119873047
07-05-2007,55.27000045776367,55.5,1247100,56.25,55.720001220703125,33.242374420166016
08-05-2007,54.959999084472656,55.66999816894531,1306400,55.970001220703125,55.720001220703125,33.242374420166016
09-05-2007,55.20000076293945,55.31999969482422,1354600,56.689998626708984,56.61000061035156,33.77335739135742
10-05-2007,55.25,56.459999084472656,1543400,56.599998474121094,55.560001373291016,33.14692687988281
11-05-2007,55.25,55.689998626708984,1164000,56.189998626708984,56.16999816894531,33.510841369628906
14-05-2007,55.619998931884766,56.45000076293945,1121000,56.45000076293945,56.04999923706055,33.43926239013672
15-05-2007,55.68000030517578,56.2400016784668,1473900,57.04999923706055,55.79999923706055,33.29010009765625
16-05-2007,55.310001373291016,56.310001373291016,1486600,56.400001525878906,55.7599983215332,33.26625442504883
17-05-2007,55.119998931884766,55.68000030517578,666200,56.130001068115234,55.41999816894531,33.06340789794922
18-05-2007,55.13999938964844,55.970001220703125,2094500,57.0,56.83000183105469,33.904605865478516
21-05-2007,56.150001525878906,56.25,2152300,57.939998626708984,57.400001525878906,34.244667053222656
22-05-2007,57.060001373291016,57.150001525878906,2133500,58.59000015258789,58.34000015258789,34.80547332763672
23-05-2007,58.34000015258789,58.54999923706055,3564400,60.72999954223633,60.130001068115234,35.873374938964844
24-05-2007,59.72999954223633,59.75,3489100,61.459999084472656,60.869998931884766,36.314857482910156
25-05-2007,60.0,61.0,1511000,61.0,60.09000015258789,35.84950637817383
29-05-2007,59.5,60.150001525878906,1149700,60.70000076293945,60.459999084472656,36.07026290893555
30-05-2007,59.93000030517578,60.189998626708984,4645500,65.0,64.9800033569336,38.76687240600586
31-05-2007,64.05999755859375,65.04000091552734,3107800,66.38999938964844,64.33000183105469,38.37908172607422
01-06-2007,63.810001373291016,64.5,1310800,65.04000091552734,64.97000122070312,38.76091003417969
04-06-2007,63.599998474121094,64.51000213623047,1379100,64.5999984741211,64.08000183105469,38.22993850708008
05-06-2007,63.439998626708984,63.709999084472656,1440000,64.33000183105469,63.939998626708984,38.14640808105469
06-06-2007,62.7400016784668,63.52000045776367,1425800,64.37999725341797,64.16999816894531,38.28361511230469
07-06-2007,62.43000030517578,63.68000030517578,1667100,64.30999755859375,62.65999984741211,37.38276290893555
08-06-2007,62.119998931884766,62.459999084472656,1434400,64.5,63.81999969482422,38.07481384277344
11-06-2007,64.06999969482422,64.12999725341797,2555600,66.20999908447266,66.08000183105469,39.42314147949219
12-06-2007,65.5,65.81999969482422,2172700,66.69999694824219,65.66999816894531,39.17852020263672
13-06-2007,65.7699966430664,66.3499984741211,2415100,67.44000244140625,67.43000030517578,40.228546142578125
14-06-2007,67.44000244140625,67.62999725341797,2296500,69.25,68.7699966430664,41.02798080444336
15-06-2007,68.37999725341797,69.70999908447266,2698400,69.9000015258789,69.7699966430664,41.62455749511719
18-06-2007,69.12000274658203,69.47000122070312,2866700,71.88999938964844,71.56999969482422,42.698448181152344
19-06-2007,70.5,71.5,2100900,71.97000122070312,70.94999694824219,42.328548431396484
20-06-2007,68.23999786376953,70.91999816894531,2115700,71.16999816894531,68.36000061035156,40.78337097167969
21-06-2007,68.30000305175781,68.44999694824219,2255000,70.95999908447266,70.69000244140625,42.17344665527344
22-06-2007,69.45999908447266,70.68000030517578,8082900,71.4000015258789,70.83000183105469,42.25696563720703
25-06-2007,71.0999984741211,71.38999938964844,3126500,73.75,72.3499984741211,43.163795471191406
26-06-2007,70.55000305175781,73.0,2327100,73.25,71.62000274658203,42.728271484375
27-06-2007,71.05999755859375,71.23999786376953,2590600,75.08999633789062,75.02999877929688,44.76267623901367
28-06-2007,73.3499984741211,73.68000030517578,2600100,75.66000366210938,73.41999816894531,43.80213928222656
29-06-2007,73.41999816894531,73.79000091552734,1628200,74.25,73.97000122070312,44.13026428222656
02-07-2007,73.58000183105469,74.30000305175781,2489300,76.66999816894531,76.05000305175781,45.37120819091797
03-07-2007,74.80000305175781,76.6500015258789,811100,76.66999816894531,75.18000030517578,44.85214614868164
05-07-2007,74.5,75.5,1709400,76.5,76.33999633789062,45.54420471191406
06-07-2007,76.0,76.5,1741600,77.70999908447266,77.66000366210938,46.33170700073242
09-07-2007,77.12999725341797,77.7699966430664,1652600,78.9000015258789,78.88999938964844,47.06553649902344
10-07-2007,77.58000183105469,79.23999786376953,1706900,79.63999938964844,77.91999816894531,46.4868278503418
11-07-2007,77.69000244140625,77.76000213623047,1309300,79.75,79.69000244140625,47.54280471801758
12-07-2007,79.30999755859375,80.0,2384600,82.08999633789062,81.4800033569336,48.610721588134766
13-07-2007,81.0199966430664,82.0,1232300,82.36000061035156,82.27999877929688,49.08799362182617
16-07-2007,82.0999984741211,82.47000122070312,2318700,85.05000305175781,82.73999786376953,49.362422943115234
17-07-2007,79.6500015258789,83.47000122070312,2897800,84.31999969482422,80.0,47.727752685546875
18-07-2007,77.58000183105469,79.95999908447266,2748000,80.63999938964844,79.36000061035156,47.34593200683594
19-07-2007,80.43000030517578,80.9000015258789,1988800,82.5,82.0199966430664,48.932884216308594
20-07-2007,79.4000015258789,82.01000213623047,2213400,82.01000213623047,79.70999908447266,47.55472946166992
23-07-2007,77.33000183105469,80.7300033569336,3605800,81.6500015258789,80.63999938964844,48.109588623046875
24-07-2007,79.06999969482422,80.0,1918800,81.6500015258789,80.16000366210938,47.823219299316406
25-07-2007,80.5999984741211,80.8499984741211,3604500,84.88999938964844,84.36000061035156,50.32891845703125
26-07-2007,82.80000305175781,83.2699966430664,5326600,87.0,82.80000305175781,49.398231506347656
27-07-2007,77.30000305175781,82.9000015258789,5064900,85.2300033569336,79.9000015258789,47.6681022644043
30-07-2007,80.87999725341797,81.51000213623047,3214500,85.63999938964844,85.06999969482422,50.752506256103516
31-07-2007,82.54000091552734,86.54000091552734,3873800,88.44000244140625,83.9000015258789,50.05449295043945
01-08-2007,86.75,90.01000213623047,8030500,93.18000030517578,92.61000061035156,55.25083923339844
02-08-2007,93.72000122070312,94.0,5009100,97.9800033569336,97.88999938964844,58.40088653564453
03-08-2007,96.02999877929688,97.1500015258789,5016300,100.87000274658203,98.66000366210938,58.8602409362793
06-08-2007,94.98999786376953,99.54000091552734,3910400,99.80000305175781,96.81999969482422,57.76251220703125
07-08-2007,95.08000183105469,95.6500015258789,3823800,100.6500015258789,100.33000183105469,59.856571197509766
08-08-2007,101.3499984741211,101.44000244140625,3733300,105.75,103.93000030517578,62.004337310791016
09-08-2007,100.33999633789062,101.30000305175781,3892500,104.80000305175781,102.31999969482422,61.043800354003906
10-08-2007,98.19999694824219,99.80999755859375,4012800,103.12999725341797,99.56999969482422,59.40314483642578
13-08-2007,95.5,102.13999938964844,2796700,102.13999938964844,100.26000213623047,60.268775939941406
14-08-2007,92.45999908447266,101.23999786376953,4485500,101.80000305175781,92.61000061035156,55.67017364501953
15-08-2007,90.30000305175781,92.0999984741211,4122800,94.75,91.19999694824219,54.82258987426758
16-08-2007,86.41000366210938,88.91000366210938,6253400,93.94000244140625,89.73999786376953,53.944942474365234
17-08-2007,90.95999908447266,93.52999877929688,4113300,95.19999694824219,92.33000183105469,55.50188064575195
20-08-2007,93.0999984741211,94.94999694824219,3443800,98.01000213623047,97.7300033569336,58.74794006347656
21-08-2007,98.5999984741211,99.48999786376953,4232200,103.12999725341797,102.5,61.615299224853516
22-08-2007,100.6500015258789,104.8499984741211,3276900,104.98999786376953,101.37000274658203,60.93603515625
23-08-2007,99.52999877929688,102.0,2982500,103.66999816894531,101.30000305175781,60.89394760131836
24-08-2007,100.20999908447266,100.95999908447266,2138000,104.0,104.0,62.51700973510742
27-08-2007,101.4000015258789,103.25,2163600,104.0,101.93000030517578,61.27265548706055
28-08-2007,96.20999908447266,100.83999633789062,3519800,101.93000030517578,96.37999725341797,57.93642044067383
29-08-2007,98.30999755859375,98.66999816894531,3147300,101.5999984741211,100.95999908447266,60.68955993652344
30-08-2007,99.2300033569336,99.55999755859375,3775800,103.44999694824219,102.54000091552734,61.63935470581055
31-08-2007,101.80000305175781,104.48999786376953,4576200,105.8499984741211,101.83000183105469,61.212554931640625
04-09-2007,102.12000274658203,102.5199966430664,5482200,107.23999786376953,104.44999694824219,62.78750991821289
05-09-2007,103.55999755859375,104.3499984741211,4493000,107.91999816894531,105.87000274658203,63.641082763671875
06-09-2007,106.16000366210938,108.0,3117400,108.77999877929688,107.2699966430664,64.482666015625
07-09-2007,102.5999984741211,104.38999938964844,3995300,105.9000015258789,105.26000213623047,63.27440643310547
10-09-2007,103.16000366210938,106.86000061035156,2643900,106.87000274658203,104.33999633789062,62.72135543823242
11-09-2007,104.80000305175781,105.12000274658203,2112700,107.11000061035156,106.87999725341797,64.24822235107422
12-09-2007,105.19000244140625,106.9000015258789,2600700,108.08000183105469,107.08999633789062,64.37445831298828
13-09-2007,106.31999969482422,108.0,2046100,108.5,106.7699966430664,64.18209838867188
14-09-2007,105.30000305175781,105.56999969482422,1936100,107.5,106.36000061035156,63.935638427734375
17-09-2007,104.43000030517578,106.98999786376953,2457100,107.61000061035156,104.52999877929688,62.835575103759766
18-09-2007,103.56999969482422,105.37999725341797,3735900,109.04000091552734,108.69999694824219,65.34228515625
19-09-2007,106.80000305175781,109.9000015258789,2907900,110.5,107.72000122070312,64.75315856933594
20-09-2007,105.5999984741211,107.0,2295200,107.56999969482422,106.9000015258789,64.26025390625
21-09-2007,107.05999755859375,108.08000183105469,2777800,108.94999694824219,108.69999694824219,65.34228515625
24-09-2007,108.80000305175781,109.01000213623047,3896800,115.0999984741211,115.02999877929688,69.14738464355469
25-09-2007,114.0,114.1500015258789,4230300,120.0,119.08999633789062,71.58795928955078
26-09-2007,115.25,120.52999877929688,3317100,120.52999877929688,117.25,70.48189544677734
27-09-2007,116.33999633789062,118.37999725341797,2939600,121.33999633789062,121.13999938964844,72.82026672363281
28-09-2007,118.62000274658203,119.94000244140625,3345300,122.77999877929688,119.4000015258789,71.77430725097656
01-10-2007,102.0,108.25,22746000,109.33999633789062,107.2300033569336,64.45862579345703
02-10-2007,96.9000015258789,108.08000183105469,19929900,108.16999816894531,100.0999984741211,60.17259216308594
03-10-2007,95.2699966430664,98.98999786376953,10237300,102.76000213623047,96.5199966430664,58.020572662353516
04-10-2007,96.27999877929688,97.88999938964844,9990400,102.55000305175781,100.94999694824219,60.68356704711914
05-10-2007,102.0,102.87999725341797,5631200,105.0,103.70999908447266,62.3426628112793
08-10-2007,103.12999725341797,104.55999755859375,7160900,109.0,108.45999908447266,65.19799041748047
09-10-2007,109.2699966430664,109.5199966430664,6442700,111.91000366210938,111.69999694824219,67.14567565917969
10-10-2007,109.05000305175781,112.52999877929688,4377400,112.5999984741211,111.54000091552734,67.04947662353516
11-10-2007,104.3499984741211,112.91000366210938,6609300,114.69000244140625,109.0999984741211,65.58270263671875
12-10-2007,109.5,109.5199966430664,4368200,114.0,113.98999786376953,68.52220916748047
15-10-2007,110.8499984741211,114.75,4918000,115.6500015258789,112.44000244140625,67.59048461914062
16-10-2007,108.44000244140625,110.87999725341797,4687200,112.68000030517578,112.25,67.47626495361328
17-10-2007,110.83999633789062,114.30000305175781,4231000,114.58999633789062,113.19999694824219,68.04734802246094
18-10-2007,111.68000030517578,112.87000274658203,3548200,115.66999816894531,115.13999938964844,69.21349334716797
19-10-2007,110.08999633789062,115.62999725341797,4556900,116.87000274658203,110.0999984741211,66.18385314941406
22-10-2007,109.30000305175781,109.88999938964844,5168700,115.25,115.18000030517578,69.23756408691406
23-10-2007,116.58000183105469,117.52999877929688,5314100,120.72000122070312,120.52999877929688,72.45359802246094
24-10-2007,117.04000091552734,120.76000213623047,7856600,125.68000030517578,121.80999755859375,73.2230224609375
25-10-2007,116.7300033569336,123.30000305175781,5067100,123.5,118.13999938964844,71.01687622070312
26-10-2007,116.5,119.97000122070312,4045100,120.91000366210938,117.1500015258789,70.4217758178711
29-10-2007,117.30000305175781,119.18000030517578,5741100,124.29000091552734,123.80000305175781,74.41925811767578
30-10-2007,120.31999969482422,122.98999786376953,6248500,124.75,120.4800033569336,72.42352294921875
31-10-2007,106.87999725341797,112.0,22994900,116.0,107.4000015258789,64.56080627441406
01-11-2007,97.63999938964844,104.41000366210938,15504800,105.37999725341797,100.01000213623047,60.118492126464844
02-11-2007,97.13999938964844,100.31999969482422,7069600,102.0,98.44000244140625,59.174747467041016
05-11-2007,93.9000015258789,97.37000274658203,6764200,97.94999694824219,95.08000183105469,57.15495300292969
06-11-2007,95.2699966430664,96.5,6007100,101.18000030517578,100.55999755859375,60.44911193847656
07-11-2007,88.88999938964844,96.13999938964844,11437300,96.68000030517578,89.33999633789062,53.704505920410156
08-11-2007,83.05000305175781,90.27999877929688,9037500,92.5,85.68000030517578,51.504371643066406
09-11-2007,83.41999816894531,84.0,5722000,88.80000305175781,85.8499984741211,51.60658645629883
12-11-2007,80.54000091552734,86.72000122070312,5181200,87.41000366210938,82.31999969482422,49.48460388183594
13-11-2007,83.55000305175781,84.0,4385600,86.4000015258789,86.05999755859375,51.7327995300293
14-11-2007,85.4000015258789,88.44999694824219,3739800,88.87000274658203,85.5999984741211,51.456295013427734
15-11-2007,82.4000015258789,87.87000274658203,3778000,88.7300033569336,84.0,50.494503021240234
16-11-2007,93.56999969482422,101.88999938964844,22014900,102.08000183105469,97.51000213623047,58.61567306518555
19-11-2007,92.51000213623047,99.0,5923900,99.25,93.5199966430664,56.21719741821289
20-11-2007,91.08000183105469,94.37000274658203,3931200,96.88999938964844,93.58999633789062,56.2592658996582
21-11-2007,89.80000305175781,91.27999877929688,3118700,93.80000305175781,91.19999694824219,54.82258987426758
23-11-2007,90.26000213623047,93.4000015258789,1658600,93.5,91.86000061035156,55.219322204589844
26-11-2007,94.05000305175781,94.06999969482422,9949400,101.0,96.70999908447266,58.13478088378906
27-11-2007,97.12999725341797,98.69999694824219,8535200,104.69999694824219,103.0,61.91587829589844
28-11-2007,105.5,106.12000274658203,6778000,108.23999786376953,107.94999694824219,64.89142608642578
29-11-2007,104.80999755859375,107.98999786376953,5065900,109.25,106.08000183105469,63.767333984375
30-11-2007,106.36000061035156,108.94999694824219,4608900,108.95999908447266,107.3499984741211,64.53075408935547
03-12-2007,102.06999969482422,106.36000061035156,3548200,106.83000183105469,104.02999877929688,62.535030364990234
04-12-2007,101.55999755859375,102.0999984741211,5668300,109.0999984741211,107.18000030517578,64.42855834960938
05-12-2007,107.73999786376953,109.19999694824219,3874400,110.45999908447266,108.47000122070312,65.20402526855469
06-12-2007,107.27999877929688,108.23999786376953,2723000,109.97000122070312,109.3499984741211,65.73301696777344
07-12-2007,108.5,109.8499984741211,2969900,111.97000122070312,109.2300033569336,65.660888671875
10-12-2007,109.5,110.2699966430664,2438600,112.68000030517578,111.8499984741211,67.23583221435547
11-12-2007,104.4000015258789,111.41000366210938,4704600,112.0,104.79000091552734,62.991859436035156
12-12-2007,99.44000244140625,107.81999969482422,6103900,108.54000091552734,101.7300033569336,61.15243911743164
13-12-2007,99.75,99.75,3424500,105.61000061035156,105.05999755859375,63.1541633605957
14-12-2007,103.11000061035156,103.7300033569336,2084400,107.26000213623047,104.04000091552734,62.54102325439453
17-12-2007,100.94999694824219,102.51000213623047,2902400,104.9000015258789,101.81999969482422,61.20654296875
18-12-2007,91.45999908447266,102.01000213623047,8491100,102.83000183105469,94.3499984741211,56.71614456176758
19-12-2007,93.11000061035156,95.0,3713600,97.7699966430664,96.95999908447266,58.28506088256836
20-12-2007,96.5,98.51000213623047,3236800,100.30000305175781,100.11000061035156,60.1786003112793
21-12-2007,100.62999725341797,102.16000366210938,3727900,103.19000244140625,102.5,61.615299224853516
24-12-2007,99.12999725341797,103.0,1992200,103.11000061035156,100.87000274658203,60.635475158691406
26-12-2007,99.55000305175781,99.69000244140625,1795800,103.5,103.31999969482422,62.10822296142578
27-12-2007,100.5,102.5,2046500,102.86000061035156,100.81999969482422,60.60540008544922
28-12-2007,98.56999969482422,100.73999786376953,2262200,101.91999816894531,99.16999816894531,59.61355209350586
31-12-2007,96.80000305175781,99.05999755859375,1931900,99.41999816894531,97.0,58.30910110473633
02-01-2008,91.80000305175781,94.73999786376953,4711500,95.58000183105469,92.0999984741211,55.36360549926758
03-01-2008,88.12999725341797,89.68000030517578,5269700,91.16000366210938,90.94999694824219,54.672298431396484
04-01-2008,86.7699966430664,89.4000015258789,4160300,89.86000061035156,88.44999694824219,53.16949462890625
07-01-2008,85.0999984741211,89.37999725341797,5538900,91.0,85.93000030517578,51.6546630859375
08-01-2008,79.19000244140625,85.38999938964844,6733600,87.25,80.19999694824219,48.2102165222168
09-01-2008,67.5,76.58000183105469,20949000,76.80000305175781,75.98999786376953,45.67947006225586
10-01-2008,74.72000122070312,76.5,7172100,79.33999633789062,78.0,46.88774108886719
11-01-2008,70.7300033569336,78.05999755859375,6305700,78.44999694824219,71.4000015258789,42.920310974121094
14-01-2008,68.58999633789062,70.41000366210938,7231600,71.9000015258789,69.98999786376953,42.072731018066406
15-01-2008,65.05000305175781,68.55000305175781,6939200,69.19999694824219,65.62000274658203,39.44581604003906
16-01-2008,58.9900016784668,64.7300033569336,8749900,66.79000091552734,61.900001525878906,37.20962905883789
17-01-2008,62.5,63.0099983215332,6953300,65.30999755859375,64.1500015258789,38.56215286254883
18-01-2008,62.130001068115234,65.44000244140625,5767700,67.48999786376953,62.9900016784668,37.8648567199707
22-01-2008,55.0,56.779998779296875,6901500,62.0,59.36000061035156,35.682769775390625
23-01-2008,56.869998931884766,56.900001525878906,6857900,65.41999816894531,64.5999984741211,38.8326530456543
24-01-2008,66.0,67.51000213623047,6216800,69.0,67.80999755859375,40.76227569580078
25-01-2008,64.94000244140625,70.05000305175781,4526900,70.51000213623047,64.94000244140625,39.037052154541016
28-01-2008,64.3499984741211,65.08999633789062,4025400,68.26000213623047,68.22000122070312,41.00874328613281
29-01-2008,67.98999786376953,69.0,4406700,70.30999755859375,70.20999908447266,42.20497131347656
30-01-2008,68.02999877929688,69.87999725341797,4739000,71.3499984741211,70.33999633789062,42.28312301635742
31-01-2008,68.55000305175781,68.80999755859375,5795400,72.91000366210938,72.1500015258789,43.37116622924805
01-02-2008,68.91999816894531,73.2699966430664,4445500,73.5999984741211,70.0999984741211,42.138851165771484
04-02-2008,69.08999633789062,70.83000183105469,2709100,71.0999984741211,69.66000366210938,41.874359130859375
05-02-2008,61.81999969482422,65.95999908447266,9288200,66.2300033569336,63.779998779296875,38.33974075317383
06-02-2008,63.0,64.5,4907500,66.0,63.40999984741211,38.1173210144043
07-02-2008,63.709999084472656,63.83000183105469,5389200,68.0,66.1500015258789,39.764404296875
08-02-2008,65.0,66.0999984741211,3648700,67.94000244140625,66.80999755859375,40.16115188598633
11-02-2008,64.4000015258789,67.0,4129800,67.6500015258789,66.12999725341797,39.75239181518555
12-02-2008,64.8499984741211,66.76000213623047,3390200,67.27999877929688,65.5,39.37367630004883
13-02-2008,63.040000915527344,66.19999694824219,4915600,66.94999694824219,65.6500015258789,39.46384811401367
14-02-2008,64.5199966430664,65.98999786376953,3185300,66.62000274658203,65.5199966430664,39.385704040527344
15-02-2008,63.880001068115234,64.26000213623047,4675500,66.44999694824219,66.3499984741211,39.88462829589844
19-02-2008,67.51000213623047,67.7699966430664,6778000,70.44000244140625,69.5,41.7781867980957
20-02-2008,61.880001068115234,73.0,26101000,73.29000091552734,64.47000122070312,38.7545166015625
21-02-2008,62.5,65.30000305175781,6728600,65.5,62.720001220703125,37.70255661010742
22-02-2008,63.0,64.0,5952600,64.41000366210938,63.59000015258789,38.22552490234375
25-02-2008,62.18000030517578,64.11000061035156,5803300,64.19999694824219,62.779998779296875,37.738624572753906
26-02-2008,59.5,62.04999923706055,6770900,62.810001373291016,61.779998779296875,37.13750076293945
27-02-2008,60.290000915527344,61.45000076293945,4454900,62.189998626708984,61.189998626708984,36.782833099365234
28-02-2008,60.0,60.79999923706055,3783300,62.650001525878906,60.439998626708984,36.33198928833008
29-02-2008,58.34000015258789,59.95000076293945,4369700,60.25,58.709999084472656,35.29204177856445
03-03-2008,55.45000076293945,58.599998474121094,5132900,58.83000183105469,56.83000183105469,34.16192626953125
04-03-2008,56.099998474121094,56.95000076293945,4023500,58.2599983215332,58.0,34.86524200439453
05-03-2008,56.66999816894531,58.099998474121094,3407700,58.939998626708984,57.279998779296875,34.43242263793945
06-03-2008,55.900001525878906,56.9900016784668,3185600,58.0,56.029998779296875,33.681026458740234
07-03-2008,53.20000076293945,55.5099983215332,3453200,56.79999923706055,55.13999938964844,33.14601516723633
10-03-2008,52.869998931884766,54.630001068115234,3791800,54.95000076293945,53.099998474121094,31.91972541809082
11-03-2008,53.45000076293945,54.7400016784668,3809300,56.22999954223633,56.22999954223633,33.80125427246094
12-03-2008,56.59000015258789,56.59000015258789,6504700,60.97999954223633,58.81999969482422,35.35816955566406
13-03-2008,55.02000045776367,57.45000076293945,5194700,59.25,58.63999938964844,35.24995803833008
14-03-2008,56.29999923706055,59.04999923706055,3308400,59.529998779296875,56.970001220703125,34.2460823059082
17-03-2008,53.88999938964844,54.209999084472656,3752200,58.900001525878906,57.290000915527344,34.43844985961914
18-03-2008,58.560001373291016,58.900001525878906,4447900,61.33000183105469,61.09000015258789,36.72270965576172
19-03-2008,58.779998779296875,61.220001220703125,4348100,62.380001068115234,59.15999984741211,35.56254196166992
20-03-2008,59.040000915527344,59.2400016784668,2699000,60.25,60.130001068115234,36.1456413269043
24-03-2008,60.0,60.25,3074600,62.58000183105469,62.380001068115234,37.49817657470703
25-03-2008,57.70000076293945,59.4900016784668,7197100,61.11000061035156,60.18000030517578,36.17569351196289
26-03-2008,59.40999984741211,59.790000915527344,2963500,61.41999816894531,60.88999938964844,36.602500915527344
27-03-2008,58.970001220703125,60.91999816894531,2320100,60.95000076293945,58.970001220703125,35.448333740234375
28-03-2008,55.869998931884766,59.189998626708984,4456900,59.189998626708984,56.08000183105469,33.7110710144043
31-03-2008,52.7599983215332,56.79999923706055,5590900,56.79999923706055,54.0099983215332,32.46675491333008
01-04-2008,52.81999969482422,55.099998474121094,4981800,55.33000183105469,54.849998474121094,32.97169494628906
02-04-2008,54.5,55.849998474121094,4230600,56.939998626708984,56.40999984741211,33.90945053100586
03-04-2008,50.18000030517578,50.790000915527344,24489500,55.75,52.810001373291016,31.745407104492188
04-04-2008,52.66999816894531,53.45000076293945,4802200,55.0,54.06999969482422,32.5028190612793
07-04-2008,52.52000045776367,54.619998931884766,3746600,54.81999969482422,52.70000076293945,31.679279327392578
08-04-2008,48.02000045776367,49.90999984741211,12735700,49.90999984741211,48.470001220703125,29.13652229309082
09-04-2008,45.380001068115234,48.349998474121094,8080200,48.650001525878906,45.900001525878906,27.59163475036621
10-04-2008,44.70000076293945,45.77000045776367,5383400,46.959999084472656,46.560001373291016,27.988374710083008
11-04-2008,44.5099983215332,45.25,4886200,46.189998626708984,44.83000183105469,26.948423385620117
14-04-2008,44.040000915527344,44.7400016784668,3524200,45.439998626708984,44.2599983215332,26.60578155517578
15-04-2008,42.0099983215332,44.40999984741211,4879600,45.09000015258789,43.0099983215332,25.854373931884766
16-04-2008,42.150001525878906,43.5099983215332,4155700,43.97999954223633,43.220001220703125,25.98061180114746
17-04-2008,42.349998474121094,43.5,2937800,44.08000183105469,42.5,25.547805786132812
18-04-2008,43.08000183105469,43.63999938964844,6768300,46.65999984741211,45.459999084472656,27.327136993408203
21-04-2008,44.040000915527344,45.4900016784668,3481200,45.5,45.11000061035156,27.116744995117188
22-04-2008,43.099998474121094,44.88999938964844,3240800,44.900001525878906,43.72999954223633,26.287185668945312
23-04-2008,43.77000045776367,44.25,3012800,44.900001525878906,44.52000045776367,26.76207160949707
24-04-2008,44.060001373291016,44.66999816894531,3697300,46.43000030517578,46.09000015258789,27.70584487915039
25-04-2008,45.0,46.189998626708984,2593600,46.20000076293945,46.09000015258789,27.70584487915039
28-04-2008,45.5099983215332,46.16999816894531,3987100,48.099998474121094,47.40999984741211,28.499330520629883
29-04-2008,45.70000076293945,47.58000183105469,4182000,47.83000183105469,46.439998626708984,27.916231155395508
30-04-2008,39.75,43.849998474121094,19915700,44.75,40.900001525878906,24.58601188659668
01-05-2008,39.810001373291016,40.400001525878906,6953200,43.2400016784668,43.119998931884766,25.920494079589844
02-05-2008,41.11000061035156,43.38999938964844,5273400,44.5,42.77000045776367,25.710111618041992
05-05-2008,41.54999923706055,42.099998474121094,2894100,42.5,42.11000061035156,25.313365936279297
06-05-2008,41.54999923706055,41.7400016784668,3508500,44.099998474121094,43.849998474121094,26.35931968688965
07-05-2008,42.790000915527344,44.400001525878906,2406500,44.5,42.88999938964844,25.782249450683594
08-05-2008,41.869998931884766,42.959999084472656,2414100,43.279998779296875,42.31999969482422,25.43960189819336
09-05-2008,41.68000030517578,42.130001068115234,2097100,42.779998779296875,42.08000183105469,25.295333862304688
12-05-2008,42.150001525878906,42.459999084472656,2514900,43.220001220703125,43.119998931884766,25.920494079589844
13-05-2008,42.91999816894531,43.2599983215332,2223600,43.88999938964844,43.70000076293945,26.269163131713867
14-05-2008,43.849998474121094,43.9900016784668,3960800,44.939998626708984,44.790000915527344,26.92438507080078
15-05-2008,44.83000183105469,44.9900016784668,3767900,47.20000076293945,47.20000076293945,28.37309455871582
16-05-2008,47.29999923706055,47.369998931884766,6314600,50.4900016784668,50.02000045776367,30.06827163696289
19-05-2008,47.09000015258789,49.31999969482422,4498600,49.33000183105469,47.349998474121094,28.463258743286133
20-05-2008,46.779998779296875,47.5099983215332,3204800,48.5,47.369998931884766,28.47528076171875
21-05-2008,45.20000076293945,46.650001525878906,4330900,46.9900016784668,45.900001525878906,27.59163475036621
22-05-2008,45.630001068115234,45.91999816894531,1760500,46.70000076293945,46.279998779296875,27.820049285888672
23-05-2008,45.720001220703125,46.31999969482422,2416400,48.060001373291016,47.72999954223633,28.691692352294922
27-05-2008,45.79999923706055,47.54999923706055,2446600,47.790000915527344,47.5,28.55341911315918
28-05-2008,45.5,47.29999923706055,2234400,47.34000015258789,46.220001220703125,27.783992767333984
29-05-2008,46.439998626708984,46.439998626708984,2879200,47.95000076293945,47.58000183105469,28.601531982421875
30-05-2008,46.900001525878906,47.52000045776367,2634800,48.93000030517578,48.650001525878906,29.244726181030273
02-06-2008,48.02000045776367,48.439998626708984,2889000,50.56999969482422,50.56999969482422,30.398881912231445
03-06-2008,50.91999816894531,51.0,6728800,54.90999984741211,52.869998931884766,31.781476974487305
04-06-2008,52.11000061035156,52.97999954223633,3621900,55.5,53.939998626708984,32.42467498779297
05-06-2008,51.02000045776367,54.040000915527344,3630800,54.25,52.68000030517578,31.667253494262695
06-06-2008,49.2599983215332,51.939998626708984,4503100,52.68000030517578,51.34000015258789,30.861753463745117
09-06-2008,48.56999969482422,51.7599983215332,3418700,51.939998626708984,49.59000015258789,29.809782028198242
10-06-2008,46.5,48.79999923706055,3970500,48.79999923706055,46.79999923706055,28.13263702392578
11-06-2008,44.900001525878906,46.65999984741211,2709700,47.70000076293945,45.13999938964844,27.134780883789062
12-06-2008,45.0,45.90999984741211,2605000,45.91999816894531,45.20000076293945,27.170841217041016
13-06-2008,44.54999923706055,45.38999938964844,2859200,46.29999923706055,44.90999984741211,26.99651336669922
16-06-2008,44.5,45.20000076293945,2907700,46.11000061035156,45.849998474121094,27.561573028564453
17-06-2008,43.400001525878906,46.599998474121094,3755700,46.68000030517578,43.47999954223633,26.136919021606445
18-06-2008,42.959999084472656,43.209999084472656,3507100,44.0,43.09000015258789,25.902463912963867
19-06-2008,42.5,43.43000030517578,2779800,44.91999816894531,44.470001220703125,26.732027053833008
20-06-2008,43.16999816894531,44.66999816894531,2391500,44.83000183105469,43.4900016784668,26.142925262451172
23-06-2008,42.52000045776367,43.86000061035156,1704100,43.900001525878906,42.619998931884766,25.61994743347168
24-06-2008,41.369998931884766,42.47999954223633,2605600,43.88999938964844,43.189998626708984,25.96257972717285
25-06-2008,43.02000045776367,43.33000183105469,1605600,44.040000915527344,43.66999816894531,26.251123428344727
26-06-2008,42.06999969482422,42.54999923706055,2333100,43.470001220703125,42.689998626708984,25.662012100219727
27-06-2008,42.41999816894531,42.4900016784668,3370300,44.119998931884766,44.119998931884766,26.52162742614746
30-06-2008,42.56999969482422,44.2599983215332,2361600,44.560001373291016,42.84000015258789,25.752185821533203
01-07-2008,41.709999084472656,42.04999923706055,1860800,43.0,42.939998626708984,25.812292098999023
02-07-2008,42.5099983215332,43.0,2287400,44.029998779296875,42.66999816894531,25.649995803833008
03-07-2008,41.7400016784668,42.52000045776367,1445900,42.54999923706055,41.95000076293945,25.217191696166992
07-07-2008,41.790000915527344,42.0099983215332,1710300,43.220001220703125,42.59000015258789,25.601905822753906
08-07-2008,41.880001068115234,42.43000030517578,2960000,45.099998474121094,44.099998474121094,26.509597778320312
09-07-2008,42.310001373291016,44.0,2448400,45.130001068115234,42.66999816894531,25.649995803833008
10-07-2008,41.900001525878906,42.52000045776367,2273300,43.7400016784668,43.66999816894531,26.251123428344727
11-07-2008,41.939998626708984,43.369998931884766,3127700,43.880001068115234,42.65999984741211,25.64398956298828
14-07-2008,41.7599983215332,43.099998474121094,1891100,43.9900016784668,42.04999923706055,25.277297973632812
15-07-2008,41.689998626708984,41.900001525878906,2845500,44.79999923706055,43.16999816894531,25.950557708740234
16-07-2008,43.18000030517578,43.5,3540000,46.900001525878906,46.4900016784668,27.946300506591797
17-07-2008,45.33000183105469,46.25,2160200,47.79999923706055,46.630001068115234,28.03045082092285
18-07-2008,44.9900016784668,47.189998626708984,1831900,47.189998626708984,45.040000915527344,27.07465934753418
21-07-2008,43.709999084472656,44.900001525878906,4050500,46.880001068115234,46.59000015258789,28.00640106201172
22-07-2008,45.630001068115234,46.599998474121094,3720300,49.459999084472656,48.70000076293945,29.274784088134766
23-07-2008,46.81999969482422,48.95000076293945,2889300,49.88999938964844,48.130001068115234,28.932144165039062
24-07-2008,46.54999923706055,47.619998931884766,1772800,48.20000076293945,47.06999969482422,28.294950485229492
25-07-2008,46.4900016784668,47.099998474121094,1793000,47.75,46.84000015258789,28.15668487548828
28-07-2008,45.209999084472656,46.70000076293945,2128200,47.97999954223633,45.959999084472656,27.627695083618164
29-07-2008,44.619998931884766,46.060001373291016,4121700,47.209999084472656,45.060001373291016,27.08669090270996
30-07-2008,34.5099983215332,40.369998931884766,16912800,40.9900016784668,35.189998626708984,21.15358543395996
31-07-2008,34.65999984741211,34.66999816894531,5978800,36.79999923706055,35.66999816894531,21.442129135131836
01-08-2008,34.02000045776367,35.959999084472656,3340200,36.04999923706055,34.9900016784668,21.033357620239258
04-08-2008,33.560001373291016,35.0,2649900,35.08000183105469,33.66999816894531,20.2398738861084
05-08-2008,33.810001373291016,34.0099983215332,2518600,35.29999923706055,35.0099983215332,21.045381546020508
06-08-2008,34.380001068115234,34.84000015258789,3599300,38.209999084472656,37.83000183105469,22.740556716918945
07-08-2008,35.599998474121094,37.400001525878906,2638300,37.400001525878906,36.790000915527344,22.115379333496094
08-08-2008,36.310001373291016,36.650001525878906,1928900,37.88999938964844,37.09000015258789,22.295719146728516
11-08-2008,36.79999923706055,37.36000061035156,2350100,38.900001525878906,38.650001525878906,23.233476638793945
12-08-2008,37.38999938964844,38.88999938964844,2191800,39.75,37.93000030517578,22.80066680908203
13-08-2008,35.939998626708984,37.66999816894531,1727800,37.97999954223633,37.029998779296875,22.259653091430664
14-08-2008,36.34000015258789,36.5099983215332,1367500,37.599998474121094,37.459999084472656,22.518136978149414
15-08-2008,36.810001373291016,36.91999816894531,1370100,38.33000183105469,37.209999084472656,22.367847442626953
18-08-2008,36.599998474121094,37.5,1822400,37.88999938964844,37.040000915527344,22.265668869018555
19-08-2008,36.279998779296875,36.52000045776367,1150600,37.900001525878906,36.689998626708984,22.055269241333008
20-08-2008,35.83000183105469,36.619998931884766,2211900,37.54999923706055,36.439998626708984,21.90498161315918
21-08-2008,35.380001068115234,36.119998931884766,1273300,36.4900016784668,36.040000915527344,21.66454315185547
22-08-2008,35.65999984741211,36.9900016784668,1210100,36.9900016784668,36.220001220703125,21.772741317749023
25-08-2008,34.5,35.790000915527344,1624300,36.06999969482422,35.18000030517578,21.147571563720703
26-08-2008,33.91999816894531,35.220001220703125,1875000,35.43000030517578,34.459999084472656,20.714763641357422
27-08-2008,33.90999984741211,34.380001068115234,1404000,35.220001220703125,34.970001220703125,21.021339416503906
28-08-2008,34.95000076293945,35.45000076293945,1334100,36.0,35.54999923706055,21.36998748779297
29-08-2008,34.33000183105469,35.2599983215332,1358500,35.349998474121094,34.7599983215332,20.895099639892578
02-09-2008,34.22999954223633,35.790000915527344,1688200,35.900001525878906,34.400001525878906,20.678695678710938
03-09-2008,33.75,34.5,1817700,34.5,33.810001373291016,20.32402992248535
04-09-2008,32.779998779296875,33.66999816894531,2568000,34.09000015258789,32.790000915527344,19.710887908935547
05-09-2008,30.729999542236328,32.709999084472656,3512800,32.93000030517578,32.5099983215332,19.54256820678711
08-09-2008,31.829999923706055,32.689998626708984,2662200,33.189998626708984,32.18000030517578,19.34419822692871
09-09-2008,31.510000228881836,31.760000228881836,2226700,33.25,32.11000061035156,19.302114486694336
10-09-2008,32.150001525878906,32.279998779296875,2091100,33.43000030517578,32.84000015258789,19.74094009399414
11-09-2008,32.189998626708984,32.5,2396800,33.90999984741211,33.63999938964844,20.221837997436523
12-09-2008,33.25,33.470001220703125,1908400,34.630001068115234,34.459999084472656,20.714763641357422
15-09-2008,32.369998931884766,33.5,2566800,35.0,32.59000015258789,19.590665817260742
16-09-2008,32.060001373291016,32.06999969482422,2987600,34.84000015258789,34.189998626708984,20.552459716796875
17-09-2008,33.41999816894531,33.599998474121094,4047600,36.470001220703125,34.939998626708984,21.00330352783203
18-09-2008,35.0,36.02000045776367,2796100,37.54999923706055,36.709999084472656,22.06728744506836
19-09-2008,36.29999923706055,38.54999923706055,3568200,38.95000076293945,37.93000030517578,22.80066680908203
22-09-2008,34.599998474121094,37.400001525878906,2057300,37.5,34.869998931884766,20.96122932434082
23-09-2008,34.310001373291016,34.54999923706055,2285300,36.2400016784668,35.66999816894531,21.442129135131836
24-09-2008,35.72999954223633,36.15999984741211,1832300,37.29999923706055,37.15999984741211,22.337800979614258
25-09-2008,36.130001068115234,37.11000061035156,1256600,37.88999938964844,36.5,21.941062927246094
26-09-2008,35.2599983215332,35.72999954223633,1180700,36.900001525878906,36.369998931884766,21.8629093170166
29-09-2008,34.0,35.11000061035156,1864000,35.70000076293945,34.34000015258789,20.642629623413086
30-09-2008,33.58000183105469,34.38999938964844,2004500,34.93000030517578,33.939998626708984,20.402183532714844
01-10-2008,32.189998626708984,33.619998931884766,1776800,33.91999816894531,33.060001373291016,19.873188018798828
02-10-2008,31.059999465942383,33.0,1977300,33.880001068115234,31.15999984741211,18.731050491333008
03-10-2008,28.59000015258789,31.790000915527344,2249100,31.90999984741211,28.719999313354492,17.26430320739746
06-10-2008,25.770000457763672,28.020000457763672,2866800,28.65999984741211,28.600000381469727,17.192171096801758
07-10-2008,26.299999237060547,28.760000228881836,1893600,29.020000457763672,27.010000228881836,16.23638153076172
08-10-2008,24.350000381469727,26.09000015258789,3894200,27.1299991607666,24.40999984741211,14.673457145690918
09-10-2008,23.540000915527344,24.719999313354492,2607400,25.200000762939453,24.420000076293945,14.679466247558594
10-10-2008,22.649999618530273,23.020000457763672,4086000,26.899999618530273,25.520000457763672,15.340705871582031
13-10-2008,25.899999618530273,26.600000381469727,1820800,27.8799991607666,27.639999389648438,16.615089416503906
14-10-2008,25.3799991607666,28.25,1869200,28.299999237060547,26.280000686645508,15.797561645507812
15-10-2008,22.84000015258789,25.989999771118164,1532100,26.149999618530273,22.8799991607666,13.75373649597168
16-10-2008,22.149999618530273,22.8700008392334,1582600,24.610000610351562,24.520000457763672,14.739581108093262
17-10-2008,23.700000762939453,24.5,1730300,25.5,24.31999969482422,14.619354248046875
20-10-2008,23.899999618530273,24.670000076293945,1009700,25.510000228881836,25.510000228881836,15.334694862365723
21-10-2008,24.229999542236328,25.010000228881836,1176100,25.889999389648438,24.270000457763672,14.589301109313965
22-10-2008,21.760000228881836,23.959999084472656,1804000,24.40999984741211,22.43000030517578,13.483230590820312
23-10-2008,20.6200008392334,22.40999984741211,2358900,22.760000228881836,21.940000534057617,13.188679695129395
24-10-2008,20.260000228881836,20.260000228881836,1825300,21.75,21.260000228881836,12.779919624328613
27-10-2008,20.25,20.850000381469727,1847900,21.75,20.260000228881836,12.178791999816895
28-10-2008,19.899999618530273,21.0,3432100,21.75,21.43000030517578,12.882109642028809
29-10-2008,21.18000030517578,22.299999237060547,4962200,23.450000762939453,21.950000762939453,13.194689750671387
30-10-2008,22.06999969482422,22.06999969482422,4691300,23.34000015258789,23.290000915527344,14.000202178955078
31-10-2008,22.09000015258789,23.1200008392334,4236900,23.239999771118164,22.450000762939453,13.49525260925293
03-11-2008,21.8700008392334,22.170000076293945,4453100,22.829999923706055,22.049999237060547,13.254798889160156
04-11-2008,21.860000610351562,22.15999984741211,6159500,22.5,22.139999389648438,13.308902740478516
05-11-2008,21.15999984741211,22.25,3086800,22.34000015258789,21.239999771118164,12.767891883850098
06-11-2008,20.200000762939453,21.0,1719000,21.540000915527344,20.239999771118164,12.166770935058594
07-11-2008,20.200000762939453,20.760000228881836,2129200,20.979999542236328,20.780000686645508,12.491374969482422
10-11-2008,20.219999313354492,21.280000686645508,1382400,21.649999618530273,20.43000030517578,12.280981063842773
11-11-2008,18.940000534057617,20.049999237060547,1904900,20.420000076293945,19.639999389648438,11.806092262268066
12-11-2008,18.799999237060547,19.399999618530273,1772600,19.610000610351562,18.799999237060547,11.301146507263184
13-11-2008,18.0,18.700000762939453,1738800,20.5,20.440000534057617,12.286992073059082
14-11-2008,19.020000457763672,19.899999618530273,1350100,20.31999969482422,19.040000915527344,11.445418357849121
17-11-2008,18.18000030517578,18.540000915527344,1174500,19.0,18.309999465942383,11.006596565246582
18-11-2008,17.079999923706055,18.3700008392334,2268800,18.690000534057617,17.350000381469727,10.429513931274414
19-11-2008,15.949999809265137,17.40999984741211,1749600,17.850000381469727,15.979999542236328,9.605976104736328
20-11-2008,15.170000076293945,15.850000381469727,2393400,16.84000015258789,15.220000267028809,9.14912223815918
21-11-2008,14.399999618530273,15.109999656677246,2286700,15.880000114440918,15.770000457763672,9.47973918914795
24-11-2008,15.84000015258789,16.299999237060547,2158700,17.100000381469727,17.0,10.219121932983398
25-11-2008,16.360000610351562,17.200000762939453,2161700,17.40999984741211,16.93000030517578,10.177045822143555
26-11-2008,16.559999465942383,16.799999237060547,1314000,17.18000030517578,17.020000457763672,10.70539665222168
28-11-2008,16.459999084472656,17.049999237060547,661100,17.100000381469727,17.030000686645508,10.711688041687012
01-12-2008,15.399999618530273,16.68000030517578,1765800,17.190000534057617,15.529999732971191,9.76819896697998
02-12-2008,15.619999885559082,16.0,1111000,16.479999542236328,16.479999542236328,10.365738868713379
03-12-2008,15.960000038146973,16.030000686645508,1161100,16.969999313354492,16.940000534057617,10.655077934265137
04-12-2008,16.18000030517578,16.260000228881836,1893400,17.43000030517578,16.790000915527344,10.560729026794434
05-12-2008,16.010000228881836,16.5,1242200,17.56999969482422,17.469999313354492,10.988438606262207
08-12-2008,17.8799991607666,17.989999771118164,1513200,18.75,18.469999313354492,11.61742877960205
09-12-2008,18.15999984741211,18.15999984741211,1410700,20.18000030517578,18.93000030517578,11.906763076782227
10-12-2008,19.200000762939453,19.5,1444300,20.559999465942383,20.030000686645508,12.598653793334961
11-12-2008,18.530000686645508,19.18000030517578,1411300,20.219999313354492,18.989999771118164,11.944506645202637
12-12-2008,18.25,19.829999923706055,1021500,20.010000228881836,19.59000015258789,12.3218994140625
15-12-2008,18.270000457763672,19.75,1708400,20.0,19.010000228881836,11.957084655761719
16-12-2008,19.0,19.229999542236328,2227800,20.719999313354492,20.56999969482422,12.938305854797363
17-12-2008,19.100000381469727,20.049999237060547,1430800,20.239999771118164,20.0,12.579782485961914
18-12-2008,18.420000076293945,20.18000030517578,1539900,20.190000534057617,18.799999237060547,11.824995040893555
19-12-2008,18.229999542236328,18.229999542236328,2247700,19.719999313354492,19.450000762939453,12.23383617401123
22-12-2008,18.84000015258789,19.610000610351562,1888800,19.84000015258789,19.75,12.422533988952637
23-12-2008,19.020000457763672,19.559999465942383,818500,19.8799991607666,19.190000534057617,12.070304870605469
24-12-2008,18.920000076293945,19.290000915527344,733500,19.979999542236328,19.43000030517578,12.221258163452148
26-12-2008,19.209999084472656,19.899999618530273,506200,19.90999984741211,19.389999389648438,12.196098327636719
29-12-2008,18.350000381469727,19.5,1007600,19.600000381469727,18.6299991607666,11.718067169189453
30-12-2008,18.579999923706055,18.709999084472656,1577700,19.799999237060547,19.690000534057617,12.384796142578125
31-12-2008,19.020000457763672,19.020000457763672,1308600,19.850000381469727,19.170000076293945,12.057723045349121
02-01-2009,19.0,19.0,1884800,22.0,21.770000457763672,13.693092346191406
05-01-2009,20.75,20.829999923706055,1897500,22.040000915527344,22.0,13.837762832641602
06-01-2009,19.700000762939453,20.5,3074400,21.25,21.09000015258789,13.265378952026367
07-01-2009,20.200000762939453,20.610000610351562,1432700,21.09000015258789,21.030000686645508,13.227641105651855
08-01-2009,20.170000076293945,21.0,1206500,21.350000381469727,21.030000686645508,13.227641105651855
09-01-2009,20.200000762939453,21.049999237060547,995400,21.309999465942383,20.3700008392334,12.812508583068848
12-01-2009,17.899999618530273,20.290000915527344,2642700,20.299999237060547,18.270000457763672,11.491629600524902
13-01-2009,18.110000610351562,18.110000610351562,1866400,19.0,18.8700008392334,11.869024276733398
14-01-2009,17.399999618530273,18.600000381469727,1561200,18.8700008392334,17.6299991607666,11.089076042175293
15-01-2009,16.84000015258789,17.579999923706055,1341100,18.1200008392334,17.790000915527344,11.189716339111328
16-01-2009,17.260000228881836,18.110000610351562,1398600,18.350000381469727,17.8799991607666,11.246326446533203
20-01-2009,16.43000030517578,17.350000381469727,1950000,17.6299991607666,16.600000381469727,10.441218376159668
21-01-2009,16.6200008392334,16.75,1580900,17.829999923706055,17.75,11.164555549621582
22-01-2009,16.790000915527344,17.530000686645508,1258200,17.59000015258789,17.270000457763672,10.862640380859375
23-01-2009,16.959999084472656,17.18000030517578,1418500,18.280000686645508,17.709999084472656,11.139398574829102
26-01-2009,17.6200008392334,18.239999771118164,1249400,18.530000686645508,17.899999618530273,11.25890827178955
27-01-2009,17.760000228881836,17.809999465942383,1170800,18.360000610351562,18.260000228881836,11.485344886779785
28-01-2009,18.40999984741211,18.489999771118164,2053100,19.780000686645508,19.3700008392334,12.183521270751953
29-01-2009,18.1299991607666,19.040000915527344,1097400,19.43000030517578,18.420000076293945,11.585977554321289
30-01-2009,17.389999389648438,18.540000915527344,1248900,18.690000534057617,17.530000686645508,11.0261812210083
02-02-2009,16.770000457763672,17.25,1275900,17.6200008392334,17.1200008392334,10.768295288085938
03-02-2009,16.6299991607666,17.1200008392334,1561100,17.3799991607666,17.190000534057617,10.812322616577148
04-02-2009,17.299999237060547,17.299999237060547,1451300,17.780000686645508,17.440000534057617,10.969569206237793
05-02-2009,16.700000762939453,17.149999618530273,1917500,18.0,17.440000534057617,10.969569206237793
06-02-2009,17.299999237060547,17.350000381469727,1732600,17.790000915527344,17.549999237060547,11.038756370544434
09-02-2009,17.5,17.5,2666600,18.15999984741211,17.780000686645508,11.183426856994629
10-02-2009,16.850000381469727,17.969999313354492,1744200,18.0,17.059999465942383,10.73055648803711
11-02-2009,16.68000030517578,17.18000030517578,1435700,17.40999984741211,16.950000762939453,10.661368370056152
12-02-2009,16.93000030517578,17.520000457763672,1932200,17.700000762939453,17.649999618530273,11.101659774780273
13-02-2009,17.139999389648438,17.68000030517578,1509400,17.90999984741211,17.200000762939453,10.81861400604248
17-02-2009,15.930000305175781,16.8799991607666,1718000,16.899999618530273,16.299999237060547,10.252520561218262
18-02-2009,15.829999923706055,16.299999237060547,2085900,16.65999984741211,16.290000915527344,10.246232986450195
19-02-2009,15.819999694824219,16.40999984741211,1341900,16.65999984741211,15.920000076293945,10.013509750366211
20-02-2009,15.020000457763672,15.699999809265137,2840400,15.899999618530273,15.170000076293945,9.541768074035645
23-02-2009,15.8100004196167,15.8100004196167,6419400,17.68000030517578,16.280000686645508,10.239944458007812
24-02-2009,16.260000228881836,16.399999618530273,3710000,17.280000686645508,17.06999969482422,10.736844062805176
25-02-2009,16.700000762939453,17.280000686645508,2548400,17.489999771118164,17.09000015258789,10.74942398071289
26-02-2009,16.969999313354492,17.1299991607666,2534700,17.549999237060547,17.100000381469727,10.755714416503906
27-02-2009,16.809999465942383,17.0,2793300,17.530000686645508,17.1200008392334,10.768295288085938
02-03-2009,16.100000381469727,16.719999313354492,2479400,17.170000076293945,16.190000534057617,10.18333625793457
03-03-2009,16.219999313354492,16.399999618530273,2367300,16.93000030517578,16.489999771118164,10.372034072875977
04-03-2009,16.510000228881836,16.510000228881836,2893300,17.3799991607666,17.020000457763672,10.70539665222168
05-03-2009,16.420000076293945,16.75,2060200,16.93000030517578,16.670000076293945,10.485246658325195
06-03-2009,16.479999542236328,17.030000686645508,2674500,17.030000686645508,16.8799991607666,10.617338180541992
09-03-2009,16.709999084472656,16.739999771118164,1875100,17.31999969482422,16.780000686645508,10.554437637329102
10-03-2009,17.059999465942383,17.06999969482422,3437500,18.100000381469727,18.059999465942383,11.359542846679688
11-03-2009,17.68000030517578,18.06999969482422,3069300,19.010000228881836,18.860000610351562,11.862737655639648
12-03-2009,18.540000915527344,18.540000915527344,2752600,20.170000076293945,20.139999389648438,12.667842864990234
13-03-2009,19.399999618530273,19.760000228881836,2227800,20.389999389648438,19.780000686645508,12.441404342651367
16-03-2009,19.299999237060547,19.75,2133700,20.459999084472656,19.719999313354492,12.403665542602539
17-03-2009,19.06999969482422,19.360000610351562,2097100,20.450000762939453,20.440000534057617,12.856538772583008
18-03-2009,19.84000015258789,20.31999969482422,2861800,20.770000457763672,20.770000457763672,13.064107894897461
19-03-2009,20.559999465942383,20.799999237060547,2307400,21.0,20.959999084472656,13.183614730834961
20-03-2009,19.889999389648438,21.25,2265900,21.299999237060547,20.049999237060547,12.611233711242676
23-03-2009,20.6200008392334,20.729999542236328,2646300,21.81999969482422,21.81999969482422,13.724546432495117
24-03-2009,21.190000534057617,21.8700008392334,2238700,22.0,21.520000457763672,13.535849571228027
25-03-2009,21.0,21.610000610351562,2793400,22.40999984741211,21.940000534057617,13.800019264221191
26-03-2009,22.040000915527344,22.290000915527344,3916500,23.5,23.479999542236328,14.768662452697754
27-03-2009,22.440000534057617,23.030000686645508,2218900,23.329999923706055,22.489999771118164,14.145965576171875
30-03-2009,20.670000076293945,22.399999618530273,2478600,22.450000762939453,21.020000457763672,13.221349716186523
31-03-2009,21.010000228881836,21.260000228881836,1611700,21.799999237060547,21.209999084472656,13.340863227844238
01-04-2009,20.65999984741211,21.440000534057617,1472500,22.18000030517578,22.06999969482422,13.881791114807129
02-04-2009,22.09000015258789,22.5,1973200,23.479999542236328,23.020000457763672,14.479333877563477
03-04-2009,22.579999923706055,23.100000381469727,940000,23.420000076293945,23.100000381469727,14.529647827148438
06-04-2009,21.530000686645508,22.799999237060547,2418200,23.229999542236328,22.1200008392334,13.913239479064941
07-04-2009,21.1200008392334,21.559999465942383,1301600,21.790000915527344,21.270000457763672,13.378602981567383
08-04-2009,20.559999465942383,20.559999465942383,1760500,21.440000534057617,21.389999389648438,13.454079627990723
09-04-2009,21.25,21.25,2046000,22.530000686645508,22.209999084472656,13.969850540161133
13-04-2009,21.610000610351562,22.139999389648438,1933000,22.209999084472656,21.8700008392334,13.755987167358398
14-04-2009,21.510000228881836,21.790000915527344,1838700,22.299999237060547,22.010000228881836,13.844053268432617
15-04-2009,21.399999618530273,21.93000030517578,1763700,22.059999465942383,21.670000076293945,13.630192756652832
16-04-2009,21.690000534057617,22.0,2838200,22.389999389648438,22.1200008392334,13.913239479064941
17-04-2009,21.790000915527344,21.989999771118164,2619500,22.260000228881836,22.0,13.837762832641602
20-04-2009,21.040000915527344,22.010000228881836,1853100,22.010000228881836,21.389999389648438,13.454079627990723
21-04-2009,20.950000762939453,21.270000457763672,2028400,21.979999542236328,21.860000610351562,13.749700546264648
22-04-2009,21.15999984741211,21.299999237060547,3198000,22.59000015258789,22.100000381469727,13.90066146850586
23-04-2009,21.34000015258789,21.670000076293945,1830500,22.389999389648438,22.15999984741211,13.938396453857422
24-04-2009,22.100000381469727,22.309999465942383,3934800,23.979999542236328,23.65999984741211,14.881881713867188
27-04-2009,23.09000015258789,23.43000030517578,2741000,23.530000686645508,23.40999984741211,14.724635124206543
28-04-2009,22.65999984741211,23.09000015258789,1660600,23.5,22.799999237060547,14.340954780578613
29-04-2009,23.020000457763672,23.040000915527344,2508900,24.520000457763672,24.18000030517578,15.208955764770508
30-04-2009,24.760000228881836,24.760000228881836,2796600,25.950000762939453,25.190000534057617,15.84423542022705
01-05-2009,24.90999984741211,25.170000076293945,2003800,25.81999969482422,25.450000762939453,16.00777244567871
04-05-2009,25.459999084472656,25.610000610351562,1943600,26.290000915527344,25.989999771118164,16.347427368164062
05-05-2009,25.299999237060547,26.049999237060547,2963800,26.09000015258789,25.65999984741211,16.139862060546875
06-05-2009,21.309999465942383,23.860000610351562,9867400,23.860000610351562,21.829999923706055,13.73083209991455
07-05-2009,21.520000457763672,22.06999969482422,3553500,22.469999313354492,21.84000015258789,13.737119674682617
08-05-2009,21.799999237060547,22.06999969482422,2703000,22.600000381469727,22.479999542236328,14.139676094055176
11-05-2009,21.989999771118164,22.030000686645508,2097100,22.6200008392334,22.260000228881836,14.001298904418945
12-05-2009,21.229999542236328,22.6200008392334,3251000,22.6200008392334,21.270000457763672,13.378602981567383
13-05-2009,20.030000686645508,21.010000228881836,3605300,21.18000030517578,20.049999237060547,12.611233711242676
14-05-2009,20.09000015258789,20.299999237060547,1860500,20.959999084472656,20.739999771118164,13.04523754119873
15-05-2009,20.360000610351562,20.639999389648438,1319500,20.920000076293945,20.739999771118164,13.04523754119873
18-05-2009,20.079999923706055,20.84000015258789,2363400,20.84000015258789,20.290000915527344,12.762188911437988
19-05-2009,19.90999984741211,19.979999542236328,3768800,20.5,20.139999389648438,12.667842864990234
20-05-2009,19.940000534057617,20.100000381469727,2023200,20.549999237060547,20.190000534057617,12.699291229248047
21-05-2009,19.600000381469727,20.0,2521300,20.209999084472656,19.84000015258789,12.479143142700195
22-05-2009,19.579999923706055,20.1299991607666,1212400,20.18000030517578,19.739999771118164,12.41624641418457
26-05-2009,19.399999618530273,19.40999984741211,2351200,20.8799991607666,20.860000610351562,13.120711326599121
27-05-2009,20.270000457763672,20.8700008392334,2476800,20.889999389648438,20.360000610351562,12.806221008300781
28-05-2009,19.899999618530273,20.549999237060547,1422600,20.639999389648438,20.579999923706055,12.944597244262695
29-05-2009,20.34000015258789,20.34000015258789,1480500,20.8799991607666,20.860000610351562,13.120711326599121
01-06-2009,21.049999237060547,21.200000762939453,1836800,22.049999237060547,21.700000762939453,13.649066925048828
02-06-2009,21.770000457763672,21.850000381469727,2902600,23.079999923706055,22.950000762939453,14.435298919677734
03-06-2009,21.979999542236328,23.079999923706055,1695400,23.079999923706055,22.170000076293945,13.944690704345703
04-06-2009,22.299999237060547,22.309999465942383,2895200,23.670000076293945,23.290000915527344,14.649158477783203
05-06-2009,22.670000076293945,23.56999969482422,1914300,23.56999969482422,23.09000015258789,14.523362159729004
08-06-2009,22.399999618530273,22.84000015258789,2511000,22.989999771118164,22.760000228881836,14.315789222717285
09-06-2009,22.700000762939453,22.8700008392334,1754700,23.860000610351562,23.729999542236328,14.92591381072998
10-06-2009,23.100000381469727,23.979999542236328,1397900,24.1299991607666,23.56999969482422,14.825277328491211
11-06-2009,22.739999771118164,23.0,2401900,23.65999984741211,23.25,14.623997688293457
12-06-2009,22.450000762939453,23.049999237060547,1456500,23.18000030517578,22.940000534057617,14.429014205932617
15-06-2009,21.610000610351562,22.6299991607666,2087000,22.690000534057617,22.020000457763672,13.850339889526367
16-06-2009,21.780000686645508,22.190000534057617,2411300,22.670000076293945,21.809999465942383,13.718255043029785
17-06-2009,21.6299991607666,21.90999984741211,1526700,22.440000534057617,22.139999389648438,13.925816535949707
18-06-2009,21.31999969482422,21.979999542236328,2345000,21.979999542236328,21.459999084472656,13.4981050491333
19-06-2009,21.65999984741211,21.84000015258789,2805300,22.530000686645508,22.270000457763672,14.007586479187012
22-06-2009,21.510000228881836,22.079999923706055,2064100,22.100000381469727,21.780000686645508,13.699384689331055
23-06-2009,21.65999984741211,21.770000457763672,1823200,22.299999237060547,21.899999618530273,13.774864196777344
24-06-2009,21.600000381469727,21.600000381469727,2276700,22.469999313354492,22.280000686645508,14.013879776000977
25-06-2009,20.889999389648438,20.989999771118164,4648400,22.860000610351562,22.670000076293945,14.259183883666992
26-06-2009,22.43000030517578,22.5,3639600,23.799999237060547,23.639999389648438,14.869304656982422
29-06-2009,23.440000534057617,23.649999618530273,2800100,24.209999084472656,24.15999984741211,15.196378707885742
30-06-2009,23.479999542236328,23.989999771118164,2956800,24.489999771118164,23.81999969482422,14.98252010345459
01-07-2009,23.559999465942383,24.0,2189200,24.450000762939453,24.049999237060547,15.127189636230469
02-07-2009,23.360000610351562,23.899999618530273,1944700,24.049999237060547,23.719999313354492,14.919621467590332
06-07-2009,23.06999969482422,23.559999465942383,2423200,23.860000610351562,23.31999969482422,14.668025016784668
07-07-2009,22.6299991607666,23.360000610351562,2390800,23.399999618530273,22.670000076293945,14.259183883666992
08-07-2009,22.200000762939453,22.600000381469727,3704200,22.940000534057617,22.889999389648438,14.397565841674805
09-07-2009,22.399999618530273,22.8700008392334,1928000,23.030000686645508,22.739999771118164,14.303214073181152
10-07-2009,22.360000610351562,22.700000762939453,1568600,23.1299991607666,23.09000015258789,14.523362159729004
13-07-2009,22.350000381469727,23.110000610351562,1576800,23.149999618530273,23.139999389648438,14.55480670928955
14-07-2009,22.610000610351562,23.010000228881836,1765200,23.219999313354492,22.950000762939453,14.435298919677734
15-07-2009,22.950000762939453,22.950000762939453,3321600,23.700000762939453,23.649999618530273,14.875588417053223
16-07-2009,23.600000381469727,23.6200008392334,2744400,24.899999618530273,24.770000457763672,15.580060958862305
17-07-2009,24.399999618530273,24.399999618530273,1786200,24.8799991607666,24.600000381469727,15.473130226135254
20-07-2009,24.31999969482422,24.639999389648438,1645300,25.0,24.700000762939453,15.536028861999512
21-07-2009,24.190000534057617,24.780000686645508,1360600,24.90999984741211,24.6200008392334,15.485718727111816
22-07-2009,24.6299991607666,24.6299991607666,4383700,26.75,26.389999389648438,16.59902572631836
23-07-2009,26.079999923706055,26.350000381469727,3863600,27.940000534057617,27.709999084472656,17.429292678833008
24-07-2009,26.639999389648438,27.280000686645508,1861400,27.68000030517578,27.649999618530273,17.391551971435547
27-07-2009,26.959999084472656,27.5,1681400,27.799999237060547,27.420000076293945,17.24688148498535
28-07-2009,26.59000015258789,27.170000076293945,1532500,27.399999618530273,27.209999084472656,17.11479377746582
29-07-2009,26.739999771118164,27.389999389648438,1505700,27.479999542236328,26.93000030517578,16.938682556152344
30-07-2009,27.110000610351562,27.360000610351562,2818400,28.479999542236328,27.219999313354492,17.1210880279541
31-07-2009,27.309999465942383,27.510000228881836,1389500,27.969999313354492,27.65999984741211,17.397844314575195
03-08-2009,27.40999984741211,27.850000381469727,1943500,28.139999389648438,27.979999542236328,17.5991153717041
04-08-2009,27.059999465942383,27.8799991607666,2987000,28.270000457763672,27.18000030517578,17.095924377441406
05-08-2009,31.25,32.310001373291016,14888500,33.900001525878906,33.65999984741211,21.17177963256836
06-08-2009,30.899999618530273,32.900001525878906,6000900,33.27000045776367,31.639999389648438,19.90121841430664
07-08-2009,31.649999618530273,31.93000030517578,2227800,32.459999084472656,32.310001373291016,20.32263946533203
10-08-2009,32.25,32.34000015258789,2618600,32.95000076293945,32.88999938964844,20.687454223632812
11-08-2009,32.150001525878906,32.810001373291016,3025900,33.040000915527344,32.45000076293945,20.410694122314453
12-08-2009,30.6299991607666,30.959999084472656,4188800,31.90999984741211,31.270000457763672,19.668489456176758
13-08-2009,30.760000228881836,31.469999313354492,3238900,31.649999618530273,30.760000228881836,19.347705841064453
14-08-2009,28.479999542236328,30.530000686645508,6410200,30.719999313354492,28.719999313354492,18.0645694732666
17-08-2009,27.719999313354492,28.399999618530273,3545600,28.450000762939453,27.950000762939453,17.58024787902832
18-08-2009,27.969999313354492,28.25,3602800,29.079999923706055,29.040000915527344,18.265846252441406
19-08-2009,28.270000457763672,28.729999542236328,2854600,29.450000762939453,29.25,18.39793586730957
20-08-2009,28.889999389648438,29.200000762939453,1587000,29.579999923706055,29.469999313354492,18.536306381225586
21-08-2009,29.200000762939453,29.850000381469727,2088900,29.899999618530273,29.780000686645508,18.73130226135254
24-08-2009,29.40999984741211,30.110000610351562,2102200,30.309999465942383,29.8799991607666,18.794193267822266
25-08-2009,29.8700008392334,29.8700008392334,1979400,30.75,30.450000762939453,19.152721405029297
26-08-2009,30.790000915527344,30.940000534057617,6446200,32.75,31.84000015258789,20.027019500732422
27-08-2009,31.290000915527344,32.0,2406500,32.290000915527344,32.2400016784668,20.278608322143555
28-08-2009,31.739999771118164,32.380001068115234,2025400,32.709999084472656,32.31999969482422,20.328929901123047
31-08-2009,31.860000610351562,32.22999954223633,2654200,32.869998931884766,32.869998931884766,20.674869537353516
01-09-2009,31.6299991607666,32.72999954223633,3725400,33.779998779296875,31.760000228881836,19.976696014404297
02-09-2009,30.829999923706055,31.68000030517578,2879500,32.06999969482422,31.860000610351562,20.03959083557129
03-09-2009,31.360000610351562,32.150001525878906,2121300,32.380001068115234,31.549999237060547,19.844606399536133
04-09-2009,31.15999984741211,31.43000030517578,5743200,32.970001220703125,32.86000061035156,20.668582916259766
08-09-2009,33.150001525878906,33.2599983215332,3717800,34.36000061035156,33.90999984741211,21.329015731811523
09-09-2009,33.90999984741211,34.0,5428000,36.029998779296875,35.97999954223633,22.631031036376953
10-09-2009,35.70000076293945,35.97999954223633,3685400,36.75,36.060001373291016,22.681350708007812
11-09-2009,35.83000183105469,37.84000015258789,4741900,37.84000015258789,36.18000030517578,22.75682830810547
14-09-2009,35.369998931884766,36.0,3195700,36.849998474121094,36.810001373291016,23.153091430664062
15-09-2009,35.93000030517578,36.79999923706055,2146700,37.13999938964844,36.81999969482422,23.159385681152344
16-09-2009,36.86000061035156,37.5,2130800,37.70000076293945,37.22999954223633,23.417268753051758
17-09-2009,36.650001525878906,37.380001068115234,1767900,37.5099983215332,36.81999969482422,23.159385681152344
18-09-2009,36.11000061035156,37.13999938964844,2217900,37.47999954223633,36.65999984741211,23.058744430541992
21-09-2009,36.11000061035156,36.5,1386300,37.130001068115234,36.79999923706055,23.146799087524414
22-09-2009,36.79999923706055,36.86000061035156,1684500,37.63999938964844,37.22999954223633,23.417268753051758
23-09-2009,36.369998931884766,37.22999954223633,1508500,37.36000061035156,36.38999938964844,22.888914108276367
24-09-2009,35.08000183105469,36.5099983215332,1770200,36.650001525878906,35.16999816894531,22.12154769897461
25-09-2009,34.720001220703125,35.0,1144800,35.4900016784668,35.27000045776367,22.184446334838867
28-09-2009,35.16999816894531,35.36000061035156,1608700,36.9900016784668,36.849998474121094,23.178245544433594
29-09-2009,36.68000030517578,36.939998626708984,2421900,37.68000030517578,37.56999969482422,23.631122589111328
30-09-2009,36.54999923706055,37.72999954223633,2630200,38.20000076293945,37.7400016784668,23.738048553466797
01-10-2009,35.84000015258789,37.61000061035156,2305500,37.849998474121094,36.040000915527344,22.668771743774414
02-10-2009,34.5,35.34000015258789,2919600,35.47999954223633,34.9900016784668,22.008331298828125
05-10-2009,34.7400016784668,34.959999084472656,1370900,35.91999816894531,35.869998931884766,22.561838150024414
06-10-2009,35.900001525878906,35.97999954223633,2529700,37.09000015258789,36.810001373291016,23.153091430664062
07-10-2009,36.36000061035156,36.66999816894531,1928000,37.22999954223633,37.11000061035156,23.341794967651367
08-10-2009,36.7400016784668,37.439998626708984,1891800,37.869998931884766,37.369998931884766,23.50531578063965
09-10-2009,36.720001220703125,37.33000183105469,869700,37.70000076293945,37.63999938964844,23.675148010253906
12-10-2009,37.650001525878906,37.68000030517578,1165500,38.779998779296875,38.43000030517578,24.17205047607422
13-10-2009,38.15999984741211,38.560001373291016,1411800,38.72999954223633,38.41999816894531,24.165761947631836
14-10-2009,38.709999084472656,38.7599983215332,2039200,39.650001525878906,39.58000183105469,24.895387649536133
15-10-2009,38.70000076293945,39.25,1137700,39.5,39.279998779296875,24.706693649291992
16-10-2009,37.209999084472656,39.18000030517578,2745000,39.18000030517578,37.540000915527344,23.612253189086914
19-10-2009,37.40999984741211,37.540000915527344,2364000,38.959999084472656,38.84000015258789,24.429931640625
20-10-2009,37.779998779296875,38.619998931884766,1218200,38.84000015258789,38.16999816894531,24.008514404296875
21-10-2009,38.0,38.0,1999700,39.34000015258789,38.65999984741211,24.316720962524414
22-10-2009,38.349998474121094,38.84000015258789,1695100,39.25,38.97999954223633,24.51799964904785
23-10-2009,37.81999969482422,39.06999969482422,2169600,39.2400016784668,37.91999816894531,23.851266860961914
26-10-2009,38.09000015258789,38.130001068115234,2532900,39.029998779296875,38.34000015258789,24.115446090698242
27-10-2009,37.439998626708984,38.41999816894531,1593600,38.91999816894531,37.779998779296875,23.76320457458496
28-10-2009,30.850000381469727,36.02000045776367,11081500,36.06999969482422,31.59000015258789,19.869768142700195
29-10-2009,30.25,30.510000228881836,6150300,31.920000076293945,30.850000381469727,19.404312133789062
30-10-2009,29.6299991607666,30.440000534057617,4920600,30.770000457763672,30.260000228881836,19.0332088470459
02-11-2009,29.799999237060547,30.200000762939453,4022900,31.15999984741211,30.459999084472656,19.15900993347168
03-11-2009,30.1200008392334,30.200000762939453,3821900,31.549999237060547,31.40999984741211,19.75655174255371
04-11-2009,26.540000915527344,32.959999084472656,19752900,33.22999954223633,26.84000015258789,16.882068634033203
05-11-2009,26.899999618530273,27.110000610351562,6540600,28.489999771118164,28.139999389648438,17.699752807617188
06-11-2009,27.739999771118164,27.829999923706055,3078500,28.530000686645508,28.43000030517578,17.882158279418945
09-11-2009,27.6299991607666,28.520000457763672,5337300,28.790000915527344,28.1200008392334,17.687179565429688
10-11-2009,28.100000381469727,28.1200008392334,3548400,29.09000015258789,28.829999923706055,18.133758544921875
11-11-2009,28.719999313354492,28.989999771118164,3084800,29.6200008392334,29.510000228881836,18.561466217041016
12-11-2009,29.229999542236328,29.850000381469727,3391300,29.959999084472656,29.90999984741211,18.81307029724121
13-11-2009,29.549999237060547,29.8799991607666,2610600,30.43000030517578,30.3700008392334,19.102401733398438
16-11-2009,30.459999084472656,30.5,3848900,31.950000762939453,31.799999237060547,20.00185775756836
17-11-2009,31.600000381469727,31.75,2953500,32.380001068115234,32.33000183105469,20.335224151611328
18-11-2009,31.850000381469727,32.22999954223633,2275800,32.4900016784668,32.47999954223633,20.429567337036133
19-11-2009,30.84000015258789,32.189998626708984,2874800,32.349998474121094,31.5,19.81315803527832
20-11-2009,30.489999771118164,30.979999542236328,1998700,31.510000228881836,30.860000610351562,19.41061019897461
23-11-2009,31.25,31.25,1779500,32.0,31.739999771118164,19.964109420776367
24-11-2009,31.15999984741211,31.59000015258789,1575600,31.989999771118164,31.6200008392334,19.888633728027344
25-11-2009,31.579999923706055,31.700000762939453,1142300,31.950000762939453,31.829999923706055,20.020723342895508
27-11-2009,30.049999237060547,30.799999237060547,871700,31.1200008392334,31.010000228881836,19.975631713867188
30-11-2009,29.219999313354492,31.100000381469727,4077800,31.209999084472656,29.8799991607666,19.247726440429688
01-12-2009,29.459999084472656,30.020000457763672,3318100,30.149999618530273,29.6200008392334,19.080244064331055
02-12-2009,29.479999542236328,29.84000015258789,3107000,30.68000030517578,29.979999542236328,19.312137603759766
03-12-2009,30.100000381469727,30.100000381469727,2411600,30.639999389648438,30.399999618530273,19.58268928527832
04-12-2009,30.450000762939453,30.709999084472656,2311800,31.399999618530273,30.729999542236328,19.795265197753906
07-12-2009,30.040000915527344,30.729999542236328,1438700,30.81999969482422,30.200000762939453,19.453859329223633
08-12-2009,29.479999542236328,30.0,1864500,30.3700008392334,30.030000686645508,19.344348907470703
09-12-2009,29.559999465942383,30.09000015258789,3334600,31.690000534057617,31.329999923706055,20.1817684173584
10-12-2009,30.540000915527344,31.440000534057617,1988100,31.479999542236328,30.709999084472656,19.782381057739258
11-12-2009,29.40999984741211,30.860000610351562,2760300,30.860000610351562,30.450000762939453,19.614904403686523
14-12-2009,30.559999465942383,30.649999618530273,986000,31.020000457763672,30.700000762939453,19.775941848754883
15-12-2009,30.350000381469727,30.59000015258789,1532700,30.889999389648438,30.540000915527344,19.672874450683594
16-12-2009,30.530000686645508,30.649999618530273,1364500,31.0,30.899999618530273,19.904773712158203
17-12-2009,30.540000915527344,30.850000381469727,2178800,31.670000076293945,31.360000610351562,20.20108985900879
18-12-2009,30.84000015258789,31.440000534057617,2320700,31.850000381469727,31.139999389648438,20.059375762939453
21-12-2009,30.510000228881836,31.229999542236328,1689500,31.549999237060547,30.700000762939453,19.775941848754883
22-12-2009,30.139999389648438,30.75,1664900,31.15999984741211,30.260000228881836,19.492507934570312
23-12-2009,29.93000030517578,30.100000381469727,1896100,30.8700008392334,30.399999618530273,19.58268928527832
24-12-2009,30.329999923706055,30.600000381469727,517700,30.979999542236328,30.979999542236328,19.9563045501709
28-12-2009,30.709999084472656,30.90999984741211,888700,31.139999389648438,30.899999618530273,19.904773712158203
29-12-2009,30.780000686645508,30.780000686645508,1027300,31.200000762939453,31.149999618530273,20.065814971923828
30-12-2009,31.1200008392334,31.43000030517578,1884600,32.16999816894531,31.520000457763672,20.304157257080078
31-12-2009,30.579999923706055,31.6200008392334,1396300,31.75,30.700000762939453,19.775941848754883
04-01-2010,30.979999542236328,31.420000076293945,2098800,32.2400016784668,32.18000030517578,20.72930335998535
05-01-2010,31.739999771118164,32.15999984741211,1719300,32.630001068115234,32.2599983215332,20.780838012695312
06-01-2010,31.850000381469727,32.20000076293945,1283100,32.81999969482422,32.02000045776367,20.626243591308594
07-01-2010,30.850000381469727,31.760000228881836,2962600,32.290000915527344,32.16999816894531,20.72286605834961
08-01-2010,32.810001373291016,33.119998931884766,3936100,34.16999816894531,33.790000915527344,21.76641845703125
11-01-2010,33.52000045776367,34.099998474121094,1997700,34.45000076293945,34.290000915527344,22.088504791259766
12-01-2010,33.459999084472656,33.90999984741211,2400900,34.349998474121094,33.810001373291016,21.7793025970459
13-01-2010,33.88999938964844,34.08000183105469,2221800,34.79999923706055,34.66999816894531,22.333288192749023
14-01-2010,34.279998779296875,34.33000183105469,2645400,35.4900016784668,35.189998626708984,22.668251037597656
15-01-2010,34.65999984741211,35.34000015258789,2058000,35.43000030517578,35.130001068115234,22.62960433959961
19-01-2010,34.91999816894531,35.0,3470100,37.2400016784668,37.099998474121094,23.89860725402832
20-01-2010,35.56999969482422,36.97999954223633,2482600,36.97999954223633,36.150001525878906,23.286653518676758
21-01-2010,33.95000076293945,34.540000915527344,4361300,35.880001068115234,34.15999984741211,22.0047607421875
22-01-2010,33.33000183105469,34.099998474121094,2037400,34.439998626708984,33.41999816894531,21.528076171875
25-01-2010,33.400001525878906,33.40999984741211,1098900,34.310001373291016,33.47999954223633,21.566722869873047
26-01-2010,32.810001373291016,33.43000030517578,1135500,33.880001068115234,33.150001525878906,21.354154586791992
27-01-2010,32.91999816894531,33.029998779296875,1354400,33.650001525878906,33.560001373291016,21.618257522583008
28-01-2010,32.349998474121094,33.68000030517578,1580500,33.9900016784668,32.810001373291016,21.1351375579834
29-01-2010,32.310001373291016,33.040000915527344,1413700,33.540000915527344,32.310001373291016,20.81304931640625
01-02-2010,32.13999938964844,32.34000015258789,1467700,32.779998779296875,32.529998779296875,20.954769134521484
02-02-2010,32.310001373291016,32.52000045776367,1355700,33.470001220703125,33.279998779296875,21.437889099121094
03-02-2010,32.65999984741211,33.02000045776367,1738600,33.529998779296875,33.06999969482422,21.302616119384766
04-02-2010,32.209999084472656,32.86000061035156,2093800,32.97999954223633,32.220001220703125,20.755077362060547
05-02-2010,31.479999542236328,32.36000061035156,1853900,32.650001525878906,32.38999938964844,20.864587783813477
08-02-2010,31.780000686645508,32.43000030517578,968100,32.540000915527344,31.899999618530273,20.548940658569336
09-02-2010,31.399999618530273,32.45000076293945,2129800,32.45000076293945,31.920000076293945,20.56182861328125
10-02-2010,31.510000228881836,31.829999923706055,1061800,32.119998931884766,31.899999618530273,20.548940658569336
11-02-2010,31.81999969482422,31.899999618530273,1404800,32.58000183105469,32.41999816894531,20.883913040161133
12-02-2010,31.639999389648438,31.899999618530273,2122000,32.0,31.950000762939453,20.581151962280273
16-02-2010,32.099998474121094,32.150001525878906,1713600,32.970001220703125,32.790000915527344,21.122255325317383
17-02-2010,32.650001525878906,33.130001068115234,1298700,33.43000030517578,33.0,21.257526397705078
18-02-2010,33.34000015258789,33.59000015258789,2302000,34.0,33.790000915527344,21.76641845703125
19-02-2010,33.41999816894531,33.58000183105469,1502900,34.04999923706055,33.720001220703125,21.721328735351562
22-02-2010,33.95000076293945,33.97999954223633,2520200,35.189998626708984,34.91999816894531,22.494327545166016
23-02-2010,34.029998779296875,34.93000030517578,2366400,35.20000076293945,34.45000076293945,22.191566467285156
24-02-2010,31.350000381469727,33.38999938964844,9779600,33.5,32.45000076293945,20.903228759765625
25-02-2010,31.110000610351562,32.2599983215332,3398900,32.400001525878906,31.920000076293945,20.56182861328125
26-02-2010,31.309999465942383,31.81999969482422,1918200,32.18000030517578,31.950000762939453,20.581151962280273
01-03-2010,31.93000030517578,32.25,2477500,32.5,32.470001220703125,20.916120529174805
02-03-2010,32.369998931884766,32.4900016784668,2882700,33.290000915527344,32.9900016784668,21.251081466674805
03-03-2010,33.0,33.150001525878906,2540700,34.0,33.81999969482422,21.785741806030273
04-03-2010,33.58000183105469,33.88999938964844,1121000,34.0,33.86000061035156,21.81151580810547
05-03-2010,33.880001068115234,33.959999084472656,1630400,34.869998931884766,34.68000030517578,22.3397274017334
08-03-2010,34.529998779296875,34.619998931884766,1756200,35.130001068115234,35.11000061035156,22.616722106933594
09-03-2010,34.66999816894531,34.959999084472656,2213000,35.599998474121094,35.380001068115234,22.790645599365234
10-03-2010,35.060001373291016,35.060001373291016,1171700,35.70000076293945,35.70000076293945,22.99677276611328
11-03-2010,35.150001525878906,35.45000076293945,1128200,35.95000076293945,35.90999984741211,23.132057189941406
12-03-2010,35.56999969482422,35.56999969482422,1271900,36.0,35.90999984741211,23.132057189941406
15-03-2010,35.439998626708984,35.790000915527344,1456500,36.34000015258789,35.59000015258789,22.925922393798828
16-03-2010,35.209999084472656,35.650001525878906,1367200,35.86000061035156,35.29999923706055,22.739112854003906
17-03-2010,35.81999969482422,35.84000015258789,3544000,37.650001525878906,37.27000045776367,24.008119583129883
18-03-2010,36.20000076293945,37.439998626708984,2051900,37.459999084472656,36.7400016784668,23.66671371459961
19-03-2010,35.900001525878906,37.0,1847900,37.349998474121094,36.130001068115234,23.27376937866211
22-03-2010,35.77000045776367,36.0,1485000,36.41999816894531,36.22999954223633,23.33819007873535
23-03-2010,36.06999969482422,36.27000045776367,2523300,37.400001525878906,37.2400016784668,23.98879623413086
24-03-2010,37.150001525878906,37.41999816894531,2295400,38.2400016784668,38.04999923706055,24.510576248168945
25-03-2010,38.310001373291016,38.4900016784668,4617400,40.470001220703125,39.02000045776367,25.13541603088379
26-03-2010,39.02000045776367,39.02000045776367,2049600,40.189998626708984,39.939998626708984,25.728044509887695
29-03-2010,38.849998474121094,40.0,2166600,40.0099983215332,39.13999938964844,25.212711334228516
30-03-2010,37.810001373291016,39.36000061035156,3068500,39.36000061035156,38.099998474121094,24.54277801513672
31-03-2010,37.20000076293945,37.779998779296875,2309000,38.630001068115234,38.630001068115234,24.884187698364258
01-04-2010,37.84000015258789,38.84000015258789,1971900,39.099998474121094,37.9900016784668,24.471923828125
05-04-2010,36.869998931884766,38.02000045776367,2353000,38.18000030517578,37.88999938964844,24.40751075744629
06-04-2010,37.7599983215332,37.849998474121094,1649400,38.81999969482422,38.58000183105469,24.85198402404785
07-04-2010,38.15999984741211,39.25,2150400,39.43000030517578,38.63999938964844,24.890628814697266
08-04-2010,37.529998779296875,38.560001373291016,1699200,38.599998474121094,38.13999938964844,24.56854820251465
09-04-2010,37.970001220703125,38.13999938964844,945600,38.470001220703125,38.119998931884766,24.555667877197266
12-04-2010,37.599998474121094,38.22999954223633,2180900,38.290000915527344,37.61000061035156,24.227134704589844
13-04-2010,36.099998474121094,36.349998474121094,1867400,36.810001373291016,36.38999938964844,24.41567611694336
14-04-2010,36.400001525878906,36.619998931884766,1744000,37.16999816894531,37.119998931884766,24.90545654296875
15-04-2010,37.13999938964844,37.310001373291016,1156500,37.7599983215332,37.189998626708984,24.95242691040039
16-04-2010,35.61000061035156,36.9900016784668,2209900,37.20000076293945,36.119998931884766,24.234514236450195
19-04-2010,35.65999984741211,36.029998779296875,2153000,37.4900016784668,36.650001525878906,24.590118408203125
20-04-2010,36.36000061035156,36.79999923706055,820800,36.91999816894531,36.709999084472656,24.630369186401367
21-04-2010,36.29999923706055,36.900001525878906,1185500,36.97999954223633,36.88999938964844,24.75115203857422
22-04-2010,36.36000061035156,36.630001068115234,1080900,37.54999923706055,37.529998779296875,25.180545806884766
23-04-2010,37.16999816894531,37.529998779296875,1021100,37.650001525878906,37.52000045776367,25.17383575439453
26-04-2010,37.459999084472656,37.619998931884766,1116500,38.27000045776367,37.70000076293945,25.29460334777832
27-04-2010,37.83000183105469,37.83000183105469,2263300,38.5,38.150001525878906,25.596538543701172
28-04-2010,37.779998779296875,38.279998779296875,952200,38.5,38.25,25.66362762451172
29-04-2010,38.02000045776367,38.29999923706055,1276400,38.93000030517578,38.7400016784668,25.992393493652344
30-04-2010,37.22999954223633,38.689998626708984,1846300,39.0,37.380001068115234,25.079912185668945
03-05-2010,37.560001373291016,37.7400016784668,1476100,39.04999923706055,38.97999954223633,26.15342140197754
04-05-2010,36.5,38.689998626708984,2637200,38.689998626708984,37.47999954223633,25.147003173828125
05-05-2010,31.989999771118164,32.5,7500100,36.0,34.189998626708984,22.939592361450195
06-05-2010,32.099998474121094,34.0,2903900,35.349998474121094,33.4900016784668,22.46993064880371
07-05-2010,33.25,33.52000045776367,2116400,34.9900016784668,34.2599983215332,22.986560821533203
10-05-2010,33.849998474121094,36.0099983215332,2313700,36.0099983215332,35.599998474121094,23.88562774658203
11-05-2010,34.04999923706055,35.5,2821900,35.7400016784668,34.16999816894531,22.92618179321289
12-05-2010,33.20000076293945,34.18000030517578,2354900,34.31999969482422,33.939998626708984,22.7718563079834
13-05-2010,32.849998474121094,33.5099983215332,1749500,34.369998931884766,32.90999984741211,22.08078956604004
14-05-2010,32.25,32.54999923706055,2278300,33.75,33.529998779296875,22.49677085876465
17-05-2010,32.88999938964844,33.7400016784668,2217100,34.439998626708984,34.0099983215332,22.818822860717773
18-05-2010,33.099998474121094,34.22999954223633,2363800,34.4900016784668,33.34000015258789,22.369287490844727
19-05-2010,33.0099983215332,33.119998931884766,2383000,34.9900016784668,34.2599983215332,22.986560821533203
20-05-2010,32.810001373291016,33.45000076293945,1935800,34.0,33.439998626708984,22.436384201049805
21-05-2010,32.83000183105469,33.689998626708984,2275900,34.279998779296875,33.529998779296875,22.49677085876465
24-05-2010,33.06999969482422,33.72999954223633,1525800,33.97999954223633,33.099998474121094,22.208269119262695
25-05-2010,32.0,32.599998474121094,2596000,33.2599983215332,33.0,22.14116859436035
26-05-2010,31.780000686645508,32.970001220703125,2283800,33.40999984741211,31.81999969482422,21.349458694458008
27-05-2010,32.119998931884766,32.4900016784668,1544300,33.16999816894531,33.099998474121094,22.208269119262695
28-05-2010,32.849998474121094,33.099998474121094,1412600,33.779998779296875,33.58000183105469,22.53032112121582
01-06-2010,32.04999923706055,33.59000015258789,1183800,33.599998474121094,32.06999969482422,21.517194747924805
02-06-2010,32.0,32.150001525878906,1228000,33.22999954223633,33.099998474121094,22.208269119262695
03-06-2010,32.06999969482422,33.150001525878906,1411600,33.150001525878906,32.779998779296875,21.99356460571289
04-06-2010,31.65999984741211,32.150001525878906,1906400,32.45000076293945,32.0,21.4702205657959
07-06-2010,31.1299991607666,31.959999084472656,1913500,32.2400016784668,31.219999313354492,20.946889877319336
08-06-2010,31.170000076293945,31.209999084472656,1849100,32.84000015258789,32.33000183105469,21.69164276123047
09-06-2010,32.060001373291016,32.439998626708984,1088300,33.22999954223633,32.13999938964844,21.56415557861328
10-06-2010,32.25,32.63999938964844,1270100,33.290000915527344,33.15999984741211,22.248519897460938
11-06-2010,32.70000076293945,32.70000076293945,1667400,34.34000015258789,34.29999923706055,23.013399124145508
14-06-2010,32.470001220703125,34.400001525878906,2016400,34.4900016784668,32.560001373291016,21.84595489501953
15-06-2010,32.29999923706055,32.63999938964844,1103900,33.22999954223633,33.18000030517578,22.261947631835938
16-06-2010,32.29999923706055,32.880001068115234,940900,32.959999084472656,32.66999816894531,21.91975975036621
17-06-2010,32.0,32.689998626708984,1119900,32.75,32.25,21.63796615600586
18-06-2010,31.969999313354492,32.189998626708984,1588100,32.88999938964844,31.969999313354492,21.450092315673828
21-06-2010,31.920000076293945,32.29999923706055,1509800,32.5,32.029998779296875,21.490346908569336
22-06-2010,31.899999618530273,32.02000045776367,1283600,32.56999969482422,31.950000762939453,21.436683654785156
23-06-2010,31.809999465942383,31.920000076293945,887900,32.45000076293945,32.099998474121094,21.537321090698242
24-06-2010,31.760000228881836,32.099998474121094,1068600,32.400001525878906,31.860000610351562,21.376291275024414
25-06-2010,31.809999465942383,32.13999938964844,3730900,32.43000030517578,32.02000045776367,21.483642578125
28-06-2010,30.530000686645508,31.899999618530273,1940000,31.959999084472656,30.600000381469727,20.53090476989746
29-06-2010,29.09000015258789,30.459999084472656,2344500,30.8799991607666,29.260000228881836,19.63184356689453
30-06-2010,29.100000381469727,29.420000076293945,1974600,30.190000534057617,29.18000030517578,19.578166961669922
01-07-2010,28.760000228881836,29.139999389648438,1490100,30.0,29.799999237060547,19.9941463470459
02-07-2010,28.790000915527344,28.90999984741211,1881000,29.719999313354492,29.270000457763672,19.6385498046875
06-07-2010,28.649999618530273,29.530000686645508,1339400,29.600000381469727,28.940000534057617,19.417139053344727
07-07-2010,28.079999923706055,28.280000686645508,1667900,30.0,29.93000030517578,20.08137321472168
08-07-2010,29.84000015258789,29.93000030517578,913300,30.360000610351562,30.299999237060547,20.329622268676758
09-07-2010,30.010000228881836,30.200000762939453,743800,30.6200008392334,30.34000015258789,20.356464385986328
12-07-2010,29.100000381469727,30.18000030517578,1588700,30.18000030517578,29.329999923706055,19.678804397583008
13-07-2010,29.530000686645508,29.530000686645508,954100,30.459999084472656,30.299999237060547,20.329622268676758
14-07-2010,30.0,30.360000610351562,736000,30.469999313354492,30.239999771118164,20.28936195373535
15-07-2010,29.90999984741211,30.139999389648438,916600,30.479999542236328,30.290000915527344,20.32291030883789
16-07-2010,29.5,30.31999969482422,1453500,30.31999969482422,29.65999984741211,19.90021324157715
19-07-2010,29.510000228881836,29.829999923706055,659000,30.0,29.90999984741211,20.067955017089844
20-07-2010,29.229999542236328,29.450000762939453,1175200,30.149999618530273,30.110000610351562,20.202136993408203
21-07-2010,29.270000457763672,30.25,875000,30.290000915527344,29.299999237060547,19.658672332763672
22-07-2010,29.40999984741211,29.59000015258789,1008500,30.549999237060547,30.0,20.12833595275879
23-07-2010,29.639999389648438,29.969999313354492,651500,30.75,30.709999084472656,20.60470962524414
26-07-2010,30.260000228881836,30.709999084472656,698600,31.0,30.729999542236328,20.618127822875977
27-07-2010,30.260000228881836,30.850000381469727,1357400,30.899999618530273,30.440000534057617,20.423555374145508
28-07-2010,29.670000076293945,30.329999923706055,696400,30.5,29.75,19.960599899291992
29-07-2010,28.0,30.200000762939453,2146200,30.200000762939453,28.549999237060547,19.155471801757812
30-07-2010,27.6200008392334,28.1200008392334,3393000,28.559999465942383,28.510000228881836,19.128633499145508
02-08-2010,28.559999465942383,28.729999542236328,1696000,29.3799991607666,29.219999313354492,19.604999542236328
03-08-2010,28.899999618530273,29.040000915527344,2561600,29.90999984741211,29.350000381469727,19.692224502563477
04-08-2010,28.690000534057617,30.360000610351562,4826900,31.030000686645508,29.020000457763672,19.470808029174805
05-08-2010,28.649999618530273,28.799999237060547,2084800,30.010000228881836,29.989999771118164,20.121631622314453
06-08-2010,29.270000457763672,29.6299991607666,1961900,30.329999923706055,30.239999771118164,20.28936195373535
09-08-2010,30.049999237060547,30.280000686645508,1077200,30.959999084472656,30.809999465942383,20.671804428100586
10-08-2010,29.329999923706055,30.579999923706055,1361700,31.31999969482422,29.59000015258789,19.853248596191406
11-08-2010,27.540000915527344,29.0,3534700,29.0,27.959999084472656,18.75960922241211
12-08-2010,27.610000610351562,27.829999923706055,1597700,28.56999969482422,28.0,18.78645133972168
13-08-2010,27.030000686645508,27.799999237060547,2179000,28.020000457763672,27.049999237060547,18.14905548095703
16-08-2010,26.56999969482422,26.90999984741211,2338900,27.270000457763672,26.84000015258789,18.008150100708008
17-08-2010,27.040000915527344,27.040000915527344,2076600,28.139999389648438,27.68000030517578,18.571744918823242
18-08-2010,27.139999389648438,27.559999465942383,1109200,28.110000610351562,27.90999984741211,18.726058959960938
19-08-2010,27.0,27.68000030517578,1243100,27.899999618530273,27.40999984741211,18.390594482421875
20-08-2010,26.739999771118164,27.270000457763672,1247300,27.5,27.440000534057617,18.41071891784668
23-08-2010,27.049999237060547,27.510000228881836,822200,27.719999313354492,27.110000610351562,18.189308166503906
24-08-2010,26.510000228881836,26.790000915527344,1160300,27.100000381469727,26.549999237060547,17.813575744628906
25-08-2010,26.110000610351562,26.190000534057617,1417000,27.450000762939453,27.329999923706055,18.3369140625
26-08-2010,26.75,27.389999389648438,1158400,27.530000686645508,26.760000228881836,17.954477310180664
27-08-2010,26.579999923706055,26.899999618530273,1173900,27.219999313354492,27.1200008392334,18.196014404296875
30-08-2010,26.6200008392334,26.979999542236328,709700,27.209999084472656,26.649999618530273,17.880678176879883
31-08-2010,26.260000228881836,26.459999084472656,1446300,26.799999237060547,26.610000610351562,17.853836059570312
01-09-2010,27.139999389648438,27.139999389648438,1983900,28.139999389648438,27.670000076293945,18.56503677368164
02-09-2010,27.200000762939453,27.6299991607666,1108500,27.639999389648438,27.6299991607666,18.53820037841797
03-09-2010,27.81999969482422,28.0,1051400,28.540000915527344,28.399999618530273,19.054828643798828
07-09-2010,27.6299991607666,28.31999969482422,983900,28.389999389648438,27.770000457763672,18.632131576538086
08-09-2010,27.75,27.780000686645508,859200,28.200000762939453,27.8799991607666,18.7059326171875
09-09-2010,27.799999237060547,28.110000610351562,835400,28.190000534057617,27.989999771118164,18.779743194580078
10-09-2010,27.6299991607666,28.1299991607666,694400,28.3799991607666,27.81999969482422,18.665678024291992
13-09-2010,27.989999771118164,28.200000762939453,1999700,29.979999542236328,29.760000228881836,19.967309951782227
14-09-2010,29.389999389648438,29.600000381469727,1045700,29.989999771118164,29.829999923706055,20.01427459716797
15-09-2010,29.489999771118164,29.799999237060547,985100,29.969999313354492,29.68000030517578,19.913631439208984
16-09-2010,29.459999084472656,29.690000534057617,925300,30.149999618530273,29.68000030517578,19.913631439208984
17-09-2010,29.43000030517578,29.709999084472656,1535100,29.93000030517578,29.639999389648438,19.88680076599121
20-09-2010,29.75,30.290000915527344,1808300,31.0,30.8799991607666,20.71877098083496
21-09-2010,29.899999618530273,30.850000381469727,1056900,30.850000381469727,30.139999389648438,20.222267150878906
22-09-2010,29.65999984741211,30.5,870300,30.5,29.829999923706055,20.01427459716797
23-09-2010,29.489999771118164,29.59000015258789,918600,30.350000381469727,30.299999237060547,20.329622268676758
24-09-2010,30.559999465942383,30.700000762939453,1528800,31.860000610351562,31.600000381469727,21.20184898376465
27-09-2010,30.559999465942383,31.479999542236328,867200,31.489999771118164,30.68000030517578,20.584575653076172
28-09-2010,29.709999084472656,30.700000762939453,1141500,30.93000030517578,30.68000030517578,20.584575653076172
29-09-2010,30.190000534057617,30.40999984741211,1137900,30.790000915527344,30.639999389648438,20.557735443115234
30-09-2010,30.149999618530273,30.829999923706055,1437800,31.0,30.350000381469727,20.36316680908203
01-10-2010,29.950000762939453,30.790000915527344,950200,30.950000762939453,29.979999542236328,20.114917755126953
04-10-2010,29.190000534057617,30.0,1167000,30.190000534057617,29.729999542236328,19.94718360900879
05-10-2010,29.93000030517578,30.030000686645508,1364800,30.889999389648438,30.190000534057617,20.255817413330078
06-10-2010,29.600000381469727,30.059999465942383,1532200,30.290000915527344,30.100000381469727,20.1954345703125
07-10-2010,30.079999923706055,30.139999389648438,764300,30.5,30.31999969482422,20.34304428100586
08-10-2010,30.0,30.1299991607666,753900,30.719999313354492,30.510000228881836,20.470518112182617
11-10-2010,30.149999618530273,30.459999084472656,473500,30.469999313354492,30.290000915527344,20.32291030883789
12-10-2010,29.700000762939453,30.149999618530273,857800,30.860000610351562,30.790000915527344,20.658384323120117
13-10-2010,30.510000228881836,30.889999389648438,971100,31.5,31.399999618530273,21.06766128540039
14-10-2010,30.770000457763672,30.969999313354492,2761600,32.849998474121094,31.489999771118164,21.1280460357666
15-10-2010,30.889999389648438,31.719999313354492,1185600,31.760000228881836,31.399999618530273,21.06766128540039
18-10-2010,30.700000762939453,31.239999771118164,1030400,31.299999237060547,31.06999969482422,20.846240997314453
19-10-2010,30.399999618530273,30.739999771118164,807900,31.299999237060547,30.8799991607666,20.71877098083496
20-10-2010,30.829999923706055,31.040000915527344,1000700,31.59000015258789,31.510000228881836,21.141468048095703
21-10-2010,30.739999771118164,31.610000610351562,1185400,31.700000762939453,31.049999237060547,20.832828521728516
22-10-2010,30.799999237060547,31.049999237060547,1128900,31.940000534057617,31.920000076293945,21.41655158996582
25-10-2010,31.829999923706055,32.029998779296875,1306000,32.349998474121094,32.04999923706055,21.50377655029297
26-10-2010,31.5,32.099998474121094,5034500,34.970001220703125,34.0,22.812114715576172
27-10-2010,33.130001068115234,33.59000015258789,1593900,33.970001220703125,33.619998931884766,22.55715560913086
28-10-2010,32.709999084472656,33.619998931884766,1074100,33.63999938964844,32.83000183105469,22.027111053466797
29-10-2010,32.68000030517578,32.68000030517578,1177600,33.2400016784668,32.84000015258789,22.03382110595703
01-11-2010,33.0099983215332,33.54999923706055,1624800,33.790000915527344,33.349998474121094,22.376001358032227
02-11-2010,32.84000015258789,33.43000030517578,1849800,33.63999938964844,33.0099983215332,22.147872924804688
03-11-2010,29.700000762939453,29.889999389648438,7291600,33.52000045776367,31.260000228881836,20.973730087280273
04-11-2010,31.43000030517578,31.75,3187700,32.2400016784668,31.860000610351562,21.376291275024414
05-11-2010,30.8700008392334,31.709999084472656,2659200,31.8700008392334,31.170000076293945,20.913339614868164
08-11-2010,30.350000381469727,30.979999542236328,2295400,31.100000381469727,30.489999771118164,20.457096099853516
09-11-2010,29.860000610351562,30.389999389648438,2165500,30.450000762939453,30.010000228881836,20.135046005249023
10-11-2010,29.799999237060547,29.959999084472656,1082900,30.270000457763672,29.989999771118164,20.121631622314453
11-11-2010,29.25,29.6200008392334,2012200,29.770000457763672,29.350000381469727,19.692224502563477
12-11-2010,29.170000076293945,29.25,1717200,29.709999084472656,29.65999984741211,19.90021324157715
15-11-2010,29.510000228881836,29.75,1390200,30.0,29.559999465942383,19.8331241607666
16-11-2010,29.0,29.270000457763672,1305100,29.68000030517578,29.139999389648438,19.55132484436035
17-11-2010,29.0,29.1200008392334,1126800,29.389999389648438,29.360000610351562,19.698932647705078
18-11-2010,28.799999237060547,29.540000915527344,1873400,29.639999389648438,28.850000381469727,19.356754302978516
19-11-2010,28.760000228881836,28.790000915527344,1189800,29.1299991607666,28.84000015258789,19.350040435791016
22-11-2010,28.56999969482422,28.84000015258789,1194800,29.010000228881836,28.84000015258789,19.350040435791016
23-11-2010,28.489999771118164,28.559999465942383,937800,28.790000915527344,28.520000457763672,19.13533592224121
24-11-2010,28.709999084472656,28.709999084472656,774200,29.440000534057617,29.399999618530273,19.725770950317383
26-11-2010,28.850000381469727,29.079999923706055,341200,29.260000228881836,29.15999984741211,19.56474494934082
29-11-2010,28.68000030517578,29.079999923706055,959900,29.299999237060547,29.18000030517578,19.578166961669922
30-11-2010,28.649999618530273,28.8700008392334,1882300,29.059999465942383,28.959999084472656,19.430553436279297
01-12-2010,29.290000915527344,29.290000915527344,1408600,29.979999542236328,29.899999618530273,20.061246871948242
02-12-2010,29.649999618530273,29.829999923706055,1157500,30.6200008392334,30.579999923706055,20.51748275756836
03-12-2010,30.149999618530273,30.329999923706055,2216000,31.899999618530273,31.84000015258789,21.362876892089844
06-12-2010,31.450000762939453,31.670000076293945,1939900,32.0,31.68000030517578,21.255521774291992
07-12-2010,30.56999969482422,31.850000381469727,2439500,31.989999771118164,30.729999542236328,20.618127822875977
08-12-2010,30.350000381469727,30.729999542236328,1643600,30.969999313354492,30.350000381469727,20.36316680908203
09-12-2010,29.799999237060547,30.270000457763672,2140300,30.610000610351562,30.0,20.12833595275879
10-12-2010,29.780000686645508,30.290000915527344,1664100,30.290000915527344,30.229999542236328,20.28265380859375
13-12-2010,29.93000030517578,30.280000686645508,1300600,30.510000228881836,30.510000228881836,20.470518112182617
14-12-2010,30.459999084472656,30.520000457763672,1575600,31.420000076293945,31.31999969482422,21.013988494873047
15-12-2010,31.049999237060547,31.25,1575700,31.65999984741211,31.229999542236328,20.953598022460938
16-12-2010,30.760000228881836,31.18000030517578,1092000,31.649999618530273,31.479999542236328,21.121337890625
17-12-2010,31.219999313354492,31.270000457763672,6738900,32.43000030517578,31.760000228881836,21.30919647216797
20-12-2010,31.149999618530273,31.670000076293945,913000,31.8799991607666,31.389999389648438,21.06094741821289
21-12-2010,31.239999771118164,31.350000381469727,869700,31.639999389648438,31.25,20.967016220092773
22-12-2010,30.489999771118164,31.18000030517578,1260800,31.25,30.56999969482422,20.51077651977539
23-12-2010,29.950000762939453,30.459999084472656,871400,30.530000686645508,30.360000610351562,20.369882583618164
27-12-2010,30.139999389648438,30.290000915527344,754600,30.649999618530273,30.43000030517578,20.41684341430664
28-12-2010,29.579999923706055,30.3799991607666,1479500,30.459999084472656,30.209999084472656,20.26923370361328
29-12-2010,30.0,30.110000610351562,1035700,30.34000015258789,30.329999923706055,20.34975242614746
30-12-2010,30.040000915527344,30.239999771118164,817800,31.06999969482422,30.979999542236328,20.78586196899414
31-12-2010,30.829999923706055,30.8700008392334,854900,31.219999313354492,30.989999771118164,20.792570114135742
03-01-2011,30.959999084472656,31.149999618530273,1344600,31.700000762939453,31.209999084472656,20.940183639526367
04-01-2011,30.809999465942383,31.209999084472656,987100,31.299999237060547,31.06999969482422,20.846240997314453
05-01-2011,30.940000534057617,30.940000534057617,1269600,31.84000015258789,31.459999084472656,21.1079158782959
06-01-2011,30.700000762939453,31.360000610351562,1497800,31.709999084472656,30.899999618530273,20.732187271118164
07-01-2011,30.06999969482422,31.06999969482422,1140700,31.190000534057617,30.530000686645508,20.483930587768555
10-01-2011,30.010000228881836,30.399999618530273,1035900,30.559999465942383,30.469999313354492,20.443683624267578
11-01-2011,30.479999542236328,30.579999923706055,662800,30.829999923706055,30.770000457763672,20.644968032836914
12-01-2011,30.579999923706055,30.780000686645508,647000,30.90999984741211,30.899999618530273,20.732187271118164
13-01-2011,30.700000762939453,30.899999618530273,635900,31.0,30.760000228881836,20.63825798034668
14-01-2011,30.690000534057617,30.75,1074900,30.90999984741211,30.850000381469727,20.698638916015625
18-01-2011,30.850000381469727,30.850000381469727,1348400,31.920000076293945,31.920000076293945,21.41655158996582
19-01-2011,31.100000381469727,31.8700008392334,1451400,31.979999542236328,31.579999923706055,21.188430786132812
20-01-2011,31.040000915527344,31.399999618530273,1165500,31.719999313354492,31.040000915527344,20.82611656188965
21-01-2011,30.68000030517578,31.1299991607666,981700,31.459999084472656,30.790000915527344,20.658384323120117
24-01-2011,30.719999313354492,30.790000915527344,1066400,31.850000381469727,31.520000457763672,21.148170471191406
25-01-2011,31.170000076293945,31.360000610351562,907700,31.760000228881836,31.719999313354492,21.28236198425293
26-01-2011,31.469999313354492,31.719999313354492,968500,32.15999984741211,31.540000915527344,21.161592483520508
27-01-2011,31.329999923706055,31.649999618530273,718400,31.81999969482422,31.530000686645508,21.154884338378906
28-01-2011,30.290000915527344,31.579999923706055,1022500,31.579999923706055,30.809999465942383,20.671804428100586
31-01-2011,30.34000015258789,30.790000915527344,1045500,30.969999313354492,30.829999923706055,20.685222625732422
01-02-2011,30.520000457763672,30.809999465942383,1105400,31.280000686645508,30.790000915527344,20.658384323120117
02-02-2011,30.43000030517578,30.670000076293945,994600,30.829999923706055,30.579999923706055,20.51748275756836
03-02-2011,30.1299991607666,30.649999618530273,1252800,30.770000457763672,30.68000030517578,20.584575653076172
04-02-2011,30.899999618530273,30.989999771118164,2463400,32.59000015258789,31.940000534057617,21.429967880249023
07-02-2011,31.899999618530273,31.90999984741211,1019100,32.29999923706055,31.989999771118164,21.463516235351562
08-02-2011,31.889999389648438,31.989999771118164,922500,32.560001373291016,32.45000076293945,21.77215003967285
09-02-2011,31.899999618530273,32.43000030517578,762900,32.470001220703125,32.209999084472656,21.611125946044922
10-02-2011,31.75,32.06999969482422,803500,32.599998474121094,32.58000183105469,21.859375
11-02-2011,32.34000015258789,32.45000076293945,1579200,33.470001220703125,33.08000183105469,22.19485092163086
14-02-2011,32.47999954223633,33.0099983215332,661100,33.150001525878906,32.5,21.80570411682129
15-02-2011,32.08000183105469,32.439998626708984,793200,32.849998474121094,32.52000045776367,21.819120407104492
16-02-2011,32.2400016784668,32.540000915527344,810000,32.79999923706055,32.290000915527344,21.664798736572266
17-02-2011,32.16999816894531,32.16999816894531,1737100,33.970001220703125,33.43000030517578,22.429677963256836
18-02-2011,32.0,32.560001373291016,1643700,33.060001373291016,33.02000045776367,22.15458869934082
22-02-2011,31.790000915527344,32.630001068115234,2495400,32.650001525878906,32.13999938964844,21.56415557861328
23-02-2011,30.010000228881836,30.170000076293945,4787000,33.220001220703125,32.36000061035156,21.711767196655273
24-02-2011,31.219999313354492,31.530000686645508,1836800,32.83000183105469,32.459999084472656,21.778865814208984
25-02-2011,32.47999954223633,32.54999923706055,1691000,33.29999923706055,33.16999816894531,22.255229949951172
28-02-2011,33.18000030517578,33.22999954223633,3565300,34.18000030517578,33.95000076293945,22.7785701751709
01-03-2011,32.900001525878906,33.95000076293945,1942900,34.400001525878906,33.20000076293945,22.275358200073242
02-03-2011,32.84000015258789,33.08000183105469,1280700,33.54999923706055,33.369998931884766,22.389419555664062
03-03-2011,33.38999938964844,33.599998474121094,1498100,34.22999954223633,34.20000076293945,22.946306228637695
04-03-2011,33.849998474121094,34.119998931884766,2739800,35.220001220703125,34.77000045776367,23.328744888305664
07-03-2011,33.779998779296875,34.97999954223633,912800,35.040000915527344,34.43000030517578,23.100618362426758
08-03-2011,33.88999938964844,34.189998626708984,1415500,34.400001525878906,34.08000183105469,22.865795135498047
09-03-2011,33.86000061035156,33.90999984741211,1231800,34.619998931884766,34.119998931884766,22.892635345458984
10-03-2011,33.11000061035156,33.630001068115234,1528800,34.099998474121094,33.95000076293945,22.7785701751709
11-03-2011,33.5,33.709999084472656,539500,34.29999923706055,34.13999938964844,22.906051635742188
14-03-2011,33.619998931884766,33.970001220703125,601300,34.29999923706055,33.869998931884766,22.724889755249023
15-03-2011,33.09000015258789,33.16999816894531,1263400,34.38999938964844,34.349998474121094,23.046945571899414
16-03-2011,33.529998779296875,34.209999084472656,1343900,34.45000076293945,33.79999923706055,22.67792320251465
17-03-2011,33.400001525878906,34.13999938964844,775400,34.279998779296875,33.4900016784668,22.46993064880371
18-03-2011,33.439998626708984,33.75,1514800,34.0,33.81999969482422,22.691349029541016
21-03-2011,33.66999816894531,34.150001525878906,1317600,34.459999084472656,33.81999969482422,22.691349029541016
22-03-2011,33.65999984741211,33.790000915527344,656500,33.90999984741211,33.7599983215332,22.651090621948242
23-03-2011,33.56999969482422,33.75,665300,33.9900016784668,33.77000045776367,22.657800674438477
24-03-2011,33.70000076293945,33.849998474121094,1198400,33.970001220703125,33.900001525878906,22.745023727416992
25-03-2011,33.75,33.880001068115234,2179000,34.599998474121094,34.119998931884766,22.892635345458984
28-03-2011,33.790000915527344,34.04999923706055,957400,34.20000076293945,33.880001068115234,22.731603622436523
29-03-2011,33.77000045776367,33.869998931884766,850600,34.2599983215332,34.150001525878906,22.912755966186523
30-03-2011,33.939998626708984,34.279998779296875,745000,34.36000061035156,33.97999954223633,22.798702239990234
31-03-2011,33.849998474121094,34.029998779296875,1048300,34.25,33.86000061035156,22.718189239501953
01-04-2011,33.5,34.0,1315600,34.040000915527344,33.75,22.64437484741211
04-04-2011,33.29999923706055,33.90999984741211,1627700,33.93000030517578,33.779998779296875,22.664505004882812
05-04-2011,33.439998626708984,33.779998779296875,1899300,33.91999816894531,33.779998779296875,22.664505004882812
06-04-2011,33.540000915527344,33.849998474121094,1273200,34.0,33.93000030517578,22.76515007019043
07-04-2011,33.36000061035156,33.779998779296875,1066600,33.88999938964844,33.75,22.64437484741211
08-04-2011,33.529998779296875,33.720001220703125,1262000,33.97999954223633,33.75,22.64437484741211
11-04-2011,33.709999084472656,34.0,962200,34.16999816894531,34.0099983215332,22.818822860717773
12-04-2011,33.59000015258789,33.7400016784668,1128500,33.970001220703125,33.7599983215332,22.651090621948242
13-04-2011,33.5099983215332,33.869998931884766,1523700,33.970001220703125,33.560001373291016,22.516902923583984
14-04-2011,33.16999816894531,33.310001373291016,1030500,33.779998779296875,33.7599983215332,22.651090621948242
15-04-2011,33.619998931884766,33.790000915527344,2797100,33.9900016784668,33.900001525878906,22.745023727416992
18-04-2011,33.18000030517578,33.630001068115234,1811100,33.77000045776367,33.7400016784668,22.637666702270508
19-04-2011,33.20000076293945,33.59000015258789,1678700,33.86000061035156,33.59000015258789,22.537031173706055
20-04-2011,33.869998931884766,33.88999938964844,2670900,34.15999984741211,33.959999084472656,22.7852840423584
21-04-2011,33.88999938964844,33.97999954223633,2516100,34.220001220703125,34.150001525878906,22.912755966186523
25-04-2011,33.90999984741211,34.08000183105469,1808900,34.66999816894531,34.45000076293945,23.114036560058594
26-04-2011,33.91999816894531,34.45000076293945,2400000,34.75,34.66999816894531,23.26165008544922
27-04-2011,34.06999969482422,34.630001068115234,1713100,34.790000915527344,34.689998626708984,23.275070190429688
28-04-2011,34.119998931884766,34.72999954223633,1900000,34.72999954223633,34.2599983215332,22.986560821533203
29-04-2011,34.04999923706055,34.22999954223633,2053300,34.43000030517578,34.22999954223633,22.9664363861084
02-05-2011,33.75,34.31999969482422,1941600,34.36000061035156,34.0099983215332,22.818822860717773
03-05-2011,33.43000030517578,33.959999084472656,2700000,34.0099983215332,33.4900016784668,22.46993064880371
04-05-2011,34.06999969482422,35.0,6519200,36.41999816894531,35.279998779296875,23.670928955078125
05-05-2011,34.61000061035156,35.130001068115234,2300000,35.70000076293945,34.9900016784668,23.476356506347656
06-05-2011,34.939998626708984,35.380001068115234,1628700,35.439998626708984,35.13999938964844,23.57698631286621
09-05-2011,34.849998474121094,35.25,1136600,35.310001373291016,34.97999954223633,23.469642639160156
10-05-2011,35.02000045776367,35.189998626708984,1021900,35.52000045776367,35.310001373291016,23.691055297851562
11-05-2011,34.75,35.31999969482422,969500,35.4900016784668,35.06999969482422,23.530019760131836
12-05-2011,34.86000061035156,35.06999969482422,840000,35.31999969482422,35.2400016784668,23.64409065246582
13-05-2011,34.959999084472656,35.279998779296875,1076300,35.34000015258789,35.119998931884766,23.56357192993164
16-05-2011,34.4900016784668,34.959999084472656,839300,35.08000183105469,34.650001525878906,23.248228073120117
17-05-2011,34.310001373291016,34.5,1569600,34.869998931884766,34.84000015258789,23.37571144104004
18-05-2011,34.529998779296875,34.779998779296875,1076400,35.150001525878906,34.97999954223633,23.469642639160156
19-05-2011,34.900001525878906,35.20000076293945,844000,35.349998474121094,35.220001220703125,23.63066864013672
20-05-2011,34.70000076293945,35.25,699900,35.25,34.97999954223633,23.469642639160156
23-05-2011,34.0,34.79999923706055,1908700,34.86000061035156,34.16999816894531,22.92618179321289
24-05-2011,33.310001373291016,34.20000076293945,2015100,34.20000076293945,33.40999984741211,22.416257858276367
25-05-2011,33.119998931884766,33.310001373291016,825700,33.400001525878906,33.22999954223633,22.295488357543945
26-05-2011,33.099998474121094,33.15999984741211,682700,33.459999084472656,33.31999969482422,22.355873107910156
27-05-2011,33.25,33.25,547600,33.47999954223633,33.41999816894531,22.4229679107666
31-05-2011,33.52000045776367,33.689998626708984,1037700,34.08000183105469,34.08000183105469,22.865795135498047
01-06-2011,33.88999938964844,34.0099983215332,1558500,34.470001220703125,34.060001373291016,22.852378845214844
02-06-2011,33.63999938964844,33.900001525878906,1921400,34.290000915527344,33.650001525878906,22.577281951904297
03-06-2011,33.08000183105469,33.41999816894531,1339700,33.790000915527344,33.349998474121094,22.376001358032227
06-06-2011,33.029998779296875,33.099998474121094,1154700,33.560001373291016,33.290000915527344,22.33574676513672
07-06-2011,33.06999969482422,33.380001068115234,867000,33.5,33.150001525878906,22.24181365966797
08-06-2011,33.02000045776367,33.029998779296875,1031400,33.52000045776367,33.31999969482422,22.355873107910156
09-06-2011,33.220001220703125,33.380001068115234,882000,33.900001525878906,33.709999084472656,22.617542266845703
10-06-2011,33.45000076293945,33.70000076293945,1184700,33.88999938964844,33.540000915527344,22.503482818603516
13-06-2011,32.0,32.970001220703125,1768000,33.06999969482422,32.54999923706055,22.372886657714844
14-06-2011,32.40999984741211,32.86000061035156,1005100,33.029998779296875,32.84000015258789,22.572216033935547
15-06-2011,32.470001220703125,32.65999984741211,728900,32.79999923706055,32.689998626708984,22.469112396240234
16-06-2011,32.619998931884766,32.84000015258789,907400,33.08000183105469,32.9900016784668,22.675317764282227
17-06-2011,32.970001220703125,33.380001068115234,1973000,33.720001220703125,33.65999984741211,23.135831832885742
20-06-2011,33.349998474121094,33.599998474121094,730700,34.09000015258789,33.66999816894531,23.14270782470703
21-06-2011,33.380001068115234,33.7599983215332,893000,34.33000183105469,33.97999954223633,23.355785369873047
22-06-2011,33.79999923706055,33.90999984741211,550300,34.189998626708984,33.970001220703125,23.34890365600586
23-06-2011,33.439998626708984,33.63999938964844,737800,34.040000915527344,34.0099983215332,23.376407623291016
24-06-2011,33.380001068115234,33.959999084472656,1185000,33.959999084472656,33.45000076293945,22.99148941040039
27-06-2011,31.209999084472656,33.290000915527344,5419800,33.869998931884766,32.220001220703125,22.146066665649414
28-06-2011,31.31999969482422,31.440000534057617,3047900,32.220001220703125,31.920000076293945,21.939863204956055
29-06-2011,31.799999237060547,32.06999969482422,1654300,32.7599983215332,32.04999923706055,22.029216766357422
30-06-2011,32.25,32.279998779296875,1658200,33.33000183105469,33.029998779296875,22.70281410217285
01-07-2011,33.04999923706055,33.119998931884766,1264300,33.720001220703125,33.58000183105469,23.080846786499023
05-07-2011,32.959999084472656,33.709999084472656,1002400,33.709999084472656,33.25,22.854026794433594
06-07-2011,33.0099983215332,33.279998779296875,634200,33.400001525878906,33.220001220703125,22.833404541015625
07-07-2011,33.290000915527344,33.41999816894531,674700,33.970001220703125,33.7400016784668,23.190820693969727
08-07-2011,33.279998779296875,33.439998626708984,609800,33.83000183105469,33.599998474121094,23.094594955444336
11-07-2011,33.119998931884766,33.31999969482422,725200,33.4900016784668,33.43000030517578,22.97774314880371
12-07-2011,32.900001525878906,33.33000183105469,942400,33.540000915527344,33.040000915527344,22.709680557250977
13-07-2011,32.849998474121094,33.209999084472656,688000,33.439998626708984,32.959999084472656,22.65469741821289
14-07-2011,32.18000030517578,33.060001373291016,1165000,33.11000061035156,32.45000076293945,22.304155349731445
15-07-2011,32.08000183105469,32.380001068115234,887900,32.41999816894531,32.22999954223633,22.152936935424805
18-07-2011,31.790000915527344,32.209999084472656,741900,32.220001220703125,32.08000183105469,22.04983901977539
19-07-2011,32.0,32.18000030517578,806100,32.310001373291016,32.22999954223633,22.152936935424805
20-07-2011,31.850000381469727,32.130001068115234,617100,32.150001525878906,32.0,21.994844436645508
21-07-2011,32.02000045776367,32.189998626708984,720600,32.779998779296875,32.709999084472656,22.482866287231445
22-07-2011,32.43000030517578,32.65999984741211,669900,33.0,32.720001220703125,22.489728927612305
25-07-2011,32.279998779296875,32.68000030517578,579300,32.70000076293945,32.560001373291016,22.3797607421875
26-07-2011,32.220001220703125,32.459999084472656,1160900,33.0099983215332,32.86000061035156,22.585962295532227
27-07-2011,31.850000381469727,32.68000030517578,1113900,32.70000076293945,32.150001525878906,22.097949981689453
28-07-2011,31.780000686645508,32.13999938964844,641900,32.40999984741211,32.099998474121094,22.063581466674805
29-07-2011,31.5,31.790000915527344,1258900,32.68000030517578,32.630001068115234,22.427873611450195
01-08-2011,31.649999618530273,32.75,1649200,33.040000915527344,32.189998626708984,22.125442504882812
02-08-2011,31.290000915527344,31.760000228881836,2265100,32.2599983215332,31.530000686645508,21.67180633544922
03-08-2011,29.489999771118164,30.25,5806600,31.899999618530273,30.860000610351562,21.21128273010254
04-08-2011,29.5,30.530000686645508,1830500,30.760000228881836,30.139999389648438,20.71639633178711
05-08-2011,29.229999542236328,30.3799991607666,2741600,32.15999984741211,31.950000762939453,21.960481643676758
08-08-2011,30.15999984741211,30.59000015258789,2838400,31.700000762939453,31.0,21.307512283325195
09-08-2011,30.1299991607666,31.1299991607666,2610400,32.0,31.989999771118164,21.987972259521484
10-08-2011,30.459999084472656,31.43000030517578,2188100,31.639999389648438,30.520000457763672,20.977588653564453
11-08-2011,30.209999084472656,30.809999465942383,1570600,31.280000686645508,30.899999618530273,21.2387752532959
12-08-2011,30.899999618530273,31.170000076293945,763200,31.610000610351562,31.31999969482422,21.527463912963867
15-08-2011,31.25,31.540000915527344,823700,31.770000457763672,31.690000534057617,21.781774520874023
16-08-2011,31.31999969482422,31.579999923706055,1085000,32.279998779296875,32.22999954223633,22.152936935424805
17-08-2011,31.670000076293945,32.2599983215332,726800,32.72999954223633,31.989999771118164,21.987972259521484
18-08-2011,30.299999237060547,31.31999969482422,1209800,31.31999969482422,30.8799991607666,21.225025177001953
19-08-2011,30.600000381469727,30.600000381469727,1662700,31.15999984741211,31.0,21.307512283325195
22-08-2011,31.209999084472656,31.559999465942383,1663100,31.8799991607666,31.6200008392334,21.733665466308594
23-08-2011,31.610000610351562,31.709999084472656,1251900,32.400001525878906,32.099998474121094,22.063581466674805
24-08-2011,31.760000228881836,32.099998474121094,1178100,32.540000915527344,32.15999984741211,22.104820251464844
25-08-2011,31.59000015258789,32.33000183105469,970500,32.369998931884766,31.639999389648438,21.74740982055664
26-08-2011,31.40999984741211,31.610000610351562,978100,32.810001373291016,32.7400016784668,22.503480911254883
29-08-2011,32.45000076293945,33.0,1076900,33.59000015258789,33.349998474121094,22.922760009765625
30-08-2011,33.029998779296875,33.36000061035156,812100,33.70000076293945,33.5,23.025859832763672
31-08-2011,33.220001220703125,33.83000183105469,984300,34.16999816894531,33.529998779296875,23.046476364135742
01-09-2011,32.290000915527344,33.709999084472656,1545000,33.77000045776367,32.439998626708984,22.297279357910156
02-09-2011,31.829999923706055,32.04999923706055,798000,32.4900016784668,32.0,21.994844436645508
06-09-2011,31.229999542236328,31.440000534057617,1491800,32.220001220703125,32.08000183105469,22.04983901977539
07-09-2011,32.29999923706055,32.529998779296875,817100,33.029998779296875,32.959999084472656,22.65469741821289
08-09-2011,32.54999923706055,32.91999816894531,1055600,33.650001525878906,33.279998779296875,22.874643325805664
09-09-2011,32.310001373291016,33.09000015258789,798900,33.2599983215332,32.79999923706055,22.544719696044922
12-09-2011,32.18000030517578,32.43000030517578,1675700,33.369998931884766,33.369998931884766,22.936506271362305
13-09-2011,32.70000076293945,33.369998931884766,1674700,33.5099983215332,32.83000183105469,22.839109420776367
14-09-2011,32.779998779296875,32.97999954223633,1144900,33.56999969482422,33.209999084472656,23.10346794128418
15-09-2011,33.189998626708984,33.619998931884766,603800,33.790000915527344,33.63999938964844,23.402610778808594
16-09-2011,33.61000061035156,33.65999984741211,1626800,34.20000076293945,33.72999954223633,23.465219497680664
19-09-2011,33.150001525878906,33.529998779296875,770700,33.70000076293945,33.439998626708984,23.26346778869629
20-09-2011,33.119998931884766,33.65999984741211,667300,33.720001220703125,33.209999084472656,23.10346794128418
21-09-2011,32.56999969482422,33.13999938964844,571800,33.31999969482422,32.56999969482422,22.658233642578125
22-09-2011,30.8700008392334,32.029998779296875,1529700,32.220001220703125,31.280000686645508,21.76081085205078
23-09-2011,30.5,31.0,1068500,31.1299991607666,30.739999771118164,21.385135650634766
26-09-2011,30.520000457763672,31.0,905200,32.060001373291016,31.90999984741211,22.199085235595703
27-09-2011,31.790000915527344,32.5099983215332,769900,32.689998626708984,32.02000045776367,22.275606155395508
28-09-2011,31.389999389648438,32.189998626708984,718400,32.400001525878906,31.459999084472656,21.88603401184082
29-09-2011,31.049999237060547,31.959999084472656,891500,32.130001068115234,31.829999923706055,22.1434326171875
30-09-2011,31.209999084472656,31.389999389648438,1239600,32.279998779296875,31.770000457763672,22.1016902923584
03-10-2011,30.530000686645508,31.780000686645508,1004900,31.959999084472656,30.600000381469727,21.287748336791992
04-10-2011,30.34000015258789,30.34000015258789,1342300,32.2599983215332,32.189998626708984,22.393877029418945
05-10-2011,31.549999237060547,32.0099983215332,959500,32.75,32.650001525878906,22.713884353637695
06-10-2011,31.969999313354492,32.7400016784668,965100,32.7400016784668,32.459999084472656,22.581710815429688
07-10-2011,32.29999923706055,32.54999923706055,962600,32.75,32.470001220703125,22.588668823242188
10-10-2011,32.77000045776367,32.91999816894531,712000,33.52000045776367,33.38999938964844,23.228694915771484
11-10-2011,33.099998474121094,33.38999938964844,502900,33.70000076293945,33.65999984741211,23.416519165039062
12-10-2011,33.400001525878906,33.97999954223633,1555600,34.029998779296875,33.470001220703125,23.28434181213379
13-10-2011,33.34000015258789,33.470001220703125,1129900,33.75,33.68000030517578,23.43043327331543
14-10-2011,33.630001068115234,33.86000061035156,679700,34.20000076293945,34.20000076293945,23.792186737060547
17-10-2011,33.900001525878906,34.06999969482422,965100,34.349998474121094,34.2400016784668,23.820016860961914
18-10-2011,33.720001220703125,34.20000076293945,930600,34.939998626708984,34.63999938964844,24.098289489746094
19-10-2011,34.20000076293945,34.689998626708984,664900,34.709999084472656,34.5,24.000898361206055
20-10-2011,34.119998931884766,34.650001525878906,647800,34.65999984741211,34.41999816894531,23.945236206054688
21-10-2011,34.27000045776367,34.790000915527344,638700,34.970001220703125,34.61000061035156,24.077421188354492
24-10-2011,34.81999969482422,35.65999984741211,2473600,35.900001525878906,35.34000015258789,24.585262298583984
25-10-2011,34.47999954223633,35.029998779296875,725500,35.29999923706055,34.619998931884766,24.08437728881836
26-10-2011,34.20000076293945,34.91999816894531,721500,34.970001220703125,34.70000076293945,24.14002227783203
27-10-2011,34.709999084472656,35.15999984741211,1663400,35.70000076293945,34.79999923706055,24.2095947265625
28-10-2011,34.599998474121094,34.79999923706055,648100,35.220001220703125,35.09000015258789,24.411340713500977
31-10-2011,34.38999938964844,34.79999923706055,983600,35.029998779296875,34.38999938964844,23.92437171936035
01-11-2011,33.41999816894531,33.880001068115234,1409000,34.38999938964844,34.189998626708984,23.785234451293945
02-11-2011,34.93000030517578,36.5099983215332,4551700,37.20000076293945,35.709999084472656,24.84265899658203
03-11-2011,35.400001525878906,35.88999938964844,983100,36.099998474121094,35.880001068115234,24.960926055908203
04-11-2011,35.2599983215332,35.599998474121094,800000,35.880001068115234,35.70000076293945,24.835704803466797
07-11-2011,35.400001525878906,35.58000183105469,1268500,36.40999984741211,36.34000015258789,25.28093910217285
08-11-2011,36.189998626708984,36.5,593100,36.709999084472656,36.5,25.392253875732422
09-11-2011,35.130001068115234,36.16999816894531,1703300,36.16999816894531,35.150001525878906,24.453081130981445
10-11-2011,34.83000183105469,35.540000915527344,1007600,35.56999969482422,34.970001220703125,24.32785415649414
11-11-2011,34.75,35.150001525878906,827400,35.189998626708984,34.869998931884766,24.258296966552734
14-11-2011,34.59000015258789,34.68000030517578,1115900,35.119998931884766,34.95000076293945,24.313941955566406
15-11-2011,34.84000015258789,34.84000015258789,895800,35.9900016784668,35.650001525878906,24.800918579101562
16-11-2011,35.2400016784668,35.349998474121094,584400,35.83000183105469,35.38999938964844,24.620044708251953
17-11-2011,34.75,35.41999816894531,777400,35.45000076293945,35.20000076293945,24.487865447998047
18-11-2011,34.959999084472656,35.06999969482422,771000,35.33000183105469,35.130001068115234,24.439167022705078
21-11-2011,34.5099983215332,34.81999969482422,774600,35.09000015258789,34.970001220703125,24.32785415649414
22-11-2011,34.5,34.959999084472656,540300,34.959999084472656,34.72999954223633,24.160898208618164
23-11-2011,34.40999984741211,34.599998474121094,701300,34.91999816894531,34.58000183105469,24.056550979614258
25-11-2011,34.40999984741211,34.43000030517578,252000,34.9900016784668,34.529998779296875,24.021759033203125
28-11-2011,34.560001373291016,34.560001373291016,710400,35.310001373291016,35.15999984741211,24.460039138793945
29-11-2011,34.84000015258789,35.0,1056100,35.86000061035156,35.599998474121094,24.766141891479492
30-11-2011,35.869998931884766,36.13999938964844,1297600,36.7599983215332,36.59000015258789,25.454856872558594
01-12-2011,36.38999938964844,36.38999938964844,529900,36.79999923706055,36.560001373291016,25.433992385864258
02-12-2011,36.709999084472656,36.81999969482422,1432800,37.33000183105469,37.119998931884766,25.823562622070312
05-12-2011,37.08000183105469,37.38999938964844,806800,37.630001068115234,37.25,25.914003372192383
06-12-2011,36.900001525878906,37.380001068115234,867100,37.459999084472656,37.040000915527344,25.767919540405273
07-12-2011,36.59000015258789,36.9900016784668,697000,37.2400016784668,37.060001373291016,25.781831741333008
08-12-2011,36.560001373291016,36.79999923706055,958700,37.54999923706055,37.25,25.914003372192383
09-12-2011,37.29999923706055,37.369998931884766,853600,37.97999954223633,37.900001525878906,26.366195678710938
12-12-2011,37.650001525878906,37.88999938964844,1652400,38.27000045776367,37.959999084472656,26.407936096191406
13-12-2011,37.7599983215332,38.16999816894531,4232700,38.540000915527344,38.380001068115234,26.984468460083008
14-12-2011,36.959999084472656,38.09000015258789,1598000,38.25,37.470001220703125,26.344663619995117
15-12-2011,36.779998779296875,37.560001373291016,1584600,37.65999984741211,37.34000015258789,26.253253936767578
16-12-2011,37.36000061035156,37.619998931884766,2383000,38.20000076293945,38.0,26.71729850769043
19-12-2011,37.86000061035156,38.09000015258789,1164900,38.4900016784668,38.02000045776367,26.73134994506836
20-12-2011,38.02000045776367,38.310001373291016,1504500,39.029998779296875,38.9900016784668,27.41335105895996
21-12-2011,38.4900016784668,38.9900016784668,1396700,39.59000015258789,39.560001373291016,27.81411361694336
22-12-2011,39.29999923706055,39.65999984741211,1665800,40.18000030517578,39.45000076293945,27.736770629882812
23-12-2011,39.66999816894531,39.7400016784668,1025200,40.130001068115234,39.9900016784668,28.11644172668457
27-12-2011,39.59000015258789,39.959999084472656,662500,40.25,40.18000030517578,28.250030517578125
28-12-2011,39.5,40.040000915527344,789200,40.15999984741211,39.709999084472656,27.919574737548828
29-12-2011,39.59000015258789,39.72999954223633,989600,40.58000183105469,40.38999938964844,28.39767074584961
30-12-2011,39.810001373291016,40.18000030517578,1101300,40.400001525878906,39.810001373291016,27.989877700805664
03-01-2012,39.59000015258789,40.20000076293945,1171200,40.369998931884766,39.599998474121094,27.84222984313965
04-01-2012,39.29999923706055,39.54999923706055,1264900,39.7599983215332,39.36000061035156,27.673484802246094
05-01-2012,39.09000015258789,39.36000061035156,974000,39.65999984741211,39.63999938964844,27.870351791381836
06-01-2012,39.040000915527344,39.65999984741211,815100,39.65999984741211,39.40999984741211,27.70864486694336
09-01-2012,39.369998931884766,39.47999954223633,624700,39.95000076293945,39.77000045776367,27.96175193786621
10-01-2012,39.97999954223633,40.0,1102100,40.84000015258789,40.7599983215332,28.657812118530273
11-01-2012,40.7400016784668,40.900001525878906,1288500,41.5,41.06999969482422,28.87577247619629
12-01-2012,40.540000915527344,41.06999969482422,667900,41.209999084472656,40.79999923706055,28.68592643737793
13-01-2012,40.369998931884766,40.58000183105469,507500,40.790000915527344,40.66999816894531,28.59453582763672
17-01-2012,40.70000076293945,40.83000183105469,703900,41.290000915527344,40.79999923706055,28.68592643737793
18-01-2012,40.79999923706055,40.79999923706055,693600,41.130001068115234,41.099998474121094,28.896860122680664
19-01-2012,41.560001373291016,41.709999084472656,1271200,42.34000015258789,42.220001220703125,29.6843318939209
20-01-2012,41.95000076293945,42.29999923706055,1270300,42.72999954223633,42.0,29.529645919799805
23-01-2012,41.61000061035156,41.939998626708984,854000,42.130001068115234,41.709999084472656,29.325740814208984
24-01-2012,41.2599983215332,41.65999984741211,899400,41.75,41.540000915527344,29.20622444152832
25-01-2012,41.08000183105469,41.459999084472656,893700,42.0099983215332,41.869998931884766,29.43824577331543
26-01-2012,41.29999923706055,41.7599983215332,593700,41.91999816894531,41.72999954223633,29.339805603027344
27-01-2012,41.29999923706055,41.72999954223633,519100,41.97999954223633,41.36000061035156,29.079666137695312
30-01-2012,40.459999084472656,41.0,987900,41.31999969482422,40.849998474121094,28.721086502075195
31-01-2012,40.88999938964844,41.130001068115234,1280800,41.70000076293945,41.70000076293945,29.318708419799805
01-02-2012,41.81999969482422,42.11000061035156,877800,42.619998931884766,42.47999954223633,29.86711883544922
02-02-2012,42.380001068115234,42.630001068115234,1474600,43.529998779296875,43.529998779296875,30.605358123779297
03-02-2012,43.779998779296875,43.900001525878906,913900,44.380001068115234,44.099998474121094,31.006126403808594
06-02-2012,43.5099983215332,43.9900016784668,474400,43.9900016784668,43.720001220703125,30.73894500732422
07-02-2012,43.5,43.84000015258789,943600,44.02000045776367,43.7400016784668,30.75300407409668
08-02-2012,43.150001525878906,43.630001068115234,666400,43.7599983215332,43.22999954223633,30.394439697265625
09-02-2012,43.25,43.29999923706055,469100,43.58000183105469,43.47999954223633,30.570220947265625
10-02-2012,43.11000061035156,43.209999084472656,448200,43.619998931884766,43.59000015258789,30.647554397583008
13-02-2012,43.45000076293945,43.880001068115234,619900,44.02000045776367,43.95000076293945,30.900663375854492
14-02-2012,43.459999084472656,43.75,378400,44.0,43.90999984741211,30.87253189086914
15-02-2012,43.65999984741211,44.0,615700,44.33000183105469,43.959999084472656,30.90769386291504
16-02-2012,44.0,44.040000915527344,873800,44.5,44.18000030517578,31.062379837036133
17-02-2012,44.11000061035156,44.20000076293945,752200,44.72999954223633,44.18000030517578,31.062379837036133
21-02-2012,44.220001220703125,44.7599983215332,3020000,45.619998931884766,44.689998626708984,31.420944213867188
22-02-2012,47.869998931884766,49.029998779296875,7983100,49.93000030517578,48.86000061035156,34.352813720703125
23-02-2012,48.150001525878906,48.86000061035156,2077700,49.310001373291016,48.290000915527344,33.95205307006836
24-02-2012,47.91999816894531,48.5,859700,48.790000915527344,48.04999923706055,33.7833251953125
27-02-2012,47.38999938964844,47.72999954223633,1177800,48.040000915527344,47.529998779296875,33.417720794677734
28-02-2012,47.0,47.189998626708984,1503000,48.189998626708984,47.79999923706055,33.607540130615234
29-02-2012,47.13999938964844,47.86000061035156,969500,47.939998626708984,47.189998626708984,33.17866134643555
01-03-2012,46.869998931884766,47.38999938964844,884500,48.25,47.150001525878906,33.15054702758789
02-03-2012,46.40999984741211,47.02000045776367,983900,47.470001220703125,46.66999816894531,32.81305694580078
05-03-2012,46.900001525878906,47.11000061035156,1066800,47.459999084472656,47.189998626708984,33.17866134643555
06-03-2012,46.470001220703125,46.83000183105469,796000,47.11000061035156,46.939998626708984,33.002891540527344
07-03-2012,46.66999816894531,46.939998626708984,660700,47.150001525878906,47.0,33.045074462890625
08-03-2012,46.93000030517578,47.2400016784668,906900,47.77000045776367,47.43000030517578,33.34740447998047
09-03-2012,47.310001373291016,47.459999084472656,637100,47.66999816894531,47.5099983215332,33.40365219116211
12-03-2012,47.38999938964844,47.40999984741211,850100,47.9900016784668,47.459999084472656,33.368492126464844
13-03-2012,47.099998474121094,47.27000045776367,837000,47.58000183105469,47.56999969482422,33.7301139831543
14-03-2012,47.349998474121094,47.5,708700,47.900001525878906,47.880001068115234,33.949928283691406
15-03-2012,46.77000045776367,47.79999923706055,1159300,47.79999923706055,47.11000061035156,33.4039421081543
16-03-2012,46.65999984741211,46.900001525878906,1076900,47.09000015258789,46.88999938964844,33.24795913696289
19-03-2012,46.63999938964844,46.869998931884766,467100,47.470001220703125,47.380001068115234,33.59539794921875
20-03-2012,46.86000061035156,47.220001220703125,634700,47.25,46.9900016784668,33.31886291503906
21-03-2012,46.470001220703125,46.88999938964844,539200,47.290000915527344,47.220001220703125,33.48194122314453
22-03-2012,46.81999969482422,47.040000915527344,509800,47.54999923706055,47.529998779296875,33.701759338378906
23-03-2012,46.880001068115234,47.58000183105469,511100,47.75,47.630001068115234,33.77266311645508
26-03-2012,47.27000045776367,47.83000183105469,685600,48.29999923706055,47.779998779296875,33.87902069091797
27-03-2012,47.15999984741211,47.709999084472656,713100,47.97999954223633,47.79999923706055,33.89320373535156
28-03-2012,47.04999923706055,47.70000076293945,615400,47.95000076293945,47.31999969482422,33.5528450012207
29-03-2012,46.900001525878906,47.18000030517578,828700,47.880001068115234,47.34000015258789,33.56703567504883
30-03-2012,46.93000030517578,47.459999084472656,1016900,47.630001068115234,46.97999954223633,33.311767578125
02-04-2012,46.83000183105469,47.04999923706055,780500,47.5099983215332,47.29999923706055,33.538658142089844
03-04-2012,47.06999969482422,47.150001525878906,511300,47.59000015258789,47.5099983215332,33.68756866455078
04-04-2012,46.279998779296875,47.349998474121094,707900,47.349998474121094,46.439998626708984,32.92887878417969
05-04-2012,46.16999816894531,46.400001525878906,482100,46.790000915527344,46.220001220703125,32.772884368896484
09-04-2012,45.08000183105469,45.70000076293945,834200,45.70000076293945,45.5099983215332,32.26943588256836
10-04-2012,44.2400016784668,45.34000015258789,1126900,45.56999969482422,44.470001220703125,31.532026290893555
11-04-2012,44.560001373291016,44.91999816894531,536700,45.130001068115234,44.90999984741211,31.844013214111328
12-04-2012,44.68000030517578,44.810001373291016,481700,45.47999954223633,45.29999923706055,32.12055206298828
13-04-2012,44.869998931884766,45.08000183105469,637800,45.369998931884766,44.90999984741211,31.844013214111328
16-04-2012,44.18000030517578,44.880001068115234,738200,45.09000015258789,44.59000015258789,31.617109298706055
17-04-2012,44.66999816894531,44.84000015258789,434200,45.47999954223633,45.279998779296875,32.106353759765625
18-04-2012,44.90999984741211,45.279998779296875,389400,45.41999816894531,45.16999816894531,32.02836608886719
19-04-2012,44.54999923706055,45.040000915527344,417800,45.349998474121094,44.810001373291016,31.773117065429688
20-04-2012,44.52000045776367,45.15999984741211,607300,45.22999954223633,44.540000915527344,31.581649780273438
23-04-2012,43.68000030517578,44.45000076293945,556800,44.45000076293945,44.150001525878906,31.305118560791016
24-04-2012,44.18000030517578,44.31999969482422,609500,44.650001525878906,44.5,31.553302764892578
25-04-2012,44.599998474121094,44.7599983215332,827500,45.7400016784668,45.66999816894531,32.38288879394531
26-04-2012,45.439998626708984,45.439998626708984,1168400,47.36000061035156,47.279998779296875,33.52449035644531
27-04-2012,46.689998626708984,47.18000030517578,555800,47.290000915527344,46.810001373291016,33.191226959228516
30-04-2012,46.54999923706055,46.75,1036700,47.220001220703125,47.130001068115234,33.41813278198242
01-05-2012,47.18000030517578,47.220001220703125,1928500,48.290000915527344,47.4900016784668,33.67339324951172
02-05-2012,47.66999816894531,49.90999984741211,2955800,50.66999816894531,49.33000183105469,34.97806167602539
03-05-2012,47.88999938964844,49.189998626708984,574900,49.22999954223633,48.130001068115234,34.12720489501953
04-05-2012,46.7599983215332,47.619998931884766,965100,47.79999923706055,46.810001373291016,33.191226959228516
07-05-2012,46.220001220703125,46.439998626708984,655000,47.18000030517578,47.02000045776367,33.340126037597656
08-05-2012,45.7400016784668,46.70000076293945,994700,46.97999954223633,45.91999816894531,32.56016159057617
09-05-2012,45.02000045776367,45.45000076293945,511800,45.77000045776367,45.380001068115234,32.177276611328125
10-05-2012,45.22999954223633,45.63999938964844,476000,45.79999923706055,45.38999938964844,32.184364318847656
11-05-2012,45.150001525878906,45.29999923706055,411900,45.810001373291016,45.189998626708984,32.042545318603516
14-05-2012,44.2599983215332,44.91999816894531,939900,44.93000030517578,44.36000061035156,31.45402717590332
15-05-2012,44.38999938964844,44.47999954223633,699900,45.25,44.58000183105469,31.610023498535156
16-05-2012,44.470001220703125,44.470001220703125,867700,45.33000183105469,44.75,31.730566024780273
17-05-2012,43.66999816894531,44.68000030517578,865700,44.959999084472656,43.68000030517578,30.97185516357422
18-05-2012,42.79999923706055,43.79999923706055,1115300,43.84000015258789,42.97999954223633,30.47551727294922
21-05-2012,42.83000183105469,42.939998626708984,976200,44.279998779296875,43.790000915527344,31.04985809326172
22-05-2012,43.43000030517578,43.63999938964844,500400,43.97999954223633,43.83000183105469,31.078218460083008
23-05-2012,43.119998931884766,43.63999938964844,449000,43.93000030517578,43.810001373291016,31.064041137695312
24-05-2012,43.54999923706055,43.900001525878906,733000,44.130001068115234,43.720001220703125,31.00022315979004
25-05-2012,43.11000061035156,43.75,438600,43.79999923706055,43.189998626708984,30.624420166015625
29-05-2012,43.31999969482422,43.529998779296875,718600,43.91999816894531,43.900001525878906,31.127849578857422
30-05-2012,42.95000076293945,43.459999084472656,974600,43.599998474121094,43.31999969482422,30.716598510742188
31-05-2012,42.70000076293945,43.2400016784668,700500,43.41999816894531,42.959999084472656,30.46133041381836
01-06-2012,41.56999969482422,42.470001220703125,828400,42.79999923706055,41.599998474121094,29.497013092041016
04-06-2012,40.95000076293945,41.66999816894531,714400,42.119998931884766,41.58000183105469,29.48283576965332
05-06-2012,41.349998474121094,41.58000183105469,578300,42.43000030517578,42.119998931884766,29.865718841552734
06-06-2012,41.81999969482422,42.470001220703125,1343000,43.34000015258789,41.900001525878906,29.709726333618164
07-06-2012,41.06999969482422,42.40999984741211,1374600,42.47999954223633,41.06999969482422,29.12120819091797
08-06-2012,40.79999923706055,40.88999938964844,884700,41.9900016784668,41.77000045776367,29.617557525634766
11-06-2012,37.81999969482422,41.099998474121094,4639000,41.75,38.20000076293945,27.086200714111328
12-06-2012,37.619998931884766,37.93000030517578,4053800,39.709999084472656,39.5099983215332,28.015064239501953
13-06-2012,38.25,38.959999084472656,2040400,39.220001220703125,38.369998931884766,27.520185470581055
14-06-2012,37.34000015258789,38.36000061035156,1879400,38.5099983215332,37.45000076293945,26.86032485961914
15-06-2012,36.880001068115234,37.369998931884766,1795500,37.81999969482422,37.779998779296875,27.097015380859375
18-06-2012,37.15999984741211,37.560001373291016,1361700,38.22999954223633,38.209999084472656,27.405426025390625
19-06-2012,37.959999084472656,38.130001068115234,1245300,38.959999084472656,38.939998626708984,27.928997039794922
20-06-2012,38.09000015258789,38.880001068115234,1159800,39.04999923706055,38.34000015258789,27.49866485595703
21-06-2012,37.36000061035156,38.33000183105469,1015600,38.349998474121094,37.400001525878906,26.824462890625
22-06-2012,36.68000030517578,37.45000076293945,1240400,37.5,36.97999954223633,26.523223876953125
25-06-2012,36.560001373291016,36.7400016784668,921400,37.16999816894531,36.81999969482422,26.408472061157227
26-06-2012,36.70000076293945,37.27000045776367,1042400,37.369998931884766,36.84000015258789,26.422815322875977
27-06-2012,36.83000183105469,36.84000015258789,1106100,37.459999084472656,37.25,26.71688461303711
28-06-2012,36.279998779296875,36.91999816894531,1096800,37.189998626708984,36.7599983215332,26.36543846130371
29-06-2012,37.349998474121094,37.400001525878906,1664400,38.38999938964844,38.290000915527344,27.462804794311523
02-07-2012,37.619998931884766,38.189998626708984,1288000,38.70000076293945,38.310001373291016,27.477144241333008
03-07-2012,38.2599983215332,38.599998474121094,581900,38.689998626708984,38.63999938964844,27.71384048461914
05-07-2012,37.84000015258789,38.540000915527344,1086100,38.650001525878906,37.91999816894531,27.19742202758789
06-07-2012,37.20000076293945,37.900001525878906,875100,38.0,37.380001068115234,26.810121536254883
09-07-2012,37.099998474121094,37.470001220703125,496400,37.5,37.459999084472656,26.867502212524414
10-07-2012,36.45000076293945,37.5,1123400,37.65999984741211,36.709999084472656,26.329572677612305
11-07-2012,36.209999084472656,36.70000076293945,760300,36.95000076293945,36.63999938964844,26.27937126159668
12-07-2012,35.54999923706055,36.36000061035156,1285800,36.36000061035156,36.060001373291016,25.863378524780273
13-07-2012,35.81999969482422,36.09000015258789,668100,36.5,36.31999969482422,26.04985237121582
16-07-2012,35.72999954223633,36.20000076293945,735600,36.349998474121094,36.209999084472656,25.97096061706543
17-07-2012,35.7599983215332,36.36000061035156,565100,36.58000183105469,36.459999084472656,26.150264739990234
18-07-2012,36.290000915527344,36.349998474121094,587100,37.81999969482422,37.290000915527344,26.745569229125977
19-07-2012,37.189998626708984,37.45000076293945,586700,37.650001525878906,37.279998779296875,26.738399505615234
20-07-2012,36.77000045776367,37.29999923706055,773900,37.689998626708984,36.86000061035156,26.437162399291992
23-07-2012,35.72999954223633,36.470001220703125,1046300,36.470001220703125,35.84000015258789,25.705585479736328
24-07-2012,35.880001068115234,36.0,1880900,37.459999084472656,37.029998779296875,26.5590877532959
25-07-2012,37.06999969482422,37.13999938964844,1088500,37.849998474121094,37.5,26.896198272705078
26-07-2012,37.2400016784668,37.84000015258789,913000,38.20000076293945,37.369998931884766,26.80294418334961
27-07-2012,37.54999923706055,37.619998931884766,773600,38.849998474121094,38.63999938964844,27.71384048461914
30-07-2012,38.220001220703125,38.5,626200,38.77000045776367,38.560001373291016,27.65645408630371
31-07-2012,38.31999969482422,38.36000061035156,1420900,39.11000061035156,38.61000061035156,27.69230842590332
01-08-2012,38.310001373291016,41.7599983215332,4047400,41.869998931884766,39.369998931884766,28.237415313720703
02-08-2012,39.63999938964844,39.939998626708984,1604700,40.41999816894531,40.349998474121094,28.94029426574707
03-08-2012,40.20000076293945,40.77000045776367,808200,40.900001525878906,40.2599983215332,28.875757217407227
06-08-2012,40.0,40.529998779296875,694800,40.54999923706055,40.040000915527344,28.717952728271484
07-08-2012,40.0,40.380001068115234,832000,40.75,40.72999954223633,29.21286392211914
08-08-2012,40.52000045776367,40.650001525878906,812400,41.0,40.97999954223633,29.392148971557617
09-08-2012,40.709999084472656,40.91999816894531,978600,41.470001220703125,41.439998626708984,29.722070693969727
10-08-2012,41.31999969482422,41.38999938964844,1065200,41.900001525878906,41.79999923706055,29.980289459228516
13-08-2012,41.0099983215332,41.65999984741211,712400,41.849998474121094,41.43000030517578,29.71491050720215
14-08-2012,40.65999984741211,41.63999938964844,766000,41.7599983215332,41.08000183105469,29.463878631591797
15-08-2012,40.88999938964844,40.9900016784668,664500,41.33000183105469,40.970001220703125,29.384981155395508
16-08-2012,40.95000076293945,41.13999938964844,594300,41.38999938964844,41.150001525878906,29.51408576965332
17-08-2012,41.029998779296875,41.38999938964844,539700,41.5,41.18000030517578,29.535593032836914
20-08-2012,41.290000915527344,41.290000915527344,949000,42.849998474121094,41.84000015258789,30.008970260620117
21-08-2012,41.400001525878906,41.849998474121094,461000,42.09000015258789,41.65999984741211,29.879873275756836
22-08-2012,41.369998931884766,41.61000061035156,491800,41.77000045776367,41.59000015258789,29.829654693603516
23-08-2012,40.630001068115234,41.619998931884766,1026900,41.68000030517578,40.720001220703125,29.205671310424805
24-08-2012,40.099998474121094,40.5,619500,40.91999816894531,40.5,29.047887802124023
27-08-2012,40.08000183105469,40.599998474121094,564900,40.650001525878906,40.279998779296875,28.89008903503418
28-08-2012,40.2400016784668,40.369998931884766,597800,40.939998626708984,40.5,29.047887802124023
29-08-2012,40.22999954223633,40.599998474121094,750900,40.86000061035156,40.65999984741211,29.162641525268555
30-08-2012,39.68000030517578,40.2599983215332,539700,40.54999923706055,39.970001220703125,28.66774559020996
31-08-2012,40.209999084472656,40.25,985200,40.70000076293945,40.349998474121094,28.94029426574707
04-09-2012,39.459999084472656,40.279998779296875,805300,40.400001525878906,39.849998474121094,28.581689834594727
05-09-2012,39.689998626708984,39.70000076293945,1157500,40.349998474121094,39.9900016784668,28.68210792541504
06-09-2012,40.06999969482422,40.349998474121094,995400,40.79999923706055,40.7400016784668,29.22001838684082
07-09-2012,40.83000183105469,40.970001220703125,961000,41.540000915527344,41.52000045776367,29.77945899963379
10-09-2012,40.25,41.470001220703125,847400,41.59000015258789,40.349998474121094,28.94029426574707
11-09-2012,40.119998931884766,40.2599983215332,873200,40.7400016784668,40.290000915527344,28.897262573242188
12-09-2012,39.63999938964844,40.22999954223633,2000800,41.220001220703125,40.9900016784668,29.731399536132812
13-09-2012,40.279998779296875,40.369998931884766,1299000,41.880001068115234,41.41999816894531,30.043277740478516
14-09-2012,41.41999816894531,41.5,1533800,42.540000915527344,42.45000076293945,30.790380477905273
17-09-2012,42.11000061035156,42.5,659900,42.5,42.29999923706055,30.681581497192383
18-09-2012,41.66999816894531,42.189998626708984,661400,42.290000915527344,41.88999938964844,30.38418960571289
19-09-2012,41.65999984741211,41.97999954223633,747500,42.349998474121094,42.060001373291016,30.50751304626465
20-09-2012,41.599998474121094,41.88999938964844,910700,42.119998931884766,41.810001373291016,30.326169967651367
21-09-2012,41.81999969482422,41.81999969482422,1813900,42.43000030517578,41.939998626708984,30.42046546936035
24-09-2012,41.77000045776367,41.9900016784668,802300,42.40999984741211,42.09000015258789,30.529266357421875
25-09-2012,41.04999923706055,42.16999816894531,809300,42.16999816894531,41.04999923706055,29.774921417236328
26-09-2012,40.709999084472656,41.25,532700,41.380001068115234,40.849998474121094,29.629844665527344
27-09-2012,40.970001220703125,41.27000045776367,756500,42.11000061035156,41.9900016784668,30.456741333007812
28-09-2012,41.4900016784668,41.900001525878906,973400,42.2400016784668,41.7400016784668,30.27540397644043
01-10-2012,41.2599983215332,41.779998779296875,873100,41.9900016784668,41.779998779296875,30.304401397705078
02-10-2012,41.369998931884766,41.9900016784668,408600,41.9900016784668,41.56999969482422,30.1520938873291
03-10-2012,41.29999923706055,41.81999969482422,506200,41.970001220703125,41.68000030517578,30.231870651245117
04-10-2012,41.59000015258789,41.63999938964844,944000,42.68000030517578,42.56999969482422,30.877431869506836
05-10-2012,42.650001525878906,42.84000015258789,2118300,43.33000183105469,42.72999954223633,30.993473052978516
08-10-2012,42.25,42.380001068115234,359500,42.72999954223633,42.400001525878906,30.75411605834961
09-10-2012,40.560001373291016,42.34000015258789,854200,42.470001220703125,40.720001220703125,29.53555679321289
10-10-2012,40.0,40.77000045776367,512500,40.88999938964844,40.060001373291016,29.05683708190918
11-10-2012,40.279998779296875,40.5,401200,40.77000045776367,40.439998626708984,29.332473754882812
12-10-2012,39.86000061035156,40.439998626708984,400600,40.630001068115234,40.16999816894531,29.136629104614258
15-10-2012,39.880001068115234,40.29999923706055,435200,40.61000061035156,40.11000061035156,29.093103408813477
16-10-2012,39.7400016784668,40.209999084472656,584900,40.400001525878906,39.970001220703125,28.991558074951172
17-10-2012,39.189998626708984,40.040000915527344,1015200,40.099998474121094,39.599998474121094,28.723180770874023
18-10-2012,38.95000076293945,39.5099983215332,1216000,39.79999923706055,39.75,28.83198356628418
19-10-2012,38.43000030517578,39.84000015258789,1209100,39.970001220703125,38.93000030517578,28.23721694946289
22-10-2012,38.61000061035156,38.81999969482422,778100,39.380001068115234,39.380001068115234,28.5636043548584
23-10-2012,38.560001373291016,39.130001068115234,441700,39.459999084472656,39.209999084472656,28.440305709838867
24-10-2012,38.91999816894531,39.470001220703125,504100,39.68000030517578,39.290000915527344,28.498329162597656
25-10-2012,39.099998474121094,39.5099983215332,376800,40.02000045776367,39.2599983215332,28.476579666137695
26-10-2012,38.63999938964844,39.11000061035156,708300,39.560001373291016,38.9900016784668,28.280731201171875
31-10-2012,36.709999084472656,39.33000183105469,2240800,42.0,38.0,27.562644958496094
01-11-2012,37.880001068115234,38.099998474121094,1343400,38.5,38.099998474121094,27.635177612304688
02-11-2012,37.47999954223633,38.16999816894531,1136500,38.290000915527344,37.5,27.199981689453125
05-11-2012,37.060001373291016,37.400001525878906,843100,37.68000030517578,37.5,27.199981689453125
06-11-2012,37.279998779296875,37.790000915527344,808400,38.06999969482422,37.900001525878906,27.4901180267334
07-11-2012,37.0,37.439998626708984,651800,37.66999816894531,37.209999084472656,26.98963737487793
08-11-2012,36.400001525878906,37.189998626708984,795400,37.20000076293945,36.40999984741211,26.409378051757812
09-11-2012,35.86000061035156,36.310001373291016,884000,37.31999969482422,37.0099983215332,26.844573974609375
12-11-2012,35.77000045776367,35.77000045776367,1101300,36.56999969482422,36.52000045776367,26.489160537719727
13-11-2012,35.959999084472656,36.25,983000,36.54999923706055,36.400001525878906,26.402124404907227
14-11-2012,36.02000045776367,36.459999084472656,1043700,37.0,36.119998931884766,26.199024200439453
15-11-2012,36.040000915527344,36.060001373291016,1686400,37.16999816894531,37.150001525878906,26.94611930847168
16-11-2012,36.72999954223633,37.09000015258789,873100,37.459999084472656,37.18000030517578,26.967880249023438
19-11-2012,37.189998626708984,37.790000915527344,918900,38.0,37.72999954223633,27.366809844970703
20-11-2012,37.36000061035156,37.59000015258789,705800,38.13999938964844,38.119998931884766,27.649686813354492
21-11-2012,37.880001068115234,38.04999923706055,949400,38.529998779296875,38.04999923706055,27.598915100097656
23-11-2012,38.099998474121094,38.290000915527344,237600,38.779998779296875,38.61000061035156,28.00510597229004
26-11-2012,38.27000045776367,38.4900016784668,595300,38.7599983215332,38.38999938964844,27.845535278320312
27-11-2012,37.83000183105469,38.25,788400,38.529998779296875,37.88999938964844,27.482866287231445
28-11-2012,37.75,37.88999938964844,593600,38.81999969482422,38.7400016784668,28.099395751953125
29-11-2012,38.599998474121094,38.869998931884766,501000,39.130001068115234,38.779998779296875,28.12841033935547
30-11-2012,38.77000045776367,39.0,1033900,39.380001068115234,38.88999938964844,28.20819854736328
03-12-2012,38.709999084472656,39.38999938964844,1290500,39.90999984741211,39.880001068115234,28.92628288269043
04-12-2012,39.7400016784668,39.95000076293945,1702700,40.209999084472656,39.900001525878906,28.940780639648438
05-12-2012,39.65999984741211,39.72999954223633,817700,40.150001525878906,39.709999084472656,28.802974700927734
06-12-2012,41.29999923706055,41.650001525878906,3700800,42.189998626708984,41.9900016784668,30.456741333007812
07-12-2012,41.41999816894531,42.040000915527344,1721300,42.2400016784668,41.70000076293945,30.246383666992188
10-12-2012,41.470001220703125,41.689998626708984,2460100,42.16999816894531,42.15999984741211,30.580041885375977
11-12-2012,42.06999969482422,42.2599983215332,23668800,42.709999084472656,42.400001525878906,30.75411605834961
12-12-2012,40.529998779296875,42.22999954223633,3443300,42.34000015258789,41.08000183105469,30.11630630493164
13-12-2012,40.63999938964844,41.0099983215332,1506300,41.68000030517578,41.15999984741211,30.174959182739258
14-12-2012,40.529998779296875,41.0,1694300,41.209999084472656,40.68000030517578,29.823057174682617
17-12-2012,40.70000076293945,40.70000076293945,2647200,41.439998626708984,41.41999816894531,30.36556053161621
18-12-2012,41.09000015258789,41.41999816894531,1889100,42.650001525878906,42.619998931884766,31.245298385620117
19-12-2012,41.97999954223633,42.560001373291016,1617600,42.9900016784668,42.04999923706055,30.827428817749023
20-12-2012,41.31999969482422,41.9900016784668,799600,42.099998474121094,41.43000030517578,30.372907638549805
21-12-2012,39.720001220703125,40.959999084472656,2229000,41.38999938964844,41.06999969482422,30.108972549438477
24-12-2012,40.54999923706055,41.189998626708984,546100,41.36000061035156,40.65999984741211,29.808401107788086
26-12-2012,40.31999969482422,40.61000061035156,821700,41.130001068115234,40.709999084472656,29.845054626464844
27-12-2012,40.099998474121094,40.68000030517578,1215300,42.70000076293945,41.310001373291016,30.284927368164062
28-12-2012,39.97999954223633,40.959999084472656,533500,41.0,40.0,29.32454490661621
31-12-2012,39.900001525878906,40.0,592500,40.81999969482422,40.75,29.874387741088867
02-01-2013,41.0,41.47999954223633,1073300,42.68000030517578,42.150001525878906,30.900739669799805
03-01-2013,41.75,42.0,697500,42.59000015258789,42.09000015258789,30.85675621032715
04-01-2013,41.849998474121094,42.13999938964844,544700,43.0,42.09000015258789,30.85675621032715
07-01-2013,41.61000061035156,42.060001373291016,559400,42.25,42.08000183105469,30.84942054748535
08-01-2013,41.459999084472656,41.93000030517578,1089500,42.380001068115234,42.25,30.974063873291016
09-01-2013,39.2400016784668,42.060001373291016,4323300,42.13999938964844,39.290000915527344,28.804033279418945
10-01-2013,38.779998779296875,39.5,2979400,39.97999954223633,39.38999938964844,28.87734603881836
11-01-2013,39.13999938964844,39.5,1043700,39.619998931884766,39.599998474121094,29.031299591064453
14-01-2013,39.52000045776367,39.599998474121094,1906800,40.45000076293945,39.90999984741211,29.258563995361328
15-01-2013,39.59000015258789,39.66999816894531,1889400,40.36000061035156,40.029998779296875,29.34653663635254
16-01-2013,39.2400016784668,39.77000045776367,1098100,39.9900016784668,39.83000183105469,29.19991683959961
17-01-2013,39.45000076293945,40.06999969482422,1181300,40.189998626708984,39.61000061035156,29.038625717163086
18-01-2013,39.349998474121094,39.56999969482422,2098100,39.77000045776367,39.52000045776367,28.972660064697266
22-01-2013,38.630001068115234,39.61000061035156,1856400,39.81999969482422,38.88999938964844,28.510793685913086
23-01-2013,38.25,38.9900016784668,1354500,38.9900016784668,38.29999923706055,28.0782470703125
24-01-2013,38.349998474121094,38.790000915527344,1241500,39.02000045776367,38.59000015258789,28.290857315063477
25-01-2013,38.619998931884766,38.81999969482422,1067900,39.220001220703125,38.77000045776367,28.422822952270508
28-01-2013,38.33000183105469,38.75,864700,38.91999816894531,38.56999969482422,28.27619171142578
29-01-2013,38.5,38.54999923706055,989500,39.0099983215332,38.58000183105469,28.283519744873047
30-01-2013,37.95000076293945,38.75,1228700,38.810001373291016,38.040000915527344,27.887645721435547
31-01-2013,37.599998474121094,38.150001525878906,1500600,38.4900016784668,37.88999938964844,27.77767562866211
01-02-2013,38.0099983215332,38.15999984741211,1738500,38.75,38.5,28.22487449645996
04-02-2013,37.900001525878906,38.400001525878906,1211000,38.5,37.97999954223633,27.843658447265625
05-02-2013,37.650001525878906,38.279998779296875,1425500,38.459999084472656,37.70000076293945,27.638381958007812
06-02-2013,37.47999954223633,37.68000030517578,1489200,38.040000915527344,37.95000076293945,27.82166862487793
07-02-2013,37.68000030517578,37.790000915527344,1216100,38.279998779296875,38.15999984741211,27.975616455078125
08-02-2013,37.97999954223633,38.11000061035156,1384000,38.86000061035156,38.08000183105469,27.916969299316406
11-02-2013,37.72999954223633,38.209999084472656,1601800,38.380001068115234,37.869998931884766,27.763017654418945
12-02-2013,37.18000030517578,37.689998626708984,2307700,37.88999938964844,37.68000030517578,27.623716354370117
13-02-2013,37.7599983215332,37.959999084472656,1462800,38.59000015258789,38.560001373291016,28.268869400024414
14-02-2013,38.20000076293945,38.47999954223633,1214800,39.0,38.970001220703125,28.569433212280273
15-02-2013,38.83000183105469,39.220001220703125,1974600,39.849998474121094,39.13999938964844,28.694063186645508
19-02-2013,38.599998474121094,39.25,2435400,39.63999938964844,39.2400016784668,28.767377853393555
20-02-2013,34.650001525878906,35.5099983215332,6694700,36.04999923706055,35.540000915527344,26.054859161376953
21-02-2013,34.56999969482422,35.400001525878906,1900000,35.400001525878906,35.02000045776367,25.673646926879883
22-02-2013,34.77000045776367,35.15999984741211,1260700,35.40999984741211,35.0,25.658979415893555
25-02-2013,34.18000030517578,35.119998931884766,1524200,35.189998626708984,34.20000076293945,25.072492599487305
26-02-2013,33.65999984741211,34.11000061035156,1586100,34.41999816894531,34.310001373291016,25.15312957763672
27-02-2013,34.09000015258789,34.209999084472656,715200,34.88999938964844,34.68000030517578,25.424381256103516
28-02-2013,34.150001525878906,34.5,866600,34.650001525878906,34.36000061035156,25.189786911010742
01-03-2013,34.0,34.27000045776367,1914300,35.470001220703125,35.13999938964844,25.761621475219727
04-03-2013,34.34000015258789,35.150001525878906,1624200,35.540000915527344,35.40999984741211,25.959552764892578
05-03-2013,35.099998474121094,35.400001525878906,1403700,35.58000183105469,35.2599983215332,25.849586486816406
06-03-2013,35.16999816894531,35.400001525878906,699000,35.5,35.29999923706055,25.878921508789062
07-03-2013,34.970001220703125,35.290000915527344,868400,35.4900016784668,35.02000045776367,25.673646926879883
08-03-2013,35.060001373291016,35.290000915527344,782400,35.63999938964844,35.61000061035156,26.10617446899414
11-03-2013,35.439998626708984,35.529998779296875,955700,35.849998474121094,35.720001220703125,26.18682098388672
12-03-2013,35.52000045776367,35.7400016784668,997100,35.869998931884766,35.70000076293945,26.17215919494629
13-03-2013,34.619998931884766,35.41999816894531,961200,35.68000030517578,34.68000030517578,25.74894905090332
14-03-2013,34.650001525878906,34.7400016784668,973100,34.9900016784668,34.900001525878906,25.912294387817383
15-03-2013,34.189998626708984,34.75,2419900,35.13999938964844,34.560001373291016,25.65984535217285
18-03-2013,34.20000076293945,34.36000061035156,630500,34.560001373291016,34.36000061035156,25.511356353759766
19-03-2013,33.41999816894531,34.5,1493500,34.560001373291016,33.61000061035156,24.954505920410156
20-03-2013,33.20000076293945,33.93000030517578,1338500,33.9900016784668,33.470001220703125,24.850557327270508
21-03-2013,33.0099983215332,33.439998626708984,1040700,33.4900016784668,33.150001525878906,24.612966537475586
22-03-2013,32.81999969482422,33.22999954223633,1068500,33.349998474121094,33.25,24.687217712402344
25-03-2013,32.97999954223633,33.290000915527344,1052700,33.5099983215332,33.439998626708984,24.82828140258789
26-03-2013,33.06999969482422,33.43000030517578,1590700,33.56999969482422,33.290000915527344,24.716907501220703
27-03-2013,32.900001525878906,33.18000030517578,673400,33.220001220703125,32.970001220703125,24.47931480407715
28-03-2013,32.79999923706055,32.97999954223633,1509200,33.22999954223633,33.04999923706055,24.538719177246094
01-04-2013,32.58000183105469,33.18000030517578,719100,33.25,32.599998474121094,24.204601287841797
02-04-2013,33.0099983215332,33.349998474121094,3212200,34.529998779296875,34.25,25.429685592651367
03-04-2013,33.06999969482422,34.400001525878906,2591800,34.470001220703125,33.43000030517578,24.82086181640625
04-04-2013,33.06999969482422,33.43000030517578,1025800,33.529998779296875,33.43000030517578,24.82086181640625
05-04-2013,32.68000030517578,33.0099983215332,1129500,33.61000061035156,33.59000015258789,24.939651489257812
08-04-2013,33.369998931884766,33.61000061035156,721900,33.77000045776367,33.7599983215332,25.06587791442871
09-04-2013,33.560001373291016,33.72999954223633,869300,34.04999923706055,33.650001525878906,24.984203338623047
10-04-2013,33.720001220703125,33.90999984741211,1151600,34.5,34.400001525878906,25.541067123413086
11-04-2013,34.150001525878906,34.459999084472656,696200,34.54999923706055,34.459999084472656,25.585603713989258
12-04-2013,34.20000076293945,34.5,799200,34.779998779296875,34.720001220703125,25.77865219116211
15-04-2013,33.5,34.5099983215332,766300,34.68000030517578,33.65999984741211,24.991626739501953
16-04-2013,33.36000061035156,33.720001220703125,698300,33.970001220703125,33.70000076293945,25.021324157714844
17-04-2013,32.689998626708984,33.45000076293945,1229700,33.5,33.11000061035156,24.583267211914062
18-04-2013,33.06999969482422,33.34000015258789,1006700,33.790000915527344,33.400001525878906,24.798583984375
19-04-2013,32.869998931884766,33.2599983215332,818400,33.369998931884766,32.970001220703125,24.47931480407715
22-04-2013,32.52000045776367,33.119998931884766,916200,33.119998931884766,32.68000030517578,24.263999938964844
23-04-2013,32.83000183105469,32.97999954223633,804700,33.630001068115234,33.59000015258789,24.939651489257812
24-04-2013,34.119998931884766,34.2599983215332,1542800,34.45000076293945,34.25,25.429685592651367
25-04-2013,34.36000061035156,34.45000076293945,1406900,36.0,35.310001373291016,26.216705322265625
26-04-2013,34.59000015258789,35.290000915527344,550800,35.400001525878906,34.720001220703125,25.77865219116211
29-04-2013,34.720001220703125,34.939998626708984,739300,35.290000915527344,35.2400016784668,26.16473960876465
30-04-2013,34.459999084472656,34.540000915527344,1489700,35.11000061035156,35.08000183105469,26.04593849182129
01-05-2013,33.119998931884766,34.88999938964844,2927400,34.970001220703125,33.68000030517578,25.00647735595703
02-05-2013,33.7599983215332,33.7599983215332,1225400,34.77000045776367,34.5099983215332,25.622724533081055
03-05-2013,34.790000915527344,35.0,859700,35.290000915527344,34.810001373291016,25.845468521118164
06-05-2013,34.79999923706055,34.79999923706055,732500,35.310001373291016,35.279998779296875,26.19443130493164
07-05-2013,35.29999923706055,35.5099983215332,1008800,35.86000061035156,35.540000915527344,26.38747787475586
08-05-2013,35.40999984741211,35.54999923706055,1036900,35.970001220703125,35.70000076293945,26.506271362304688
09-05-2013,35.22999954223633,35.75,1102300,35.9900016784668,35.33000183105469,26.231550216674805
10-05-2013,35.34000015258789,35.369998931884766,873500,36.130001068115234,36.119998931884766,26.81810760498047
13-05-2013,35.41999816894531,36.119998931884766,732400,36.25,35.470001220703125,26.33550262451172
14-05-2013,35.29999923706055,35.45000076293945,830900,35.90999984741211,35.5,26.357776641845703
15-05-2013,34.93000030517578,35.41999816894531,845400,35.880001068115234,35.880001068115234,26.639909744262695
16-05-2013,35.630001068115234,35.630001068115234,1388200,36.59000015258789,36.38999938964844,27.018573760986328
17-05-2013,36.2599983215332,36.68000030517578,1015600,36.880001068115234,36.880001068115234,27.38239288330078
20-05-2013,36.41999816894531,36.81999969482422,960400,36.9900016784668,36.65999984741211,27.21904945373535
21-05-2013,36.5099983215332,36.59000015258789,657100,36.84000015258789,36.66999816894531,27.226470947265625
22-05-2013,35.459999084472656,36.709999084472656,1229500,36.720001220703125,35.630001068115234,26.454294204711914
23-05-2013,35.20000076293945,35.4900016784668,1073300,35.540000915527344,35.349998474121094,26.24640464782715
24-05-2013,34.65999984741211,35.08000183105469,881200,35.25,35.119998931884766,26.075634002685547
28-05-2013,35.099998474121094,35.650001525878906,696400,35.939998626708984,35.5,26.357776641845703
29-05-2013,34.900001525878906,35.40999984741211,734900,35.41999816894531,35.11000061035156,26.06821060180664
30-05-2013,35.130001068115234,35.150001525878906,868600,35.88999938964844,35.619998931884766,26.446868896484375
31-05-2013,34.91999816894531,35.41999816894531,868700,35.70000076293945,34.93000030517578,25.93456268310547
03-06-2013,34.72999954223633,35.0,885900,35.29999923706055,34.95000076293945,25.949413299560547
04-06-2013,34.65999984741211,35.0,1424400,35.43000030517578,34.7599983215332,25.808345794677734
05-06-2013,33.86000061035156,34.75,1285500,34.779998779296875,33.95000076293945,25.206939697265625
06-06-2013,33.79999923706055,34.06999969482422,755200,34.33000183105469,34.33000183105469,25.48908805847168
07-06-2013,34.45000076293945,34.86000061035156,1808700,34.9900016784668,34.84000015258789,25.867746353149414
10-06-2013,34.849998474121094,35.040000915527344,1183500,35.31999969482422,34.900001525878906,25.912294387817383
11-06-2013,34.31999969482422,34.52000045776367,1047200,34.86000061035156,34.349998474121094,25.50393295288086
12-06-2013,33.959999084472656,34.59000015258789,1206400,34.59000015258789,34.09000015258789,25.310884475708008
13-06-2013,33.90999984741211,33.970001220703125,1160600,34.709999084472656,34.61000061035156,25.696975708007812
14-06-2013,33.66999816894531,34.2400016784668,963000,34.31999969482422,33.720001220703125,25.36598777770996
17-06-2013,33.880001068115234,33.880001068115234,1556300,35.310001373291016,34.939998626708984,26.283733367919922
18-06-2013,35.060001373291016,35.060001373291016,1494100,36.25,35.7599983215332,26.900577545166016
19-06-2013,34.869998931884766,35.81999969482422,1006800,36.0,34.959999084472656,26.29878044128418
20-06-2013,34.11000061035156,34.56999969482422,1117200,35.13999938964844,34.2400016784668,25.757158279418945
21-06-2013,34.25,34.40999984741211,1524800,34.869998931884766,34.689998626708984,26.095664978027344
24-06-2013,34.18000030517578,34.52000045776367,931500,34.93000030517578,34.560001373291016,25.997873306274414
25-06-2013,34.369998931884766,34.93000030517578,724700,35.09000015258789,34.95000076293945,26.29125213623047
26-06-2013,34.849998474121094,35.2400016784668,1031200,35.58000183105469,35.459999084472656,26.674901962280273
27-06-2013,35.70000076293945,35.70000076293945,790300,36.27000045776367,36.209999084472656,27.239091873168945
28-06-2013,36.0,36.0099983215332,2137400,36.79999923706055,36.16999816894531,27.209003448486328
01-07-2013,36.130001068115234,36.18000030517578,689600,36.630001068115234,36.29999923706055,27.306795120239258
02-07-2013,35.08000183105469,36.22999954223633,1116400,36.33000183105469,35.20000076293945,26.479320526123047
03-07-2013,34.720001220703125,35.0099983215332,528400,35.22999954223633,35.08000183105469,26.38905143737793
05-07-2013,35.060001373291016,35.400001525878906,630700,35.5099983215332,35.34000015258789,26.584638595581055
08-07-2013,34.93000030517578,35.63999938964844,723100,35.66999816894531,34.959999084472656,26.29878044128418
09-07-2013,35.13999938964844,35.36000061035156,816500,35.47999954223633,35.16999816894531,26.45675277709961
10-07-2013,35.130001068115234,35.18000030517578,1207300,35.81999969482422,35.779998779296875,26.915630340576172
11-07-2013,36.0,36.16999816894531,1661500,36.7599983215332,36.060001373291016,27.126264572143555
12-07-2013,35.650001525878906,35.97999954223633,1115300,36.310001373291016,36.310001373291016,27.31432342529297
15-07-2013,36.18000030517578,36.45000076293945,904300,36.97999954223633,36.900001525878906,27.758155822753906
16-07-2013,36.22999954223633,36.900001525878906,782500,36.97999954223633,36.43000030517578,27.404590606689453
17-07-2013,36.16999816894531,36.4900016784668,672300,36.709999084472656,36.349998474121094,27.344402313232422
18-07-2013,36.40999984741211,36.56999969482422,552300,36.84000015258789,36.52000045776367,27.472293853759766
19-07-2013,36.41999816894531,36.58000183105469,647100,36.810001373291016,36.70000076293945,27.60770034790039
22-07-2013,36.720001220703125,37.0,1492100,37.66999816894531,37.560001373291016,28.25463104248047
23-07-2013,37.400001525878906,37.56999969482422,1181100,37.650001525878906,37.5,28.20949935913086
24-07-2013,36.84000015258789,37.66999816894531,1058400,37.66999816894531,36.90999984741211,27.765666961669922
25-07-2013,36.7400016784668,36.77000045776367,962000,37.369998931884766,37.209999084472656,27.991342544555664
26-07-2013,36.56999969482422,36.939998626708984,711600,36.9900016784668,36.83000183105469,27.70549964904785
29-07-2013,36.599998474121094,36.709999084472656,1387700,37.20000076293945,36.86000061035156,27.728057861328125
30-07-2013,36.97999954223633,37.130001068115234,1935300,37.5,37.2599983215332,28.02895736694336
31-07-2013,37.900001525878906,38.54999923706055,4536800,40.189998626708984,40.08000183105469,30.15030860900879
01-08-2013,39.54999923706055,40.119998931884766,1475700,40.25,39.939998626708984,30.04500389099121
02-08-2013,39.619998931884766,39.939998626708984,688500,39.9900016784668,39.81999969482422,29.954727172851562
05-08-2013,39.58000183105469,39.7599983215332,894400,40.189998626708984,39.68000030517578,29.84941864013672
06-08-2013,39.0,39.599998474121094,887100,39.7400016784668,39.2400016784668,29.51842498779297
07-08-2013,38.75,39.310001373291016,631900,39.45000076293945,38.939998626708984,29.292741775512695
08-08-2013,38.970001220703125,39.36000061035156,494600,39.41999816894531,39.0099983215332,29.345413208007812
09-08-2013,38.810001373291016,39.08000183105469,476000,39.380001068115234,38.880001068115234,29.247615814208984
12-08-2013,38.7400016784668,38.779998779296875,1128000,39.959999084472656,39.5,29.714008331298828
13-08-2013,38.939998626708984,39.459999084472656,828500,39.68000030517578,39.029998779296875,29.36043930053711
14-08-2013,38.84000015258789,38.97999954223633,508500,39.06999969482422,38.869998931884766,29.24009132385254
15-08-2013,38.119998931884766,38.560001373291016,758000,38.58000183105469,38.279998779296875,28.79625701904297
16-08-2013,37.650001525878906,38.31999969482422,866700,38.349998474121094,37.779998779296875,28.420135498046875
19-08-2013,37.709999084472656,37.90999984741211,1178500,38.290000915527344,38.06999969482422,28.63829803466797
20-08-2013,37.90999984741211,38.2400016784668,922200,38.599998474121094,38.45000076293945,28.92413902282715
21-08-2013,38.56999969482422,38.66999816894531,2963700,40.939998626708984,40.279998779296875,30.30076789855957
22-08-2013,40.40999984741211,40.40999984741211,1240200,40.84000015258789,40.63999938964844,30.571575164794922
23-08-2013,40.40999984741211,40.7400016784668,1307000,40.90999984741211,40.599998474121094,30.541481018066406
26-08-2013,40.2599983215332,40.599998474121094,1095500,40.81999969482422,40.41999816894531,30.406091690063477
27-08-2013,39.5,39.97999954223633,1015000,40.189998626708984,39.72999954223633,29.887022018432617
28-08-2013,39.38999938964844,39.70000076293945,944400,39.900001525878906,39.5099983215332,29.72153663635254
29-08-2013,39.41999816894531,39.47999954223633,3937700,42.40999984741211,41.22999954223633,31.015409469604492
30-08-2013,40.43000030517578,41.22999954223633,1767200,41.27000045776367,40.77000045776367,30.669368743896484
03-09-2013,41.08000183105469,41.380001068115234,1810200,41.81999969482422,41.459999084472656,31.18841552734375
04-09-2013,41.34000015258789,41.529998779296875,2333600,42.310001373291016,42.29999923706055,31.82032012939453
05-09-2013,42.0,42.27000045776367,1392600,42.599998474121094,42.189998626708984,31.737571716308594
06-09-2013,41.459999084472656,42.5099983215332,2082000,42.5099983215332,41.77000045776367,31.42162322998047
09-09-2013,41.79999923706055,41.97999954223633,1667400,42.220001220703125,42.13999938964844,31.6999568939209
10-09-2013,42.29999923706055,42.31999969482422,1568300,42.77000045776367,42.650001525878906,32.08361053466797
11-09-2013,42.66999816894531,42.709999084472656,1876200,43.61000061035156,43.22999954223633,32.51991653442383
12-09-2013,42.11000061035156,42.81999969482422,1347900,42.81999969482422,42.400001525878906,32.23105239868164
13-09-2013,42.189998626708984,42.650001525878906,1304500,42.7400016784668,42.70000076293945,32.4590950012207
16-09-2013,42.84000015258789,43.15999984741211,953100,43.290000915527344,43.119998931884766,32.77836227416992
17-09-2013,43.189998626708984,43.25,2453500,44.86000061035156,44.41999816894531,33.76658248901367
18-09-2013,44.33000183105469,44.470001220703125,1593600,45.33000183105469,44.72999954223633,34.00224685668945
19-09-2013,44.45000076293945,44.72999954223633,1584300,45.220001220703125,44.97999954223633,34.1922721862793
20-09-2013,43.5099983215332,45.02000045776367,4374800,45.02000045776367,43.61000061035156,33.15084457397461
23-09-2013,42.93000030517578,43.619998931884766,1352500,43.83000183105469,43.54999923706055,33.10523986816406
24-09-2013,43.0099983215332,43.630001068115234,1610100,44.58000183105469,44.040000915527344,33.47772979736328
25-09-2013,44.0099983215332,44.2400016784668,2710300,46.34000015258789,45.16999816894531,34.33670425415039
26-09-2013,44.70000076293945,45.290000915527344,1404500,45.61000061035156,45.41999816894531,34.5267448425293
27-09-2013,44.83000183105469,45.18000030517578,860900,45.31999969482422,45.189998626708984,34.3519172668457
30-09-2013,44.52000045776367,44.77000045776367,1407000,45.209999084472656,45.189998626708984,34.3519172668457
01-10-2013,45.0,45.060001373291016,1713800,46.33000183105469,46.310001373291016,35.20330047607422
02-10-2013,45.25,45.84000015258789,2301700,47.25,47.20000076293945,35.879844665527344
03-10-2013,46.220001220703125,47.20000076293945,2167000,47.27000045776367,47.06999969482422,35.781028747558594
04-10-2013,46.75,47.130001068115234,1328300,47.560001373291016,47.130001068115234,35.826637268066406
07-10-2013,46.290000915527344,46.90999984741211,1136100,47.34000015258789,46.779998779296875,35.560569763183594
08-10-2013,46.040000915527344,46.68000030517578,1031900,47.029998779296875,46.06999969482422,35.020851135253906
09-10-2013,45.880001068115234,46.43000030517578,992200,46.650001525878906,46.060001373291016,35.01325607299805
10-10-2013,46.400001525878906,46.459999084472656,1442500,47.97999954223633,47.560001373291016,36.15351486206055
11-10-2013,47.099998474121094,47.29999923706055,967500,47.630001068115234,47.61000061035156,36.1915168762207
14-10-2013,47.040000915527344,47.310001373291016,523900,47.709999084472656,47.65999984741211,36.22951889038086
15-10-2013,46.81999969482422,47.380001068115234,1047600,47.65999984741211,47.220001220703125,35.895050048828125
16-10-2013,47.209999084472656,47.599998474121094,1643400,50.0,48.709999084472656,37.02770233154297
17-10-2013,48.290000915527344,48.4900016784668,882800,48.900001525878906,48.540000915527344,36.89847946166992
18-10-2013,48.2400016784668,48.560001373291016,997600,48.93000030517578,48.86000061035156,37.141719818115234
21-10-2013,48.86000061035156,48.900001525878906,1124200,49.11000061035156,49.040000915527344,37.27854919433594
22-10-2013,48.95000076293945,49.130001068115234,1336900,49.869998931884766,49.33000183105469,37.49900817871094
23-10-2013,48.529998779296875,48.849998474121094,772200,49.119998931884766,48.77000045776367,37.073307037353516
24-10-2013,48.650001525878906,48.77000045776367,511100,49.099998474121094,48.83000183105469,37.11891555786133
25-10-2013,48.56999969482422,48.939998626708984,767100,49.0,48.900001525878906,37.17212677001953
28-10-2013,47.560001373291016,48.81999969482422,1408800,48.88999938964844,47.79999923706055,36.33595275878906
29-10-2013,47.79999923706055,48.04999923706055,1408800,48.349998474121094,48.06999969482422,36.54117965698242
30-10-2013,47.630001068115234,50.0,2542200,50.38999938964844,48.27000045776367,36.693233489990234
31-10-2013,45.84000015258789,47.869998931884766,2687100,47.869998931884766,46.75,35.53778076171875
01-11-2013,46.099998474121094,46.81999969482422,1451900,47.029998779296875,46.61000061035156,35.43135452270508
04-11-2013,46.68000030517578,46.95000076293945,1463600,48.02000045776367,47.90999984741211,36.41956329345703
05-11-2013,47.470001220703125,47.709999084472656,1289500,48.099998474121094,47.9900016784668,36.480384826660156
06-11-2013,47.38999938964844,48.08000183105469,874400,48.09000015258789,47.95000076293945,36.449974060058594
07-11-2013,46.20000076293945,47.470001220703125,1298400,47.77000045776367,46.349998474121094,35.23369598388672
08-11-2013,46.099998474121094,46.59000015258789,1621300,46.7400016784668,46.25,35.157684326171875
11-11-2013,45.65999984741211,46.11000061035156,1398000,46.20000076293945,45.900001525878906,34.89162826538086
12-11-2013,45.61000061035156,45.900001525878906,1424400,46.119998931884766,45.849998474121094,34.853614807128906
13-11-2013,45.58000183105469,45.779998779296875,1488900,46.0,45.88999938964844,34.884029388427734
14-11-2013,45.849998474121094,46.0,1877900,46.470001220703125,46.33000183105469,35.218509674072266
15-11-2013,46.2400016784668,46.27000045776367,2035800,47.77000045776367,47.77000045776367,36.31312942504883
18-11-2013,47.099998474121094,47.709999084472656,703500,47.97999954223633,47.22999954223633,35.90266036987305
19-11-2013,46.810001373291016,47.13999938964844,1407000,47.81999969482422,47.70000076293945,36.259944915771484
20-11-2013,47.52000045776367,47.9900016784668,811600,48.4900016784668,47.86000061035156,36.38156509399414
21-11-2013,47.869998931884766,48.08000183105469,746800,48.34000015258789,48.15999984741211,36.609615325927734
22-11-2013,48.0,48.099998474121094,746100,48.25,48.08000183105469,36.54879379272461
25-11-2013,47.83000183105469,48.25,937400,48.459999084472656,48.34000015258789,36.74644088745117
26-11-2013,47.72999954223633,47.880001068115234,1369700,49.150001525878906,48.81999969482422,37.11132049560547
27-11-2013,48.47999954223633,49.08000183105469,657800,49.2599983215332,48.7400016784668,37.050498962402344
29-11-2013,48.400001525878906,48.7599983215332,356100,49.0,48.560001373291016,36.91368103027344
02-12-2013,48.189998626708984,48.59000015258789,762700,49.0,48.369998931884766,36.76923370361328
03-12-2013,47.290000915527344,48.099998474121094,1270600,48.099998474121094,47.79999923706055,36.33595275878906
04-12-2013,46.290000915527344,47.349998474121094,1046700,47.7599983215332,47.15999984741211,35.84943389892578
05-12-2013,47.08000183105469,47.08000183105469,762000,47.97999954223633,47.880001068115234,36.396759033203125
06-12-2013,48.20000076293945,48.45000076293945,634900,48.880001068115234,48.83000183105469,37.11891555786133
09-12-2013,48.02000045776367,48.75,1259600,49.720001220703125,49.02000045776367,37.263343811035156
10-12-2013,48.79999923706055,49.0,546700,49.33000183105469,48.95000076293945,37.210147857666016
11-12-2013,48.13999938964844,48.84000015258789,704000,49.130001068115234,48.20000076293945,36.6400146484375
12-12-2013,47.060001373291016,47.7400016784668,1539800,47.95000076293945,47.119998931884766,36.15659713745117
13-12-2013,46.38999938964844,47.310001373291016,1497300,47.70000076293945,46.58000183105469,35.74224090576172
16-12-2013,46.36000061035156,46.68000030517578,927400,46.79999923706055,46.5099983215332,35.688533782958984
17-12-2013,46.25,46.380001068115234,745600,46.77000045776367,46.56999969482422,35.73456573486328
18-12-2013,43.66999816894531,46.2599983215332,2017500,46.2599983215332,45.79999923706055,35.14371871948242
19-12-2013,45.34000015258789,45.77000045776367,1066400,45.86000061035156,45.70000076293945,35.06699752807617
20-12-2013,45.38999938964844,45.63999938964844,1889800,46.22999954223633,46.029998779296875,35.32021713256836
23-12-2013,45.91999816894531,46.279998779296875,987100,46.36000061035156,46.13999938964844,35.40461349487305
24-12-2013,46.0,46.099998474121094,357100,46.540000915527344,46.20000076293945,35.450660705566406
26-12-2013,45.9900016784668,46.25,508700,46.529998779296875,46.099998474121094,35.373924255371094
27-12-2013,46.15999984741211,46.2400016784668,1285800,47.0099983215332,46.66999816894531,35.81129837036133
30-12-2013,46.400001525878906,46.66999816894531,1299700,46.88999938964844,46.65999984741211,35.803619384765625
31-12-2013,46.150001525878906,46.61000061035156,693200,46.849998474121094,46.189998626708984,35.44297409057617
02-01-2014,44.560001373291016,45.75,1830300,45.84000015258789,44.95000076293945,34.491485595703125
03-01-2014,45.11000061035156,45.83000183105469,2497400,46.70000076293945,46.58000183105469,35.74224090576172
06-01-2014,46.33000183105469,46.68000030517578,1413400,47.380001068115234,46.40999984741211,35.61179733276367
07-01-2014,45.59000015258789,46.40999984741211,1008200,46.63999938964844,45.68000030517578,35.05164337158203
08-01-2014,45.08000183105469,45.68000030517578,1741300,45.88999938964844,45.400001525878906,34.8367919921875
09-01-2014,44.41999816894531,45.650001525878906,1079900,45.7400016784668,44.869998931884766,34.43009948730469
10-01-2014,44.720001220703125,45.04999923706055,837300,45.2599983215332,45.04999923706055,34.56822204589844
13-01-2014,45.08000183105469,46.11000061035156,1222200,46.16999816894531,45.40999984741211,34.84446334838867
14-01-2014,45.189998626708984,45.40999984741211,979100,46.38999938964844,46.310001373291016,35.535057067871094
15-01-2014,46.349998474121094,46.349998474121094,1105900,47.310001373291016,47.06999969482422,36.118228912353516
16-01-2014,46.79999923706055,47.0,617500,47.220001220703125,46.95000076293945,36.026153564453125
17-01-2014,46.540000915527344,46.77000045776367,977900,47.15999984741211,46.65999984741211,35.803619384765625
21-01-2014,46.34000015258789,46.810001373291016,733700,47.27000045776367,46.56999969482422,35.73456573486328
22-01-2014,46.09000015258789,46.77000045776367,542100,47.0,46.650001525878906,35.795955657958984
23-01-2014,45.869998931884766,46.25,803800,46.66999816894531,46.20000076293945,35.450660705566406
24-01-2014,45.119998931884766,45.79999923706055,963100,46.04999923706055,45.209999084472656,34.691001892089844
27-01-2014,44.84000015258789,45.20000076293945,837000,45.59000015258789,45.27000045776367,34.73704147338867
28-01-2014,45.09000015258789,45.40999984741211,644100,45.81999969482422,45.650001525878906,35.02861785888672
29-01-2014,44.75,44.91999816894531,845800,45.5,44.79999923706055,34.376399993896484
30-01-2014,44.84000015258789,45.119998931884766,701800,46.040000915527344,45.79999923706055,35.14371871948242
31-01-2014,44.88999938964844,44.939998626708984,898100,45.75,45.04999923706055,34.56822204589844
03-02-2014,43.400001525878906,45.04999923706055,1578200,45.18000030517578,43.630001068115234,33.47862243652344
04-02-2014,43.41999816894531,43.81999969482422,956000,44.11000061035156,44.099998474121094,33.839263916015625
05-02-2014,43.029998779296875,43.029998779296875,934900,44.209999084472656,44.040000915527344,33.79322052001953
06-02-2014,44.150001525878906,44.150001525878906,802100,45.5,45.130001068115234,34.629600524902344
07-02-2014,44.869998931884766,45.36000061035156,784300,45.65999984741211,45.529998779296875,34.93653106689453
10-02-2014,44.5,45.540000915527344,1465600,45.66999816894531,44.52000045776367,34.161537170410156
11-02-2014,44.290000915527344,44.40999984741211,1345700,45.7599983215332,45.2599983215332,34.72936248779297
12-02-2014,45.29999923706055,45.47999954223633,1057900,46.220001220703125,46.02000045776367,35.31253433227539
13-02-2014,45.79999923706055,45.79999923706055,1274700,46.93000030517578,46.2599983215332,35.4966926574707
14-02-2014,45.54999923706055,46.0,838300,46.20000076293945,46.08000183105469,35.35858154296875
18-02-2014,45.33000183105469,45.91999816894531,2114600,47.310001373291016,47.16999816894531,36.19496154785156
19-02-2014,49.459999084472656,52.34000015258789,9413600,52.720001220703125,51.68000030517578,39.65562057495117
20-02-2014,50.279998779296875,50.9900016784668,2861200,51.959999084472656,51.560001373291016,39.56353759765625
21-02-2014,51.540000915527344,52.02000045776367,2681900,52.33000183105469,51.970001220703125,39.87815475463867
24-02-2014,51.68000030517578,51.939998626708984,2022900,52.79999923706055,51.70000076293945,39.67097473144531
25-02-2014,51.70000076293945,51.7400016784668,1322300,52.54999923706055,51.9900016784668,39.89349365234375
26-02-2014,51.900001525878906,51.90999984741211,1167000,52.43000030517578,52.150001525878906,40.01626205444336
27-02-2014,51.849998474121094,51.970001220703125,2885500,53.88999938964844,53.54999923706055,41.09053039550781
28-02-2014,52.959999084472656,53.439998626708984,1379900,54.060001373291016,53.65999984741211,41.1749382019043
03-03-2014,52.5,52.5099983215332,1382500,53.849998474121094,53.599998474121094,41.12888717651367
04-03-2014,53.91999816894531,54.209999084472656,2246500,55.0,54.97999954223633,42.18781661987305
05-03-2014,54.439998626708984,54.84000015258789,1209000,55.029998779296875,54.5,41.81948471069336
06-03-2014,53.779998779296875,54.560001373291016,862100,54.70000076293945,53.93000030517578,41.382118225097656
07-03-2014,53.470001220703125,54.349998474121094,888300,54.4900016784668,53.61000061035156,41.13658142089844
10-03-2014,52.83000183105469,53.59000015258789,855200,53.689998626708984,53.119998931884766,40.76057815551758
11-03-2014,53.040000915527344,53.099998474121094,1523400,53.81999969482422,53.40999984741211,40.983097076416016
12-03-2014,53.0099983215332,53.290000915527344,1106900,54.119998931884766,54.06999969482422,41.489540100097656
13-03-2014,52.09000015258789,53.72999954223633,974800,53.86000061035156,52.4900016784668,40.61518478393555
14-03-2014,52.029998779296875,52.400001525878906,734000,53.0099983215332,52.189998626708984,40.383052825927734
17-03-2014,52.209999084472656,52.43000030517578,977700,53.849998474121094,53.369998931884766,41.296104431152344
18-03-2014,53.150001525878906,53.380001068115234,1047500,54.56999969482422,54.34000015258789,42.04664993286133
19-03-2014,53.77000045776367,54.029998779296875,1141400,54.65999984741211,54.459999084472656,42.139503479003906
20-03-2014,53.7599983215332,54.150001525878906,917400,54.83000183105469,54.63999938964844,42.27879333496094
21-03-2014,54.84000015258789,55.08000183105469,2024600,55.689998626708984,55.099998474121094,42.63472366333008
24-03-2014,54.68000030517578,55.16999816894531,1228900,55.61000061035156,54.95000076293945,42.518653869628906
25-03-2014,54.290000915527344,55.25,800700,55.63999938964844,54.459999084472656,42.139503479003906
26-03-2014,55.11000061035156,56.5,1589600,56.790000915527344,55.36000061035156,42.835914611816406
27-03-2014,55.279998779296875,55.40999984741211,2940300,58.209999084472656,56.02000045776367,43.34659957885742
28-03-2014,55.279998779296875,56.04999923706055,1428000,56.31999969482422,55.56999969482422,42.99839782714844
31-03-2014,55.25,55.939998626708984,1435500,56.5,55.2599983215332,42.75852584838867
01-04-2014,55.15999984741211,55.599998474121094,1632500,55.75,55.650001525878906,43.06029510498047
02-04-2014,55.54999923706055,55.9900016784668,1506700,56.900001525878906,56.900001525878906,44.02750778198242
03-04-2014,56.41999816894531,56.88999938964844,1915400,57.540000915527344,57.349998474121094,44.37569808959961
04-04-2014,55.68000030517578,57.59000015258789,1442200,57.75,55.709999084472656,43.10672378540039
07-04-2014,55.13999938964844,55.58000183105469,1993600,56.13999938964844,55.650001525878906,43.06029510498047
08-04-2014,55.560001373291016,55.560001373291016,1125500,56.83000183105469,56.779998779296875,43.93465805053711
09-04-2014,56.36000061035156,56.75,1086100,57.29999923706055,57.11000061035156,44.18999481201172
10-04-2014,55.220001220703125,57.0099983215332,1264400,57.18000030517578,55.22999954223633,42.73530578613281
11-04-2014,54.59000015258789,55.0,1049800,55.939998626708984,54.86000061035156,42.449012756347656
14-04-2014,54.619998931884766,55.45000076293945,1033600,55.86000061035156,55.11000061035156,42.64247512817383
15-04-2014,54.56999969482422,55.33000183105469,1248400,56.150001525878906,55.43000030517578,42.89006805419922
16-04-2014,54.7599983215332,55.83000183105469,771200,56.02000045776367,55.81999969482422,43.19183349609375
17-04-2014,55.540000915527344,55.75,1031400,56.470001220703125,56.16999816894531,43.462650299072266
21-04-2014,55.97999954223633,56.279998779296875,997200,56.900001525878906,56.5099983215332,43.72573471069336
22-04-2014,55.77000045776367,56.88999938964844,1269800,56.900001525878906,56.209999084472656,43.49361038208008
23-04-2014,55.849998474121094,56.36000061035156,858900,56.47999954223633,56.11000061035156,43.41623306274414
24-04-2014,55.439998626708984,56.189998626708984,782500,56.31999969482422,55.4900016784668,42.936492919921875
25-04-2014,53.86000061035156,55.31999969482422,898900,55.43000030517578,54.2400016784668,41.969268798828125
28-04-2014,53.849998474121094,54.7599983215332,889400,55.150001525878906,54.709999084472656,42.33295440673828
29-04-2014,54.81999969482422,54.939998626708984,1880900,55.599998474121094,55.09000015258789,42.626976013183594
30-04-2014,56.7599983215332,58.7400016784668,4274700,59.56999969482422,57.099998474121094,44.1822624206543
01-05-2014,56.380001068115234,57.06999969482422,1407700,57.41999816894531,56.81999969482422,43.965606689453125
02-05-2014,56.7599983215332,56.849998474121094,1682800,58.689998626708984,57.529998779296875,44.514984130859375
05-05-2014,56.599998474121094,57.18000030517578,1221300,57.9900016784668,57.47999954223633,44.476295471191406
06-05-2014,57.459999084472656,57.5,2565900,58.72999954223633,58.36000061035156,45.15720748901367
07-05-2014,56.40999984741211,58.040000915527344,2333900,58.470001220703125,56.5,43.71799087524414
08-05-2014,55.630001068115234,56.43000030517578,1871300,56.79999923706055,55.880001068115234,43.23826599121094
09-05-2014,55.33000183105469,55.880001068115234,1294600,56.15999984741211,55.83000183105469,43.199581146240234
12-05-2014,55.93000030517578,56.130001068115234,1404100,57.15999984741211,56.369998931884766,43.617408752441406
13-05-2014,55.619998931884766,56.5,1761600,56.880001068115234,55.83000183105469,43.199581146240234
14-05-2014,55.66999816894531,55.77000045776367,1882100,56.45000076293945,55.95000076293945,43.292423248291016
15-05-2014,54.790000915527344,55.88999938964844,1461600,56.0,55.0099983215332,42.56507873535156
16-05-2014,54.66999816894531,55.16999816894531,1208900,55.560001373291016,55.06999969482422,42.61151123046875
19-05-2014,54.66999816894531,54.70000076293945,1119200,56.0,55.470001220703125,42.9210090637207
20-05-2014,54.939998626708984,55.369998931884766,991600,55.63999938964844,55.08000183105469,42.61924362182617
21-05-2014,54.810001373291016,55.2400016784668,1033800,55.56999969482422,55.380001068115234,42.851375579833984
22-05-2014,55.2400016784668,55.36000061035156,1073400,56.0,55.83000183105469,43.199581146240234
23-05-2014,55.79999923706055,56.0,1241600,57.41999816894531,57.38999938964844,44.40665054321289
27-05-2014,57.40999984741211,57.77000045776367,1512800,58.150001525878906,57.97999954223633,44.8631706237793
28-05-2014,57.70000076293945,57.91999816894531,1241100,58.58000183105469,58.189998626708984,45.025672912597656
29-05-2014,58.189998626708984,58.470001220703125,1130900,58.93000030517578,58.84000015258789,45.528621673583984
30-05-2014,58.36000061035156,58.970001220703125,1435800,59.150001525878906,58.90999984741211,45.582786560058594
02-06-2014,58.279998779296875,58.939998626708984,1380000,59.15999984741211,58.7400016784668,45.45124435424805
03-06-2014,57.529998779296875,58.369998931884766,1257400,58.41999816894531,58.040000915527344,44.90960693359375
04-06-2014,57.65999984741211,57.95000076293945,833300,58.33000183105469,58.310001373291016,45.1185188293457
05-06-2014,58.060001373291016,58.31999969482422,568100,58.970001220703125,58.869998931884766,45.55183029174805
06-06-2014,59.0,59.27000045776367,1133100,60.29999923706055,59.90999984741211,46.35655975341797
09-06-2014,59.72999954223633,59.7599983215332,1226200,60.95000076293945,60.779998779296875,47.02973175048828
10-06-2014,60.29999923706055,60.47999954223633,703600,60.939998626708984,60.83000183105469,47.06843185424805
11-06-2014,60.31999969482422,60.58000183105469,661500,60.88999938964844,60.790000915527344,47.037471771240234
12-06-2014,59.939998626708984,60.58000183105469,730200,60.81999969482422,60.099998474121094,46.50357437133789
13-06-2014,58.66999816894531,59.65999984741211,905300,59.70000076293945,59.27000045776367,46.2305793762207
16-06-2014,59.06999969482422,59.119998931884766,606500,59.939998626708984,59.779998779296875,46.62836456298828
17-06-2014,59.72999954223633,59.779998779296875,736600,60.540000915527344,60.5,47.18995666503906
18-06-2014,59.52000045776367,59.560001373291016,1259700,61.25,61.2400016784668,47.76716232299805
19-06-2014,60.16999816894531,61.2599983215332,1180500,61.29999923706055,61.119998931884766,47.67357635498047
20-06-2014,59.97999954223633,61.16999816894531,2737300,61.33000183105469,60.04999923706055,46.83897018432617
23-06-2014,59.900001525878906,59.900001525878906,883800,60.72999954223633,60.08000183105469,46.86236572265625
24-06-2014,59.58000183105469,59.90999984741211,1464100,61.060001373291016,59.90999984741211,46.729766845703125
25-06-2014,59.2400016784668,59.86000061035156,1440600,60.06999969482422,59.95000076293945,46.76096725463867
26-06-2014,59.15999984741211,60.029998779296875,1034500,60.189998626708984,59.22999954223633,46.199371337890625
27-06-2014,59.09000015258789,59.099998474121094,1806100,60.709999084472656,60.59000015258789,47.260169982910156
30-06-2014,60.220001220703125,60.36000061035156,941700,61.060001373291016,60.900001525878906,47.5019645690918
01-07-2014,60.470001220703125,60.75,794600,61.34000015258789,61.040000915527344,47.611167907714844
02-07-2014,60.72999954223633,61.0,828300,61.619998931884766,61.20000076293945,47.73596954345703
03-07-2014,60.88999938964844,61.150001525878906,847600,62.04999923706055,61.689998626708984,48.1181640625
07-07-2014,61.16999816894531,61.72999954223633,954800,61.75,61.25,47.774967193603516
08-07-2014,59.79999923706055,61.13999938964844,1838800,61.27000045776367,60.630001068115234,47.29136276245117
09-07-2014,56.689998626708984,59.720001220703125,5213700,59.720001220703125,57.86000061035156,45.13077163696289
10-07-2014,56.779998779296875,57.720001220703125,1807000,57.86000061035156,57.349998474121094,44.732967376708984
11-07-2014,56.869998931884766,57.540000915527344,1161200,57.56999969482422,57.5099983215332,44.85777282714844
14-07-2014,57.630001068115234,57.849998474121094,1054000,58.5099983215332,58.150001525878906,45.35696792602539
15-07-2014,57.380001068115234,58.0,1074200,58.25,57.40999984741211,44.77976608276367
16-07-2014,56.380001068115234,57.88999938964844,1599600,57.88999938964844,56.689998626708984,44.218170166015625
17-07-2014,55.93000030517578,56.380001068115234,1080200,56.939998626708984,56.13999938964844,43.789161682128906
18-07-2014,56.060001373291016,56.439998626708984,1040300,56.939998626708984,56.61000061035156,44.15577697753906
21-07-2014,55.959999084472656,56.45000076293945,812500,56.599998474121094,56.349998474121094,43.95296859741211
22-07-2014,56.61000061035156,56.61000061035156,930200,57.220001220703125,56.970001220703125,44.43657684326172
23-07-2014,56.4900016784668,56.599998474121094,798500,57.310001373291016,57.25,44.65496826171875
24-07-2014,57.31999969482422,57.31999969482422,976800,58.0099983215332,57.900001525878906,45.1619758605957
25-07-2014,57.0099983215332,57.88999938964844,761100,58.16999816894531,57.099998474121094,44.53797149658203
28-07-2014,56.97999954223633,57.040000915527344,861600,57.869998931884766,57.52000045776367,44.86557388305664
29-07-2014,56.880001068115234,57.22999954223633,2074600,57.810001373291016,57.58000183105469,44.91238021850586
30-07-2014,53.779998779296875,61.599998474121094,9633000,61.75,54.40999984741211,42.43977355957031
31-07-2014,54.0,54.22999954223633,2930600,56.29999923706055,55.02000045776367,42.915565490722656
01-08-2014,53.880001068115234,54.9900016784668,1409200,55.599998474121094,54.52000045776367,42.525569915771484
04-08-2014,54.45000076293945,54.56999969482422,1325400,55.20000076293945,55.08000183105469,42.96236801147461
05-08-2014,54.27000045776367,54.70000076293945,1176100,55.040000915527344,54.52000045776367,42.525569915771484
06-08-2014,54.060001373291016,54.380001068115234,839700,55.13999938964844,55.0,42.89997100830078
07-08-2014,54.83000183105469,55.33000183105469,1082700,55.72999954223633,55.040000915527344,42.93116760253906
08-08-2014,55.040000915527344,55.09000015258789,684000,55.66999816894531,55.59000015258789,43.36017990112305
11-08-2014,55.400001525878906,55.779998779296875,636000,55.959999084472656,55.77000045776367,43.50057601928711
12-08-2014,54.970001220703125,55.470001220703125,903300,55.83000183105469,55.34000015258789,43.16516876220703
13-08-2014,55.25,55.45000076293945,705600,55.849998474121094,55.65999984741211,43.414772033691406
14-08-2014,55.540000915527344,55.70000076293945,506300,56.209999084472656,55.75,43.48497009277344
15-08-2014,55.7400016784668,56.22999954223633,1239200,57.13999938964844,56.06999969482422,43.73457336425781
18-08-2014,55.849998474121094,56.38999938964844,867800,56.810001373291016,56.0,43.67997741699219
19-08-2014,55.88999938964844,55.939998626708984,1036400,56.189998626708984,56.11000061035156,43.76577377319336
20-08-2014,56.25,56.25,1272500,57.849998474121094,57.06999969482422,44.51457595825195
21-08-2014,57.029998779296875,57.25,499200,57.5,57.400001525878906,44.7719612121582
22-08-2014,57.06999969482422,57.380001068115234,1012700,57.91999816894531,57.63999938964844,44.95918273925781
25-08-2014,57.380001068115234,57.77000045776367,522600,58.130001068115234,57.689998626708984,44.9981803894043
26-08-2014,57.369998931884766,57.630001068115234,479100,57.810001373291016,57.459999084472656,44.81876754760742
27-08-2014,54.439998626708984,56.91999816894531,2915200,57.25,54.59000015258789,42.580177307128906
28-08-2014,53.20000076293945,54.38999938964844,2618300,54.5,54.119998931884766,42.213565826416016
29-08-2014,53.97999954223633,54.56999969482422,1162400,54.810001373291016,54.33000183105469,42.37736892700195
02-09-2014,53.5099983215332,54.36000061035156,1690100,54.529998779296875,53.91999816894531,42.05757141113281
03-09-2014,53.400001525878906,53.9900016784668,3158500,54.189998626708984,53.560001373291016,41.77676773071289
04-09-2014,52.38999938964844,53.540000915527344,2259400,54.029998779296875,52.439998626708984,40.90317153930664
05-09-2014,52.20000076293945,52.36000061035156,1577900,53.279998779296875,53.27000045776367,41.55057907104492
08-09-2014,52.58000183105469,53.0099983215332,1580300,54.029998779296875,53.560001373291016,41.77676773071289
09-09-2014,50.290000915527344,53.310001373291016,5306900,53.4900016784668,51.709999084472656,40.33377456665039
10-09-2014,51.900001525878906,51.900001525878906,4916900,53.939998626708984,53.77000045776367,41.9405632019043
11-09-2014,52.29999923706055,53.5,1546500,53.5,53.08000183105469,41.77528762817383
12-09-2014,52.45000076293945,52.84000015258789,2296600,54.02000045776367,53.529998779296875,42.12945556640625
15-09-2014,53.20000076293945,53.349998474121094,1538900,53.790000915527344,53.619998931884766,42.200286865234375
16-09-2014,53.380001068115234,53.54999923706055,1161900,54.20000076293945,53.7400016784668,42.29473876953125
17-09-2014,52.9900016784668,53.65999984741211,1188100,53.81999969482422,53.06999969482422,41.76742935180664
18-09-2014,53.029998779296875,53.16999816894531,864400,53.45000076293945,53.060001373291016,41.75956726074219
19-09-2014,52.040000915527344,53.400001525878906,2589500,53.400001525878906,52.099998474121094,41.004005432128906
22-09-2014,51.40999984741211,52.0099983215332,1117800,52.060001373291016,51.529998779296875,40.55540084838867
23-09-2014,50.709999084472656,51.349998474121094,1155800,52.0,50.75,39.941532135009766
24-09-2014,50.150001525878906,50.68000030517578,1459300,51.27000045776367,51.2400016784668,40.327171325683594
25-09-2014,50.5,51.16999816894531,952300,51.40999984741211,50.75,39.941532135009766
26-09-2014,50.849998474121094,51.06999969482422,990300,52.06999969482422,51.86000061035156,40.815128326416016
29-09-2014,51.0099983215332,51.45000076293945,1460900,51.939998626708984,51.869998931884766,40.822998046875
30-09-2014,51.619998931884766,51.81999969482422,1054400,52.380001068115234,51.9900016784668,40.917442321777344
01-10-2014,50.95000076293945,51.7599983215332,1529400,51.939998626708984,50.9900016784668,40.13041305541992
02-10-2014,48.66999816894531,50.90999984741211,5507000,51.0,49.88999938964844,39.264678955078125
03-10-2014,49.15999984741211,49.95000076293945,1982700,50.63999938964844,50.45000076293945,39.70541763305664
06-10-2014,50.36000061035156,50.56999969482422,1460900,51.279998779296875,51.22999954223633,40.31930923461914
07-10-2014,49.90999984741211,51.08000183105469,1177800,51.099998474121094,50.060001373291016,39.39848709106445
08-10-2014,49.689998626708984,50.2400016784668,1919400,51.29999923706055,51.189998626708984,40.287818908691406
09-10-2014,49.15999984741211,51.130001068115234,1608300,51.130001068115234,49.720001220703125,39.130889892578125
10-10-2014,49.439998626708984,49.56999969482422,1618600,50.939998626708984,49.77000045776367,39.170249938964844
13-10-2014,49.099998474121094,49.63999938964844,1614000,50.369998931884766,49.349998474121094,38.83969497680664
14-10-2014,49.369998931884766,49.72999954223633,1937900,51.150001525878906,50.779998779296875,39.96513748168945
15-10-2014,49.86000061035156,50.09000015258789,2252700,52.119998931884766,51.86000061035156,40.815128326416016
16-10-2014,51.220001220703125,51.220001220703125,1573300,53.369998931884766,52.61000061035156,41.405399322509766
17-10-2014,51.9900016784668,52.90999984741211,1722800,53.099998474121094,52.2400016784668,41.114192962646484
20-10-2014,52.119998931884766,52.2599983215332,716500,52.84000015258789,52.81999969482422,41.5706672668457
21-10-2014,52.880001068115234,52.9900016784668,1532200,53.90999984741211,53.849998474121094,42.38130187988281
22-10-2014,53.56999969482422,53.93000030517578,1573300,55.029998779296875,53.599998474121094,42.18455505371094
23-10-2014,54.0099983215332,54.11000061035156,855100,54.540000915527344,54.22999954223633,42.68037796020508
24-10-2014,53.83000183105469,54.29999923706055,1594500,55.36000061035156,55.2599983215332,43.49100875854492
27-10-2014,55.380001068115234,56.099998474121094,3295100,56.75,56.61000061035156,44.55350112915039
28-10-2014,56.59000015258789,56.849998474121094,2847600,57.36000061035156,57.20000076293945,45.017845153808594
29-10-2014,53.310001373291016,54.900001525878906,4001300,55.5099983215332,53.959999084472656,42.46786880493164
30-10-2014,53.84000015258789,55.0,2051300,55.0,54.13999938964844,42.60954666137695
31-10-2014,54.369998931884766,54.869998931884766,1525200,55.5,55.47999954223633,43.664146423339844
03-11-2014,55.0099983215332,55.47999954223633,1118200,56.150001525878906,55.70000076293945,43.837303161621094
04-11-2014,55.290000915527344,55.619998931884766,831800,56.0099983215332,55.84000015258789,43.94748306274414
05-11-2014,55.540000915527344,56.04999923706055,998000,56.189998626708984,55.599998474121094,43.75859832763672
06-11-2014,54.900001525878906,55.59000015258789,2286200,55.959999084472656,54.939998626708984,43.23916244506836
07-11-2014,54.150001525878906,55.13999938964844,1467600,55.15999984741211,54.70000076293945,43.05028533935547
10-11-2014,54.70000076293945,54.790000915527344,1252100,55.75,55.58000183105469,43.74285888671875
11-11-2014,55.5099983215332,55.72999954223633,799100,56.040000915527344,55.810001373291016,43.92388153076172
12-11-2014,55.4900016784668,55.72999954223633,1336000,56.150001525878906,56.060001373291016,44.120628356933594
13-11-2014,55.7400016784668,56.09000015258789,1019400,56.470001220703125,55.93000030517578,44.01832580566406
14-11-2014,55.869998931884766,56.11000061035156,920300,56.529998779296875,55.95000076293945,44.0340576171875
17-11-2014,55.310001373291016,55.43000030517578,995200,56.13999938964844,55.810001373291016,43.92388153076172
18-11-2014,55.630001068115234,56.08000183105469,1155600,56.81999969482422,56.63999938964844,44.577110290527344
19-11-2014,56.540000915527344,56.65999984741211,5073600,59.27000045776367,59.189998626708984,46.58403396606445
20-11-2014,58.599998474121094,58.97999954223633,2847800,60.189998626708984,58.7400016784668,46.229862213134766
21-11-2014,58.619998931884766,59.5099983215332,2134000,59.5099983215332,58.93000030517578,46.379398345947266
24-11-2014,58.5099983215332,58.70000076293945,1695100,59.959999084472656,59.630001068115234,46.93031692504883
25-11-2014,56.709999084472656,59.20000076293945,4247900,59.20000076293945,56.939998626708984,44.81321334838867
26-11-2014,56.65999984741211,56.91999816894531,1228200,57.31999969482422,57.06999969482422,44.9155387878418
28-11-2014,56.81999969482422,57.380001068115234,639000,57.4900016784668,57.29999923706055,45.09653854370117
01-12-2014,55.95000076293945,57.220001220703125,1310600,57.2599983215332,56.2400016784668,44.262298583984375
02-12-2014,55.619998931884766,56.369998931884766,1374800,56.650001525878906,56.400001525878906,44.38822555541992
03-12-2014,55.93000030517578,56.54999923706055,801800,56.95000076293945,56.86000061035156,44.750244140625
04-12-2014,56.04999923706055,56.7400016784668,666600,57.0,56.209999084472656,44.23868942260742
05-12-2014,55.790000915527344,56.34000015258789,652300,56.47999954223633,55.95000076293945,44.0340576171875
08-12-2014,55.349998474121094,55.869998931884766,765700,56.470001220703125,55.61000061035156,43.76646423339844
09-12-2014,55.04999923706055,55.22999954223633,897100,56.15999984741211,56.04999923706055,44.112770080566406
10-12-2014,54.47999954223633,55.779998779296875,1444900,56.0099983215332,54.939998626708984,43.23916244506836
11-12-2014,52.9900016784668,54.91999816894531,2318100,54.939998626708984,53.279998779296875,42.30228805541992
12-12-2014,52.18000030517578,52.7400016784668,1544300,53.16999816894531,52.380001068115234,41.58772277832031
15-12-2014,52.02000045776367,52.47999954223633,1019200,52.849998474121094,52.27000045776367,41.50038528442383
16-12-2014,52.02000045776367,52.18000030517578,1196400,53.540000915527344,52.2400016784668,41.476566314697266
17-12-2014,51.9900016784668,52.290000915527344,1521400,53.45000076293945,53.380001068115234,42.38167953491211
18-12-2014,53.70000076293945,53.95000076293945,1597500,54.369998931884766,54.369998931884766,43.16770935058594
19-12-2014,52.959999084472656,54.0,2687000,54.220001220703125,53.29999923706055,42.318172454833984
22-12-2014,52.56999969482422,52.650001525878906,1762600,53.65999984741211,53.13999938964844,42.191139221191406
23-12-2014,52.599998474121094,53.56999969482422,1500700,53.56999969482422,53.36000061035156,42.365814208984375
24-12-2014,53.38999938964844,53.70000076293945,684900,54.310001373291016,53.86000061035156,42.762779235839844
26-12-2014,53.779998779296875,54.209999084472656,535100,54.45000076293945,53.810001373291016,42.72309112548828
29-12-2014,53.630001068115234,53.81999969482422,690900,54.33000183105469,53.7599983215332,42.68338394165039
30-12-2014,53.130001068115234,53.709999084472656,791000,53.869998931884766,53.16999816894531,42.21495819091797
31-12-2014,52.77000045776367,53.41999816894531,638500,53.84000015258789,52.83000183105469,41.945011138916016
02-01-2015,52.31999969482422,52.97999954223633,785200,53.13999938964844,52.58000183105469,41.74650955200195
05-01-2015,51.08000183105469,52.2400016784668,1611300,52.40999984741211,51.130001068115234,40.59526824951172
06-01-2015,50.08000183105469,51.04999923706055,2078400,51.25,50.5099983215332,40.10301208496094
07-01-2015,51.34000015258789,51.36000061035156,1750100,51.97999954223633,51.45000076293945,40.84933853149414
08-01-2015,50.959999084472656,51.65999984741211,2235700,51.869998931884766,51.45000076293945,40.84933853149414
09-01-2015,51.22999954223633,51.61000061035156,1877300,51.88999938964844,51.439998626708984,40.841400146484375
12-01-2015,50.2599983215332,51.349998474121094,1711500,51.7599983215332,51.45000076293945,40.84933853149414
13-01-2015,51.060001373291016,51.7400016784668,1244500,52.599998474121094,51.540000915527344,40.92079544067383
14-01-2015,50.97999954223633,51.209999084472656,1846400,51.97999954223633,51.79999923706055,41.12722396850586
15-01-2015,50.5099983215332,52.029998779296875,1247400,52.369998931884766,50.81999969482422,40.34914016723633
16-01-2015,50.849998474121094,50.900001525878906,1731900,53.0099983215332,52.83000183105469,41.945011138916016
20-01-2015,51.86000061035156,53.060001373291016,1217800,53.099998474121094,52.619998931884766,41.77827835083008
21-01-2015,52.2400016784668,52.43000030517578,878100,52.97999954223633,52.599998474121094,41.762393951416016
22-01-2015,52.02000045776367,52.75,722400,53.41999816894531,53.13999938964844,42.191139221191406
23-01-2015,52.75,53.060001373291016,650100,53.25,53.0099983215332,42.08791732788086
26-01-2015,53.7400016784668,54.099998474121094,1193300,54.65999984741211,54.29999923706055,43.11213302612305
27-01-2015,52.47999954223633,53.720001220703125,1368300,53.720001220703125,52.86000061035156,41.968833923339844
28-01-2015,51.90999984741211,52.97999954223633,1096500,53.36000061035156,52.0,41.286006927490234
29-01-2015,51.47999954223633,52.0,822000,52.54999923706055,52.5,41.6829948425293
30-01-2015,51.84000015258789,52.20000076293945,1085200,53.09000015258789,52.36000061035156,41.57183837890625
02-02-2015,51.36000061035156,52.720001220703125,1069300,52.849998474121094,52.599998474121094,41.762393951416016
03-02-2015,52.7400016784668,52.790000915527344,755000,53.77000045776367,53.650001525878906,42.59605407714844
04-02-2015,53.0099983215332,53.470001220703125,919300,53.88999938964844,53.22999954223633,42.2625846862793
05-02-2015,52.970001220703125,53.22999954223633,669800,53.59000015258789,53.439998626708984,42.4293212890625
06-02-2015,53.15999984741211,53.47999954223633,663300,53.869998931884766,53.41999816894531,42.4134407043457
09-02-2015,53.15999984741211,53.15999984741211,811100,54.04999923706055,53.810001373291016,42.72309112548828
10-02-2015,53.5,54.20000076293945,1209300,54.400001525878906,54.11000061035156,42.961280822753906
11-02-2015,53.84000015258789,53.84000015258789,1330500,54.849998474121094,54.310001373291016,43.120059967041016
12-02-2015,54.43000030517578,54.66999816894531,1836000,56.2599983215332,55.90999984741211,44.390411376953125
13-02-2015,55.540000915527344,56.0,1653300,57.15999984741211,55.93000030517578,44.40629577636719
17-02-2015,55.61000061035156,55.63999938964844,1713400,56.880001068115234,56.810001373291016,45.104976654052734
18-02-2015,50.45000076293945,53.5099983215332,7325000,54.0,50.709999084472656,40.26179885864258
19-02-2015,50.0,51.540000915527344,4756000,51.70000076293945,50.720001220703125,40.269752502441406
20-02-2015,49.2599983215332,50.52000045776367,3827700,50.77000045776367,49.41999816894531,39.23759841918945
23-02-2015,48.59000015258789,49.400001525878906,3746700,49.63999938964844,49.400001525878906,39.22171401977539
24-02-2015,48.93000030517578,49.400001525878906,2045700,49.790000915527344,49.599998474121094,39.380516052246094
25-02-2015,49.150001525878906,49.31999969482422,1638000,49.849998474121094,49.45000076293945,39.26142120361328
26-02-2015,49.16999816894531,49.38999938964844,1050500,49.81999969482422,49.43000030517578,39.24553298950195
27-02-2015,49.40999984741211,49.4900016784668,1305400,49.83000183105469,49.630001068115234,39.40433120727539
02-03-2015,49.58000183105469,49.58000183105469,1707800,50.68000030517578,50.45000076293945,40.055362701416016
03-03-2015,49.68000030517578,50.18000030517578,1566900,50.349998474121094,49.70000076293945,39.45991516113281
04-03-2015,48.959999084472656,49.47999954223633,1346700,49.59000015258789,49.31999969482422,39.15819549560547
05-03-2015,49.349998474121094,49.5,4103800,50.790000915527344,50.709999084472656,40.26179885864258
06-03-2015,49.5,50.45000076293945,1247800,50.61000061035156,49.63999938964844,39.412261962890625
09-03-2015,49.310001373291016,49.630001068115234,1409000,49.90999984741211,49.400001525878906,39.22171401977539
10-03-2015,48.79999923706055,49.0,1551700,49.81999969482422,49.5,39.30111312866211
11-03-2015,49.459999084472656,49.599998474121094,1363900,49.880001068115234,49.52000045776367,39.316986083984375
12-03-2015,47.97999954223633,48.18000030517578,2386600,49.34000015258789,48.66999816894531,39.020347595214844
13-03-2015,47.939998626708984,48.47999954223633,1326200,48.790000915527344,48.0,38.48318862915039
16-03-2015,47.290000915527344,47.52000045776367,1346200,48.7599983215332,48.7400016784668,39.07646942138672
17-03-2015,48.06999969482422,48.33000183105469,939200,48.65999984741211,48.47999954223633,38.86802291870117
18-03-2015,47.709999084472656,48.41999816894531,1632200,48.970001220703125,48.720001220703125,39.06044006347656
19-03-2015,47.849998474121094,48.70000076293945,1502000,48.79999923706055,48.13999938964844,38.59542465209961
20-03-2015,48.150001525878906,48.31999969482422,3375400,49.599998474121094,49.4900016784668,39.67776870727539
23-03-2015,49.220001220703125,49.529998779296875,947500,49.81999969482422,49.400001525878906,39.60561752319336
24-03-2015,49.0099983215332,49.2599983215332,1202900,49.68000030517578,49.06999969482422,39.341041564941406
25-03-2015,48.0,49.209999084472656,1568400,49.38999938964844,48.02000045776367,38.499229431152344
26-03-2015,46.779998779296875,47.869998931884766,1249200,47.869998931884766,47.470001220703125,38.05827331542969
27-03-2015,47.099998474121094,47.27000045776367,884500,47.779998779296875,47.65999984741211,38.21059036254883
30-03-2015,47.66999816894531,47.790000915527344,650700,48.310001373291016,48.130001068115234,38.58742141723633
31-03-2015,47.459999084472656,47.880001068115234,1724500,48.290000915527344,47.52000045776367,38.09835433959961
01-04-2015,46.619998931884766,47.34000015258789,1172600,47.41999816894531,47.06999969482422,37.73757553100586
02-04-2015,45.91999816894531,46.0,1776500,46.790000915527344,46.4900016784668,37.2725830078125
06-04-2015,44.56999969482422,44.650001525878906,2237100,46.790000915527344,46.709999084472656,37.448944091796875
07-04-2015,45.880001068115234,46.63999938964844,1278500,46.81999969482422,45.880001068115234,36.78351974487305
08-04-2015,45.84000015258789,46.04999923706055,1596800,46.56999969482422,46.33000183105469,37.1442985534668
09-04-2015,46.0,46.459999084472656,1109200,46.630001068115234,46.59000015258789,37.35274887084961
10-04-2015,46.150001525878906,46.45000076293945,1202700,46.880001068115234,46.65999984741211,37.40886688232422
13-04-2015,46.4900016784668,46.540000915527344,1633800,47.06999969482422,46.79999923706055,37.52111053466797
14-04-2015,46.52000045776367,46.70000076293945,1185600,47.029998779296875,46.86000061035156,37.56922149658203
15-04-2015,46.88999938964844,47.02000045776367,1165200,47.869998931884766,47.630001068115234,38.18655776977539
16-04-2015,47.209999084472656,47.47999954223633,816400,47.709999084472656,47.61000061035156,38.17052459716797
17-04-2015,46.40999984741211,47.22999954223633,949200,47.34000015258789,46.66999816894531,37.416873931884766
20-04-2015,46.939998626708984,46.939998626708984,747200,47.630001068115234,47.56999969482422,38.13844680786133
21-04-2015,47.5,47.77000045776367,917400,47.970001220703125,47.56999969482422,38.13844680786133
22-04-2015,46.7400016784668,47.5,844500,47.5,46.95000076293945,37.64136505126953
23-04-2015,46.650001525878906,46.790000915527344,1151600,47.43000030517578,47.13999938964844,37.79369354248047
24-04-2015,46.08000183105469,47.150001525878906,2001000,47.150001525878906,46.189998626708984,37.03205490112305
27-04-2015,46.13999938964844,46.34000015258789,1517900,46.650001525878906,46.43000030517578,37.22446060180664
28-04-2015,46.400001525878906,46.45000076293945,2314600,47.70000076293945,47.4900016784668,38.074310302734375
29-04-2015,44.810001373291016,45.52000045776367,4021300,46.88999938964844,45.540000915527344,36.51092529296875
30-04-2015,44.959999084472656,45.77000045776367,2518300,46.13999938964844,45.189998626708984,36.230316162109375
01-05-2015,45.25,45.31999969482422,912800,45.959999084472656,45.86000061035156,36.767486572265625
04-05-2015,45.54999923706055,45.790000915527344,1144200,46.0,45.70000076293945,36.639198303222656
05-05-2015,45.20000076293945,45.54999923706055,1314000,45.83000183105469,45.290000915527344,36.31048583984375
06-05-2015,44.959999084472656,45.349998474121094,1103500,45.52000045776367,45.29999923706055,36.318504333496094
07-05-2015,45.16999816894531,45.29999923706055,799200,45.619998931884766,45.40999984741211,36.406700134277344
08-05-2015,45.650001525878906,45.77000045776367,827000,46.11000061035156,45.939998626708984,36.83161544799805
11-05-2015,45.7599983215332,45.88999938964844,1703000,46.7599983215332,46.720001220703125,37.45697021484375
12-05-2015,45.900001525878906,46.56999969482422,878300,46.650001525878906,45.939998626708984,36.83161544799805
13-05-2015,45.75,45.959999084472656,1320900,46.29999923706055,46.119998931884766,36.97592544555664
14-05-2015,45.9900016784668,46.380001068115234,1165200,46.5099983215332,46.16999816894531,37.01600646972656
15-05-2015,45.90999984741211,46.349998474121094,691100,46.459999084472656,46.20000076293945,37.04006576538086
18-05-2015,45.7400016784668,46.08000183105469,803300,46.220001220703125,46.119998931884766,36.97592544555664
19-05-2015,45.709999084472656,46.34000015258789,1021400,46.459999084472656,46.060001373291016,36.92782211303711
20-05-2015,45.939998626708984,46.060001373291016,762700,46.40999984741211,46.04999923706055,36.91981506347656
21-05-2015,45.689998626708984,45.91999816894531,852600,46.31999969482422,45.939998626708984,36.83161544799805
22-05-2015,45.720001220703125,45.91999816894531,676300,46.0099983215332,45.95000076293945,36.839630126953125
26-05-2015,45.040000915527344,45.88999938964844,914200,45.91999816894531,45.16999816894531,36.21427917480469
27-05-2015,45.09000015258789,45.20000076293945,847400,45.650001525878906,45.459999084472656,36.4467887878418
28-05-2015,45.529998779296875,45.599998474121094,1393000,46.27000045776367,46.220001220703125,37.05610656738281
29-05-2015,45.459999084472656,46.369998931884766,1807300,46.41999816894531,45.47999954223633,36.462825775146484
01-06-2015,45.0099983215332,45.59000015258789,823600,45.77000045776367,45.470001220703125,36.454811096191406
02-06-2015,45.13999938964844,45.29999923706055,533400,45.93000030517578,45.58000183105469,36.542991638183594
03-06-2015,45.709999084472656,45.959999084472656,1552400,46.380001068115234,46.040000915527344,36.91179275512695
04-06-2015,45.209999084472656,46.130001068115234,1047700,46.130001068115234,45.5,36.478858947753906
05-06-2015,44.84000015258789,45.36000061035156,1267600,45.66999816894531,45.619998931884766,36.5750617980957
08-06-2015,45.439998626708984,45.56999969482422,1295700,45.720001220703125,45.470001220703125,36.454811096191406
09-06-2015,45.27000045776367,45.439998626708984,1200700,45.81999969482422,45.720001220703125,36.65523910522461
10-06-2015,45.880001068115234,46.18000030517578,1420800,46.59000015258789,46.43000030517578,37.22446060180664
11-06-2015,45.93000030517578,46.52000045776367,844800,46.810001373291016,46.029998779296875,36.903778076171875
12-06-2015,44.720001220703125,45.369998931884766,1207300,45.54999923706055,44.790000915527344,36.31195068359375
15-06-2015,44.029998779296875,44.5,1165800,44.65999984741211,44.209999084472656,35.84173583984375
16-06-2015,44.209999084472656,44.310001373291016,1182800,45.279998779296875,45.2599983215332,36.692989349365234
17-06-2015,44.939998626708984,45.31999969482422,1523700,45.63999938964844,45.220001220703125,36.66056442260742
18-06-2015,45.040000915527344,45.40999984741211,1992700,46.619998931884766,46.560001373291016,37.746917724609375
19-06-2015,46.59000015258789,46.75,2452700,47.16999816894531,46.849998474121094,37.98202896118164
22-06-2015,46.720001220703125,47.02000045776367,914700,47.11000061035156,47.02000045776367,38.119842529296875
23-06-2015,46.880001068115234,47.0099983215332,925100,47.27000045776367,47.2400016784668,38.2982063293457
24-06-2015,45.70000076293945,47.06999969482422,1753300,47.15999984741211,46.04999923706055,37.33345413208008
25-06-2015,45.68000030517578,46.22999954223633,601100,46.27000045776367,45.72999954223633,37.07402420043945
26-06-2015,45.47999954223633,45.70000076293945,1085300,45.97999954223633,45.56999969482422,36.944313049316406
29-06-2015,43.95000076293945,44.38999938964844,1354300,45.27000045776367,43.97999954223633,35.6552848815918
30-06-2015,43.65999984741211,44.38999938964844,1333500,44.38999938964844,43.93000030517578,35.614742279052734
01-07-2015,43.58000183105469,44.290000915527344,1192500,44.29999923706055,44.0099983215332,35.67959213256836
02-07-2015,43.95000076293945,44.25,691300,44.36000061035156,44.09000015258789,35.74445724487305
06-07-2015,43.15999984741211,43.54999923706055,1778200,43.880001068115234,43.29999923706055,35.1039924621582
07-07-2015,42.70000076293945,43.5,1326800,43.70000076293945,43.66999816894531,35.40394592285156
08-07-2015,43.209999084472656,43.310001373291016,1339200,43.630001068115234,43.380001068115234,35.168846130371094
09-07-2015,43.5,43.939998626708984,1290500,44.060001373291016,43.560001373291016,35.31476593017578
10-07-2015,43.70000076293945,44.02000045776367,716400,44.2400016784668,44.16999816894531,35.80930709838867
13-07-2015,45.060001373291016,45.290000915527344,2921700,46.68000030517578,46.369998931884766,37.59288787841797
14-07-2015,45.95000076293945,46.58000183105469,1459800,46.720001220703125,46.400001525878906,37.61720657348633
15-07-2015,45.90999984741211,46.5,1212100,46.56999969482422,46.400001525878906,37.61720657348633
16-07-2015,41.20000076293945,41.22999954223633,10776500,43.20000076293945,43.099998474121094,34.94184494018555
17-07-2015,42.66999816894531,42.939998626708984,2203000,43.43000030517578,42.88999938964844,34.771602630615234
20-07-2015,42.310001373291016,42.880001068115234,1116700,43.0099983215332,42.5099983215332,34.46352005004883
21-07-2015,42.279998779296875,42.54999923706055,1333400,42.81999969482422,42.66999816894531,34.59322738647461
22-07-2015,42.5,42.630001068115234,1084100,42.959999084472656,42.83000183105469,34.72295379638672
23-07-2015,42.61000061035156,42.900001525878906,981200,43.099998474121094,42.91999816894531,34.7958984375
24-07-2015,42.310001373291016,43.08000183105469,805000,43.09000015258789,42.47999954223633,34.4391975402832
27-07-2015,41.959999084472656,42.38999938964844,2336200,42.5099983215332,42.11000061035156,34.13923645019531
28-07-2015,42.099998474121094,42.099998474121094,1630500,43.029998779296875,42.790000915527344,34.69051742553711
29-07-2015,42.290000915527344,42.56999969482422,1815000,43.88999938964844,42.689998626708984,34.60944747924805
30-07-2015,41.86000061035156,41.880001068115234,1701900,42.27000045776367,42.189998626708984,34.20408630371094
31-07-2015,41.869998931884766,42.29999923706055,1319500,42.29999923706055,41.90999984741211,33.97708511352539
03-08-2015,41.2599983215332,41.97999954223633,2048300,42.720001220703125,41.45000076293945,33.604164123535156
04-08-2015,40.869998931884766,41.70000076293945,2188000,41.779998779296875,41.0099983215332,33.24744415283203
05-08-2015,41.02000045776367,41.2599983215332,1355800,41.66999816894531,41.43000030517578,33.58794021606445
06-08-2015,40.65999984741211,41.59000015258789,1525200,41.65999984741211,40.709999084472656,33.00423049926758
07-08-2015,40.34000015258789,40.63999938964844,922800,40.810001373291016,40.619998931884766,32.9312744140625
10-08-2015,40.59000015258789,40.900001525878906,1198900,41.130001068115234,41.08000183105469,33.304203033447266
11-08-2015,40.040000915527344,40.66999816894531,1282700,40.77000045776367,40.2400016784668,32.623199462890625
12-08-2015,39.470001220703125,39.810001373291016,1244100,40.5,40.34000015258789,32.70427703857422
13-08-2015,39.88999938964844,40.2400016784668,857300,40.54999923706055,39.95000076293945,32.388084411621094
14-08-2015,39.7400016784668,39.7400016784668,650300,40.04999923706055,39.900001525878906,32.34755325317383
17-08-2015,39.630001068115234,39.869998931884766,679900,40.470001220703125,40.41999816894531,32.769126892089844
18-08-2015,40.040000915527344,40.5,752000,40.79999923706055,40.290000915527344,32.66374206542969
19-08-2015,39.529998779296875,40.18000030517578,1039400,40.2599983215332,39.86000061035156,32.31512451171875
20-08-2015,38.9900016784668,39.529998779296875,1029300,39.9900016784668,39.0,31.61790657043457
21-08-2015,38.2400016784668,38.650001525878906,2199000,39.150001525878906,38.2599983215332,31.01797866821289
24-08-2015,35.349998474121094,36.2599983215332,4540200,37.06999969482422,37.0099983215332,30.00458335876465
25-08-2015,36.70000076293945,38.310001373291016,1998700,38.41999816894531,36.70000076293945,29.753263473510742
26-08-2015,36.90999984741211,37.65999984741211,1689700,37.86000061035156,37.720001220703125,30.5801944732666
27-08-2015,37.45000076293945,38.380001068115234,1839000,38.38999938964844,38.15999984741211,30.936912536621094
28-08-2015,37.540000915527344,37.7599983215332,1339100,38.220001220703125,37.9900016784668,30.799089431762695
31-08-2015,37.56999969482422,37.84000015258789,1066700,37.9900016784668,37.61000061035156,30.491016387939453
01-09-2015,36.630001068115234,37.0,1468500,37.34000015258789,36.810001373291016,29.842445373535156
02-09-2015,36.88999938964844,37.25,1388500,37.400001525878906,37.220001220703125,30.174833297729492
03-09-2015,37.130001068115234,37.27000045776367,1004900,37.54999923706055,37.2599983215332,30.20726203918457
04-09-2015,36.459999084472656,36.75,1344900,36.97999954223633,36.5,29.591114044189453
08-09-2015,36.959999084472656,37.13999938964844,1035900,37.7400016784668,37.66999816894531,30.53964614868164
09-09-2015,36.56999969482422,37.81999969482422,1268900,37.95000076293945,36.68000030517578,29.73705291748047
10-09-2015,36.20000076293945,36.63999938964844,1982900,37.02000045776367,36.36000061035156,29.477619171142578
11-09-2015,35.54999923706055,35.61000061035156,1515600,36.11000061035156,35.88999938964844,29.510509490966797
14-09-2015,35.650001525878906,35.70000076293945,862300,36.099998474121094,35.810001373291016,29.444730758666992
15-09-2015,35.900001525878906,35.9900016784668,1082900,36.31999969482422,36.13999938964844,29.7160701751709
16-09-2015,36.06999969482422,36.150001525878906,1063500,36.7599983215332,36.709999084472656,30.184751510620117
17-09-2015,36.459999084472656,36.79999923706055,1019100,37.15999984741211,36.56999969482422,30.069637298583984
18-09-2015,35.93000030517578,36.150001525878906,1829900,36.7599983215332,36.22999954223633,29.790081024169922
21-09-2015,36.18000030517578,36.41999816894531,877400,36.88999938964844,36.540000915527344,30.044967651367188
22-09-2015,35.66999816894531,36.04999923706055,1068600,36.2400016784668,35.900001525878906,29.518733978271484
23-09-2015,35.560001373291016,35.9900016784668,1009600,36.06999969482422,35.619998931884766,29.288503646850586
24-09-2015,35.0099983215332,35.470001220703125,1057100,35.77000045776367,35.630001068115234,29.296728134155273
25-09-2015,35.34000015258789,35.66999816894531,1023800,36.099998474121094,35.45000076293945,29.14871597290039
28-09-2015,35.040000915527344,35.189998626708984,1306700,35.459999084472656,35.209999084472656,28.95137596130371
29-09-2015,35.0099983215332,35.18000030517578,858700,35.43000030517578,35.189998626708984,28.934932708740234
30-09-2015,35.310001373291016,35.47999954223633,1313700,35.959999084472656,35.880001068115234,29.502288818359375
01-10-2015,35.130001068115234,35.95000076293945,979000,35.970001220703125,35.380001068115234,29.09116554260254
02-10-2015,34.900001525878906,34.9900016784668,797400,35.869998931884766,35.849998474121094,29.477611541748047
05-10-2015,35.900001525878906,35.95000076293945,1167200,36.779998779296875,36.63999938964844,30.12720489501953
06-10-2015,36.31999969482422,36.61000061035156,924600,36.75,36.5099983215332,30.020307540893555
07-10-2015,36.540000915527344,36.59000015258789,669200,37.06999969482422,36.900001525878906,30.340974807739258
08-10-2015,36.61000061035156,36.720001220703125,981700,37.18000030517578,36.97999954223633,30.406757354736328
09-10-2015,36.90999984741211,37.06999969482422,884800,37.279998779296875,37.06999969482422,30.48076629638672
12-10-2015,36.810001373291016,37.11000061035156,575000,37.22999954223633,36.95000076293945,30.382091522216797
13-10-2015,36.709999084472656,36.849998474121094,689600,37.33000183105469,36.81999969482422,30.275203704833984
14-10-2015,36.58000183105469,36.7599983215332,640100,37.16999816894531,36.959999084472656,30.39031410217285
15-10-2015,31.31999969482422,33.54999923706055,9460000,33.959999084472656,32.279998779296875,26.542192459106445
16-10-2015,32.040000915527344,32.060001373291016,3792400,34.2599983215332,34.09000015258789,28.03046226501465
19-10-2015,33.939998626708984,34.34000015258789,1809400,34.560001373291016,34.029998779296875,27.981124877929688
20-10-2015,33.61000061035156,33.75,974700,34.25,33.720001220703125,27.726228713989258
21-10-2015,33.630001068115234,33.900001525878906,1853800,34.220001220703125,34.099998474121094,28.038684844970703
22-10-2015,34.25,34.380001068115234,1160500,35.22999954223633,35.060001373291016,28.828048706054688
23-10-2015,35.0099983215332,35.33000183105469,1027900,35.5,35.400001525878906,29.107608795166016
26-10-2015,35.150001525878906,35.439998626708984,1014000,35.65999984741211,35.2400016784668,28.976055145263672
27-10-2015,34.68000030517578,35.13999938964844,1054900,35.2400016784668,34.790000915527344,28.606037139892578
28-10-2015,33.900001525878906,33.900001525878906,1429600,35.189998626708984,35.130001068115234,28.885602951049805
29-10-2015,34.849998474121094,35.220001220703125,1017500,35.63999938964844,35.400001525878906,29.107608795166016
30-10-2015,35.349998474121094,35.36000061035156,981700,35.790000915527344,35.470001220703125,29.165170669555664
02-11-2015,35.369998931884766,35.52000045776367,1092500,36.09000015258789,35.93000030517578,29.54339599609375
03-11-2015,35.720001220703125,35.880001068115234,1034700,36.099998474121094,35.93000030517578,29.54339599609375
04-11-2015,35.849998474121094,36.13999938964844,1714200,36.65999984741211,36.619998931884766,30.110761642456055
05-11-2015,36.61000061035156,36.619998931884766,1343500,37.33000183105469,37.20000076293945,30.587663650512695
06-11-2015,36.939998626708984,37.08000183105469,1400600,37.5099983215332,37.439998626708984,30.784997940063477
09-11-2015,37.060001373291016,37.380001068115234,1496300,37.540000915527344,37.310001373291016,30.6781005859375
10-11-2015,37.25,37.290000915527344,1793500,38.22999954223633,38.09000015258789,31.3194580078125
11-11-2015,37.47999954223633,38.29999923706055,1167900,38.47999954223633,37.630001068115234,30.94122314453125
12-11-2015,36.2400016784668,37.45000076293945,1322700,37.5,36.279998779296875,29.83118438720703
13-11-2015,35.279998779296875,36.06999969482422,1367800,36.279998779296875,35.38999938964844,29.099388122558594
16-11-2015,35.29999923706055,35.310001373291016,815900,35.959999084472656,35.939998626708984,29.55162811279297
17-11-2015,35.310001373291016,35.310001373291016,1122900,36.4900016784668,35.68000030517578,29.337833404541016
18-11-2015,35.61000061035156,35.689998626708984,1460600,37.06999969482422,37.0099983215332,30.431428909301758
19-11-2015,36.61000061035156,37.16999816894531,1049300,37.16999816894531,37.0,30.42321014404297
20-11-2015,37.13999938964844,37.20000076293945,1105400,37.66999816894531,37.40999984741211,30.760330200195312
23-11-2015,37.08000183105469,37.2599983215332,914700,37.75,37.310001373291016,30.6781005859375
24-11-2015,37.029998779296875,37.04999923706055,1324900,38.290000915527344,38.27000045776367,31.467458724975586
25-11-2015,37.84000015258789,38.25,924100,38.25,37.939998626708984,31.19611358642578
27-11-2015,37.459999084472656,38.099998474121094,624100,38.310001373291016,37.47999954223633,30.817888259887695
30-11-2015,37.400001525878906,37.869998931884766,1464400,37.97999954223633,37.849998474121094,31.122114181518555
01-12-2015,37.5099983215332,37.9900016784668,868700,38.209999084472656,37.869998931884766,31.138565063476562
02-12-2015,37.29999923706055,38.02000045776367,1502400,38.20000076293945,37.47999954223633,30.817888259887695
03-12-2015,36.779998779296875,37.720001220703125,1874100,37.959999084472656,37.16999816894531,30.562986373901367
04-12-2015,37.20000076293945,37.20000076293945,1882000,38.099998474121094,37.63999938964844,30.949453353881836
07-12-2015,37.130001068115234,37.72999954223633,1170300,38.09000015258789,37.810001373291016,31.089223861694336
08-12-2015,37.400001525878906,37.4900016784668,982000,38.09000015258789,37.63999938964844,30.949453353881836
09-12-2015,37.18000030517578,37.38999938964844,946800,37.95000076293945,37.369998931884766,30.727436065673828
10-12-2015,37.029998779296875,37.36000061035156,1035800,37.599998474121094,37.119998931884766,30.521879196166992
11-12-2015,35.220001220703125,36.25,2031200,36.5,35.45000076293945,29.55478286743164
14-12-2015,34.29999923706055,35.43000030517578,2259800,35.470001220703125,34.79999923706055,29.012868881225586
15-12-2015,34.900001525878906,35.29999923706055,2158800,35.869998931884766,35.5099983215332,29.604795455932617
16-12-2015,35.400001525878906,35.7599983215332,1346900,36.5099983215332,36.439998626708984,30.380138397216797
17-12-2015,35.5099983215332,36.459999084472656,1440100,36.470001220703125,35.52000045776367,29.613140106201172
18-12-2015,34.95000076293945,35.279998779296875,9592500,35.709999084472656,35.2599983215332,29.396381378173828
21-12-2015,35.130001068115234,35.34000015258789,1995100,35.709999084472656,35.54999923706055,29.638145446777344
22-12-2015,35.560001373291016,35.599998474121094,1716500,36.369998931884766,36.2599983215332,30.230077743530273
23-12-2015,36.150001525878906,36.34000015258789,1544400,36.97999954223633,36.880001068115234,30.746980667114258
24-12-2015,36.79999923706055,36.810001373291016,472000,37.09000015258789,36.97999954223633,30.830339431762695
28-12-2015,36.65999984741211,36.880001068115234,642100,36.9900016784668,36.970001220703125,30.822006225585938
29-12-2015,37.060001373291016,37.09000015258789,660000,37.45000076293945,37.2599983215332,31.06377410888672
30-12-2015,37.150001525878906,37.18000030517578,703100,37.47999954223633,37.310001373291016,31.10546875
31-12-2015,36.880001068115234,37.0,1155500,37.439998626708984,37.16999816894531,30.988752365112305
04-01-2016,36.27000045776367,36.599998474121094,2050100,36.88999938964844,36.79999923706055,30.680282592773438
05-01-2016,36.779998779296875,37.0,1305500,37.34000015258789,36.939998626708984,30.796995162963867
06-01-2016,35.79999923706055,36.41999816894531,2521400,36.56999969482422,35.93000030517578,29.954954147338867
07-01-2016,34.79999923706055,35.400001525878906,1688900,35.59000015258789,34.900001525878906,29.09624481201172
08-01-2016,33.47999954223633,35.13999938964844,2429400,35.33000183105469,33.54999923706055,27.970741271972656
11-01-2016,32.849998474121094,33.88999938964844,2416400,33.97999954223633,33.20000076293945,27.678951263427734
12-01-2016,32.720001220703125,33.650001525878906,1729800,33.709999084472656,33.150001525878906,27.63726234436035
13-01-2016,32.369998931884766,33.279998779296875,1552500,33.470001220703125,32.459999084472656,27.06200408935547
14-01-2016,32.08000183105469,32.65999984741211,1973300,33.439998626708984,33.16999816894531,27.653934478759766
15-01-2016,32.02000045776367,32.08000183105469,2168800,32.75,32.52000045776367,27.112031936645508
19-01-2016,31.780000686645508,32.970001220703125,1267800,33.0,32.290000915527344,26.920276641845703
20-01-2016,30.93000030517578,31.809999465942383,1690600,32.650001525878906,32.349998474121094,26.970294952392578
21-01-2016,32.36000061035156,32.470001220703125,1814900,33.88999938964844,33.130001068115234,27.620586395263672
22-01-2016,33.459999084472656,33.63999938964844,1116200,34.20000076293945,33.84000015258789,28.212514877319336
25-01-2016,33.150001525878906,33.75,1045500,33.83000183105469,33.20000076293945,27.678951263427734
26-01-2016,33.310001373291016,33.43000030517578,721900,34.13999938964844,33.84000015258789,28.212514877319336
27-01-2016,33.459999084472656,33.7400016784668,1013500,34.27000045776367,33.75,28.137483596801758
28-01-2016,33.439998626708984,34.13999938964844,1010700,34.459999084472656,33.880001068115234,28.245868682861328
29-01-2016,33.91999816894531,34.040000915527344,2701100,35.22999954223633,35.18000030517578,29.32967758178711
01-02-2016,34.630001068115234,34.970001220703125,1047900,35.349998474121094,35.09000015258789,29.254650115966797
02-02-2016,33.91999816894531,34.75,942400,34.779998779296875,34.130001068115234,28.454294204711914
03-02-2016,33.58000183105469,34.4900016784668,1499600,34.77000045776367,34.220001220703125,28.529325485229492
04-02-2016,34.22999954223633,34.22999954223633,1400100,35.20000076293945,35.13999938964844,29.29632568359375
05-02-2016,34.33000183105469,34.93000030517578,1401700,35.13999938964844,34.689998626708984,28.921167373657227
08-02-2016,33.849998474121094,34.45000076293945,1374600,34.95000076293945,34.349998474121094,28.637712478637695
09-02-2016,33.470001220703125,34.029998779296875,1974500,34.84000015258789,33.95000076293945,28.304224014282227
10-02-2016,34.02000045776367,34.40999984741211,1475200,35.13999938964844,34.470001220703125,28.737751007080078
11-02-2016,32.83000183105469,32.83000183105469,1371200,34.41999816894531,33.84000015258789,28.212514877319336
12-02-2016,33.4900016784668,34.11000061035156,1059400,34.77000045776367,34.36000061035156,28.646047592163086
16-02-2016,34.4900016784668,34.91999816894531,2730800,36.36000061035156,35.22999954223633,29.371368408203125
17-02-2016,37.59000015258789,38.25,7100600,41.970001220703125,41.060001373291016,34.23186111450195
18-02-2016,38.529998779296875,40.220001220703125,4216600,41.11000061035156,40.77000045776367,33.990081787109375
19-02-2016,39.58000183105469,40.560001373291016,2544400,40.869998931884766,39.970001220703125,33.32312774658203
22-02-2016,40.2599983215332,40.5,1553300,41.18000030517578,40.97999954223633,34.165157318115234
23-02-2016,40.2599983215332,40.650001525878906,1472900,40.970001220703125,40.7400016784668,33.965065002441406
24-02-2016,39.40999984741211,40.779998779296875,1357700,40.779998779296875,40.599998474121094,33.84834671020508
25-02-2016,39.83000183105469,40.54999923706055,1282100,40.79999923706055,40.310001373291016,33.6065788269043
26-02-2016,40.2400016784668,40.4900016784668,1027200,40.79999923706055,40.400001525878906,33.68160629272461
29-02-2016,40.16999816894531,40.38999938964844,1555000,40.83000183105469,40.5099983215332,33.7733268737793
01-03-2016,40.7400016784668,40.900001525878906,1760700,42.2599983215332,41.439998626708984,34.54865646362305
02-03-2016,40.7400016784668,41.33000183105469,1442200,41.720001220703125,40.91999816894531,34.11513900756836
03-03-2016,40.439998626708984,40.439998626708984,1641500,41.08000183105469,40.939998626708984,34.131805419921875
04-03-2016,40.4900016784668,40.880001068115234,1129000,41.25,40.7400016784668,33.965065002441406
07-03-2016,40.290000915527344,40.66999816894531,1134100,40.83000183105469,40.470001220703125,33.73997116088867
08-03-2016,39.349998474121094,40.310001373291016,1411500,40.34000015258789,39.369998931884766,32.82289505004883
09-03-2016,39.13999938964844,39.720001220703125,1189400,39.790000915527344,39.27000045776367,32.739524841308594
10-03-2016,39.209999084472656,39.599998474121094,1708600,40.04999923706055,39.83000183105469,33.20640563964844
11-03-2016,39.36000061035156,40.119998931884766,1438200,40.119998931884766,39.720001220703125,33.114688873291016
14-03-2016,39.09000015258789,39.27000045776367,1489200,39.439998626708984,39.27000045776367,33.16536331176758
15-03-2016,38.61000061035156,38.939998626708984,1028800,39.040000915527344,39.02000045776367,32.954227447509766
16-03-2016,38.619998931884766,38.970001220703125,1066800,39.47999954223633,39.349998474121094,33.23292541503906
17-03-2016,38.97999954223633,39.349998474121094,1299300,39.880001068115234,39.59000015258789,33.43561935424805
18-03-2016,39.349998474121094,39.599998474121094,2699400,39.810001373291016,39.630001068115234,33.46939468383789
21-03-2016,39.45000076293945,39.599998474121094,953100,40.0099983215332,39.90999984741211,33.70587158203125
22-03-2016,39.720001220703125,39.849998474121094,801100,40.08000183105469,39.970001220703125,33.756553649902344
23-03-2016,39.220001220703125,39.83000183105469,776100,39.939998626708984,39.33000183105469,33.216033935546875
24-03-2016,38.400001525878906,39.15999984741211,787800,39.15999984741211,38.970001220703125,32.912010192871094
28-03-2016,38.90999984741211,39.040000915527344,628500,39.380001068115234,39.099998474121094,33.02180099487305
29-03-2016,38.58000183105469,39.099998474121094,501100,39.650001525878906,39.4900016784668,33.351173400878906
30-03-2016,39.52000045776367,39.689998626708984,758100,40.04999923706055,39.86000061035156,33.66365432739258
31-03-2016,39.68000030517578,39.970001220703125,1221900,40.290000915527344,39.959999084472656,33.74809646606445
01-04-2016,38.95000076293945,39.66999816894531,1055100,39.779998779296875,39.689998626708984,33.52007293701172
04-04-2016,39.459999084472656,39.790000915527344,1058300,40.040000915527344,40.0099983215332,33.790321350097656
05-04-2016,39.86000061035156,40.060001373291016,1375000,40.33000183105469,40.04999923706055,33.8241081237793
06-04-2016,39.41999816894531,39.970001220703125,748200,40.099998474121094,40.02000045776367,33.79877471923828
07-04-2016,39.31999969482422,39.77000045776367,1155000,40.209999084472656,39.56999969482422,33.41872787475586
08-04-2016,39.41999816894531,39.959999084472656,612600,40.20000076293945,39.630001068115234,33.46939468383789
11-04-2016,39.599998474121094,39.75,1351400,40.58000183105469,39.939998626708984,33.73121643066406
12-04-2016,40.0,40.119998931884766,924800,40.58000183105469,40.41999816894531,34.13660430908203
13-04-2016,40.720001220703125,40.939998626708984,2251500,42.41999816894531,42.31999969482422,35.74123001098633
14-04-2016,41.900001525878906,42.29999923706055,914700,42.31999969482422,42.09000015258789,35.5469856262207
15-04-2016,41.75,41.900001525878906,786200,42.2599983215332,42.22999954223633,35.66522979736328
18-04-2016,41.790000915527344,42.0,624800,42.56999969482422,42.27000045776367,35.699005126953125
19-04-2016,42.2400016784668,42.369998931884766,1186500,42.77000045776367,42.599998474121094,35.97770309448242
20-04-2016,42.36000061035156,42.5,983900,43.099998474121094,42.88999938964844,36.22262191772461
21-04-2016,42.209999084472656,43.040000915527344,931200,43.16999816894531,42.2400016784668,35.673675537109375
22-04-2016,42.380001068115234,42.380001068115234,1062400,42.869998931884766,42.709999084472656,36.07060623168945
25-04-2016,41.880001068115234,42.54999923706055,1036100,42.630001068115234,42.08000183105469,35.53853988647461
26-04-2016,41.66999816894531,42.36000061035156,1755000,42.369998931884766,42.290000915527344,35.715904235839844
27-04-2016,42.560001373291016,42.95000076293945,2258600,44.41999816894531,43.880001068115234,37.0587272644043
28-04-2016,43.119998931884766,43.75,1364400,44.36000061035156,43.2599983215332,36.53511428833008
29-04-2016,42.22999954223633,43.09000015258789,1130500,43.189998626708984,42.630001068115234,36.0030403137207
02-05-2016,42.5099983215332,42.880001068115234,808400,43.02000045776367,43.0099983215332,36.3239631652832
03-05-2016,41.75,42.56999969482422,880600,42.81999969482422,42.279998779296875,35.70744705200195
04-05-2016,41.20000076293945,41.84000015258789,1218300,42.18000030517578,41.279998779296875,34.86290740966797
05-05-2016,40.86000061035156,41.36000061035156,872400,41.65999984741211,41.060001373291016,34.67710876464844
06-05-2016,40.34000015258789,40.79999923706055,793400,41.04999923706055,40.84000015258789,34.491302490234375
09-05-2016,40.33000183105469,41.029998779296875,979900,41.33000183105469,40.40999984741211,34.128150939941406
10-05-2016,40.20000076293945,40.7400016784668,1270900,40.91999816894531,40.83000183105469,34.48286437988281
11-05-2016,40.2599983215332,40.52000045776367,640100,40.81999969482422,40.279998779296875,34.01835250854492
12-05-2016,39.880001068115234,40.529998779296875,770300,40.65999984741211,40.16999816894531,33.92544937133789
13-05-2016,39.88999938964844,40.04999923706055,694600,40.33000183105469,40.0099983215332,33.790321350097656
16-05-2016,39.70000076293945,40.0099983215332,740800,40.59000015258789,40.41999816894531,34.13660430908203
17-05-2016,39.7400016784668,39.77000045776367,778000,40.540000915527344,40.060001373291016,33.83256149291992
18-05-2016,39.75,40.029998779296875,724600,40.40999984741211,39.939998626708984,33.73121643066406
19-05-2016,39.2400016784668,39.689998626708984,662000,39.959999084472656,39.81999969482422,33.62986755371094
20-05-2016,40.0,40.08000183105469,628800,40.630001068115234,40.290000915527344,34.02680969238281
23-05-2016,40.2400016784668,40.2400016784668,348300,40.650001525878906,40.45000076293945,34.16193389892578
24-05-2016,40.56999969482422,40.56999969482422,570900,41.189998626708984,41.130001068115234,34.73622512817383
25-05-2016,40.81999969482422,41.33000183105469,719500,41.59000015258789,41.290000915527344,34.87135314941406
26-05-2016,41.27000045776367,41.380001068115234,285500,41.59000015258789,41.45000076293945,35.0064811706543
27-05-2016,40.290000915527344,40.41999816894531,766100,42.209999084472656,41.709999084472656,35.22605514526367
31-05-2016,41.93000030517578,41.959999084472656,927600,42.59000015258789,42.52000045776367,35.9101448059082
01-06-2016,42.0,42.40999984741211,603900,42.5,42.310001373291016,35.7327880859375
02-06-2016,42.040000915527344,42.08000183105469,607700,42.849998474121094,42.79999923706055,36.14661407470703
03-06-2016,41.79999923706055,42.369998931884766,969400,42.5,42.380001068115234,35.791900634765625
06-06-2016,42.400001525878906,42.61000061035156,893000,42.970001220703125,42.790000915527344,36.138179779052734
07-06-2016,42.810001373291016,42.88999938964844,892200,43.25,43.220001220703125,36.50132369995117
08-06-2016,43.119998931884766,43.220001220703125,664300,43.529998779296875,43.220001220703125,36.50132369995117
09-06-2016,42.84000015258789,43.09000015258789,601000,43.279998779296875,43.2400016784668,36.51821517944336
10-06-2016,42.40999984741211,43.060001373291016,735800,43.060001373291016,42.5099983215332,35.90169143676758
13-06-2016,42.11000061035156,42.310001373291016,788000,42.72999954223633,42.43000030517578,35.834129333496094
14-06-2016,41.900001525878906,42.349998474121094,673300,42.61000061035156,42.529998779296875,35.91858673095703
15-06-2016,42.150001525878906,42.75,729100,42.849998474121094,42.220001220703125,35.656776428222656
16-06-2016,41.11000061035156,41.599998474121094,598600,42.13999938964844,41.869998931884766,35.793556213378906
17-06-2016,41.75,41.84000015258789,1525300,42.56999969482422,42.08000183105469,35.973079681396484
20-06-2016,42.5099983215332,42.689998626708984,571900,42.900001525878906,42.52000045776367,36.34922790527344
21-06-2016,42.29999923706055,42.58000183105469,526200,42.68000030517578,42.5099983215332,36.34067153930664
22-06-2016,42.27000045776367,42.56999969482422,720200,42.880001068115234,42.29999923706055,36.16115188598633
23-06-2016,42.63999938964844,42.779998779296875,909200,43.369998931884766,43.279998779296875,36.998931884765625
24-06-2016,40.7599983215332,40.9900016784668,1579500,41.81999969482422,40.77000045776367,34.85319900512695
27-06-2016,39.290000915527344,40.380001068115234,972300,40.54999923706055,39.68000030517578,33.921382904052734
28-06-2016,39.779998779296875,39.959999084472656,985200,40.7599983215332,40.61000061035156,34.7164192199707
29-06-2016,40.66999816894531,40.75,812000,41.5099983215332,41.43000030517578,35.41741180419922
30-06-2016,41.11000061035156,41.83000183105469,909500,42.43000030517578,42.41999816894531,36.26373291015625
01-07-2016,42.22999954223633,42.43000030517578,749100,42.720001220703125,42.470001220703125,36.30647659301758
05-07-2016,41.599998474121094,42.400001525878906,601700,42.400001525878906,41.90999984741211,35.8277587890625
06-07-2016,41.36000061035156,41.869998931884766,848700,42.04999923706055,42.02000045776367,35.921791076660156
07-07-2016,41.88999938964844,42.150001525878906,859100,43.099998474121094,42.59000015258789,36.4090690612793
08-07-2016,42.779998779296875,42.880001068115234,894700,43.439998626708984,43.369998931884766,37.075862884521484
11-07-2016,43.380001068115234,43.529998779296875,673600,44.060001373291016,43.7400016784668,37.39217758178711
12-07-2016,44.130001068115234,44.13999938964844,1251700,44.720001220703125,44.709999084472656,38.22139358520508
13-07-2016,44.150001525878906,44.75,540200,44.75,44.310001373291016,37.879451751708984
14-07-2016,44.599998474121094,44.900001525878906,762100,45.34000015258789,44.7400016784668,38.24705123901367
15-07-2016,44.689998626708984,44.869998931884766,670000,45.06999969482422,45.0099983215332,38.47785949707031
18-07-2016,45.119998931884766,45.209999084472656,783800,45.7400016784668,45.43000030517578,38.8369026184082
19-07-2016,45.2400016784668,45.40999984741211,703100,45.7599983215332,45.65999984741211,39.03352355957031
20-07-2016,45.41999816894531,45.689998626708984,503500,45.95000076293945,45.70000076293945,39.06772232055664
21-07-2016,45.40999984741211,45.630001068115234,477400,45.939998626708984,45.709999084472656,39.07626724243164
22-07-2016,45.630001068115234,45.7400016784668,486600,46.099998474121094,46.04999923706055,39.3669319152832
25-07-2016,45.70000076293945,46.09000015258789,964500,46.13999938964844,45.91999816894531,39.25579833984375
26-07-2016,45.779998779296875,45.86000061035156,1186200,46.52000045776367,46.38999938964844,39.657588958740234
27-07-2016,50.119998931884766,50.27000045776367,5643600,52.13999938964844,51.790000915527344,44.27390670776367
28-07-2016,51.54999923706055,52.0,2974500,53.79999923706055,53.540000915527344,45.769927978515625
29-07-2016,53.36000061035156,53.599998474121094,2219400,54.86000061035156,54.33000183105469,46.445289611816406
01-08-2016,54.2400016784668,54.47999954223633,3015500,56.189998626708984,55.75,47.659210205078125
02-08-2016,54.65999984741211,55.52000045776367,1801400,55.83000183105469,54.86000061035156,46.898372650146484
03-08-2016,54.5099983215332,54.7400016784668,1356200,55.939998626708984,55.459999084472656,47.411293029785156
04-08-2016,53.75,53.849998474121094,2000800,55.04999923706055,54.540000915527344,46.62480163574219
05-08-2016,54.529998779296875,54.90999984741211,1434200,55.2599983215332,54.91999816894531,46.94965744018555
08-08-2016,54.779998779296875,55.189998626708984,1108900,55.290000915527344,54.86000061035156,46.898372650146484
09-08-2016,54.2400016784668,55.029998779296875,1273400,55.189998626708984,54.36000061035156,46.4709358215332
10-08-2016,54.380001068115234,54.619998931884766,1450200,55.09000015258789,55.08000183105469,47.08644104003906
11-08-2016,54.650001525878906,55.34000015258789,732800,55.41999816894531,55.290000915527344,47.26597213745117
12-08-2016,54.97999954223633,55.5,625700,55.56999969482422,55.099998474121094,47.103538513183594
15-08-2016,55.09000015258789,55.369998931884766,612600,55.59000015258789,55.58000183105469,47.51388168334961
16-08-2016,55.099998474121094,55.349998474121094,748400,55.5,55.18000030517578,47.17192840576172
17-08-2016,54.2599983215332,55.150001525878906,1046700,55.16999816894531,54.75,46.80433654785156
18-08-2016,53.900001525878906,54.619998931884766,881200,54.939998626708984,54.81999969482422,46.86417007446289
19-08-2016,54.209999084472656,54.65999984741211,868500,54.7599983215332,54.380001068115234,46.48802947998047
22-08-2016,52.63999938964844,53.20000076293945,1786700,53.439998626708984,53.15999984741211,45.4450798034668
23-08-2016,53.20000076293945,53.22999954223633,1318000,54.099998474121094,53.66999816894531,45.881065368652344
24-08-2016,50.310001373291016,51.66999816894531,3427100,52.36000061035156,50.59000015258789,43.24805450439453
25-08-2016,49.459999084472656,49.459999084472656,1544600,51.0,50.52000045776367,43.1882209777832
26-08-2016,49.959999084472656,50.70000076293945,1304000,50.900001525878906,50.20000076293945,42.91465377807617
29-08-2016,49.97999954223633,50.20000076293945,1487900,50.529998779296875,50.16999816894531,42.889007568359375
30-08-2016,49.22999954223633,50.15999984741211,1280200,50.470001220703125,49.31999969482422,42.16236877441406
31-08-2016,49.0,49.41999816894531,1354200,49.83000183105469,49.08000183105469,41.95720672607422
01-09-2016,48.2599983215332,49.209999084472656,1856100,49.33000183105469,48.86000061035156,41.76913070678711
02-09-2016,48.540000915527344,49.22999954223633,1250700,49.400001525878906,48.75,41.67509460449219
06-09-2016,48.099998474121094,48.939998626708984,1268700,49.150001525878906,49.02000045776367,41.90590286254883
07-09-2016,48.400001525878906,48.95000076293945,2998300,49.16999816894531,49.099998474121094,41.97429275512695
08-09-2016,48.400001525878906,48.77000045776367,1337500,49.029998779296875,48.91999816894531,41.8204231262207
09-09-2016,47.29999923706055,48.4900016784668,1856100,48.68000030517578,47.439998626708984,40.555206298828125
12-09-2016,47.08000183105469,47.31999969482422,1706600,47.970001220703125,47.86000061035156,40.91425323486328
13-09-2016,46.45000076293945,47.09000015258789,1848300,47.25,46.95000076293945,40.56862258911133
14-09-2016,46.04999923706055,46.04999923706055,1044600,47.2400016784668,46.75,40.39580154418945
15-09-2016,46.54999923706055,46.70000076293945,1375600,47.63999938964844,47.540000915527344,41.078426361083984
16-09-2016,46.91999816894531,47.439998626708984,1894400,47.439998626708984,47.22999954223633,40.81056213378906
19-09-2016,47.40999984741211,47.529998779296875,1430800,48.220001220703125,47.75,41.259883880615234
20-09-2016,47.45000076293945,47.9900016784668,709400,48.52000045776367,47.54999923706055,41.087066650390625
21-09-2016,47.5099983215332,47.54999923706055,809000,48.459999084472656,48.36000061035156,41.78697204589844
22-09-2016,48.22999954223633,48.58000183105469,975100,48.77000045776367,48.68000030517578,42.0634880065918
23-09-2016,48.36000061035156,48.400001525878906,748800,48.900001525878906,48.5,41.90793991088867
26-09-2016,47.88999938964844,48.380001068115234,910700,48.40999984741211,48.290000915527344,41.72648239135742
27-09-2016,48.25,48.33000183105469,1243700,49.119998931884766,49.0099983215332,42.34862518310547
28-09-2016,48.4900016784668,49.130001068115234,919300,49.29999923706055,48.97999954223633,42.322696685791016
29-09-2016,47.90999984741211,48.880001068115234,838100,49.08000183105469,48.150001525878906,41.60551834106445
30-09-2016,48.029998779296875,48.470001220703125,1059300,48.869998931884766,48.11000061035156,41.570953369140625
03-10-2016,47.54999923706055,47.65999984741211,1052200,48.310001373291016,48.2400016784668,41.68327713012695
04-10-2016,47.66999816894531,48.43000030517578,734300,48.529998779296875,47.95000076293945,41.43268585205078
05-10-2016,47.95000076293945,48.20000076293945,798700,48.540000915527344,48.470001220703125,41.88201904296875
06-10-2016,47.81999969482422,48.439998626708984,694900,48.599998474121094,48.38999938964844,41.812889099121094
07-10-2016,48.22999954223633,48.779998779296875,1318300,49.439998626708984,48.5099983215332,41.91658401489258
10-10-2016,48.58000183105469,48.689998626708984,883100,49.29999923706055,48.66999816894531,42.054832458496094
11-10-2016,47.849998474121094,48.58000183105469,1227100,48.58000183105469,48.060001373291016,41.52774429321289
12-10-2016,47.599998474121094,48.0,561100,48.38999938964844,48.25,41.69192886352539
13-10-2016,46.95000076293945,47.72999954223633,1246800,48.13999938964844,47.97999954223633,41.4586181640625
14-10-2016,48.31999969482422,48.33000183105469,1035200,49.15999984741211,48.33000183105469,41.76104736328125
17-10-2016,47.65999984741211,48.27000045776367,768800,48.27000045776367,47.880001068115234,41.37221908569336
18-10-2016,48.20000076293945,48.5099983215332,890200,48.720001220703125,48.63999938964844,42.028907775878906
19-10-2016,48.40999984741211,48.58000183105469,565500,48.880001068115234,48.599998474121094,41.99435806274414
20-10-2016,48.470001220703125,48.540000915527344,651200,48.939998626708984,48.59000015258789,41.98571014404297
21-10-2016,47.689998626708984,48.119998931884766,749600,48.70000076293945,48.599998474121094,41.99435806274414
24-10-2016,48.5099983215332,48.93000030517578,943300,49.31999969482422,48.880001068115234,42.236297607421875
25-10-2016,48.689998626708984,49.0,2407800,49.54999923706055,49.5099983215332,42.780670166015625
26-10-2016,49.41999816894531,51.31999969482422,4371900,53.31999969482422,49.75,42.9880485534668
27-10-2016,47.61000061035156,50.20000076293945,1892600,50.400001525878906,47.849998474121094,41.34629440307617
28-10-2016,47.54999923706055,47.900001525878906,1255000,48.400001525878906,47.869998931884766,41.36357116699219
31-10-2016,47.880001068115234,47.88999938964844,865500,48.40999984741211,48.36000061035156,41.78697204589844
01-11-2016,48.4900016784668,48.4900016784668,1328100,49.02000045776367,49.0,42.33998489379883
02-11-2016,48.02000045776367,48.97999954223633,1418800,48.97999954223633,48.119998931884766,41.579586029052734
03-11-2016,47.09000015258789,47.959999084472656,1400400,48.45000076293945,47.380001068115234,40.94017791748047
04-11-2016,46.79999923706055,47.349998474121094,2155900,47.779998779296875,47.0099983215332,40.620460510253906
07-11-2016,47.41999816894531,47.849998474121094,1287500,47.97999954223633,47.880001068115234,41.37221908569336
08-11-2016,47.40999984741211,47.70000076293945,863400,48.459999084472656,48.16999816894531,41.622798919677734
09-11-2016,47.099998474121094,47.400001525878906,1027400,49.220001220703125,48.939998626708984,42.28813934326172
10-11-2016,49.15999984741211,49.20000076293945,1118300,49.97999954223633,49.470001220703125,42.7461051940918
11-11-2016,49.36000061035156,49.470001220703125,727400,49.9900016784668,49.95000076293945,43.16086196899414
14-11-2016,50.029998779296875,50.029998779296875,2573500,52.47999954223633,52.2400016784668,45.13960266113281
15-11-2016,51.959999084472656,52.2400016784668,2159900,52.79999923706055,52.720001220703125,45.55436706542969
16-11-2016,52.20000076293945,52.59000015258789,950500,52.70000076293945,52.650001525878906,45.49387741088867
17-11-2016,51.88999938964844,52.91999816894531,918900,52.97999954223633,52.0099983215332,44.94086837768555
18-11-2016,51.63999938964844,51.97999954223633,618300,51.97999954223633,51.709999084472656,44.681644439697266
21-11-2016,51.68000030517578,51.939998626708984,682100,52.27000045776367,52.18000030517578,45.08776092529297
22-11-2016,52.13999938964844,52.47999954223633,913600,52.77000045776367,52.689998626708984,45.52845001220703
23-11-2016,52.27000045776367,52.65999984741211,605100,53.0099983215332,52.529998779296875,45.39019012451172
25-11-2016,52.400001525878906,52.54999923706055,285500,52.90999984741211,52.790000915527344,45.61484909057617
28-11-2016,52.61000061035156,52.72999954223633,1552000,53.56999969482422,52.869998931884766,45.68397903442383
29-11-2016,51.90999984741211,52.81999969482422,1321600,52.97999954223633,51.9900016784668,44.9235954284668
30-11-2016,52.11000061035156,52.459999084472656,1433500,52.65999984741211,52.15999984741211,45.07048797607422
01-12-2016,51.38999938964844,52.13999938964844,961000,52.54999923706055,51.540000915527344,44.53474807739258
02-12-2016,51.310001373291016,51.369998931884766,954700,51.709999084472656,51.5099983215332,44.508827209472656
05-12-2016,51.599998474121094,51.849998474121094,833300,52.22999954223633,52.130001068115234,45.0445556640625
06-12-2016,51.33000183105469,52.22999954223633,1313400,52.650001525878906,51.52000045776367,44.517478942871094
07-12-2016,51.13999938964844,51.470001220703125,1493700,51.900001525878906,51.65999984741211,44.63843536376953
08-12-2016,51.5,51.65999984741211,1123900,52.2400016784668,51.560001373291016,44.552040100097656
09-12-2016,49.20000076293945,51.599998474121094,2172400,51.810001373291016,50.02000045776367,43.221343994140625
12-12-2016,49.220001220703125,49.220001220703125,960800,49.939998626708984,49.650001525878906,43.34356689453125
13-12-2016,49.369998931884766,49.66999816894531,1683500,50.31999969482422,49.709999084472656,43.39593505859375
14-12-2016,48.849998474121094,49.83000183105469,1452500,50.63999938964844,48.88999938964844,42.68009567260742
15-12-2016,49.02000045776367,49.04999923706055,1374600,49.81999969482422,49.5,43.212623596191406
16-12-2016,48.630001068115234,49.54999923706055,2987100,49.880001068115234,48.9900016784668,42.767398834228516
19-12-2016,48.83000183105469,48.9900016784668,962600,49.5,49.38999938964844,43.11658477783203
20-12-2016,49.18000030517578,49.38999938964844,754500,49.7599983215332,49.7400016784668,43.4221305847168
21-12-2016,49.63999938964844,49.709999084472656,751100,50.189998626708984,50.04999923706055,43.69275665283203
22-12-2016,50.0,50.18000030517578,1018400,50.70000076293945,50.439998626708984,44.033226013183594
23-12-2016,50.0099983215332,50.47999954223633,617000,50.689998626708984,50.470001220703125,44.05941390991211
27-12-2016,50.099998474121094,50.650001525878906,1050200,51.060001373291016,50.650001525878906,44.21654510498047
28-12-2016,49.16999816894531,50.36000061035156,946100,50.45000076293945,49.220001220703125,42.96818542480469
29-12-2016,48.810001373291016,49.16999816894531,951700,49.439998626708984,49.0099983215332,42.78485870361328
30-12-2016,48.400001525878906,49.130001068115234,750700,49.31999969482422,48.4900016784668,42.33089828491211
03-01-2017,48.529998779296875,48.529998779296875,1145500,49.36000061035156,49.189998626708984,42.941986083984375
04-01-2017,49.25,49.25,1524900,50.04999923706055,49.83000183105469,43.500709533691406
05-01-2017,49.04999923706055,49.81999969482422,886900,49.81999969482422,49.4900016784668,43.20389175415039
06-01-2017,48.84000015258789,49.38999938964844,1013700,49.790000915527344,49.040000915527344,42.8110466003418
09-01-2017,48.06999969482422,49.02000045776367,1507100,49.040000915527344,48.09000015258789,41.981712341308594
10-01-2017,47.65999984741211,48.060001373291016,1461500,48.36000061035156,47.93000030517578,41.84203338623047
11-01-2017,47.7400016784668,47.7400016784668,916800,48.279998779296875,48.2599983215332,42.13011932373047
12-01-2017,47.720001220703125,48.029998779296875,895500,48.630001068115234,48.369998931884766,42.22614288330078
13-01-2017,48.34000015258789,48.560001373291016,754500,48.84000015258789,48.52000045776367,42.35708999633789
17-01-2017,47.70000076293945,48.45000076293945,743200,48.63999938964844,47.939998626708984,41.850765228271484
18-01-2017,47.66999816894531,47.93000030517578,754200,48.189998626708984,47.7599983215332,41.693634033203125
19-01-2017,47.459999084472656,47.83000183105469,594300,48.16999816894531,47.61000061035156,41.562679290771484
20-01-2017,47.400001525878906,47.7400016784668,869400,48.06999969482422,47.869998931884766,41.78965759277344
23-01-2017,47.720001220703125,47.91999816894531,1215200,48.2599983215332,48.18000030517578,42.06027603149414
24-01-2017,48.220001220703125,48.650001525878906,1250300,49.119998931884766,49.08000183105469,42.84596633911133
25-01-2017,49.029998779296875,49.029998779296875,1434700,49.90999984741211,49.75,43.43086242675781
26-01-2017,49.040000915527344,49.790000915527344,1070700,49.900001525878906,49.08000183105469,42.84596633911133
27-01-2017,48.709999084472656,49.11000061035156,858700,49.2599983215332,49.0,42.776126861572266
30-01-2017,47.150001525878906,48.72999954223633,1757000,48.72999954223633,47.349998474121094,41.3357048034668
31-01-2017,47.029998779296875,47.470001220703125,4925400,48.310001373291016,48.290000915527344,42.15631103515625
01-02-2017,47.79999923706055,48.41999816894531,1377100,48.720001220703125,48.130001068115234,42.01664352416992
02-02-2017,48.11000061035156,48.20000076293945,1886300,49.81999969482422,49.79999923706055,43.474510192871094
03-02-2017,49.5099983215332,49.77000045776367,1306500,50.040000915527344,49.84000015258789,43.50943374633789
06-02-2017,49.34000015258789,49.34000015258789,1325600,50.310001373291016,50.2599983215332,43.87607955932617
07-02-2017,49.41999816894531,50.349998474121094,1040000,50.5,49.529998779296875,43.23880386352539
08-02-2017,48.619998931884766,49.5,1493000,49.5,48.849998474121094,42.645172119140625
09-02-2017,48.68000030517578,48.75,738900,49.2599983215332,49.130001068115234,42.88961410522461
10-02-2017,49.0,49.099998474121094,913700,50.060001373291016,49.779998779296875,43.45704650878906
13-02-2017,49.779998779296875,50.0,849300,50.869998931884766,50.34000015258789,43.945919036865234
14-02-2017,50.0099983215332,50.31999969482422,772300,50.45000076293945,50.25,43.86735916137695
15-02-2017,50.04999923706055,50.2400016784668,1008500,50.84000015258789,50.81999969482422,44.364959716796875
16-02-2017,50.5,50.72999954223633,965800,50.959999084472656,50.95000076293945,44.47843933105469
17-02-2017,50.45000076293945,50.689998626708984,1309400,51.09000015258789,50.810001373291016,44.356231689453125
21-02-2017,50.29999923706055,50.81999969482422,3161600,51.470001220703125,50.45000076293945,44.041954040527344
22-02-2017,53.11000061035156,54.29999923706055,10284800,55.7400016784668,54.150001525878906,47.2719841003418
23-02-2017,52.209999084472656,54.5,2547200,54.90999984741211,52.310001373291016,45.66569519042969
24-02-2017,51.650001525878906,52.18000030517578,1299700,53.09000015258789,53.029998779296875,46.29424285888672
27-02-2017,51.959999084472656,53.0099983215332,1175500,53.0099983215332,52.61000061035156,45.92759323120117
28-02-2017,51.16999816894531,52.4900016784668,1545700,52.75,51.61000061035156,45.05461120605469
01-03-2017,51.650001525878906,52.36000061035156,1106900,52.560001373291016,52.34000015258789,45.691890716552734
02-03-2017,51.709999084472656,52.400001525878906,801500,52.400001525878906,51.720001220703125,45.1506462097168
03-03-2017,51.279998779296875,51.65999984741211,579800,51.849998474121094,51.52000045776367,44.976051330566406
06-03-2017,51.4900016784668,51.83000183105469,1267100,52.18000030517578,51.7599983215332,45.185550689697266
07-03-2017,51.29999923706055,51.779998779296875,1034400,51.97999954223633,51.5099983215332,44.96731185913086
08-03-2017,51.27000045776367,51.61000061035156,1044800,52.06999969482422,51.9900016784668,45.3863525390625
09-03-2017,51.720001220703125,51.97999954223633,923900,52.33000183105469,52.11000061035156,45.49109649658203
10-03-2017,51.81999969482422,51.91999816894531,1072800,52.650001525878906,52.5099983215332,45.84029769897461
13-03-2017,51.63999938964844,52.099998474121094,1007400,52.349998474121094,51.849998474121094,45.70806121826172
14-03-2017,51.04999923706055,51.779998779296875,1058600,51.91999816894531,51.41999816894531,45.32899856567383
15-03-2017,51.11000061035156,51.459999084472656,938900,52.119998931884766,51.900001525878906,45.75214385986328
16-03-2017,51.66999816894531,52.0,863300,52.40999984741211,52.36000061035156,46.15765380859375
17-03-2017,51.9900016784668,52.470001220703125,3170800,52.72999954223633,52.36000061035156,46.15765380859375
20-03-2017,52.220001220703125,52.45000076293945,916900,52.84000015258789,52.650001525878906,46.41329574584961
21-03-2017,51.40999984741211,52.72999954223633,941500,52.86000061035156,51.52000045776367,45.41716384887695
22-03-2017,50.90999984741211,51.689998626708984,740100,51.72999954223633,51.209999084472656,45.143882751464844
23-03-2017,51.22999954223633,51.279998779296875,837600,51.790000915527344,51.47999954223633,45.381893157958984
24-03-2017,50.90999984741211,51.5099983215332,690800,51.75,51.099998474121094,45.04690933227539
27-03-2017,50.20000076293945,50.61000061035156,935500,51.119998931884766,50.77000045776367,44.75599670410156
28-03-2017,50.279998779296875,50.84000015258789,1035100,51.209999084472656,51.0099983215332,44.96756362915039
29-03-2017,50.70000076293945,51.060001373291016,767800,51.290000915527344,50.959999084472656,44.92348861694336
30-03-2017,50.630001068115234,50.95000076293945,716000,51.290000915527344,51.09000015258789,45.03810119628906
31-03-2017,50.81999969482422,50.959999084472656,735200,51.40999984741211,51.11000061035156,45.05572509765625
03-04-2017,50.0,51.189998626708984,789000,51.40999984741211,50.2400016784668,44.28877639770508
04-04-2017,49.77000045776367,50.279998779296875,980100,50.34000015258789,49.9900016784668,44.06839370727539
05-04-2017,49.7599983215332,50.0099983215332,783800,50.439998626708984,49.81999969482422,43.91853713989258
06-04-2017,49.66999816894531,49.88999938964844,587800,50.380001068115234,50.08000183105469,44.14773178100586
07-04-2017,50.04999923706055,50.099998474121094,957100,50.619998931884766,50.369998931884766,44.40337371826172
10-04-2017,50.33000183105469,50.369998931884766,763900,50.970001220703125,50.540000915527344,44.553245544433594
11-04-2017,49.81999969482422,50.58000183105469,1199800,50.66999816894531,49.9900016784668,44.06839370727539
12-04-2017,49.18000030517578,50.0099983215332,788100,50.08000183105469,49.290000915527344,43.45130920410156
13-04-2017,48.599998474121094,49.220001220703125,1048600,49.61000061035156,48.689998626708984,42.922386169433594
17-04-2017,48.5,48.810001373291016,859400,48.9900016784668,48.97999954223633,43.178035736083984
18-04-2017,48.869998931884766,49.0,726100,49.349998474121094,49.2599983215332,43.424861907958984
19-04-2017,49.41999816894531,49.47999954223633,893200,49.81999969482422,49.58000183105469,43.70695877075195
20-04-2017,49.59000015258789,49.72999954223633,946700,50.09000015258789,49.97999954223633,44.05957794189453
21-04-2017,49.81999969482422,50.13999938964844,711100,50.2599983215332,49.95000076293945,44.03313064575195
24-04-2017,50.02000045776367,50.38999938964844,1130800,50.54999923706055,50.290000915527344,44.33285903930664
25-04-2017,50.209999084472656,50.38999938964844,1076900,50.83000183105469,50.7400016784668,44.72955322265625
26-04-2017,49.630001068115234,50.470001220703125,1894200,50.790000915527344,50.56999969482422,44.57968521118164
27-04-2017,50.459999084472656,50.7599983215332,977000,51.34000015258789,51.209999084472656,45.143882751464844
28-04-2017,50.5099983215332,51.22999954223633,1233200,51.31999969482422,50.84000015258789,44.81770706176758
01-05-2017,50.900001525878906,51.060001373291016,1746300,51.959999084472656,51.83000183105469,45.690433502197266
02-05-2017,51.13999938964844,51.7400016784668,1993300,52.380001068115234,51.2400016784668,45.170318603515625
03-05-2017,48.83000183105469,49.880001068115234,2166800,50.88999938964844,50.68000030517578,44.676658630371094
04-05-2017,49.779998779296875,50.189998626708984,1940700,51.47999954223633,51.41999816894531,45.32899856567383
05-05-2017,51.11000061035156,51.560001373291016,1574300,52.5099983215332,52.4900016784668,46.27225112915039
08-05-2017,51.65999984741211,52.65999984741211,871600,52.86000061035156,51.959999084472656,45.80503845214844
09-05-2017,51.41999816894531,52.0099983215332,920000,52.18000030517578,52.0099983215332,45.84911346435547
10-05-2017,52.04999923706055,52.04999923706055,1148500,52.65999984741211,52.619998931884766,46.3868522644043
11-05-2017,51.970001220703125,52.439998626708984,545000,52.540000915527344,52.36000061035156,46.15765380859375
12-05-2017,52.0099983215332,52.29999923706055,579400,52.41999816894531,52.150001525878906,45.9725227355957
15-05-2017,52.0,52.220001220703125,808600,52.5099983215332,52.38999938964844,46.18410110473633
16-05-2017,52.25,52.34000015258789,1006400,52.7599983215332,52.599998474121094,46.369224548339844
17-05-2017,51.0,52.27000045776367,1366700,52.4900016784668,51.099998474121094,45.04690933227539
18-05-2017,50.540000915527344,51.0,1016500,51.7400016784668,51.0,44.95874786376953
19-05-2017,51.040000915527344,51.29999923706055,696400,51.7599983215332,51.220001220703125,45.152687072753906
22-05-2017,51.31999969482422,51.40999984741211,624200,52.220001220703125,52.029998779296875,45.86674499511719
23-05-2017,51.43000030517578,52.220001220703125,684700,52.220001220703125,51.68000030517578,45.55820083618164
24-05-2017,51.439998626708984,51.75,619600,52.279998779296875,51.4900016784668,45.39070510864258
25-05-2017,51.540000915527344,51.720001220703125,481300,52.13999938964844,52.08000183105469,45.91081237792969
26-05-2017,52.20000076293945,52.41999816894531,742000,52.70000076293945,52.400001525878906,46.19291305541992
30-05-2017,51.970001220703125,52.310001373291016,673000,52.56999969482422,52.11000061035156,45.937259674072266
31-05-2017,51.540000915527344,52.209999084472656,1313800,52.630001068115234,52.040000915527344,45.87556076049805
01-06-2017,52.08000183105469,52.27000045776367,668400,52.83000183105469,52.7400016784668,46.492637634277344
02-06-2017,52.4900016784668,52.81999969482422,607900,53.29999923706055,52.95000076293945,46.677772521972656
05-06-2017,52.88999938964844,52.91999816894531,1268600,54.029998779296875,53.58000183105469,47.233131408691406
06-06-2017,52.810001373291016,53.61000061035156,999800,53.869998931884766,52.84000015258789,46.58079147338867
07-06-2017,51.79999923706055,52.90999984741211,787700,52.90999984741211,51.88999938964844,45.74332046508789
08-06-2017,51.5,52.0,756300,52.0,51.88999938964844,45.74332046508789
09-06-2017,51.56999969482422,51.95000076293945,989600,52.0099983215332,51.88999938964844,45.74332046508789
12-06-2017,51.52000045776367,51.9900016784668,756600,52.040000915527344,51.90999984741211,45.76096725463867
13-06-2017,51.5,51.939998626708984,525900,52.189998626708984,51.61000061035156,45.496498107910156
14-06-2017,51.33000183105469,51.810001373291016,1835500,51.849998474121094,51.720001220703125,45.593467712402344
15-06-2017,50.7599983215332,50.7599983215332,901700,51.84000015258789,51.70000076293945,46.02972412109375
16-06-2017,51.220001220703125,51.31999969482422,950300,51.869998931884766,51.34000015258789,45.70920944213867
19-06-2017,51.38999938964844,51.4900016784668,751100,51.880001068115234,51.790000915527344,46.1098518371582
20-06-2017,50.970001220703125,51.61000061035156,816500,51.900001525878906,51.36000061035156,45.72700881958008
21-06-2017,51.0,51.52000045776367,521500,51.619998931884766,51.16999816894531,45.55784606933594
22-06-2017,51.0,51.29999923706055,571300,51.65999984741211,51.38999938964844,45.753719329833984
23-06-2017,51.220001220703125,51.689998626708984,1158400,51.77000045776367,51.279998779296875,45.65578842163086
26-06-2017,51.16999816894531,51.38999938964844,845800,51.709999084472656,51.29999923706055,45.67359161376953
27-06-2017,50.5099983215332,51.369998931884766,735000,51.40999984741211,50.56999969482422,45.02366256713867
28-06-2017,50.77000045776367,50.779998779296875,906700,51.279998779296875,50.95000076293945,45.361976623535156
29-06-2017,50.4900016784668,51.02000045776367,949900,51.470001220703125,50.939998626708984,45.35307312011719
30-06-2017,50.66999816894531,50.810001373291016,852600,51.25,51.029998779296875,45.43320083618164
03-07-2017,51.15999984741211,51.25,721200,51.869998931884766,51.81999969482422,46.136566162109375
05-07-2017,51.59000015258789,51.790000915527344,1345200,52.209999084472656,52.06999969482422,46.35914611816406
06-07-2017,50.95000076293945,51.849998474121094,1132600,51.97999954223633,50.97999954223633,45.388702392578125
07-07-2017,50.97999954223633,51.2400016784668,931200,51.380001068115234,51.16999816894531,45.55784606933594
10-07-2017,50.2400016784668,50.97999954223633,3086400,51.38999938964844,50.2599983215332,44.74765396118164
11-07-2017,49.9900016784668,50.400001525878906,1222800,50.59000015258789,50.29999923706055,44.783267974853516
12-07-2017,49.810001373291016,50.5099983215332,2248900,50.810001373291016,50.29999923706055,44.783267974853516
13-07-2017,49.900001525878906,50.25,1330300,50.56999969482422,50.2400016784668,44.7298469543457
14-07-2017,50.11000061035156,50.470001220703125,867700,50.4900016784668,50.29999923706055,44.783267974853516
17-07-2017,50.38999938964844,50.54999923706055,806400,50.86000061035156,50.599998474121094,45.050357818603516
18-07-2017,50.0,50.40999984741211,1288500,50.65999984741211,50.209999084472656,44.70314407348633
19-07-2017,50.7400016784668,51.04999923706055,2027100,51.689998626708984,51.65999984741211,45.99409866333008
20-07-2017,51.13999938964844,51.790000915527344,955000,51.790000915527344,51.33000183105469,45.7003059387207
21-07-2017,51.2599983215332,51.27000045776367,713600,51.7400016784668,51.59000015258789,45.93178176879883
24-07-2017,51.27000045776367,51.439998626708984,774100,51.939998626708984,51.68000030517578,46.01192092895508
25-07-2017,51.5099983215332,51.650001525878906,1557400,52.709999084472656,52.560001373291016,46.795406341552734
26-07-2017,52.060001373291016,52.720001220703125,750000,52.720001220703125,52.25,46.51940155029297
27-07-2017,51.369998931884766,52.22999954223633,1061300,52.22999954223633,51.880001068115234,46.18998336791992
28-07-2017,51.25,51.880001068115234,773300,52.040000915527344,51.31999969482422,45.69139862060547
31-07-2017,50.15999984741211,51.5,1401700,51.540000915527344,50.189998626708984,44.68532943725586
01-08-2017,49.79999923706055,50.4900016784668,1606300,50.779998779296875,49.9900016784668,44.50727462768555
02-08-2017,50.95000076293945,51.06999969482422,3343100,52.77000045776367,52.220001220703125,46.49269104003906
03-08-2017,51.7400016784668,52.09000015258789,1426200,52.41999816894531,51.81999969482422,46.136566162109375
04-08-2017,51.52000045776367,51.90999984741211,1104200,52.06999969482422,51.880001068115234,46.18998336791992
07-08-2017,51.029998779296875,51.029998779296875,986700,52.189998626708984,52.099998474121094,46.38584518432617
08-08-2017,51.619998931884766,52.130001068115234,1030700,52.220001220703125,51.7599983215332,46.0831413269043
09-08-2017,51.630001068115234,51.650001525878906,1453000,52.349998474121094,52.279998779296875,46.546112060546875
10-08-2017,51.130001068115234,52.02000045776367,1583600,52.41999816894531,51.290000915527344,45.66468811035156
11-08-2017,50.90999984741211,51.630001068115234,918400,51.779998779296875,51.209999084472656,45.593467712402344
14-08-2017,51.2599983215332,51.470001220703125,651300,52.029998779296875,51.79999923706055,46.11875534057617
15-08-2017,51.380001068115234,51.77000045776367,733800,51.970001220703125,51.400001525878906,45.762630462646484
16-08-2017,51.380001068115234,51.630001068115234,689300,52.150001525878906,51.880001068115234,46.18998336791992
17-08-2017,51.18000030517578,51.81999969482422,612500,52.040000915527344,51.20000076293945,45.584564208984375
18-08-2017,50.88999938964844,51.22999954223633,717000,51.36000061035156,51.16999816894531,45.55784606933594
21-08-2017,50.86000061035156,51.099998474121094,770200,51.34000015258789,50.97999954223633,45.388702392578125
22-08-2017,50.959999084472656,51.150001525878906,917200,51.7400016784668,51.70000076293945,46.02972412109375
23-08-2017,51.47999954223633,51.560001373291016,1512300,52.56999969482422,52.040000915527344,46.33243942260742
24-08-2017,51.93000030517578,52.06999969482422,1297800,52.72999954223633,52.18000030517578,46.45707702636719
25-08-2017,52.31999969482422,52.40999984741211,627700,52.79999923706055,52.529998779296875,46.76868438720703
28-08-2017,51.93000030517578,52.58000183105469,654300,52.79999923706055,52.04999923706055,46.34133529663086
29-08-2017,51.34000015258789,51.7400016784668,870100,51.95000076293945,51.4900016784668,45.84275436401367
30-08-2017,51.279998779296875,51.38999938964844,743200,51.849998474121094,51.72999954223633,46.05643844604492
31-08-2017,51.290000915527344,51.83000183105469,957000,52.0,51.5,45.85165786743164
01-09-2017,51.58000183105469,51.709999084472656,796300,52.15999984741211,51.81999969482422,46.136566162109375
05-09-2017,50.97999954223633,51.689998626708984,937400,51.970001220703125,51.459999084472656,45.81604766845703
06-09-2017,51.34000015258789,51.599998474121094,1029900,52.2599983215332,52.11000061035156,46.394752502441406
07-09-2017,51.7599983215332,52.22999954223633,677300,52.33000183105469,51.959999084472656,46.26120376586914
08-09-2017,51.65999984741211,51.68000030517578,740400,52.56999969482422,52.2599983215332,46.52830123901367
11-09-2017,51.9900016784668,52.54999923706055,989400,52.54999923706055,52.150001525878906,46.43037033081055
12-09-2017,51.65999984741211,52.459999084472656,1622200,52.65999984741211,52.0099983215332,46.30571365356445
13-09-2017,51.56999969482422,51.61000061035156,1184900,52.66999816894531,52.540000915527344,47.240821838378906
14-09-2017,51.7599983215332,51.91999816894531,927300,52.459999084472656,52.310001373291016,47.034019470214844
15-09-2017,52.0,52.2599983215332,1152700,52.540000915527344,52.47999954223633,47.186885833740234
18-09-2017,52.2599983215332,52.689998626708984,678600,52.689998626708984,52.4900016784668,47.19587707519531
19-09-2017,51.84000015258789,52.5099983215332,870300,52.540000915527344,51.939998626708984,46.70134353637695
20-09-2017,51.619998931884766,51.619998931884766,639400,52.220001220703125,52.18000030517578,46.91714096069336
21-09-2017,51.79999923706055,52.20000076293945,649200,52.380001068115234,52.0,46.755287170410156
22-09-2017,52.04999923706055,52.08000183105469,461800,52.4900016784668,52.40999984741211,47.12393569946289
25-09-2017,52.43000030517578,52.5,1045700,53.75,53.20000076293945,47.834266662597656
26-09-2017,53.34000015258789,53.45000076293945,1058700,53.849998474121094,53.68000030517578,48.265846252441406
27-09-2017,53.5,53.79999923706055,735800,54.150001525878906,54.029998779296875,48.58054733276367
28-09-2017,53.66999816894531,53.95000076293945,476900,54.11000061035156,54.040000915527344,48.589542388916016
29-09-2017,53.45000076293945,53.95000076293945,780400,54.150001525878906,53.970001220703125,48.5265998840332
02-10-2017,53.59000015258789,54.060001373291016,717900,54.20000076293945,54.15999984741211,48.69743728637695
03-10-2017,54.029998779296875,54.33000183105469,722600,54.4900016784668,54.41999816894531,48.931209564208984
04-10-2017,54.2599983215332,54.43000030517578,782700,54.869998931884766,54.77000045776367,49.24590301513672
05-10-2017,54.40999984741211,54.86000061035156,874700,54.900001525878906,54.790000915527344,49.26390075683594
06-10-2017,53.650001525878906,54.77000045776367,1213400,54.790000915527344,53.83000183105469,48.40072250366211
09-10-2017,53.65999984741211,53.86000061035156,843200,54.209999084472656,53.91999816894531,48.48163604736328
10-10-2017,53.869998931884766,53.869998931884766,659200,54.349998474121094,54.2599983215332,48.78734588623047
11-10-2017,54.09000015258789,54.27000045776367,619700,54.56999969482422,54.380001068115234,48.895240783691406
12-10-2017,54.2599983215332,54.38999938964844,865200,54.75,54.70000076293945,49.1829719543457
13-10-2017,54.650001525878906,54.720001220703125,1343000,55.5,55.16999816894531,49.605567932128906
16-10-2017,54.90999984741211,55.150001525878906,839500,55.41999816894531,55.150001525878906,49.58759307861328
17-10-2017,55.150001525878906,55.349998474121094,592500,55.630001068115234,55.20000076293945,49.632545471191406
18-10-2017,54.869998931884766,55.13999938964844,759000,55.33000183105469,55.08000183105469,49.52465057373047
19-10-2017,54.56999969482422,54.91999816894531,801900,55.59000015258789,55.45000076293945,49.85732650756836
20-10-2017,55.52000045776367,55.56999969482422,742900,55.869998931884766,55.79999923706055,50.172019958496094
23-10-2017,55.65999984741211,55.91999816894531,785400,55.97999954223633,55.79999923706055,50.172019958496094
24-10-2017,55.709999084472656,55.9900016784668,1007100,56.43000030517578,56.40999984741211,50.72050094604492
25-10-2017,56.06999969482422,56.34000015258789,1229500,56.689998626708984,56.54999923706055,50.84638214111328
26-10-2017,56.13999938964844,56.709999084472656,653400,56.75,56.470001220703125,50.77444839477539
27-10-2017,55.220001220703125,56.47999954223633,821600,56.7400016784668,56.290000915527344,50.61259841918945
30-10-2017,55.90999984741211,56.209999084472656,773600,56.599998474121094,56.4900016784668,50.79243087768555
31-10-2017,56.209999084472656,56.72999954223633,1574000,57.09000015258789,56.61000061035156,50.900325775146484
01-11-2017,57.61000061035156,57.619998931884766,3488700,60.439998626708984,59.79999923706055,53.768585205078125
02-11-2017,58.279998779296875,59.70000076293945,2387500,59.709999084472656,58.86000061035156,52.923397064208984
03-11-2017,58.619998931884766,58.959999084472656,1112200,59.58000183105469,59.54999923706055,53.54380416870117
06-11-2017,59.040000915527344,59.650001525878906,1071100,60.04999923706055,59.29999923706055,53.31901168823242
07-11-2017,58.810001373291016,59.08000183105469,832200,59.43000030517578,59.209999084472656,53.23809051513672
08-11-2017,58.90999984741211,59.290000915527344,828100,59.79999923706055,59.650001525878906,53.63372039794922
09-11-2017,59.0,59.20000076293945,1233900,59.779998779296875,59.720001220703125,53.696651458740234
10-11-2017,59.470001220703125,59.540000915527344,1644900,61.040000915527344,60.83000183105469,54.694705963134766
13-11-2017,60.04999923706055,60.810001373291016,1404400,60.810001373291016,60.58000183105469,54.46992492675781
14-11-2017,60.22999954223633,60.52000045776367,1099300,61.279998779296875,60.75,54.62276840209961
15-11-2017,60.11000061035156,60.5099983215332,937500,60.790000915527344,60.290000915527344,54.209163665771484
16-11-2017,60.220001220703125,60.5,859100,60.91999816894531,60.75,54.62276840209961
17-11-2017,60.61000061035156,60.68000030517578,1060000,61.75,61.45000076293945,55.25217056274414
20-11-2017,61.13999938964844,61.43000030517578,957400,61.79999923706055,61.52000045776367,55.31510925292969
21-11-2017,61.75,61.88999938964844,1125000,62.61000061035156,62.4900016784668,56.187286376953125
22-11-2017,61.2400016784668,62.369998931884766,1030700,62.369998931884766,61.529998779296875,55.324100494384766
24-11-2017,61.209999084472656,61.689998626708984,317200,62.279998779296875,61.790000915527344,55.55786895751953
27-11-2017,61.66999816894531,61.84000015258789,562600,62.08000183105469,61.70000076293945,55.476951599121094
28-11-2017,61.90999984741211,61.90999984741211,807500,62.9900016784668,62.91999816894531,56.573909759521484
29-11-2017,62.29999923706055,62.849998474121094,959600,63.150001525878906,62.400001525878906,56.10634994506836
30-11-2017,62.02000045776367,62.5099983215332,1354100,62.68000030517578,62.08000183105469,55.818626403808594
01-12-2017,60.36000061035156,62.189998626708984,1120300,62.33000183105469,61.22999954223633,55.05435562133789
04-12-2017,60.83000183105469,61.540000915527344,1090700,61.849998474121094,60.849998474121094,54.71268081665039
05-12-2017,60.779998779296875,61.11000061035156,1348600,62.09000015258789,61.52000045776367,55.31510925292969
06-12-2017,61.209999084472656,61.619998931884766,1011200,61.880001068115234,61.459999084472656,55.26115798950195
07-12-2017,61.06999969482422,61.36000061035156,902300,61.58000183105469,61.27000045776367,55.09032440185547
08-12-2017,61.31999969482422,61.31999969482422,968100,62.310001373291016,62.27000045776367,55.98946762084961
11-12-2017,61.619998931884766,62.060001373291016,1081000,62.33000183105469,61.959999084472656,55.710723876953125
12-12-2017,60.93000030517578,62.0,892300,62.08000183105469,61.130001068115234,54.964439392089844
13-12-2017,60.7599983215332,61.09000015258789,1188800,61.189998626708984,60.83000183105469,54.694705963134766
14-12-2017,59.45000076293945,60.529998779296875,1261400,60.709999084472656,59.459999084472656,53.91490173339844
15-12-2017,57.38999938964844,58.63999938964844,5300600,58.970001220703125,58.36000061035156,52.91748809814453
18-12-2017,58.279998779296875,58.5,1650500,59.13999938964844,58.630001068115234,53.16230773925781
19-12-2017,58.52000045776367,58.880001068115234,1190000,59.209999084472656,58.58000183105469,53.116973876953125
20-12-2017,58.61000061035156,58.959999084472656,988200,58.970001220703125,58.79999923706055,53.31645202636719
21-12-2017,58.75,59.150001525878906,1240600,59.540000915527344,59.16999816894531,53.65195083618164
22-12-2017,59.08000183105469,59.220001220703125,493700,59.459999084472656,59.18000030517578,53.661014556884766
26-12-2017,59.02000045776367,59.119998931884766,355800,59.75,59.27000045776367,53.74263381958008
27-12-2017,59.279998779296875,59.34000015258789,403800,59.7400016784668,59.459999084472656,53.91490173339844
28-12-2017,59.470001220703125,59.470001220703125,415300,59.849998474121094,59.77000045776367,54.19598388671875
29-12-2017,59.38999938964844,59.77000045776367,497100,59.97999954223633,59.56999969482422,54.0146484375
02-01-2018,59.189998626708984,59.63999938964844,885400,59.86000061035156,59.540000915527344,53.98744201660156
03-01-2018,59.560001373291016,59.65999984741211,655100,60.29999923706055,60.27000045776367,54.64936828613281
04-01-2018,59.790000915527344,60.2400016784668,1096000,60.36000061035156,60.27000045776367,54.64936828613281
05-01-2018,59.619998931884766,60.38999938964844,843000,60.5,59.7400016784668,54.16878890991211
08-01-2018,59.16999816894531,59.599998474121094,1263400,60.380001068115234,60.34000015258789,54.71284103393555
09-01-2018,59.7400016784668,60.529998779296875,975000,60.59000015258789,59.849998474121094,54.26852798461914
10-01-2018,59.66999816894531,59.84000015258789,759000,60.709999084472656,60.470001220703125,54.83071517944336
11-01-2018,60.41999816894531,60.459999084472656,915800,61.59000015258789,61.41999816894531,55.692115783691406
12-01-2018,61.369998931884766,61.470001220703125,1483300,61.97999954223633,61.959999084472656,56.18175506591797
16-01-2018,61.36000061035156,62.150001525878906,1612800,62.63999938964844,61.45000076293945,55.71931457519531
17-01-2018,61.79999923706055,61.83000183105469,1099900,63.099998474121094,63.040000915527344,57.161041259765625
18-01-2018,62.869998931884766,62.939998626708984,820000,63.34000015258789,63.2400016784668,57.34239196777344
19-01-2018,63.04999923706055,63.5,1216000,63.90999984741211,63.869998931884766,57.913639068603516
22-01-2018,63.13999938964844,63.41999816894531,1038200,64.05000305175781,64.04000091552734,58.067779541015625
23-01-2018,63.849998474121094,64.08999633789062,861300,64.62999725341797,64.5199966430664,58.50301742553711
24-01-2018,63.77000045776367,64.83999633789062,1385400,64.95999908447266,64.20999908447266,58.22193145751953
25-01-2018,63.529998779296875,64.44000244140625,1248000,64.52999877929688,63.75,57.80482482910156
26-01-2018,63.97999954223633,64.12999725341797,912300,64.5999984741211,64.58000183105469,58.557430267333984
29-01-2018,63.5099983215332,63.939998626708984,1092900,64.5199966430664,63.709999084472656,57.7685546875
30-01-2018,62.81999969482422,63.439998626708984,1185900,63.54999923706055,63.06999969482422,57.1882438659668
31-01-2018,62.5,63.15999984741211,3278100,63.540000915527344,62.939998626708984,57.07036590576172
01-02-2018,61.97999954223633,62.790000915527344,1298500,63.189998626708984,62.68000030517578,56.834617614746094
02-02-2018,62.290000915527344,62.61000061035156,975200,63.34000015258789,62.40999984741211,56.58979415893555
05-02-2018,60.779998779296875,62.119998931884766,1510100,62.790000915527344,60.790000915527344,55.120880126953125
06-02-2018,59.16999816894531,60.0,1589800,62.54999923706055,62.310001373291016,56.49911880493164
07-02-2018,61.099998474121094,63.400001525878906,1630100,63.849998474121094,63.08000183105469,57.19730758666992
08-02-2018,61.099998474121094,63.099998474121094,1293300,63.380001068115234,61.130001068115234,55.429161071777344
09-02-2018,59.61000061035156,61.75,1387400,62.150001525878906,61.220001220703125,55.51076889038086
12-02-2018,61.540000915527344,61.560001373291016,1169800,62.400001525878906,61.970001220703125,56.190834045410156
13-02-2018,61.2599983215332,62.02000045776367,1126700,62.58000183105469,62.43000030517578,56.60792922973633
14-02-2018,61.689998626708984,62.189998626708984,1091700,64.19999694824219,64.0,58.03151321411133
15-02-2018,63.93000030517578,64.41000366210938,1340600,65.04000091552734,64.87000274658203,58.82038497924805
16-02-2018,64.62000274658203,64.79000091552734,1156300,65.51000213623047,65.20999908447266,59.12867736816406
20-02-2018,64.68000030517578,65.19999694824219,2661900,65.95999908447266,64.86000061035156,58.81131362915039
21-02-2018,60.060001373291016,60.86000061035156,3992800,63.189998626708984,61.869998931884766,56.10015869140625
22-02-2018,59.7599983215332,62.220001220703125,2014400,62.619998931884766,60.38999938964844,54.7581787109375
23-02-2018,59.56999969482422,60.25,1643900,60.810001373291016,60.349998474121094,54.72190856933594
26-02-2018,60.04999923706055,60.5099983215332,1415200,60.91999816894531,60.650001525878906,54.99392318725586
27-02-2018,60.04999923706055,60.47999954223633,1357600,60.7599983215332,60.220001220703125,54.60403060913086
28-02-2018,59.22999954223633,60.439998626708984,861600,60.70000076293945,59.2400016784668,53.71542739868164
01-03-2018,58.27000045776367,59.150001525878906,1362500,59.79999923706055,58.86000061035156,53.3708610534668
02-03-2018,57.84000015258789,58.65999984741211,936800,59.52000045776367,59.41999816894531,53.878631591796875
05-03-2018,58.86000061035156,59.0099983215332,937400,59.88999938964844,59.599998474121094,54.04185104370117
06-03-2018,59.099998474121094,59.630001068115234,921200,59.81999969482422,59.810001373291016,54.23225784301758
07-03-2018,59.27000045776367,59.369998931884766,897200,60.060001373291016,59.9900016784668,54.39548110961914
08-03-2018,59.56999969482422,60.5,841000,62.119998931884766,59.88999938964844,54.3047981262207
09-03-2018,59.939998626708984,60.040000915527344,965100,61.02000045776367,60.9900016784668,55.302223205566406
12-03-2018,60.650001525878906,61.060001373291016,691300,61.38999938964844,61.0099983215332,55.32035446166992
13-03-2018,60.90999984741211,61.5,912100,61.779998779296875,61.150001525878906,55.447303771972656
14-03-2018,59.970001220703125,61.040000915527344,883000,61.150001525878906,60.2599983215332,55.09983825683594
15-03-2018,59.560001373291016,60.439998626708984,871500,60.599998474121094,59.68000030517578,54.56949996948242
16-03-2018,59.5099983215332,59.720001220703125,2888900,60.279998779296875,60.11000061035156,54.962684631347656
19-03-2018,59.36000061035156,59.779998779296875,905400,60.0,59.84000015258789,54.71580505371094
20-03-2018,59.70000076293945,59.95000076293945,934700,60.13999938964844,59.9900016784668,54.852962493896484
21-03-2018,59.47999954223633,59.939998626708984,704400,60.18000030517578,59.5099983215332,54.414058685302734
22-03-2018,58.33000183105469,59.130001068115234,921800,59.439998626708984,58.34000015258789,53.3442497253418
23-03-2018,57.65999984741211,58.63999938964844,747300,58.689998626708984,57.68000030517578,52.74077224731445
26-03-2018,58.060001373291016,58.27000045776367,788900,58.959999084472656,58.689998626708984,53.66427993774414
27-03-2018,57.810001373291016,58.709999084472656,781600,59.34000015258789,58.13999938964844,53.161373138427734
28-03-2018,57.84000015258789,58.20000076293945,720300,58.86000061035156,58.209999084472656,53.22538375854492
29-03-2018,58.20000076293945,58.61000061035156,736200,59.27000045776367,58.93000030517578,53.88372802734375
02-04-2018,57.290000915527344,58.790000915527344,849700,58.790000915527344,58.060001373291016,53.08823013305664
03-04-2018,57.83000183105469,58.34000015258789,699200,58.90999984741211,58.79999923706055,53.76485824584961
04-04-2018,57.869998931884766,58.130001068115234,1054600,59.400001525878906,59.33000183105469,54.24947738647461
05-04-2018,59.20000076293945,59.630001068115234,1183600,59.790000915527344,59.650001525878906,54.54206466674805
06-04-2018,57.880001068115234,59.29999923706055,748800,59.650001525878906,58.41999816894531,53.417396545410156
09-04-2018,58.380001068115234,58.689998626708984,671200,59.16999816894531,58.5099983215332,53.499691009521484
10-04-2018,58.90999984741211,59.2400016784668,645700,59.68000030517578,59.369998931884766,54.286048889160156
11-04-2018,59.02000045776367,59.13999938964844,678400,59.459999084472656,59.290000915527344,54.21290588378906
12-04-2018,59.2400016784668,59.45000076293945,595500,59.65999984741211,59.29999923706055,54.222042083740234
13-04-2018,58.810001373291016,59.61000061035156,655100,59.61000061035156,59.029998779296875,53.97515869140625
16-04-2018,58.93000030517578,59.400001525878906,708700,59.70000076293945,59.43000030517578,54.34091567993164
17-04-2018,59.650001525878906,59.939998626708984,918100,60.11000061035156,59.91999816894531,54.78894805908203
18-04-2018,59.779998779296875,59.959999084472656,733100,60.380001068115234,59.97999954223633,54.84381103515625
19-04-2018,58.77000045776367,59.86000061035156,578800,59.86000061035156,59.22999954223633,54.15803909301758
20-04-2018,58.58000183105469,59.349998474121094,573800,59.4900016784668,58.939998626708984,53.89286804199219
23-04-2018,57.810001373291016,58.959999084472656,1066300,59.0,58.09000015258789,53.115665435791016
24-04-2018,57.400001525878906,58.25,900700,58.68000030517578,57.65999984741211,52.722476959228516
25-04-2018,57.0099983215332,57.709999084472656,795800,57.97999954223633,57.83000183105469,52.87792205810547
26-04-2018,58.15999984741211,58.29999923706055,974000,58.97999954223633,58.959999084472656,53.911155700683594
27-04-2018,58.459999084472656,58.63999938964844,1082900,59.540000915527344,59.2599983215332,54.18546676635742
30-04-2018,58.54999923706055,59.16999816894531,908400,59.2400016784668,58.66999816894531,53.64598846435547
01-05-2018,57.90999984741211,58.31999969482422,1238200,59.099998474121094,58.9900016784668,53.93859100341797
02-05-2018,60.33000183105469,60.95000076293945,2673000,62.459999084472656,61.95000076293945,56.64512252807617
03-05-2018,60.029998779296875,62.0,1794000,62.0,60.349998474121094,55.18213653564453
04-05-2018,59.70000076293945,60.0,1528300,60.279998779296875,59.88999938964844,54.76151657104492
07-05-2018,59.060001373291016,59.849998474121094,879900,59.849998474121094,59.369998931884766,54.286048889160156
08-05-2018,59.16999816894531,59.84000015258789,765600,59.97999954223633,59.58000183105469,54.478065490722656
09-05-2018,59.279998779296875,59.61000061035156,880500,59.869998931884766,59.40999984741211,54.322628021240234
10-05-2018,59.08000183105469,59.52000045776367,857000,59.54999923706055,59.189998626708984,54.121456146240234
11-05-2018,59.0,59.11000061035156,709500,59.58000183105469,59.290000915527344,54.21290588378906
14-05-2018,58.90999984741211,59.27000045776367,668200,59.540000915527344,59.38999938964844,54.30433654785156
15-05-2018,58.709999084472656,59.2599983215332,799700,59.400001525878906,59.22999954223633,54.15803909301758
16-05-2018,59.02000045776367,59.119998931884766,746300,60.0,59.689998626708984,54.57863998413086
17-05-2018,59.5099983215332,59.58000183105469,626300,60.06999969482422,59.7400016784668,54.62436294555664
18-05-2018,59.27000045776367,59.689998626708984,538700,59.88999938964844,59.7599983215332,54.64265060424805
21-05-2018,60.0099983215332,60.119998931884766,512700,60.560001373291016,60.40999984741211,55.23698806762695
22-05-2018,60.310001373291016,60.310001373291016,518200,60.790000915527344,60.470001220703125,55.29185485839844
23-05-2018,59.65999984741211,60.33000183105469,692400,60.41999816894531,60.279998779296875,55.118125915527344
24-05-2018,60.11000061035156,60.22999954223633,546200,60.68000030517578,60.529998779296875,55.346717834472656
25-05-2018,60.5099983215332,60.529998779296875,463900,60.849998474121094,60.560001373291016,55.3741455078125
29-05-2018,60.11000061035156,60.220001220703125,765900,60.88999938964844,60.439998626708984,55.26441955566406
30-05-2018,60.439998626708984,60.58000183105469,711900,61.099998474121094,60.900001525878906,55.68503952026367
31-05-2018,59.869998931884766,60.900001525878906,1187200,60.900001525878906,60.09000015258789,54.944393157958984
01-06-2018,60.29999923706055,60.4900016784668,974800,61.66999816894531,61.38999938964844,56.13307189941406
04-06-2018,60.849998474121094,61.41999816894531,572000,61.5099983215332,61.0099983215332,55.785614013671875
05-06-2018,60.810001373291016,61.0,744400,61.7599983215332,61.689998626708984,56.407386779785156
06-06-2018,61.34000015258789,61.79999923706055,662000,61.939998626708984,61.88999938964844,56.59025192260742
07-06-2018,61.34000015258789,62.0,715900,62.060001373291016,61.43000030517578,56.169647216796875
08-06-2018,61.08000183105469,61.43000030517578,640700,61.88999938964844,61.849998474121094,56.553680419921875
11-06-2018,61.61000061035156,61.810001373291016,566300,62.4900016784668,62.2599983215332,56.9285774230957
12-06-2018,62.060001373291016,62.25,561800,62.54999923706055,62.369998931884766,57.029151916503906
13-06-2018,62.13999938964844,62.56999969482422,734800,62.779998779296875,62.2400016784668,56.9102897644043
14-06-2018,61.65999984741211,62.349998474121094,1039400,62.5,61.939998626708984,56.6359748840332
15-06-2018,60.650001525878906,61.20000076293945,1542200,61.43000030517578,61.2400016784668,56.47919464111328
18-06-2018,60.880001068115234,61.0,866300,61.4900016784668,61.2599983215332,56.49763488769531
19-06-2018,60.279998779296875,60.86000061035156,846000,60.9900016784668,60.93000030517578,56.19329833984375
20-06-2018,60.849998474121094,61.150001525878906,759300,61.4900016784668,61.439998626708984,56.66364288330078
21-06-2018,60.02000045776367,61.349998474121094,735700,61.349998474121094,60.119998931884766,55.446258544921875
22-06-2018,60.09000015258789,60.470001220703125,946000,60.7400016784668,60.22999954223633,55.54771041870117
25-06-2018,59.38999938964844,60.16999816894531,590800,60.20000076293945,59.709999084472656,55.068138122558594
26-06-2018,59.86000061035156,59.939998626708984,519100,60.41999816894531,60.25,55.56615447998047
27-06-2018,59.970001220703125,60.40999984741211,698900,60.779998779296875,59.97999954223633,55.3171501159668
28-06-2018,59.91999816894531,59.939998626708984,908400,61.0,60.959999084472656,56.2209587097168
29-06-2018,60.45000076293945,61.0,1058300,61.41999816894531,61.0,56.25784683227539
02-07-2018,60.20000076293945,60.75,708700,61.09000015258789,60.91999816894531,56.1840705871582
03-07-2018,60.560001373291016,61.0,355900,61.06999969482422,60.619998931884766,55.90739822387695
05-07-2018,60.09000015258789,60.779998779296875,704500,60.779998779296875,60.58000183105469,55.87050247192383
06-07-2018,60.650001525878906,60.70000076293945,672400,61.4900016784668,61.349998474121094,56.58063507080078
09-07-2018,61.22999954223633,61.45000076293945,1148900,62.47999954223633,62.38999938964844,57.5397834777832
10-07-2018,62.2400016784668,62.27000045776367,1264100,63.31999969482422,63.29999923706055,58.37904739379883
11-07-2018,62.18000030517578,63.0,998000,63.04999923706055,62.279998779296875,57.43833923339844
12-07-2018,62.18000030517578,62.4900016784668,1066400,63.2599983215332,63.06999969482422,58.166927337646484
13-07-2018,63.0099983215332,63.119998931884766,692800,63.81999969482422,63.22999954223633,58.31448745727539
16-07-2018,62.84000015258789,63.290000915527344,740300,63.4900016784668,63.439998626708984,58.5081672668457
17-07-2018,63.15999984741211,63.20000076293945,941500,64.27999877929688,64.05999755859375,59.0799560546875
18-07-2018,63.66999816894531,64.06999969482422,1257400,64.1500015258789,64.05000305175781,59.07075119018555
19-07-2018,64.13999938964844,64.2300033569336,1085000,65.27999877929688,65.02999877929688,59.97454833984375
20-07-2018,64.52999877929688,64.8499984741211,912600,65.12999725341797,64.55000305175781,59.5318717956543
23-07-2018,63.81999969482422,64.54000091552734,1101600,64.55999755859375,63.869998931884766,58.90473175048828
24-07-2018,63.22999954223633,63.83000183105469,1183900,64.04000091552734,63.47999954223633,58.54505157470703
25-07-2018,62.90999984741211,63.36000061035156,1001900,63.5,63.40999984741211,58.48049545288086
26-07-2018,63.02000045776367,63.33000183105469,880600,63.86000061035156,63.61000061035156,58.664947509765625
27-07-2018,62.77000045776367,63.75,888700,63.900001525878906,62.93000030517578,58.037811279296875
30-07-2018,61.849998474121094,62.9900016784668,854200,63.15999984741211,61.900001525878906,57.08788299560547
31-07-2018,61.310001373291016,62.0,1922800,62.61000061035156,62.45000076293945,57.59512710571289
01-08-2018,62.380001068115234,64.0,2602000,64.8499984741211,64.5,59.48575973510742
02-08-2018,63.88999938964844,64.4000015258789,1568100,64.8499984741211,64.52999877929688,59.51342010498047
03-08-2018,64.44000244140625,64.56999969482422,1555200,65.27999877929688,64.91000366210938,59.863887786865234
06-08-2018,64.48999786376953,64.91000366210938,1326300,65.33000183105469,64.55000305175781,59.5318717956543
07-08-2018,64.22000122070312,64.47000122070312,1214300,65.01000213623047,64.83999633789062,59.7993278503418
08-08-2018,63.959999084472656,64.83000183105469,965200,64.83000183105469,64.43000030517578,59.421199798583984
09-08-2018,64.27999877929688,64.58000183105469,1002100,65.0199966430664,64.66999816894531,59.642539978027344
10-08-2018,63.4900016784668,64.36000061035156,889600,64.51000213623047,63.83000183105469,58.86784744262695
13-08-2018,63.400001525878906,63.810001373291016,996300,64.02999877929688,63.540000915527344,58.60039520263672
14-08-2018,63.4900016784668,63.63999938964844,1042000,64.41999816894531,64.18000030517578,59.19063949584961
15-08-2018,63.400001525878906,63.77000045776367,1094200,63.91999816894531,63.63999938964844,58.6926155090332
16-08-2018,63.77000045776367,63.959999084472656,1179900,64.9000015258789,64.45999908447266,59.448875427246094
17-08-2018,64.38999938964844,64.41999816894531,2796900,65.52999877929688,65.3499984741211,60.26968002319336
20-08-2018,64.63999938964844,65.31999969482422,1419900,65.79000091552734,64.69999694824219,59.67021560668945
21-08-2018,64.5999984741211,64.8499984741211,1070200,65.02999877929688,64.94000244140625,59.89155197143555
22-08-2018,64.88999938964844,64.95999908447266,1291000,65.5,64.97000122070312,59.919219970703125
23-08-2018,64.52999877929688,64.86000061035156,996300,65.05999755859375,65.0,59.9468879699707
24-08-2018,64.55000305175781,65.0,814500,65.08999633789062,64.73999786376953,59.70710754394531
27-08-2018,65.01000213623047,65.12999725341797,802200,65.80000305175781,65.72000122070312,60.61091232299805
28-08-2018,65.6500015258789,65.80000305175781,963900,66.48999786376953,66.37999725341797,61.219600677490234
29-08-2018,66.47000122070312,66.52999877929688,1765200,68.66999816894531,68.11000061035156,62.81512451171875
30-08-2018,67.58999633789062,68.08999633789062,791900,68.43000030517578,67.72000122070312,62.4554443359375
31-08-2018,67.62000274658203,67.79000091552734,842900,68.29000091552734,68.13999938964844,62.8427848815918
04-09-2018,67.37999725341797,68.1500015258789,964400,68.31999969482422,67.98999786376953,62.70443344116211
05-09-2018,67.9800033569336,68.19000244140625,1185600,68.88999938964844,68.72000122070312,63.3776969909668
06-09-2018,68.33000183105469,68.75,969300,69.11000061035156,69.02999877929688,63.66359329223633
07-09-2018,67.83000183105469,68.98999786376953,1223300,68.98999786376953,67.91999816894531,62.63987350463867
10-09-2018,67.56999969482422,68.30000305175781,1084500,68.47000122070312,68.02999877929688,62.74132537841797
11-09-2018,67.83999633789062,67.83999633789062,798000,68.45999908447266,68.4000015258789,63.08256149291992
12-09-2018,68.16000366210938,68.41999816894531,1031000,68.91999816894531,68.44999694824219,63.128684997558594
13-09-2018,68.11000061035156,68.2699966430664,985700,69.1500015258789,68.61000061035156,63.77001190185547
14-09-2018,68.20999908447266,68.73999786376953,903600,68.83000183105469,68.72000122070312,63.87225341796875
17-09-2018,68.27999877929688,68.68000030517578,850200,68.83000183105469,68.33999633789062,63.519065856933594
18-09-2018,68.0,68.19999694824219,837000,69.20999908447266,68.9800033569336,64.1139144897461
19-09-2018,68.97000122070312,68.97000122070312,845700,69.51000213623047,69.19000244140625,64.30909729003906
20-09-2018,69.51000213623047,69.62000274658203,863900,70.0999984741211,69.70999908447266,64.79239654541016
21-09-2018,69.88999938964844,70.41000366210938,3604100,70.75,70.04000091552734,65.09913635253906
24-09-2018,69.48999786376953,70.2300033569336,883300,70.30999755859375,69.68000030517578,64.76454162597656
25-09-2018,69.22000122070312,69.77999877929688,677700,69.98999786376953,69.62000274658203,64.7087631225586
26-09-2018,69.47000122070312,69.75,905800,70.41999816894531,69.56999969482422,64.66230010986328
27-09-2018,69.51000213623047,69.7300033569336,835500,69.97000122070312,69.58999633789062,64.68087005615234
28-09-2018,69.19999694824219,69.30999755859375,1130800,70.12000274658203,70.05000305175781,65.1084213256836
01-10-2018,69.72000122070312,70.33999633789062,938700,70.7699966430664,69.8499984741211,64.92253112792969
02-10-2018,69.2699966430664,69.7699966430664,871000,69.7699966430664,69.45999908447266,64.5600357055664
03-10-2018,69.26000213623047,69.70999908447266,903100,69.95999908447266,69.4000015258789,64.5042724609375
04-10-2018,68.33000183105469,69.47000122070312,864500,69.47000122070312,69.13999938964844,64.26261901855469
05-10-2018,68.16999816894531,69.4800033569336,593400,69.97000122070312,68.5999984741211,63.76071548461914
08-10-2018,67.2699966430664,68.4000015258789,843600,68.95999908447266,67.8499984741211,63.063629150390625
09-10-2018,66.8499984741211,67.88999938964844,960700,68.22000122070312,67.2300033569336,62.487361907958984
10-10-2018,64.52999877929688,68.41000366210938,1805300,68.41000366210938,64.5999984741211,60.042884826660156
11-10-2018,62.63999938964844,64.56999969482422,1709300,64.75,62.970001220703125,58.52787399291992
12-10-2018,61.90999984741211,63.900001525878906,1554300,63.900001525878906,62.59000015258789,58.174678802490234
15-10-2018,62.13999938964844,62.59000015258789,1062400,62.86000061035156,62.18000030517578,57.793609619140625
16-10-2018,62.130001068115234,62.9900016784668,954200,63.209999084472656,63.130001068115234,58.67659378051758
17-10-2018,62.380001068115234,63.0,1134600,63.08000183105469,63.04999923706055,58.602230072021484
18-10-2018,61.90999984741211,62.79999923706055,1039100,63.150001525878906,62.290000915527344,57.89584732055664
19-10-2018,61.7400016784668,62.34000015258789,979400,62.689998626708984,61.970001220703125,57.598419189453125
22-10-2018,61.90999984741211,62.15999984741211,1142500,62.88999938964844,62.61000061035156,58.19327163696289
23-10-2018,61.65999984741211,61.959999084472656,1386200,62.84000015258789,62.560001373291016,58.14679718017578
24-10-2018,61.380001068115234,62.65999984741211,1279100,63.150001525878906,61.4900016784668,57.15227127075195
25-10-2018,61.290000915527344,61.63999938964844,1216000,62.63999938964844,62.150001525878906,57.76572036743164
26-10-2018,60.54999923706055,61.650001525878906,1152000,61.939998626708984,61.560001373291016,57.217342376708984
29-10-2018,60.95000076293945,62.09000015258789,980400,62.689998626708984,61.77000045776367,57.41252899169922
30-10-2018,61.58000183105469,61.7599983215332,1758000,63.18000030517578,63.04999923706055,58.602230072021484
31-10-2018,63.06999969482422,63.72999954223633,3126100,66.66000366210938,66.16000366210938,61.49284744262695
01-11-2018,66.5199966430664,66.68000030517578,1878300,67.94999694824219,67.41999816894531,62.663963317871094
02-11-2018,65.83000183105469,67.94000244140625,1339300,67.94000244140625,66.1500015258789,61.48354721069336
05-11-2018,64.5,66.08000183105469,1434100,66.25,64.8499984741211,60.27526092529297
06-11-2018,64.2300033569336,64.7699966430664,1256500,65.2300033569336,64.55999755859375,60.005706787109375
07-11-2018,64.6500015258789,64.87000274658203,1107100,65.79000091552734,65.73999786376953,61.102474212646484
08-11-2018,65.56999969482422,65.61000061035156,1032200,66.73999786376953,66.58000183105469,61.883216857910156
09-11-2018,65.62000274658203,66.44999694824219,970400,66.70999908447266,66.11000061035156,61.44636154174805
12-11-2018,65.4800033569336,66.01000213623047,730200,66.12999725341797,65.6500015258789,61.01882553100586
13-11-2018,64.02999877929688,65.30000305175781,942200,66.05999755859375,64.9800033569336,60.39609146118164
14-11-2018,64.06999969482422,65.68000030517578,886500,66.0,64.20999908447266,59.68040466308594
15-11-2018,63.0,63.77000045776367,958600,65.4000015258789,65.22000122070312,60.6191520690918
16-11-2018,63.04999923706055,64.88999938964844,815900,65.9000015258789,65.4800033569336,60.860816955566406
19-11-2018,64.18000030517578,65.23999786376953,841300,65.70999908447266,64.83999633789062,60.265960693359375
20-11-2018,63.709999084472656,64.20999908447266,981700,64.81999969482422,64.37999725341797,59.838409423828125
21-11-2018,64.30999755859375,64.81999969482422,1181800,65.4000015258789,65.12000274658203,60.52621078491211
23-11-2018,64.70999908447266,64.77999877929688,476800,65.56999969482422,64.98999786376953,60.40537643432617
26-11-2018,65.26000213623047,65.41999816894531,805500,65.91000366210938,65.87000274658203,61.22330093383789
27-11-2018,65.22000122070312,65.69999694824219,949000,65.73999786376953,65.36000061035156,60.74928665161133
28-11-2018,65.2300033569336,65.5,732800,66.45999908447266,66.37999725341797,61.69731521606445
29-11-2018,65.7699966430664,66.30000305175781,703300,66.62000274658203,65.9800033569336,61.32554626464844
30-11-2018,65.81999969482422,65.87000274658203,1792400,66.72000122070312,66.66000366210938,61.95756530761719
03-12-2018,66.80000305175781,67.30999755859375,1179900,68.5999984741211,68.56999969482422,63.73283386230469
04-12-2018,66.18000030517578,68.70999908447266,1368300,68.70999908447266,66.4000015258789,61.71590805053711
06-12-2018,63.720001220703125,66.0999984741211,1759800,66.0999984741211,65.02999877929688,60.44255065917969
07-12-2018,64.47000122070312,65.04000091552734,982500,65.4000015258789,64.68000030517578,60.117244720458984
10-12-2018,63.45000076293945,64.73999786376953,849600,65.08000183105469,64.93000030517578,60.349613189697266
11-12-2018,65.13999938964844,65.75,866400,66.2699966430664,65.38999938964844,60.77716064453125
12-12-2018,65.72000122070312,66.08999633789062,871500,66.73999786376953,66.2699966430664,61.59507751464844
13-12-2018,65.66000366210938,65.79000091552734,694300,66.56999969482422,66.0999984741211,61.93239212036133
14-12-2018,64.83000183105469,65.81999969482422,652100,66.02999877929688,65.13999938964844,61.03290557861328
17-12-2018,62.90999984741211,64.2300033569336,1135200,64.9000015258789,63.11000061035156,59.130897521972656
18-12-2018,63.22999954223633,63.400001525878906,1067300,64.20999908447266,63.560001373291016,59.552528381347656
19-12-2018,62.06999969482422,63.45000076293945,1562300,64.26000213623047,62.18000030517578,58.25954818725586
20-12-2018,61.119998931884766,61.9900016784668,1112700,62.619998931884766,62.119998931884766,58.20331954956055
21-12-2018,61.209999084472656,62.369998931884766,1487400,63.400001525878906,61.33000183105469,57.463134765625
24-12-2018,60.290000915527344,61.16999816894531,587300,61.560001373291016,60.54999923706055,56.73230743408203
26-12-2018,59.97999954223633,61.11000061035156,899100,62.25,62.20000076293945,58.27827835083008
27-12-2018,61.0099983215332,61.56999969482422,694000,62.970001220703125,62.959999084472656,58.990360260009766
28-12-2018,62.529998779296875,63.0,560500,63.4900016784668,62.81999969482422,58.859188079833984
31-12-2018,62.66999816894531,63.040000915527344,688100,63.650001525878906,63.31999969482422,59.327667236328125
02-01-2019,61.58000183105469,62.20000076293945,844100,63.06999969482422,62.52000045776367,58.578102111816406
03-01-2019,61.18000030517578,62.310001373291016,855700,62.400001525878906,61.38999938964844,57.519344329833984
04-01-2019,61.5,62.0099983215332,903300,64.04000091552734,63.720001220703125,59.70244598388672
07-01-2019,63.52000045776367,63.709999084472656,877200,64.58000183105469,64.18000030517578,60.13344192504883
08-01-2019,63.9900016784668,64.75,802400,64.98999786376953,64.77999877929688,60.695613861083984
09-01-2019,64.5,64.80999755859375,956500,66.04000091552734,65.68000030517578,61.538856506347656
10-01-2019,65.0,65.20999908447266,546500,66.05999755859375,66.05000305175781,61.885536193847656
11-01-2019,65.33999633789062,65.63999938964844,628000,66.5999984741211,66.56999969482422,62.37274932861328
14-01-2019,65.01000213623047,66.41999816894531,790700,66.62999725341797,65.76000213623047,61.613826751708984
15-01-2019,65.83999633789062,65.87000274658203,567200,66.3499984741211,66.26000213623047,62.08230209350586
16-01-2019,66.08999633789062,66.2300033569336,795800,66.94999694824219,66.68000030517578,62.4758186340332
17-01-2019,66.45999908447266,66.91999816894531,835700,67.3499984741211,67.04000091552734,62.8131217956543
18-01-2019,66.9800033569336,67.44999694824219,996200,68.45999908447266,67.9000015258789,63.61890411376953
22-01-2019,66.9000015258789,67.7699966430664,648900,68.18000030517578,67.38999938964844,63.14105987548828
23-01-2019,66.62999725341797,67.54000091552734,961600,67.80999755859375,67.63999938964844,63.375274658203125
24-01-2019,67.31999969482422,67.62999725341797,649400,68.16000366210938,68.0199966430664,63.73130798339844
25-01-2019,68.16000366210938,68.4000015258789,759900,68.80999755859375,68.58000183105469,64.25601196289062
28-01-2019,67.05000305175781,68.05999755859375,1215500,68.08999633789062,67.62999725341797,63.365909576416016
29-01-2019,67.51000213623047,67.79000091552734,944800,68.87000274658203,68.68000030517578,64.34971618652344
30-01-2019,68.22000122070312,68.8499984741211,785600,69.3499984741211,69.0999984741211,64.74321746826172
31-01-2019,68.01000213623047,69.13999938964844,2594300,69.55000305175781,69.18000030517578,64.81819152832031
01-02-2019,68.87000274658203,69.54000091552734,825700,69.58000183105469,69.33999633789062,64.96808624267578
04-02-2019,68.91000366210938,69.2300033569336,676700,69.56999969482422,69.56999969482422,65.18360900878906
05-02-2019,69.44000244140625,69.69999694824219,828200,70.0,69.63999938964844,65.24917602539062
06-02-2019,69.29000091552734,69.5999984741211,756800,70.16000366210938,69.7699966430664,65.3709945678711
07-02-2019,69.04000091552734,69.05000305175781,794300,69.58999633789062,69.58000183105469,65.19297790527344
08-02-2019,69.44000244140625,69.44000244140625,867300,70.45999908447266,70.26000213623047,65.83008575439453
11-02-2019,70.05999755859375,70.11000061035156,710700,70.7699966430664,70.55000305175781,66.10182189941406
12-02-2019,70.56999969482422,70.66999816894531,893900,71.76000213623047,71.55000305175781,67.03876495361328
13-02-2019,71.0199966430664,71.76000213623047,629900,71.80000305175781,71.4000015258789,66.89822387695312
14-02-2019,71.08999633789062,71.23999786376953,443900,71.68000030517578,71.38999938964844,66.88884735107422
15-02-2019,71.06999969482422,71.5199966430664,1446900,71.88999938964844,71.62000274658203,67.1043472290039
19-02-2019,70.86000061035156,71.83000183105469,1293600,71.83000183105469,70.97000122070312,66.49532318115234
20-02-2019,75.5,75.83999633789062,8418700,83.30000305175781,83.05999755859375,77.82305145263672
21-02-2019,81.11000061035156,82.29000091552734,3144200,83.25,82.41999816894531,77.22340393066406
22-02-2019,81.94000244140625,82.58000183105469,1304300,83.69000244140625,83.06999969482422,77.8324203491211
25-02-2019,82.9000015258789,83.0,1751400,84.83000183105469,83.55000305175781,78.28216552734375
26-02-2019,82.87999725341797,82.93000030517578,1058200,84.19999694824219,83.6500015258789,78.37586212158203
27-02-2019,83.27999877929688,83.30000305175781,1049200,84.37999725341797,84.16999816894531,78.86306762695312
28-02-2019,83.80000305175781,84.08000183105469,1424400,84.80999755859375,83.97000122070312,78.67568969726562
01-03-2019,84.02999877929688,84.04000091552734,1031100,85.5,84.69000244140625,79.35029602050781
04-03-2019,83.91000366210938,84.87999725341797,1174100,84.9000015258789,84.73999786376953,79.39712524414062
05-03-2019,83.8499984741211,84.41999816894531,1142000,84.83000183105469,83.97000122070312,78.67568969726562
06-03-2019,83.33000183105469,84.08999633789062,904300,84.29000091552734,83.48999786376953,78.22593688964844
07-03-2019,82.51000213623047,83.52999877929688,1579600,83.66000366210938,83.01000213623047,77.77620697021484
08-03-2019,82.29000091552734,82.51000213623047,1107000,83.44999694824219,82.68000030517578,77.46701049804688
11-03-2019,82.5999984741211,82.76000213623047,1162100,83.87999725341797,83.86000061035156,78.57261657714844
12-03-2019,83.36000061035156,83.79000091552734,1314100,84.55000305175781,84.52999877929688,79.20038604736328
13-03-2019,83.68000030517578,84.70999908447266,1452800,84.86000061035156,83.94000244140625,78.64756774902344
14-03-2019,82.45999908447266,83.55999755859375,1313100,84.16999816894531,83.04000091552734,78.29869842529297
15-03-2019,82.79000091552734,83.0999984741211,2808700,83.87000274658203,83.25,78.49669647216797
18-03-2019,83.05999755859375,83.30999755859375,1505100,84.08999633789062,83.94999694824219,79.15673065185547
19-03-2019,83.47000122070312,84.23999786376953,1252600,84.48999786376953,83.68000030517578,78.90214538574219
20-03-2019,83.58999633789062,83.8499984741211,835000,84.95999908447266,84.22000122070312,79.41132354736328
21-03-2019,83.62999725341797,83.72000122070312,673000,84.7300033569336,84.58999633789062,79.76020050048828
22-03-2019,83.33000183105469,84.22000122070312,976100,84.56999969482422,83.58000183105469,78.807861328125
25-03-2019,83.22000122070312,83.4800033569336,879100,84.30000305175781,84.13999938964844,79.33589172363281
26-03-2019,84.4000015258789,84.44999694824219,1599400,85.30000305175781,85.22000122070312,80.3542251586914
27-03-2019,85.04000091552734,85.30000305175781,1805800,86.69999694824219,85.88999938964844,80.98596954345703
28-03-2019,85.20999908447266,85.9000015258789,779900,86.43000030517578,85.61000061035156,80.72195434570312
29-03-2019,85.29000091552734,85.87999725341797,1320700,86.44999694824219,86.3499984741211,81.41970825195312
01-04-2019,86.66000366210938,86.69999694824219,1190800,88.02999877929688,87.87999725341797,82.86234283447266
02-04-2019,87.26000213623047,87.70999908447266,1081300,88.38999938964844,88.25,83.21121215820312
03-04-2019,88.18000030517578,88.69999694824219,1275800,89.0999984741211,88.55999755859375,83.50352478027344
04-04-2019,87.52999877929688,88.41000366210938,862100,88.44999694824219,88.19999694824219,83.16409301757812
05-04-2019,88.01000213623047,88.5199966430664,660600,88.5199966430664,88.16999816894531,83.13579559326172
08-04-2019,87.80000305175781,88.16999816894531,903500,89.19000244140625,89.0999984741211,84.01268768310547
09-04-2019,88.04000091552734,88.76000213623047,807900,89.33000183105469,88.2300033569336,83.19237518310547
10-04-2019,88.05000305175781,88.4800033569336,856900,89.08000183105469,88.80000305175781,83.72981262207031
11-04-2019,88.20999908447266,89.16000366210938,952800,89.16000366210938,89.01000213623047,83.92782592773438
12-04-2019,88.86000061035156,89.30999755859375,674500,89.72000122070312,88.94999694824219,83.87124633789062
15-04-2019,88.12999725341797,89.06999969482422,851700,89.08999633789062,88.66000366210938,83.59781646728516
16-04-2019,87.4800033569336,88.9800033569336,946500,88.9800033569336,87.7699966430664,82.75862121582031
17-04-2019,85.81999969482422,88.12999725341797,1233600,88.37999725341797,86.19000244140625,81.26884460449219
18-04-2019,85.47000122070312,85.91999816894531,1682600,87.04000091552734,86.52999877929688,81.58942413330078
22-04-2019,85.83999633789062,86.44999694824219,548400,86.61000061035156,86.06999969482422,81.15567779541016
23-04-2019,85.94999694824219,86.13999938964844,919600,87.05000305175781,86.94000244140625,81.97602081298828
24-04-2019,86.51000213623047,87.13999938964844,721000,87.54000091552734,86.62000274658203,81.6742935180664
25-04-2019,85.26000213623047,86.5,803800,86.5,85.70999908447266,80.81623840332031
26-04-2019,85.16000366210938,85.38999938964844,830400,86.05000305175781,85.80000305175781,80.9011001586914
29-04-2019,84.91999816894531,85.87999725341797,770700,86.06999969482422,85.45999908447266,80.58052062988281
30-04-2019,85.08999633789062,85.08999633789062,1498200,86.47000122070312,85.73999786376953,80.84452819824219
01-05-2019,78.91000366210938,82.0,3911000,83.19999694824219,80.05999755859375,75.48884582519531
02-05-2019,77.69000244140625,80.13999938964844,1692400,80.23999786376953,78.76000213623047,74.26307678222656
03-05-2019,78.47000122070312,79.26000213623047,949900,79.62999725341797,79.55000305175781,75.00797271728516
06-05-2019,78.0199966430664,78.51000213623047,790500,79.51000213623047,79.30999755859375,74.78164672851562
07-05-2019,77.80999755859375,78.55999755859375,1510900,79.19999694824219,78.37000274658203,73.89533233642578
08-05-2019,78.13999938964844,78.4000015258789,859000,79.16000366210938,78.68000030517578,74.18763732910156
09-05-2019,77.30999755859375,78.05000305175781,972300,78.94000244140625,78.55999755859375,74.0744857788086
10-05-2019,77.76000213623047,78.19000244140625,961300,79.55999755859375,79.30999755859375,74.78164672851562
13-05-2019,76.73999786376953,78.11000061035156,1120500,78.48999786376953,77.27999877929688,72.86758422851562
14-05-2019,76.91999816894531,77.3499984741211,974800,78.44999694824219,77.98999786376953,73.53702545166016
15-05-2019,77.41000366210938,77.69999694824219,832200,79.29000091552734,79.02999877929688,74.51765441894531
16-05-2019,78.94000244140625,78.94999694824219,897800,80.08000183105469,79.41000366210938,74.8759536743164
17-05-2019,77.93000030517578,78.9000015258789,2753600,79.19999694824219,78.13999938964844,73.678466796875
20-05-2019,77.04000091552734,77.80999755859375,1454000,78.1500015258789,77.26000213623047,72.84871673583984
21-05-2019,77.26000213623047,77.4000015258789,993500,78.25,77.69999694824219,73.26358032226562
22-05-2019,76.62999725341797,77.19000244140625,1076000,78.0999984741211,77.2300033569336,72.82042694091797
23-05-2019,76.08000183105469,76.44999694824219,1008900,77.31999969482422,77.30000305175781,72.88642120361328
24-05-2019,77.55000305175781,77.69000244140625,889600,78.25,77.6500015258789,73.21644592285156
28-05-2019,76.66000366210938,77.7699966430664,2018700,77.87000274658203,76.86000061035156,72.47154235839844
29-05-2019,76.13999938964844,76.87000274658203,929500,77.26000213623047,76.37999725341797,72.01895141601562
30-05-2019,76.5199966430664,76.5199966430664,605300,77.44000244140625,77.23999786376953,72.82984924316406
31-05-2019,76.02999877929688,76.6500015258789,967400,76.91000366210938,76.4800033569336,72.1132583618164
03-06-2019,76.19000244140625,76.47000122070312,841200,77.5199966430664,76.69000244140625,72.31127166748047
04-06-2019,76.77999877929688,77.4800033569336,672000,78.31999969482422,78.29000091552734,73.81990051269531
05-06-2019,77.95999908447266,78.9000015258789,1013100,79.30999755859375,78.45999908447266,73.98019409179688
06-06-2019,77.91000366210938,78.41999816894531,948200,78.94999694824219,78.37000274658203,73.89533233642578
07-06-2019,78.19999694824219,79.05999755859375,756200,79.30000305175781,78.94999694824219,74.44220733642578
10-06-2019,79.52999877929688,79.52999877929688,1118900,80.80000305175781,80.16999816894531,75.59255981445312
11-06-2019,80.04000091552734,80.5999984741211,818600,81.23999786376953,80.20999908447266,75.6302719116211
12-06-2019,80.19000244140625,80.4000015258789,999400,80.94000244140625,80.68000030517578,76.07343292236328
13-06-2019,80.0199966430664,80.9000015258789,815100,81.16999816894531,80.48999786376953,75.89429473876953
14-06-2019,79.77999877929688,79.93000030517578,641700,80.7300033569336,79.79000091552734,75.77082824707031
17-06-2019,79.91000366210938,79.94999694824219,948700,80.4000015258789,79.95999908447266,75.93228149414062
18-06-2019,80.43000030517578,80.69000244140625,1487800,81.33999633789062,80.8499984741211,76.7774429321289
19-06-2019,80.56999969482422,80.9000015258789,618400,81.7300033569336,81.62000274658203,77.5086669921875
20-06-2019,81.04000091552734,82.01000213623047,785100,82.73999786376953,81.73999786376953,77.62261199951172
21-06-2019,81.01000213623047,81.66999816894531,1852100,81.95999908447266,81.20999908447266,77.11931610107422
24-06-2019,81.16000366210938,81.41999816894531,579600,81.7300033569336,81.31999969482422,77.22376251220703
25-06-2019,80.0199966430664,81.4800033569336,875000,81.54000091552734,80.19000244140625,76.15068817138672
26-06-2019,80.20999908447266,80.27999877929688,638100,80.94999694824219,80.2300033569336,76.18866729736328
27-06-2019,80.0,80.5,562900,80.7699966430664,80.2699966430664,76.22665405273438
28-06-2019,79.47000122070312,80.08000183105469,2479100,80.12000274658203,79.80000305175781,75.78034210205078
01-07-2019,78.91999816894531,80.4000015258789,1423300,80.83000183105469,79.88999938964844,75.86579132080078
02-07-2019,79.5,79.54000091552734,777200,80.12000274658203,80.02999877929688,75.99874877929688
03-07-2019,79.80000305175781,80.0,536300,80.55999755859375,80.55999755859375,76.5020523071289
05-07-2019,78.51000213623047,80.18000030517578,703700,80.4800033569336,79.75,75.73286437988281
08-07-2019,78.91999816894531,79.4000015258789,748600,79.88999938964844,79.44999694824219,75.4479751586914
09-07-2019,77.5,79.0,811900,79.56999969482422,79.13999938964844,75.15359497070312
10-07-2019,78.38999938964844,79.30000305175781,884200,79.54000091552734,78.73999786376953,74.77371978759766
11-07-2019,78.56999969482422,78.94000244140625,852800,79.18000030517578,78.98999786376953,75.01113891601562
12-07-2019,79.23999786376953,79.37999725341797,771100,79.97000122070312,79.79000091552734,75.77082824707031
15-07-2019,79.20999908447266,79.6500015258789,1059800,80.0,79.83000183105469,75.80883026123047
16-07-2019,79.45999908447266,79.6500015258789,1322800,81.31999969482422,81.05999755859375,76.97686767578125
17-07-2019,80.9800033569336,81.12000274658203,858500,81.81999969482422,81.12000274658203,77.03384399414062
18-07-2019,80.0,80.97000122070312,1001500,82.5,82.0,77.86952209472656
19-07-2019,80.76000213623047,81.55000305175781,1984600,81.7300033569336,81.08000183105469,76.9958724975586
22-07-2019,80.27999877929688,81.06999969482422,936700,81.27999877929688,80.81999969482422,76.74894714355469
23-07-2019,79.83000183105469,81.0,1038700,81.1500015258789,80.37000274658203,76.32162475585938
24-07-2019,79.05999755859375,80.0999984741211,1155300,80.20999908447266,79.48999786376953,75.48595428466797
25-07-2019,78.43000030517578,79.37999725341797,1091600,79.77999877929688,78.54000091552734,74.58380126953125
26-07-2019,78.25,78.51000213623047,1151000,79.16000366210938,78.29000091552734,74.34638977050781
29-07-2019,78.0999984741211,78.16000366210938,1220800,78.94999694824219,78.62000274658203,74.65978240966797
30-07-2019,76.4000015258789,78.23999786376953,1885500,78.58000183105469,76.5999984741211,72.74152374267578
31-07-2019,77.5199966430664,83.25,4002200,83.94999694824219,78.58999633789062,74.63129425048828
01-08-2019,76.19000244140625,78.31999969482422,1856700,78.81999969482422,76.73999786376953,72.87445831298828
02-08-2019,75.08000183105469,76.87000274658203,1076300,77.51000213623047,75.69000244140625,71.87736511230469
05-08-2019,74.29000091552734,75.0,1798900,75.56999969482422,75.3499984741211,71.55450439453125
06-08-2019,75.38999938964844,75.58000183105469,1459400,76.70999908447266,76.6500015258789,72.78901672363281
07-08-2019,75.22000122070312,76.02999877929688,1273600,77.43000030517578,77.26000213623047,73.3682861328125
08-08-2019,77.2699966430664,77.44000244140625,1484300,78.72000122070312,78.6500015258789,74.6882553100586
09-08-2019,78.12999725341797,78.56999969482422,1034300,79.43000030517578,79.04000091552734,75.0586166381836
12-08-2019,77.33999633789062,78.58000183105469,1621900,78.79000091552734,77.80000305175781,73.88108825683594
13-08-2019,77.80000305175781,77.80000305175781,1221300,79.63999938964844,79.08999633789062,75.1061019897461
14-08-2019,76.47000122070312,78.4800033569336,1101100,78.52999877929688,76.51000213623047,72.65605163574219
15-08-2019,76.05999755859375,76.62000274658203,805500,77.0,76.77999877929688,72.91246032714844
16-08-2019,76.68000030517578,77.13999938964844,626800,77.98999786376953,77.16999816894531,73.28280639648438
19-08-2019,77.66999816894531,78.0199966430664,1423000,78.83999633789062,78.19000244140625,74.2514419555664
20-08-2019,77.83000183105469,78.48999786376953,835000,78.83000183105469,78.69999694824219,74.73574829101562
21-08-2019,79.27999877929688,79.30000305175781,907800,80.27999877929688,80.12000274658203,76.08421325683594
22-08-2019,80.05000305175781,80.41000366210938,754600,80.91999816894531,80.27999877929688,76.23615264892578
23-08-2019,78.19000244140625,79.95999908447266,1341400,80.33000183105469,78.36000061035156,74.41287994384766
26-08-2019,78.43000030517578,78.91000366210938,1029200,79.61000061035156,78.95999908447266,74.98263549804688
27-08-2019,79.23999786376953,79.23999786376953,870600,80.04000091552734,79.80999755859375,75.78983306884766
28-08-2019,79.08000183105469,79.70999908447266,840200,80.37999725341797,80.3499984741211,76.30261993408203
29-08-2019,80.5,81.0199966430664,648400,81.2699966430664,80.91999816894531,76.84392547607422
30-08-2019,80.94000244140625,81.44999694824219,945800,81.86000061035156,81.56999969482422,77.461181640625
03-09-2019,80.58000183105469,81.13999938964844,855600,81.45999908447266,81.20999908447266,77.11931610107422
04-09-2019,81.19999694824219,81.29000091552734,1129200,82.72000122070312,82.55000305175781,78.3918228149414
05-09-2019,82.37000274658203,83.70999908447266,919300,83.87999725341797,83.05000305175781,78.86663055419922
06-09-2019,82.81999969482422,83.11000061035156,872400,83.97000122070312,83.45999908447266,79.25596618652344
09-09-2019,83.76000213623047,83.98999786376953,1527600,85.97000122070312,85.13999938964844,80.85135650634766
10-09-2019,83.6500015258789,85.30999755859375,1152700,85.30999755859375,83.91000366210938,79.68331909179688
11-09-2019,83.54000091552734,83.81999969482422,1217500,84.45999908447266,84.16000366210938,79.92071533203125
12-09-2019,84.51000213623047,84.80000305175781,1025900,86.25,85.5199966430664,81.21219635009766
13-09-2019,84.80000305175781,85.29000091552734,599800,85.75,85.33999633789062,81.58504486083984
16-09-2019,84.62000274658203,85.3499984741211,728800,85.72000122070312,85.06999969482422,81.3269271850586
17-09-2019,84.58000183105469,85.05999755859375,708800,85.5199966430664,85.20999908447266,81.46076202392578
18-09-2019,84.86000061035156,84.86000061035156,722600,85.97000122070312,85.93000030517578,82.14909362792969
19-09-2019,85.43000030517578,86.0,620100,86.29000091552734,85.48999786376953,81.72844696044922
20-09-2019,84.5999984741211,85.77999877929688,4620900,85.91000366210938,85.02999877929688,81.28868865966797
23-09-2019,84.37999725341797,85.0,658200,85.2699966430664,84.4800033569336,80.76290130615234
24-09-2019,83.56999969482422,84.58999633789062,760000,85.0,83.80000305175781,80.11280822753906
25-09-2019,82.58999633789062,83.66999816894531,1055800,84.37999725341797,84.20999908447266,80.5047607421875
26-09-2019,83.68000030517578,84.25,734400,84.63999938964844,84.36000061035156,80.64816284179688
27-09-2019,84.44000244140625,84.83000183105469,697800,85.5,84.80999755859375,81.07836151123047
30-09-2019,84.33000183105469,84.7699966430664,723000,85.08999633789062,84.69000244140625,80.96365356445312
01-10-2019,84.04000091552734,85.19000244140625,772700,85.31999969482422,84.48999786376953,80.77244567871094
02-10-2019,82.2699966430664,84.08999633789062,679900,84.19999694824219,82.9000015258789,79.25241088867188
03-10-2019,82.36000061035156,83.0199966430664,709400,83.62999725341797,83.62000274658203,79.94072723388672
04-10-2019,83.43000030517578,83.43000030517578,532700,85.0199966430664,84.97000122070312,81.23133850097656
07-10-2019,84.05000305175781,84.51000213623047,500400,84.98999786376953,84.63999938964844,80.91584014892578
08-10-2019,82.91999816894531,84.36000061035156,522700,84.36000061035156,83.29000091552734,79.62525177001953
09-10-2019,83.43000030517578,83.62000274658203,646600,84.81999969482422,84.61000061035156,80.88717651367188
10-10-2019,83.9000015258789,84.4000015258789,711500,85.66999816894531,85.61000061035156,81.84317016601562
11-10-2019,85.9800033569336,86.52999877929688,872600,87.91000366210938,87.08000183105469,83.24848937988281
14-10-2019,86.18000030517578,86.97000122070312,457000,86.97000122070312,86.62000274658203,82.8087387084961
15-10-2019,85.0199966430664,86.94999694824219,634100,87.2699966430664,86.30000305175781,82.5028076171875
16-10-2019,86.16999816894531,86.37000274658203,721100,87.4000015258789,87.20999908447266,83.37276458740234
17-10-2019,86.87999725341797,87.41000366210938,665000,87.69000244140625,87.48999786376953,83.64045715332031
18-10-2019,86.69000244140625,87.05999755859375,834700,87.61000061035156,87.45999908447266,83.61177062988281
21-10-2019,86.79000091552734,87.58000183105469,675600,87.77999877929688,87.05999755859375,83.22935485839844
22-10-2019,86.69000244140625,86.94999694824219,537800,87.8499984741211,87.41999816894531,83.57353210449219
23-10-2019,86.30999755859375,87.31999969482422,534700,87.48999786376953,86.56999969482422,82.76094055175781
24-10-2019,86.08999633789062,86.55000305175781,450300,86.83000183105469,86.38999938964844,82.5888442993164
25-10-2019,86.30000305175781,86.30000305175781,469200,87.68000030517578,87.2300033569336,83.39188385009766
28-10-2019,86.83999633789062,87.2699966430664,705300,88.1500015258789,87.6500015258789,83.79341888427734
29-10-2019,87.41000366210938,87.41000366210938,912300,88.33999633789062,87.91000366210938,84.0419692993164
30-10-2019,91.2699966430664,93.8499984741211,2894300,96.44000244140625,96.3499984741211,92.11061096191406
31-10-2019,92.95999908447266,95.25,1664300,95.80000305175781,93.75,89.62501525878906
01-11-2019,93.30000305175781,93.80999755859375,1597400,95.69000244140625,94.45999908447266,90.30376434326172
04-11-2019,93.3499984741211,95.22000122070312,1447900,95.9000015258789,94.2300033569336,90.08387756347656
05-11-2019,91.33000183105469,94.0199966430664,1768000,94.58000183105469,93.29000091552734,89.18524169921875
06-11-2019,92.7699966430664,93.41000366210938,1370300,93.9000015258789,93.22000122070312,89.11833190917969
07-11-2019,93.05000305175781,93.73999786376953,1558500,95.0,94.95999908447266,90.78177642822266
08-11-2019,94.73999786376953,95.0,1076100,96.0,95.88999938964844,91.67084503173828
11-11-2019,95.87000274658203,96.08000183105469,1071900,97.5999984741211,96.80000305175781,92.54080963134766
12-11-2019,95.5999984741211,96.98999786376953,1199500,97.29000091552734,96.11000061035156,91.88117218017578
13-11-2019,95.06999969482422,95.9000015258789,614400,96.66999816894531,95.88999938964844,91.67084503173828
14-11-2019,95.6500015258789,95.7300033569336,946000,97.04000091552734,96.75,92.49300384521484
15-11-2019,95.55999755859375,96.5999984741211,939600,96.7300033569336,95.6500015258789,91.44141387939453
18-11-2019,95.0,95.30000305175781,1211000,96.18000030517578,96.0999984741211,91.8716049194336
19-11-2019,95.48999786376953,96.27999877929688,756700,97.18000030517578,96.91999816894531,92.65553283691406
20-11-2019,96.29000091552734,96.62000274658203,801900,97.08000183105469,96.87999725341797,92.61727905273438
21-11-2019,96.87000274658203,97.02999877929688,1473400,98.76000213623047,98.08000183105469,93.76449584960938
22-11-2019,96.45999908447266,98.0999984741211,733200,98.43000030517578,97.19999694824219,92.9231948852539
25-11-2019,97.33999633789062,97.94000244140625,679600,98.31999969482422,97.66000366210938,93.36296844482422
26-11-2019,97.2300033569336,97.7699966430664,1162600,98.31999969482422,98.29000091552734,93.96524810791016
27-11-2019,97.80000305175781,98.66999816894531,571800,98.66999816894531,98.13999938964844,93.82186126708984
29-11-2019,97.4000015258789,97.94999694824219,524900,98.30999755859375,97.69000244140625,93.39164733886719
02-12-2019,96.16999816894531,98.19999694824219,948200,98.44000244140625,96.91999816894531,92.65553283691406
03-12-2019,95.9800033569336,96.12999725341797,1086500,96.91999816894531,96.48999786376953,92.24444580078125
04-12-2019,96.19000244140625,96.63999938964844,856300,97.08000183105469,96.25,92.0150146484375
05-12-2019,95.19999694824219,96.30999755859375,913000,96.58000183105469,95.5999984741211,91.39360809326172
06-12-2019,95.88999938964844,96.12000274658203,725100,96.68000030517578,96.5199966430664,92.27311706542969
09-12-2019,96.51000213623047,96.83999633789062,749600,97.48999786376953,97.0,92.73201751708984
10-12-2019,96.6500015258789,97.20999908447266,891000,98.01000213623047,96.70999908447266,92.45478057861328
11-12-2019,97.0999984741211,97.0999984741211,905100,97.87999725341797,97.58999633789062,93.2960433959961
12-12-2019,97.12000274658203,97.48999786376953,859500,98.75,97.77999877929688,93.47769927978516
13-12-2019,96.5,97.27999877929688,530500,97.69000244140625,97.43000030517578,93.68923950195312
16-12-2019,97.30000305175781,97.5999984741211,856700,98.16999816894531,97.79000091552734,94.0354232788086
17-12-2019,96.55000305175781,97.4800033569336,737300,98.0,97.87999725341797,94.12196350097656
18-12-2019,97.16999816894531,97.8499984741211,910700,98.20999908447266,97.47000122070312,93.72769927978516
19-12-2019,97.2300033569336,97.55999755859375,971800,98.16999816894531,97.63999938964844,93.89116668701172
20-12-2019,97.52999877929688,98.22000122070312,2049000,98.83999633789062,98.68000030517578,94.89124298095703
23-12-2019,98.20999908447266,98.6500015258789,486000,99.26000213623047,98.58999633789062,94.80470275878906
24-12-2019,97.95999908447266,98.58999633789062,164100,98.69000244140625,98.44000244140625,94.66046905517578
26-12-2019,97.86000061035156,98.44999694824219,666200,98.5999984741211,98.06999969482422,94.3046646118164
27-12-2019,97.62999725341797,98.01000213623047,482600,98.58000183105469,98.5199966430664,94.73738098144531
30-12-2019,97.62999725341797,98.47000122070312,429500,98.62999725341797,97.94999694824219,94.18927764892578
31-12-2019,97.45999908447266,97.69000244140625,794500,97.97000122070312,97.55999755859375,93.81424713134766
02-01-2020,97.37999725341797,97.62000274658203,828000,98.47000122070312,98.33999633789062,94.56430053710938
03-01-2020,97.2699966430664,97.2699966430664,503800,98.16999816894531,97.70999908447266,93.95848083496094
06-01-2020,96.76000213623047,97.4000015258789,686200,98.05999755859375,97.69000244140625,93.93925476074219
07-01-2020,97.22000122070312,97.75,781200,98.05000305175781,97.54000091552734,93.79501342773438
08-01-2020,96.95999908447266,97.47000122070312,1080000,98.02999877929688,97.0,93.2757568359375
09-01-2020,96.87999725341797,97.66999816894531,750100,97.79000091552734,97.4000015258789,93.66039276123047
10-01-2020,96.41000366210938,97.52999877929688,387800,97.58000183105469,96.5,92.79495239257812
13-01-2020,96.69999694824219,96.97000122070312,559500,97.5999984741211,97.58999633789062,93.84309387207031
14-01-2020,96.91000366210938,97.4000015258789,788800,97.62000274658203,97.29000091552734,93.55462646484375
15-01-2020,96.95999908447266,97.81999969482422,736400,97.87000274658203,97.19000244140625,93.45846557617188
16-01-2020,97.63999938964844,97.75,699800,98.7300033569336,98.47000122070312,94.68931579589844
17-01-2020,98.05999755859375,98.4000015258789,1855000,99.23999786376953,99.04000091552734,95.23743438720703
21-01-2020,98.95999908447266,99.1500015258789,1115200,101.1500015258789,100.58999633789062,96.72792053222656
22-01-2020,100.08000183105469,100.97000122070312,502800,101.30999755859375,100.22000122070312,96.37212371826172
23-01-2020,99.63999938964844,100.11000061035156,500200,100.80999755859375,100.55999755859375,96.69906616210938
24-01-2020,99.1500015258789,100.62000274658203,423400,100.97000122070312,99.58999633789062,95.76630401611328
27-01-2020,97.51000213623047,98.26000213623047,923700,99.12000274658203,98.43000030517578,94.65084838867188
28-01-2020,99.0199966430664,99.73999786376953,826100,102.41999816894531,101.91999816894531,98.0068588256836
29-01-2020,100.51000213623047,102.3499984741211,568100,102.3499984741211,100.52999877929688,96.67021942138672
30-01-2020,98.18000030517578,99.87000274658203,516500,100.16999816894531,99.31999969482422,95.50666809082031
31-01-2020,96.83999633789062,98.97000122070312,618600,99.19999694824219,96.94999694824219,93.22766876220703
03-02-2020,97.4000015258789,97.5199966430664,702700,98.91000366210938,98.12000274658203,94.3527603149414
04-02-2020,98.70999908447266,99.29000091552734,585300,99.75,98.8499984741211,95.05471801757812
05-02-2020,97.69999694824219,99.20999908447266,775800,99.9800033569336,98.04000091552734,94.27582550048828
06-02-2020,97.77999877929688,98.45999908447266,615500,98.7300033569336,97.8499984741211,94.0931167602539
07-02-2020,95.91999816894531,97.66999816894531,734400,97.9800033569336,96.19999694824219,92.5064697265625
10-02-2020,95.8499984741211,96.0199966430664,591100,98.0999984741211,97.70999908447266,93.95848083496094
11-02-2020,97.38999938964844,97.58000183105469,463400,98.26000213623047,98.04000091552734,94.27582550048828
12-02-2020,96.94000244140625,98.0999984741211,391300,99.0,97.80999755859375,94.05464935302734
13-02-2020,97.19999694824219,97.55000305175781,474400,98.5,98.30000305175781,94.52583312988281
14-02-2020,97.56999969482422,98.13999938964844,373900,98.44999694824219,98.18000030517578,94.41045379638672
18-02-2020,96.83999633789062,98.44000244140625,1222700,98.72000122070312,97.12000274658203,93.39114379882812
19-02-2020,101.77999877929688,103.87000274658203,2959100,105.58000183105469,103.66999816894531,99.68966674804688
20-02-2020,98.41000366210938,103.5,1307800,103.94999694824219,99.80999755859375,95.97785949707031
21-02-2020,96.5,99.33000183105469,944000,99.62000274658203,96.58000183105469,92.87187957763672
24-02-2020,92.81999969482422,94.47000122070312,1044300,95.69999694824219,95.36000061035156,91.69872283935547
25-02-2020,91.2300033569336,95.45999908447266,1183700,96.54000091552734,92.0,88.46772766113281
26-02-2020,90.31999969482422,91.44999694824219,970800,93.54000091552734,90.37999725341797,86.90992736816406
27-02-2020,88.51000213623047,89.58999633789062,1346200,91.26000213623047,89.27999877929688,85.85215759277344
28-02-2020,85.44000244140625,87.7300033569336,2043500,88.86000061035156,88.38999938964844,84.99632263183594
02-03-2020,89.4000015258789,90.0,1475000,93.55000305175781,93.47000122070312,89.88128662109375
03-03-2020,89.38999938964844,93.61000061035156,1399600,94.94000244140625,90.06999969482422,86.61182403564453
04-03-2020,90.0999984741211,91.43000030517578,881600,93.5199966430664,93.41000366210938,89.82359313964844
05-03-2020,87.12999725341797,91.12999725341797,1512800,91.44000244140625,89.37999725341797,85.94831848144531
06-03-2020,84.95999908447266,86.83000183105469,1114700,87.9800033569336,87.5199966430664,84.15972137451172
09-03-2020,79.55999755859375,81.83999633789062,1173800,83.66000366210938,81.16000366210938,78.04393005371094
10-03-2020,81.02999877929688,83.36000061035156,1289400,84.77999877929688,84.41999816894531,81.17874908447266
11-03-2020,79.47000122070312,82.3499984741211,1103500,83.04000091552734,80.51000213623047,77.41886901855469
12-03-2020,72.37999725341797,75.94999694824219,1602900,77.86000061035156,72.87999725341797,70.08181762695312
13-03-2020,73.25,75.06999969482422,1430200,77.72000122070312,77.33999633789062,74.95682525634766
16-03-2020,67.5,69.0,1940400,73.5,70.8499984741211,68.66681671142578
17-03-2020,70.6500015258789,71.7300033569336,1600300,75.7300033569336,73.93000030517578,71.65190124511719
18-03-2020,65.62000274658203,70.38999938964844,1270500,71.95999908447266,71.70999908447266,69.50031280517578
19-03-2020,68.83999633789062,71.38999938964844,1091200,73.52999877929688,70.11000061035156,67.94962310791016
20-03-2020,65.70999908447266,70.8499984741211,1709000,70.8499984741211,66.02999877929688,63.995330810546875
23-03-2020,61.040000915527344,65.91000366210938,1658400,65.91000366210938,63.630001068115234,61.66928482055664
24-03-2020,65.22000122070312,66.63999938964844,1219900,70.80999755859375,70.37000274658203,68.20160675048828
25-03-2020,66.47000122070312,70.44999694824219,1551400,73.79000091552734,71.70999908447266,69.50031280517578
26-03-2020,71.08000183105469,72.16000366210938,1469500,74.94999694824219,74.2300033569336,71.94266510009766
27-03-2020,70.26000213623047,72.04000091552734,1260700,76.18000030517578,73.52999877929688,71.26422882080078
30-03-2020,72.41000366210938,73.87000274658203,1117700,77.2300033569336,76.69000244140625,74.32686614990234
31-03-2020,74.56999969482422,76.04000091552734,1023300,76.9800033569336,74.95999908447266,72.6501693725586
01-04-2020,70.20999908447266,71.98999786376953,1244300,74.4800033569336,71.41000366210938,69.20956420898438
02-04-2020,70.62999725341797,70.91000366210938,1345900,73.66000366210938,73.45999908447266,71.1963882446289
03-04-2020,70.6500015258789,73.3499984741211,1112400,74.0999984741211,71.55999755859375,69.35492706298828
06-04-2020,74.11000061035156,74.3499984741211,1387900,76.18000030517578,75.44000244140625,73.11537170410156
07-04-2020,73.62999725341797,77.5199966430664,1484200,78.4800033569336,74.2300033569336,71.94266510009766
08-04-2020,74.05000305175781,74.69000244140625,1106100,77.7300033569336,77.36000061035156,74.97621154785156
09-04-2020,77.61000061035156,78.7699966430664,1327000,79.73999786376953,78.6500015258789,76.2264633178711
13-04-2020,76.83999633789062,78.56999969482422,1060200,78.56999969482422,77.81999969482422,75.42203521728516
14-04-2020,78.91999816894531,79.22000122070312,1030300,82.41000366210938,81.98999786376953,79.46353912353516
15-04-2020,77.6500015258789,79.94000244140625,1090000,80.41000366210938,77.93000030517578,75.52864837646484
16-04-2020,77.31999969482422,78.12999725341797,1122200,79.08000183105469,78.66000366210938,76.23616027832031
17-04-2020,80.5199966430664,80.9800033569336,2604900,83.25,82.11000061035156,79.57984924316406
20-04-2020,79.52999877929688,81.41000366210938,863600,81.73999786376953,80.05000305175781,77.58332824707031
21-04-2020,77.7300033569336,78.56999969482422,913100,79.45999908447266,78.04000091552734,75.63526153564453
22-04-2020,78.51000213623047,79.56999969482422,622700,79.94999694824219,78.95999908447266,76.52690887451172
23-04-2020,78.66999816894531,78.66999816894531,661300,80.52999877929688,79.30000305175781,76.8564453125
24-04-2020,78.37999725341797,79.7300033569336,719200,80.3499984741211,78.91999816894531,76.4881362915039
27-04-2020,78.29000091552734,78.77999877929688,994100,81.25,80.73999786376953,78.2520523071289
28-04-2020,81.69999694824219,82.2699966430664,1092000,83.97000122070312,83.4000015258789,80.83009338378906
29-04-2020,82.61000061035156,86.05000305175781,1778600,87.5,82.91000366210938,80.35519409179688
30-04-2020,79.62000274658203,82.25,1527400,82.36000061035156,81.16000366210938,78.65912628173828
01-05-2020,79.22000122070312,79.73999786376953,1089200,81.16000366210938,79.80999755859375,77.3507080078125
04-05-2020,78.76000213623047,79.11000061035156,1029600,80.05999755859375,79.72000122070312,77.26348876953125
05-05-2020,79.91000366210938,80.18000030517578,1014400,81.79000091552734,80.76000213623047,78.27145385742188
06-05-2020,78.63999938964844,81.29000091552734,813400,81.75,78.7300033569336,76.30399322509766
07-05-2020,77.9800033569336,79.2699966430664,950000,80.18000030517578,78.04000091552734,75.63526153564453
08-05-2020,78.51000213623047,79.5,1063900,81.4800033569336,81.33999633789062,78.83356475830078
11-05-2020,80.0,80.4800033569336,722200,81.72000122070312,80.83000183105469,78.33928680419922
12-05-2020,79.41999816894531,81.02999877929688,643600,81.68000030517578,79.41999816894531,76.97273254394531
13-05-2020,77.01000213623047,78.9800033569336,968900,79.26000213623047,78.16999816894531,75.7612533569336
14-05-2020,76.0199966430664,77.3499984741211,1062800,77.6500015258789,77.30000305175781,74.91806030273438
15-05-2020,76.51000213623047,77.30000305175781,2454700,79.30000305175781,78.02999877929688,75.62555694580078
18-05-2020,79.63999938964844,80.13999938964844,877200,82.33000183105469,81.88999938964844,79.36661529541016
19-05-2020,81.56999969482422,82.05000305175781,960100,83.20999908447266,82.05000305175781,79.52169799804688
20-05-2020,82.41999816894531,82.81999969482422,962500,84.05999755859375,83.87000274658203,81.28561401367188
21-05-2020,83.58999633789062,83.87000274658203,774100,84.9000015258789,84.19999694824219,81.60543823242188
22-05-2020,83.62999725341797,83.86000061035156,688800,84.48999786376953,83.88999938964844,81.30499267578125
26-05-2020,85.20999908447266,85.20999908447266,946000,87.48999786376953,86.62999725341797,83.9605712890625
27-05-2020,86.6500015258789,87.5,1061700,88.62999725341797,88.12999725341797,85.41434478759766
28-05-2020,88.45999908447266,89.51000213623047,2095300,91.43000030517578,90.91000366210938,88.10868072509766
29-05-2020,89.63999938964844,90.68000030517578,2731700,91.12999725341797,90.16999816894531,87.3914794921875
01-06-2020,89.80000305175781,90.38999938964844,951200,91.91999816894531,90.54000091552734,87.75008392333984
02-06-2020,90.5,90.8499984741211,1003100,92.55000305175781,92.44000244140625,89.5915298461914
03-06-2020,92.63999938964844,93.48999786376953,1356900,96.51000213623047,95.72000122070312,92.77046203613281
04-06-2020,92.87000274658203,95.37999725341797,1226700,95.43000030517578,93.2699966430664,90.39595794677734
05-06-2020,94.16999816894531,95.62999725341797,1116700,97.27999877929688,96.52999877929688,93.55550384521484
08-06-2020,96.62000274658203,96.62000274658203,1100200,99.33999633789062,99.30000305175781,96.24014282226562
09-06-2020,97.13999938964844,98.12999725341797,830000,98.91000366210938,98.12999725341797,95.10619354248047
10-06-2020,96.33000183105469,98.54000091552734,868500,98.54000091552734,96.94000244140625,93.95287322998047
11-06-2020,91.30000305175781,94.7699966430664,928200,94.87000274658203,91.41999816894531,88.60295867919922
12-06-2020,90.12000274658203,92.62999725341797,627000,93.5,91.66999816894531,89.44206237792969
15-06-2020,90.5999984741211,91.69999694824219,951400,94.01000213623047,93.56999969482422,91.29589080810547
16-06-2020,92.77999877929688,95.56999969482422,1059000,95.95999908447266,95.06999969482422,92.7594223022461
17-06-2020,94.9800033569336,95.80999755859375,838900,96.5199966430664,95.97000122070312,93.63755798339844
18-06-2020,94.41999816894531,95.2300033569336,729900,95.9800033569336,95.18000030517578,92.86675262451172
19-06-2020,94.80999755859375,96.73999786376953,3615800,98.33999633789062,98.33999633789062,95.949951171875
22-06-2020,96.0,97.2300033569336,1463900,98.69999694824219,97.52999877929688,95.15963745117188
23-06-2020,97.70999908447266,98.20999908447266,928700,98.94999694824219,97.7300033569336,95.35478973388672
24-06-2020,94.30999755859375,96.7300033569336,765700,97.2300033569336,95.29000091552734,92.97408294677734
25-06-2020,94.05999755859375,94.7300033569336,591500,96.31999969482422,96.2300033569336,93.8912353515625
26-06-2020,94.37999725341797,96.0,872100,96.36000061035156,94.86000061035156,92.55452728271484
29-06-2020,94.56999969482422,94.9000015258789,1559000,96.2300033569336,96.1500015258789,93.81317901611328
30-06-2020,96.18000030517578,96.66999816894531,1003500,98.06999969482422,97.5,95.13037109375
01-07-2020,97.04000091552734,98.01000213623047,780000,98.63999938964844,97.12999725341797,94.76935577392578
02-07-2020,97.13999938964844,98.05999755859375,577700,98.79000091552734,97.52999877929688,95.15963745117188
06-07-2020,98.20999908447266,98.80000305175781,819600,99.44999694824219,99.08000183105469,96.67196655273438
07-07-2020,97.9000015258789,98.0199966430664,580800,99.55000305175781,98.72000122070312,96.32071685791016
08-07-2020,97.36000061035156,99.02999877929688,547900,99.3499984741211,98.18000030517578,95.79385375976562
09-07-2020,96.05000305175781,98.25,758100,98.48999786376953,96.91999816894531,94.56446075439453
10-07-2020,95.2699966430664,96.62999725341797,779500,97.13999938964844,97.08999633789062,94.73033905029297
13-07-2020,96.36000061035156,97.75,809900,98.63999938964844,96.48999786376953,94.14490509033203
14-07-2020,95.33000183105469,95.77999877929688,724000,97.95999908447266,97.83999633789062,95.46209716796875
15-07-2020,97.83000183105469,97.83000183105469,785600,99.79000091552734,99.44999694824219,97.03297424316406
16-07-2020,99.19000244140625,99.4000015258789,1257000,101.41000366210938,101.04000091552734,98.58433532714844
17-07-2020,99.12999725341797,100.9000015258789,1191900,101.0,100.41999816894531,97.97940063476562
20-07-2020,99.44999694824219,100.4000015258789,648800,100.43000030517578,100.19999694824219,97.7647476196289
21-07-2020,99.75,100.0,693900,100.77999877929688,99.80999755859375,97.38422393798828
22-07-2020,99.79000091552734,99.81999969482422,768800,101.45999908447266,101.3499984741211,98.88679504394531
23-07-2020,99.5,101.41000366210938,687700,102.4000015258789,100.19999694824219,97.7647476196289
24-07-2020,96.18000030517578,97.0,1806700,99.22000122070312,96.73999786376953,94.38883209228516
27-07-2020,94.51000213623047,94.83999633789062,1657200,100.70999908447266,100.29000091552734,97.8525619506836
28-07-2020,98.66999816894531,100.6500015258789,1548100,100.68000030517578,99.36000061035156,96.9451675415039
29-07-2020,95.0199966430664,103.12000274658203,1807000,103.98999786376953,98.77999877929688,96.37925720214844
30-07-2020,97.08999633789062,97.58000183105469,1160700,100.52999877929688,100.01000213623047,97.57936096191406
31-07-2020,97.08000183105469,100.01000213623047,983600,100.16000366210938,98.58999633789062,96.19387817382812
03-08-2020,98.69999694824219,99.12000274658203,951700,100.5199966430664,99.97000122070312,97.54033660888672
04-08-2020,99.18000030517578,99.69999694824219,829300,100.0999984741211,99.94000244140625,97.51106262207031
05-08-2020,100.12000274658203,100.38999938964844,938800,102.62000274658203,102.36000061035156,99.87225341796875
06-08-2020,100.9800033569336,102.08999633789062,592000,102.62000274658203,102.33000183105469,99.84298706054688
07-08-2020,101.44999694824219,102.29000091552734,681200,102.4800033569336,101.88999938964844,99.4136734008789
10-08-2020,101.52999877929688,101.77999877929688,805500,102.30000305175781,102.11000061035156,99.62833404541016
11-08-2020,101.30999755859375,102.45999908447266,871000,103.44000244140625,101.5,99.03315734863281
12-08-2020,101.43000030517578,101.81999969482422,619900,103.55000305175781,103.27999877929688,100.76990509033203
13-08-2020,102.76000213623047,103.23999786376953,987200,104.91000366210938,104.62000274658203,102.07732391357422
14-08-2020,103.66999816894531,104.43000030517578,607900,104.68000030517578,104.27999877929688,101.7455825805664
17-08-2020,104.05000305175781,104.63999938964844,558300,104.97000122070312,104.4800033569336,101.94072723388672
18-08-2020,103.62000274658203,104.72000122070312,669800,104.72000122070312,104.22000122070312,101.6870346069336
19-08-2020,103.9000015258789,104.5999984741211,790600,105.5,103.98999786376953,101.46263122558594
20-08-2020,102.30000305175781,103.47000122070312,607900,103.5,102.94000244140625,100.43816375732422
21-08-2020,102.27999877929688,102.98999786376953,768500,103.12999725341797,102.43000030517578,99.94055938720703
24-08-2020,102.86000061035156,102.86000061035156,688800,103.9000015258789,103.63999938964844,101.12113952636719
25-08-2020,103.1500015258789,104.47000122070312,510900,104.47000122070312,103.63999938964844,101.12113952636719
26-08-2020,103.41000366210938,103.81999969482422,724400,104.76000213623047,104.66999816894531,102.12610626220703
27-08-2020,102.43000030517578,105.26000213623047,845800,105.33000183105469,102.56999969482422,100.0771484375
28-08-2020,102.66000366210938,103.5199966430664,545400,103.87000274658203,103.76000213623047,101.23822021484375
31-08-2020,103.12000274658203,103.62000274658203,770100,104.56999969482422,103.61000061035156,101.09187316894531
01-09-2020,102.75,103.41999816894531,695700,104.04000091552734,104.0,101.47239685058594
02-09-2020,103.5999984741211,104.4800033569336,772700,106.0,105.80999755859375,103.2384033203125
03-09-2020,100.87999725341797,105.95999908447266,858400,105.98999786376953,101.30999755859375,98.84777069091797
04-09-2020,100.33000183105469,102.30999755859375,906300,102.91000366210938,101.7300033569336,99.257568359375
08-09-2020,99.16000366210938,100.93000030517578,883200,101.11000061035156,99.36000061035156,96.9451675415039
09-09-2020,100.43000030517578,100.62000274658203,681400,102.05000305175781,101.13999938964844,98.6819076538086
10-09-2020,98.91999816894531,102.0999984741211,815500,102.3499984741211,99.4000015258789,96.98419952392578
11-09-2020,99.58000183105469,100.38999938964844,657700,100.94999694824219,100.05000305175781,97.61840057373047
14-09-2020,99.12000274658203,100.01000213623047,642700,100.1500015258789,99.69999694824219,97.87362670898438
15-09-2020,99.83000183105469,100.30999755859375,600300,101.30000305175781,99.9800033569336,98.14850616455078
16-09-2020,98.20999908447266,100.20999908447266,773900,100.51000213623047,98.38999938964844,96.5876235961914
17-09-2020,96.97000122070312,97.91999816894531,742000,98.8499984741211,98.19999694824219,96.40111541748047
18-09-2020,96.12000274658203,98.41999816894531,1403100,99.23999786376953,96.33000183105469,94.56537628173828
21-09-2020,93.2300033569336,95.44000244140625,879000,95.44000244140625,94.26000213623047,92.53328704833984
22-09-2020,93.62999725341797,94.02999877929688,960000,95.38999938964844,95.13999938964844,93.39716339111328
23-09-2020,93.20999908447266,96.12000274658203,826500,96.30999755859375,93.45999908447266,91.74793243408203
24-09-2020,92.19000244140625,93.18000030517578,640400,95.41000366210938,92.68000030517578,90.98223114013672
25-09-2020,91.83999633789062,92.41999816894531,536100,93.87000274658203,93.55000305175781,91.83629608154297
28-09-2020,93.95999908447266,94.91000366210938,550600,95.80999755859375,95.37999725341797,93.63277435302734
29-09-2020,94.86000061035156,95.58000183105469,487600,95.77999877929688,95.01000213623047,93.26953887939453
30-09-2020,94.37000274658203,95.33999633789062,750800,95.83999633789062,94.86000061035156,93.1222915649414
01-10-2020,94.3499984741211,95.77999877929688,627800,95.93000030517578,94.68000030517578,92.94559478759766
02-10-2020,93.73999786376953,93.75,501700,95.75,94.93000030517578,93.19100952148438
05-10-2020,95.54000091552734,95.73999786376953,562900,96.66000366210938,96.54000091552734,94.77152252197266
06-10-2020,94.91999816894531,96.54000091552734,581400,97.18000030517578,95.1500015258789,93.40699005126953
07-10-2020,95.80000305175781,95.87000274658203,586900,97.19999694824219,96.91999816894531,95.1445541381836
08-10-2020,96.91999816894531,97.51000213623047,491900,98.20999908447266,98.12999725341797,96.33238983154297
09-10-2020,98.31999969482422,98.47000122070312,539100,99.44999694824219,98.81999969482422,97.00975799560547
12-10-2020,98.73999786376953,99.2699966430664,412300,99.48999786376953,99.06999969482422,97.25517272949219
13-10-2020,98.0199966430664,98.73999786376953,395300,99.33000183105469,98.80999755859375,96.99993896484375
14-10-2020,97.66000366210938,99.01000213623047,440400,99.33999633789062,98.48999786376953,96.685791015625
15-10-2020,97.3499984741211,97.69999694824219,369400,99.27999877929688,99.02999877929688,97.21591186523438
16-10-2020,98.6500015258789,98.98999786376953,808000,99.87999725341797,99.12000274658203,97.30425262451172
19-10-2020,97.44999694824219,99.58000183105469,468400,100.33999633789062,97.72000122070312,95.9299087524414
20-10-2020,97.8499984741211,98.33000183105469,500100,100.16999816894531,98.79000091552734,96.98030090332031
21-10-2020,97.58999633789062,99.0199966430664,428500,99.62999725341797,98.38999938964844,96.5876235961914
22-10-2020,98.29000091552734,98.29000091552734,485700,99.58000183105469,99.04000091552734,97.2257308959961
23-10-2020,99.01000213623047,99.6500015258789,701000,100.93000030517578,100.83999633789062,98.99274444580078
26-10-2020,98.58000183105469,100.02999877929688,730100,100.23999786376953,99.41999816894531,97.5987548828125
27-10-2020,98.52999877929688,99.19999694824219,575700,100.16000366210938,98.61000061035156,96.80359649658203
28-10-2020,97.47000122070312,100.12000274658203,1444800,101.66999816894531,97.56999969482422,95.78265380859375
29-10-2020,97.5199966430664,97.5199966430664,1103600,102.33000183105469,100.7300033569336,98.884765625
30-10-2020,101.2300033569336,101.37999725341797,1946600,105.23999786376953,104.0199966430664,102.11449432373047
02-11-2020,105.0199966430664,105.08999633789062,2065600,109.9000015258789,109.88999938964844,107.87696838378906
03-11-2020,109.41000366210938,111.30000305175781,1914900,111.77999877929688,110.62000274658203,108.59359741210938
04-11-2020,110.16999816894531,111.12000274658203,1159300,113.06999969482422,111.26000213623047,109.22187042236328
05-11-2020,111.5,112.0,1725600,114.43000030517578,113.2699966430664,111.19505310058594
06-11-2020,113.20999908447266,113.5999984741211,1009700,116.29000091552734,115.19000244140625,113.07987976074219
09-11-2020,115.18000030517578,120.29000091552734,1666300,120.41999816894531,115.2699966430664,113.15840911865234
10-11-2020,113.36000061035156,113.94000244140625,1200000,114.94000244140625,114.18000030517578,112.08837890625
11-11-2020,114.18000030517578,114.88999938964844,713900,115.87999725341797,114.81999969482422,112.71665954589844
12-11-2020,113.25,115.41000366210938,634800,115.63999938964844,113.75,111.66625213623047
13-11-2020,113.79000091552734,114.05000305175781,595600,115.68000030517578,115.62999725341797,113.51181030273438
16-11-2020,116.1500015258789,117.0199966430664,862000,117.70999908447266,117.51000213623047,115.35738372802734
17-11-2020,116.56999969482422,117.16999816894531,606700,117.55999755859375,117.33000183105469,115.18067932128906
18-11-2020,114.26000213623047,117.33999633789062,818500,117.33999633789062,114.30000305175781,112.20618438720703
19-11-2020,112.81999969482422,114.69000244140625,571200,115.4000015258789,114.29000091552734,112.19637298583984
20-11-2020,113.5,114.48999786376953,653000,115.20999908447266,114.48999786376953,112.3927001953125
23-11-2020,114.06999969482422,114.88999938964844,578100,115.37999725341797,114.66000366210938,112.5595932006836
24-11-2020,114.5999984741211,115.72000122070312,676400,117.2699966430664,116.45999908447266,114.32661437988281
25-11-2020,115.06999969482422,116.29000091552734,678500,116.70999908447266,116.37000274658203,114.23826599121094
27-11-2020,116.37999725341797,116.80999755859375,399400,118.01000213623047,117.05000305175781,114.90580749511719
30-11-2020,114.30999755859375,116.12999725341797,1162400,117.06999969482422,116.76000213623047,114.62112426757812
01-12-2020,117.25,117.6500015258789,1008800,119.98999786376953,119.80000305175781,117.60543060302734
02-12-2020,117.79000091552734,120.0,639300,120.0,118.4800033569336,116.30961608886719
03-12-2020,118.23999786376953,118.23999786376953,559700,119.5999984741211,119.23999786376953,117.0556869506836
04-12-2020,118.75,119.0,803700,121.73999786376953,121.33999633789062,119.1172103881836
07-12-2020,120.2699966430664,120.69999694824219,769500,122.3499984741211,121.30000305175781,119.07795715332031
08-12-2020,120.27999877929688,121.25,715600,122.98999786376953,122.8499984741211,120.59955596923828
09-12-2020,117.91999816894531,123.55000305175781,1245200,123.55000305175781,119.44999694824219,117.2618408203125
10-12-2020,118.01000213623047,118.94000244140625,623900,119.94999694824219,118.5999984741211,116.42741394042969
11-12-2020,118.04000091552734,118.44999694824219,559600,119.2300033569336,118.94000244140625,116.76118469238281
14-12-2020,117.20999908447266,119.20999908447266,723700,119.4800033569336,117.20999908447266,115.6560287475586
15-12-2020,117.58999633789062,118.16000366210938,561600,119.2699966430664,119.19000244140625,117.60977935791016
16-12-2020,117.72000122070312,118.88999938964844,686600,119.51000213623047,118.33000183105469,116.76118469238281
17-12-2020,117.62000274658203,118.44999694824219,822600,119.6500015258789,118.62999725341797,117.05720520019531
18-12-2020,118.45999908447266,118.81999969482422,2004100,119.83999633789062,119.48999786376953,117.90579986572266
21-12-2020,116.62999725341797,118.37999725341797,810400,118.5,118.18000030517578,116.61317443847656
22-12-2020,117.66000366210938,118.3499984741211,650300,119.45999908447266,119.13999938964844,117.56044006347656
23-12-2020,119.7699966430664,119.7699966430664,587900,121.37000274658203,120.23999786376953,118.6458511352539
24-12-2020,119.2300033569336,120.68000030517578,166100,120.68000030517578,120.20999908447266,118.61625671386719
28-12-2020,120.29000091552734,120.38999938964844,321100,121.52999877929688,120.7300033569336,119.12936401367188
29-12-2020,119.0,121.0999984741211,276700,121.4800033569336,119.37999725341797,117.79725646972656
30-12-2020,118.8499984741211,119.54000091552734,278100,120.0199966430664,119.5199966430664,117.9354019165039
31-12-2020,118.69000244140625,119.19000244140625,324300,119.80000305175781,119.66000366210938,118.07354736328125
04-01-2021,117.87000274658203,119.79000091552734,785000,120.6500015258789,118.80000305175781,117.2249526977539
05-01-2021,117.20999908447266,118.12999725341797,715600,118.93000030517578,118.55999755859375,116.98812866210938
06-01-2021,117.91999816894531,118.69000244140625,921200,119.66999816894531,119.4800033569336,117.89593505859375
07-01-2021,119.6500015258789,119.7699966430664,662900,122.75,121.55999755859375,119.94834899902344
08-01-2021,120.70999908447266,122.44000244140625,564100,122.94000244140625,121.9800033569336,120.36279296875
11-01-2021,120.79000091552734,121.38999938964844,434800,122.44000244140625,121.2300033569336,119.62274169921875
12-01-2021,120.86000061035156,121.33000183105469,508800,122.2300033569336,122.0199966430664,120.40225982666016
13-01-2021,120.37999725341797,122.22000122070312,546200,122.36000061035156,120.79000091552734,119.18856811523438
14-01-2021,120.30000305175781,122.04000091552734,518100,122.04000091552734,120.87999725341797,119.2773666381836
15-01-2021,119.83999633789062,120.43000030517578,1004400,121.58999633789062,121.01000213623047,119.40565490722656
19-01-2021,120.68000030517578,121.4000015258789,687900,123.36000061035156,122.69000244140625,121.0633773803711
20-01-2021,122.69000244140625,122.88999938964844,708000,125.0,123.9800033569336,122.33627319335938
21-01-2021,123.08000183105469,124.16000366210938,481600,124.62999725341797,123.77999877929688,122.13892364501953
22-01-2021,122.3499984741211,123.01000213623047,462800,124.13999938964844,123.83000183105469,122.18826293945312
25-01-2021,122.38999938964844,123.91999816894531,504400,124.80999755859375,123.5199966430664,121.88236999511719
26-01-2021,121.26000213623047,123.44000244140625,479800,123.5,121.41000366210938,119.80034637451172
27-01-2021,116.4800033569336,120.68000030517578,775800,120.68000030517578,117.30999755859375,115.75470733642578
28-01-2021,116.80999755859375,117.08999633789062,621300,119.37999725341797,117.47000122070312,115.91259002685547
29-01-2021,113.58999633789062,117.16000366210938,1069500,117.16000366210938,114.86000061035156,113.33718872070312
01-02-2021,115.12000274658203,115.19999694824219,616200,117.56999969482422,117.36000061035156,115.80403900146484
02-02-2021,117.66999816894531,118.41000366210938,787400,119.29000091552734,118.87000274658203,117.29402923583984
03-02-2021,118.12000274658203,118.55000305175781,444000,119.6500015258789,118.94000244140625,117.36309814453125
04-02-2021,118.55000305175781,119.5,461200,119.98999786376953,119.2699966430664,117.68871307373047
05-02-2021,119.44000244140625,119.87000274658203,480300,120.94000244140625,120.33000183105469,118.73466491699219
08-02-2021,119.79000091552734,120.36000061035156,1218500,124.9800033569336,124.13999938964844,122.49414825439453
09-02-2021,123.20999908447266,124.66999816894531,1255400,127.1500015258789,126.12000274658203,124.44790649414062
10-02-2021,126.30999755859375,127.56999969482422,997900,129.25999450683594,128.1199951171875,126.42137145996094
11-02-2021,128.2899932861328,128.9499969482422,719100,130.36000061035156,129.42999267578125,127.71400451660156
12-02-2021,129.5,130.11000061035156,692000,131.39999389648438,130.6999969482422,128.96717834472656
16-02-2021,131.0500030517578,131.3699951171875,1334800,133.42999267578125,132.47999572753906,130.7235870361328
17-02-2021,128.47000122070312,132.1999969482422,1583400,132.9600067138672,129.50999450683594,127.7929458618164
18-02-2021,126.73999786376953,129.5500030517578,1296100,131.4199981689453,127.5999984741211,125.90827941894531
19-02-2021,127.66000366210938,128.02999877929688,886400,128.91000366210938,128.00999450683594,126.3128433227539
22-02-2021,127.33000183105469,127.98999786376953,771400,128.22000122070312,127.6500015258789,125.95761108398438
23-02-2021,124.25,126.08000183105469,1032300,127.0999984741211,126.02999877929688,124.35909271240234
24-02-2021,125.16999816894531,125.48999786376953,626800,129.24000549316406,128.4499969482422,126.74700927734375
25-02-2021,123.88999938964844,128.24000549316406,552400,128.44000244140625,124.33999633789062,122.69149780273438
26-02-2021,123.5199966430664,124.16999816894531,939800,125.55999755859375,124.0199966430664,122.37574005126953
01-03-2021,125.06999969482422,125.19000244140625,894200,129.02999877929688,128.27000427246094,126.56940460205078
02-03-2021,126.56999969482422,128.35000610351562,819300,128.6999969482422,127.01000213623047,125.32610321044922
03-03-2021,123.70999908447266,126.58000183105469,851100,126.97000122070312,123.81999969482422,122.17839813232422
04-03-2021,117.73999786376953,124.51000213623047,803400,126.41999816894531,119.86000061035156,118.2708969116211
05-03-2021,117.76000213623047,121.16000366210938,844500,122.77999877929688,122.41999816894531,120.79695129394531
08-03-2021,121.43000030517578,123.26000213623047,603700,123.97000122070312,122.5199966430664,120.89562225341797
09-03-2021,122.69000244140625,123.5,835400,126.63999938964844,125.2300033569336,123.5697021484375
10-03-2021,125.86000061035156,125.94000244140625,619600,127.68000030517578,126.88999938964844,125.20769500732422
11-03-2021,127.05999755859375,127.80000305175781,693400,128.80999755859375,127.72000122070312,126.02669525146484
12-03-2021,126.58999633789062,127.0,499600,127.56999969482422,127.45999908447266,126.37370300292969
15-03-2021,126.86000061035156,127.6500015258789,519600,128.22000122070312,128.11000061035156,127.0181655883789
16-03-2021,126.66999816894531,128.9499969482422,695300,129.47999572753906,128.27999877929688,127.18671417236328
17-03-2021,124.66000366210938,127.77999877929688,658800,127.77999877929688,126.43000030517578,125.35248565673828
18-03-2021,124.88999938964844,126.23999786376953,540800,126.62999725341797,125.44999694824219,124.3808364868164
19-03-2021,124.0999984741211,125.41999816894531,1279900,126.45999908447266,125.70999908447266,124.63861846923828
22-03-2021,126.41000366210938,126.62000274658203,767500,128.02999877929688,127.58000183105469,126.49268341064453
23-03-2021,125.91999816894531,127.23999786376953,517900,128.30999755859375,126.16000366210938,125.08479309082031
24-03-2021,126.66999816894531,127.11000061035156,761800,128.10000610351562,126.77999877929688,125.69950103759766
25-03-2021,124.6500015258789,126.87999725341797,684300,127.5999984741211,127.55000305175781,126.46294403076172
26-03-2021,124.11000061035156,126.98999786376953,597600,128.4499969482422,128.3699951171875,127.27593994140625
29-03-2021,127.77999877929688,127.79000091552734,954400,130.22999572753906,129.97000122070312,128.8623046875
30-03-2021,129.2899932861328,129.49000549316406,640900,131.0500030517578,130.72999572753906,129.6158447265625
31-03-2021,130.72999572753906,131.25,920500,132.25,131.85000610351562,130.72628784179688
01-04-2021,130.3800048828125,132.0,686100,132.63999938964844,132.50999450683594,131.3806610107422
05-04-2021,132.6300048828125,133.14999389648438,864600,136.39999389648438,135.92999267578125,134.77149963378906
06-04-2021,135.25999450683594,136.0,661400,137.10000610351562,136.52000427246094,135.3564910888672
07-04-2021,134.77999877929688,136.52000427246094,632100,136.99000549316406,135.32000732421875,134.16673278808594
08-04-2021,134.47000122070312,135.14999389648438,643500,135.80999755859375,135.6300048828125,134.4740753173828
09-04-2021,135.5,135.8699951171875,464800,137.6999969482422,137.64999389648438,136.4768524169922
12-04-2021,136.75999450683594,137.97000122070312,414900,138.42999267578125,137.85000610351562,136.67515563964844
13-04-2021,137.02999877929688,138.1699981689453,486800,138.82000732421875,138.6699981689453,137.48817443847656
14-04-2021,137.22999572753906,138.1999969482422,456300,139.22999572753906,137.61000061035156,136.43719482421875
15-04-2021,137.57000732421875,138.22999572753906,444400,138.60000610351562,138.5500030517578,137.3691864013672
16-04-2021,138.94000244140625,138.94000244140625,1358100,141.72999572753906,140.60000610351562,139.40171813964844
19-04-2021,139.13999938964844,140.3300018310547,599300,140.67999267578125,140.5500030517578,139.35215759277344
20-04-2021,137.9499969482422,140.32000732421875,478100,140.72000122070312,138.1999969482422,137.0221710205078
21-04-2021,138.32000732421875,138.6999969482422,502900,139.38999938964844,139.0,137.8153533935547
22-04-2021,138.13999938964844,138.89999389648438,624100,139.8699951171875,139.16000366210938,137.9739990234375
23-04-2021,140.0,140.0,620900,141.8800048828125,141.35000610351562,140.1453399658203
26-04-2021,141.02999877929688,142.22999572753906,603000,142.49000549316406,141.64999389648438,140.44276428222656
27-04-2021,141.08999633789062,141.88999938964844,681700,142.94000244140625,141.1199951171875,139.9172821044922
28-04-2021,135.66000366210938,138.72000122070312,902700,139.2899932861328,137.3800048828125,136.2091522216797
29-04-2021,137.66000366210938,138.97999572753906,543500,139.89999389648438,138.67999267578125,137.49807739257812
30-04-2021,136.91000366210938,138.3300018310547,665300,138.38999938964844,137.24000549316406,136.0703582763672
03-05-2021,137.02000427246094,138.5800018310547,495700,138.6699981689453,137.88999938964844,136.71481323242188
04-05-2021,135.3300018310547,137.32000732421875,559500,137.5800018310547,137.25999450683594,136.09017944335938
05-05-2021,137.66000366210938,138.1300048828125,653000,139.75,139.60000610351562,138.41024780273438
06-05-2021,139.0399932861328,139.9199981689453,594900,141.39999389648438,141.33999633789062,140.13540649414062
07-05-2021,141.25999450683594,141.5800018310547,510800,143.75999450683594,143.55999755859375,142.33648681640625
10-05-2021,142.3300018310547,143.99000549316406,553500,145.1999969482422,142.3800048828125,141.1665496826172
11-05-2021,139.08999633789062,139.80999755859375,610400,141.8699951171875,140.58999633789062,139.39178466796875
12-05-2021,135.77999877929688,139.77000427246094,629500,140.5399932861328,136.14999389648438,134.98963928222656
13-05-2021,136.4199981689453,136.47000122070312,589000,139.1999969482422,138.08999633789062,136.91310119628906
14-05-2021,139.24000549316406,139.58999633789062,484100,141.27000427246094,140.38999938964844,139.19351196289062
17-05-2021,139.58999633789062,139.72000122070312,574600,140.97000122070312,140.10000610351562,138.90599060058594
18-05-2021,139.6199951171875,140.7899932861328,733400,141.61000061035156,140.27000427246094,139.07452392578125
19-05-2021,137.13999938964844,138.35000610351562,836400,138.82000732421875,138.1699981689453,136.992431640625
20-05-2021,137.9199981689453,139.07000732421875,614600,139.82000732421875,139.27999877929688,138.09295654296875
21-05-2021,139.3300018310547,139.6999969482422,858100,141.38999938964844,139.83999633789062,138.648193359375
24-05-2021,139.75999450683594,140.97000122070312,588200,140.97000122070312,139.99000549316406,138.7969207763672
25-05-2021,140.32000732421875,141.10000610351562,837300,141.88999938964844,140.8699951171875,139.66941833496094
26-05-2021,141.25,141.8699951171875,806000,142.5800018310547,141.5800018310547,140.3733673095703
27-05-2021,141.72000122070312,142.02999877929688,1681300,143.4499969482422,142.3800048828125,141.1665496826172
28-05-2021,142.19000244140625,142.83999633789062,600700,143.50999450683594,142.24000549316406,141.02774047851562
01-06-2021,141.9199981689453,144.0,803100,144.5399932861328,142.9199981689453,141.7019500732422
02-06-2021,141.1699981689453,143.17999267578125,850000,143.2899932861328,141.8800048828125,140.6708221435547
03-06-2021,138.97000122070312,140.77000427246094,761500,142.47999572753906,142.22000122070312,141.00790405273438
04-06-2021,142.1199951171875,142.6699981689453,505300,143.85000610351562,143.63999938964844,142.41580200195312
07-06-2021,142.64999389648438,144.1199951171875,617000,145.0,143.27000427246094,142.04896545410156
08-06-2021,141.77999877929688,144.1300048828125,567800,144.1300048828125,142.5500030517578,141.33509826660156
09-06-2021,141.75999450683594,143.24000549316406,476800,143.24000549316406,142.1699981689453,140.9583282470703
10-06-2021,141.64999389648438,142.3000030517578,371200,143.27000427246094,142.60000610351562,141.38467407226562
11-06-2021,142.83999633789062,143.4199981689453,461000,144.75999450683594,144.75999450683594,143.52626037597656
14-06-2021,142.02999877929688,143.66000366210938,438800,143.99000549316406,142.67999267578125,142.1217803955078
15-06-2021,142.27000427246094,142.9600067138672,437600,143.6999969482422,143.38999938964844,142.82899475097656
16-06-2021,141.25999450683594,143.3699951171875,546900,143.3699951171875,141.82000732421875,141.26515197753906
17-06-2021,139.61000061035156,141.44000244140625,659200,141.75999450683594,141.0,140.44834899902344
18-06-2021,138.60000610351562,140.1999969482422,1046100,141.17999267578125,139.5399932861328,138.9940643310547
21-06-2021,139.8000030517578,139.8000030517578,559700,142.41000366210938,142.00999450683594,141.4543914794922
22-06-2021,140.1300048828125,141.13999938964844,642000,142.7899932861328,142.36000061035156,141.80303955078125
23-06-2021,141.25999450683594,142.36000061035156,698900,142.77000427246094,141.8699951171875,141.31494140625
24-06-2021,141.99000549316406,142.8000030517578,412900,143.38999938964844,143.0399932861328,142.48036193847656
25-06-2021,143.7899932861328,143.92999267578125,450400,144.7100067138672,144.3699951171875,143.80516052246094
28-06-2021,143.66000366210938,144.6999969482422,676800,144.6999969482422,144.27000427246094,143.70556640625
29-06-2021,144.52999877929688,144.6199951171875,399800,145.8300018310547,145.3800048828125,144.81121826171875
30-06-2021,143.91000366210938,145.6300048828125,529700,145.77999877929688,144.63999938964844,144.07411193847656
01-07-2021,144.41000366210938,145.27000427246094,518200,146.1999969482422,146.08999633789062,145.5184326171875
02-07-2021,146.22000122070312,146.7899932861328,507200,147.3000030517578,147.0,146.4248809814453
06-07-2021,145.16000366210938,147.3000030517578,654500,147.33999633789062,146.63999938964844,146.0662841796875
07-07-2021,146.30999755859375,146.47000122070312,531000,147.99000549316406,147.8300018310547,147.2516326904297
08-07-2021,144.85000610351562,145.32000732421875,462000,147.4499969482422,146.74000549316406,146.16590881347656
09-07-2021,147.0,147.0,524000,149.0500030517578,148.80999755859375,148.22779846191406
12-07-2021,148.27000427246094,148.50999450683594,393100,149.89999389648438,149.88999938964844,149.30357360839844
13-07-2021,148.8000030517578,149.88999938964844,324600,149.99000549316406,149.08999633789062,148.50669860839844
14-07-2021,148.50999450683594,149.6300048828125,451200,149.89999389648438,149.3699951171875,148.7855987548828
15-07-2021,148.1699981689453,148.99000549316406,405300,149.72000122070312,149.11000061035156,148.52662658691406
16-07-2021,148.6699981689453,149.11000061035156,650300,149.9199981689453,149.38999938964844,148.80552673339844
19-07-2021,146.61000061035156,148.1999969482422,547400,148.7100067138672,147.6300048828125,147.0524139404297
20-07-2021,146.91000366210938,148.10000610351562,550000,150.1699981689453,149.80999755859375,149.223876953125
21-07-2021,150.0500030517578,150.30999755859375,511400,152.49000549316406,151.97000122070312,151.3754425048828
22-07-2021,150.4499969482422,152.22000122070312,312500,152.22000122070312,151.07000732421875,150.4789581298828
23-07-2021,151.14999389648438,151.35000610351562,435000,154.6199951171875,154.1300048828125,153.52699279785156
26-07-2021,152.83999633789062,154.10000610351562,403000,154.99000549316406,153.2899932861328,152.6902618408203
27-07-2021,151.0800018310547,153.13999938964844,615300,153.66000366210938,152.0399932861328,151.44515991210938
28-07-2021,151.6199951171875,153.02999877929688,1082600,156.8000030517578,156.08999633789062,155.47930908203125
29-07-2021,156.24000549316406,157.44000244140625,660900,158.35000610351562,157.82000732421875,157.2025604248047
30-07-2021,156.60000610351562,157.27999877929688,748400,158.8000030517578,157.1999969482422,156.58497619628906
02-08-2021,156.97999572753906,156.97999572753906,465200,159.41000366210938,157.85000610351562,157.23243713378906
03-08-2021,157.9199981689453,158.97000122070312,636200,161.05999755859375,160.97999572753906,160.3501739501953
04-08-2021,161.0399932861328,161.19000244140625,605100,163.1999969482422,162.27999877929688,161.6450958251953
05-08-2021,162.02000427246094,163.0,530300,164.05999755859375,163.88999938964844,163.24879455566406
06-08-2021,164.22999572753906,164.3000030517578,588700,166.25,165.72999572753906,165.0815887451172
09-08-2021,163.9600067138672,165.50999450683594,583000,166.1300048828125,165.4600067138672,164.8126678466797
10-08-2021,165.25999450683594,165.89999389648438,396600,166.57000732421875,165.66000366210938,165.01187133789062
11-08-2021,165.10000610351562,166.0,576900,168.3000030517578,167.22999572753906,166.5757293701172
12-08-2021,165.33999633789062,166.99000549316406,554200,167.99000549316406,165.9499969482422,165.3007354736328
13-08-2021,165.91000366210938,166.41000366210938,299200,167.61000061035156,167.52000427246094,166.86459350585938
16-08-2021,166.8000030517578,167.27000427246094,462400,169.1199951171875,168.85000610351562,168.18939208984375
17-08-2021,165.85000610351562,168.72000122070312,419900,168.72000122070312,166.97000122070312,166.31675720214844
18-08-2021,164.5500030517578,166.41000366210938,475400,167.49000549316406,164.63999938964844,163.99586486816406
19-08-2021,162.44000244140625,163.69000244140625,504800,166.8800048828125,166.8000030517578,166.1474151611328
20-08-2021,166.92999267578125,167.13999938964844,802100,171.30999755859375,170.42999267578125,169.76319885253906
23-08-2021,170.42999267578125,170.61000061035156,437700,172.42999267578125,171.35000610351562,170.6796112060547
24-08-2021,170.75,171.72000122070312,545300,173.57000732421875,173.42999267578125,172.75146484375
25-08-2021,172.3300018310547,173.52999877929688,816700,175.1999969482422,172.61000061035156,171.93467712402344
26-08-2021,170.5,172.2100067138672,567900,173.13999938964844,172.9199981689453,172.24346923828125
27-08-2021,173.5,173.5,619300,176.25,175.86000061035156,175.17196655273438
30-08-2021,175.55999755859375,176.24000549316406,506500,178.5800018310547,178.3800048828125,177.68211364746094
31-08-2021,172.6199951171875,178.6300048828125,924100,178.80999755859375,174.42999267578125,173.74755859375
01-09-2021,173.00999450683594,174.19000244140625,610000,176.05999755859375,175.5,174.81336975097656
02-09-2021,175.14999389648438,175.6699981689453,583700,176.14999389648438,175.67999267578125,174.99266052246094
03-09-2021,174.61000061035156,175.5800018310547,653000,176.88999938964844,176.11000061035156,175.42098999023438
07-09-2021,173.36000061035156,176.0800018310547,607700,176.60000610351562,174.5,173.81729125976562
08-09-2021,172.75,173.6699981689453,630900,174.14999389648438,173.11000061035156,172.43272399902344
09-09-2021,172.24000549316406,172.4499969482422,506400,174.24000549316406,173.11000061035156,172.43272399902344
10-09-2021,172.49000549316406,174.3000030517578,440700,174.88999938964844,172.58999633789062,171.91476440429688
13-09-2021,170.0500030517578,173.89999389648438,828500,174.30999755859375,171.25,170.5800018310547
14-09-2021,169.0500030517578,171.60000610351562,606800,172.11000061035156,169.47000122070312,169.47000122070312
15-09-2021,167.4499969482422,169.6699981689453,741000,169.77000427246094,169.1300048828125,169.1300048828125
16-09-2021,166.77999877929688,168.72999572753906,658700,169.13999938964844,168.6199951171875,168.6199951171875
17-09-2021,165.8699951171875,167.7100067138672,1441500,168.97999572753906,167.25999450683594,167.25999450683594
20-09-2021,164.0,165.33999633789062,842600,167.2100067138672,166.97999572753906,166.97999572753906
21-09-2021,166.17999267578125,168.24000549316406,447300,168.47000122070312,166.3000030517578,166.3000030517578
22-09-2021,167.0,167.5,787200,169.9199981689453,169.35000610351562,169.35000610351562
23-09-2021,169.36000061035156,169.72999572753906,670100,172.82000732421875,171.80999755859375,171.80999755859375
24-09-2021,170.10000610351562,170.75,534500,173.2899932861328,172.6199951171875,172.6199951171875
27-09-2021,162.27999877929688,172.36000061035156,1004300,172.36000061035156,162.61000061035156,162.61000061035156
28-09-2021,157.10000610351562,161.7100067138672,1099100,161.75999450683594,158.0500030517578,158.0500030517578
29-09-2021,157.74000549316406,158.74000549316406,644400,160.72000122070312,158.00999450683594,158.00999450683594
30-09-2021,155.22000122070312,159.0,886300,160.24000549316406,155.4600067138672,155.4600067138672
01-10-2021,152.49000549316406,156.07000732421875,549100,156.2899932861328,155.11000061035156,155.11000061035156
04-10-2021,153.63999938964844,154.9199981689453,893600,155.6300048828125,155.25999450683594,155.25999450683594
05-10-2021,153.3300018310547,156.0,734000,158.0399932861328,157.27999877929688,157.27999877929688
06-10-2021,154.69000244140625,155.94000244140625,503400,157.3699951171875,156.2899932861328,156.2899932861328
07-10-2021,156.0500030517578,157.66000366210938,812700,159.5800018310547,156.60000610351562,156.60000610351562
08-10-2021,154.4600067138672,157.1999969482422,447500,157.1999969482422,155.4600067138672,155.4600067138672
11-10-2021,153.2899932861328,155.0,552400,155.77999877929688,153.55999755859375,153.55999755859375
12-10-2021,153.3300018310547,154.08999633789062,361700,155.22000122070312,153.83999633789062,153.83999633789062
13-10-2021,154.30999755859375,155.1999969482422,545600,155.9499969482422,154.77000427246094,154.77000427246094
14-10-2021,156.07000732421875,156.07000732421875,543000,158.16000366210938,157.25,157.25
15-10-2021,155.7100067138672,158.8699951171875,740500,158.8699951171875,156.1300048828125,156.1300048828125
18-10-2021,155.58999633789062,155.58999633789062,41063,157.16000366210938,156.9990997314453,156.9990997314453
