Date,Low,Open,Volume,High,Close,Adjusted Close
15-12-2011,1461.8028564453125,1729.614013671875,56231,1729.614013671875,1518.712646484375,1508.1744384765625
16-12-2011,1426.0946044921875,1577.8543701171875,14461,1612.4466552734375,1517.5968017578125,1507.0662841796875
19-12-2011,1394.8499755859375,1525.407958984375,3496,1528.755615234375,1468.498046875,1458.3082275390625
20-12-2011,1472.9615478515625,1481.888671875,5389,1548.8414306640625,1509.78564453125,1499.309326171875
21-12-2011,1470.7298583984375,1509.78564453125,1806,1537.6826171875,1537.6826171875,1527.0126953125
22-12-2011,1507.5538330078125,1524.2921142578125,1765,1549.957275390625,1543.2620849609375,1532.553466796875
23-12-2011,1506.43798828125,1536.5667724609375,1058,1560.000244140625,1522.060302734375,1511.498779296875
27-12-2011,1461.8028564453125,1504.206298828125,1028,1506.43798828125,1489.6998291015625,1479.3629150390625
28-12-2011,1411.5882568359375,1475.193359375,1112,1488.5838623046875,1439.4852294921875,1429.4967041015625
29-12-2011,1382.5753173828125,1439.4852294921875,1549,1439.4852294921875,1395.9658203125,1386.279296875
30-12-2011,1390.386474609375,1422.7469482421875,2239,1423.8629150390625,1394.8499755859375,1385.171142578125
03-01-2012,1408.2406005859375,1410.4722900390625,1250,1491.9315185546875,1460.6868896484375,1450.55126953125
04-01-2012,1461.8028564453125,1465.150390625,527,1510.9014892578125,1499.74267578125,1489.3360595703125
05-01-2012,1467.3822021484375,1484.120361328125,5057,1589.0130615234375,1576.7384033203125,1565.7974853515625
06-01-2012,1561.1160888671875,1578.97021484375,1433,1606.8671875,1592.3607177734375,1581.3114013671875
09-01-2012,1562.2320556640625,1611.3306884765625,5760,1611.3306884765625,1603.51953125,1592.392822265625
10-01-2012,1535.450927734375,1613.5625,2704,1616.91015625,1602.4036865234375,1591.28466796875
11-01-2012,1577.8543701171875,1609.0989990234375,1517,1614.6783447265625,1601.287841796875,1590.1766357421875
12-01-2012,1573.3907470703125,1609.0989990234375,1114,1609.0989990234375,1593.4766845703125,1582.419677734375
13-01-2012,1567.8114013671875,1575.62255859375,2271,1586.7813720703125,1581.201904296875,1570.2301025390625
17-01-2012,1574.5067138671875,1600.171875,1060,1600.171875,1592.3607177734375,1581.3114013671875
18-01-2012,1566.695556640625,1584.549560546875,1817,1613.5625,1576.7384033203125,1565.7974853515625
19-01-2012,1574.5067138671875,1574.5067138671875,3082,1634.76416015625,1630.3006591796875,1618.9881591796875
20-01-2012,1592.3607177734375,1624.7213134765625,1727,1636.9959716796875,1636.9959716796875,1625.636962890625
23-01-2012,1631.41650390625,1631.41650390625,877,1668.2406005859375,1645.9229736328125,1634.5020751953125
24-01-2012,1628.0689697265625,1628.0689697265625,2344,1696.1375732421875,1680.5152587890625,1668.854248046875
25-01-2012,1693.9058837890625,1712.8758544921875,3596,1729.614013671875,1725.1505126953125,1713.1798095703125
26-01-2012,1727.3822021484375,1735.193359375,4761,1813.3050537109375,1730.7298583984375,1718.720458984375
27-01-2012,1729.614013671875,1774.2491455078125,1716,1807.7255859375,1790.9874267578125,1778.5599365234375
30-01-2012,1756.3951416015625,1792.103271484375,1048,1792.103271484375,1776.48095703125,1764.154052734375
31-01-2012,1783.17626953125,1788.755615234375,3445,1838.97021484375,1821.1162109375,1808.4796142578125
01-02-2012,1820.000244140625,1841.2020263671875,3001,1869.0989990234375,1844.5496826171875,1831.75048828125
02-02-2012,1841.2020263671875,1851.244873046875,3914,1895.880126953125,1882.489501953125,1869.427001953125
03-02-2012,1864.635498046875,1896.9959716796875,3728,1910.3865966796875,1899.227783203125,1886.0491943359375
06-02-2012,1842.31787109375,1893.6483154296875,2213,1899.227783203125,1874.6783447265625,1861.6700439453125
07-02-2012,1866.8671875,1874.6783447265625,1902,1905.923095703125,1900.3436279296875,1887.1572265625
08-02-2012,1878.0260009765625,1896.9959716796875,4771,1968.412353515625,1966.1805419921875,1952.537353515625
09-02-2012,1908.15478515625,1965.064697265625,3115,2025.3221435546875,1957.2535400390625,1943.6722412109375
10-02-2012,1821.1162109375,1930.472412109375,2924,1934.9359130859375,1855.70849609375,1842.8319091796875
13-02-2012,1857.940185546875,1867.983154296875,2028,1902.575439453125,1879.1419677734375,1866.102783203125
14-02-2012,1852.36083984375,1869.0989990234375,3757,1914.85009765625,1899.227783203125,1886.0491943359375
15-02-2012,1865.7513427734375,1899.227783203125,2874,1899.227783203125,1885.837158203125,1872.75146484375
16-02-2012,1866.8671875,1885.837158203125,2756,1932.7041015625,1892.532470703125,1879.4002685546875
17-02-2012,1884.7213134765625,1903.6912841796875,1308,1949.4423828125,1947.2105712890625,1933.698974609375
21-02-2012,1960.6011962890625,1960.6011962890625,2685,2030.901611328125,2015.279296875,2001.29541015625
22-02-2012,2008.583984375,2008.583984375,4010,2115.70849609375,2087.8115234375,2073.32421875
23-02-2012,2054.3349609375,2084.4638671875,2694,2188.24072265625,2154.76416015625,2139.8125
24-02-2012,2114.592529296875,2148.069091796875,1774,2184.89306640625,2156.99609375,2142.02880859375
27-02-2012,2131.330810546875,2152.532470703125,1183,2197.167724609375,2167.0390625,2152.002197265625
28-02-2012,2092.27490234375,2158.11181640625,2932,2173.734130859375,2125.75146484375,2111.0009765625
29-02-2012,2064.3779296875,2123.51953125,1897,2152.532470703125,2075.536865234375,2061.134765625
01-03-2012,2030.901611328125,2091.1591796875,2169,2104.549560546875,2042.0604248046875,2027.8907470703125
02-03-2012,1949.4423828125,2039.82861328125,4175,2056.56689453125,1986.266357421875,1972.4837646484375
05-03-2012,1953.9058837890625,1985.1505126953125,1351,2003.004638671875,1978.4552001953125,1964.726806640625
06-03-2012,1911.50244140625,1953.9058837890625,2412,2019.7427978515625,2010.8157958984375,1996.8629150390625
07-03-2012,2008.583984375,2024.206298828125,1854,2102.31787109375,2100.086181640625,2085.513916015625
08-03-2012,2053.21923828125,2096.738525390625,1980,2126.8671875,2124.635498046875,2109.892822265625
09-03-2012,2087.8115234375,2131.330810546875,1438,2138.026123046875,2122.40380859375,2107.676513671875
12-03-2012,2116.824462890625,2129.09912109375,1613,2202.7470703125,2164.80712890625,2149.78564453125
13-03-2012,2120.172119140625,2168.15478515625,3853,2248.498291015625,2167.0390625,2152.002197265625
14-03-2012,2045.4080810546875,2162.575439453125,1505,2174.85009765625,2131.330810546875,2116.541748046875
15-03-2012,2114.592529296875,2136.91015625,1290,2162.575439453125,2135.79443359375,2120.974365234375
16-03-2012,2088.92724609375,2148.069091796875,2313,2177.081787109375,2175.966064453125,2160.8671875
19-03-2012,2109.01318359375,2177.081787109375,1554,2213.906005859375,2151.416748046875,2136.48828125
20-03-2012,2090.043212890625,2133.5625,755,2145.837158203125,2113.476806640625,2098.8115234375
21-03-2012,2061.0302734375,2119.05615234375,1063,2119.05615234375,2110.129150390625,2095.487060546875
22-03-2012,1989.614013671875,2088.92724609375,1553,2088.92724609375,2023.0904541015625,2009.0523681640625
23-03-2012,2021.974609375,2025.3221435546875,2304,2170.38671875,2141.373779296875,2126.514892578125
26-03-2012,2152.532470703125,2167.0390625,2852,2292.017578125,2287.553955078125,2271.6806640625
27-03-2012,2299.82861328125,2312.103271484375,6511,2482.8330078125,2398.026123046875,2381.386474609375
28-03-2012,2323.26220703125,2416.99609375,2950,2482.8330078125,2363.433837890625,2347.0341796875
29-03-2012,2268.583984375,2357.8544921875,3180,2366.781494140625,2316.56689453125,2300.492431640625
30-03-2012,2305.407958984375,2340.000244140625,8062,2466.0947265625,2438.19775390625,2421.279296875
02-04-2012,2373.476806640625,2427.0390625,1901,2491.760009765625,2459.3994140625,2442.333740234375
03-04-2012,2432.618408203125,2459.3994140625,1115,2476.1376953125,2454.93603515625,2437.9013671875
04-04-2012,2322.146240234375,2428.15478515625,1916,2437.08203125,2377.940185546875,2361.439697265625
05-04-2012,2345.579833984375,2373.476806640625,1774,2435.966064453125,2404.721435546875,2388.03515625
09-04-2012,2236.2236328125,2350.043212890625,1420,2369.01318359375,2325.493896484375,2309.357421875
10-04-2012,2216.1376953125,2325.493896484375,2164,2329.95751953125,2229.5283203125,2214.057861328125
11-04-2012,2186.009033203125,2255.193359375,2071,2305.407958984375,2233.99169921875,2218.490234375
12-04-2012,2229.5283203125,2229.5283203125,977,2381.287841796875,2329.95751953125,2313.7900390625
13-04-2012,2219.4853515625,2323.26220703125,2318,2383.519775390625,2329.95751953125,2313.7900390625
16-04-2012,2259.656982421875,2341.1162109375,1144,2341.1162109375,2323.26220703125,2307.141357421875
17-04-2012,2300.944580078125,2341.1162109375,1040,2352.275146484375,2307.639892578125,2291.62744140625
18-04-2012,2211.674072265625,2294.249267578125,1789,2315.450927734375,2283.090576171875,2267.248291015625
19-04-2012,2173.734130859375,2277.510986328125,1723,2293.13330078125,2248.498291015625,2232.89599609375
20-04-2012,2208.326416015625,2267.46826171875,1564,2267.46826171875,2219.4853515625,2204.08447265625
23-04-2012,2143.60546875,2187.124755859375,1585,2239.571044921875,2217.253662109375,2201.8681640625
24-04-2012,2210.558349609375,2227.29638671875,1199,2241.802978515625,2231.760009765625,2216.27392578125
25-04-2012,2225.064697265625,2238.455322265625,3099,2264.12060546875,2230.64404296875,2215.165771484375
26-04-2012,2222.8330078125,2222.8330078125,4467,2347.8115234375,2334.4208984375,2318.222412109375
27-04-2012,2333.30517578125,2337.7685546875,1631,2428.15478515625,2394.678466796875,2378.06201171875
30-04-2012,2386.867431640625,2394.678466796875,2357,2456.052001953125,2451.58837890625,2434.576904296875
01-05-2012,2429.270751953125,2454.93603515625,2930,2528.583984375,2508.498291015625,2491.092041015625
02-05-2012,2396.91015625,2479.4853515625,2294,2497.33935546875,2485.064697265625,2467.821044921875
03-05-2012,2357.8544921875,2477.253662109375,923,2477.253662109375,2395.79443359375,2379.170166015625
04-05-2012,2187.124755859375,2385.75146484375,2351,2392.44677734375,2233.99169921875,2218.490234375
07-05-2012,2058.798583984375,2215.021728515625,3056,2231.760009765625,2150.30078125,2135.3798828125
08-05-2012,2075.536865234375,2119.05615234375,2395,2165.923095703125,2158.11181640625,2143.13671875
09-05-2012,2121.287841796875,2124.635498046875,700,2182.661376953125,2161.45947265625,2146.461181640625
10-05-2012,2111.244873046875,2187.124755859375,1842,2187.124755859375,2146.953125,2132.0556640625
11-05-2012,2048.755615234375,2073.304931640625,5400,2315.450927734375,2225.064697265625,2209.625
14-05-2012,2165.923095703125,2190.472412109375,2261,2341.1162109375,2229.5283203125,2214.057861328125
15-05-2012,2120.172119140625,2187.124755859375,3086,2204.978759765625,2164.80712890625,2149.78564453125
16-05-2012,2148.069091796875,2193.820068359375,2249,2229.5283203125,2156.99609375,2142.02880859375
17-05-2012,2024.206298828125,2163.69140625,2729,2174.85009765625,2035.3651123046875,2021.2418212890625
18-05-2012,1932.7041015625,2046.52392578125,4055,2046.52392578125,1942.7470703125,1929.2664794921875
21-05-2012,1949.4423828125,1949.4423828125,4888,2072.189208984375,2061.0302734375,2046.7288818359375
22-05-2012,2048.755615234375,2068.841552734375,3456,2182.661376953125,2075.536865234375,2061.134765625
23-05-2012,2024.206298828125,2063.26220703125,2706,2113.476806640625,2069.95751953125,2055.59423828125
24-05-2012,2021.974609375,2087.8115234375,1159,2103.433837890625,2030.901611328125,2016.809326171875
25-05-2012,2005.236328125,2027.553955078125,1059,2067.7255859375,2055.450927734375,2041.188232421875
29-05-2012,1998.5411376953125,2080.000244140625,1725,2080.000244140625,2026.4381103515625,2012.3768310546875
30-05-2012,1924.8929443359375,2011.931640625,1890,2056.56689453125,1933.820068359375,1920.4013671875
31-05-2012,1863.5196533203125,1939.3994140625,8173,1962.8328857421875,1903.6912841796875,1890.481689453125
01-06-2012,1715.1075439453125,1837.8543701171875,4497,1876.91015625,1720.68701171875,1708.747314453125
04-06-2012,1683.8629150390625,1730.7298583984375,4635,1767.553955078125,1726.266357421875,1714.2879638671875
05-06-2012,1712.8758544921875,1712.8758544921875,3900,1785.407958984375,1782.060302734375,1769.6947021484375
06-06-2012,1765.3221435546875,1785.407958984375,3109,1876.91015625,1867.983154296875,1855.0213623046875
07-06-2012,1786.52392578125,1896.9959716796875,1516,1896.9959716796875,1792.103271484375,1779.66796875
08-06-2012,1750.815673828125,1776.48095703125,1131,1785.407958984375,1761.9744873046875,1749.748291015625
11-06-2012,1683.8629150390625,1787.6397705078125,1947,1787.6397705078125,1687.2105712890625,1675.503173828125
12-06-2012,1639.2276611328125,1702.8328857421875,1853,1724.0345458984375,1696.1375732421875,1684.3681640625
13-06-2012,1660.429443359375,1688.326416015625,1525,1699.4852294921875,1678.2835693359375,1666.6380615234375
14-06-2012,1660.429443359375,1686.0947265625,1323,1731.845703125,1716.223388671875,1704.3145751953125
15-06-2012,1674.9359130859375,1721.8028564453125,1447,1725.1505126953125,1698.369384765625,1686.58447265625
18-06-2012,1620.2578125,1671.5882568359375,1569,1688.326416015625,1625.837158203125,1614.5555419921875
19-06-2012,1629.184814453125,1639.2276611328125,2207,1709.5281982421875,1701.717041015625,1689.908935546875
20-06-2012,1623.6053466796875,1692.7899169921875,893,1692.7899169921875,1677.1676025390625,1665.5299072265625
21-06-2012,1666.0087890625,1716.223388671875,2586,1740.7728271484375,1670.472412109375,1658.881103515625
22-06-2012,1657.081787109375,1705.064697265625,5310,1772.0174560546875,1724.0345458984375,1712.071533203125
25-06-2012,1662.6612548828125,1681.631103515625,1138,1701.717041015625,1696.1375732421875,1684.3681640625
26-06-2012,1679.3994140625,1697.2535400390625,823,1732.961669921875,1702.8328857421875,1691.01708984375
27-06-2012,1709.5281982421875,1709.5281982421875,1790,1801.0302734375,1774.2491455078125,1761.937744140625
28-06-2012,1711.7598876953125,1755.279296875,1338,1790.9874267578125,1746.3521728515625,1734.234375
29-06-2012,1766.43798828125,1790.9874267578125,1629,1863.5196533203125,1855.70849609375,1842.8319091796875
02-07-2012,1790.9874267578125,1861.287841796875,806,1862.4036865234375,1825.5797119140625,1812.912109375
03-07-2012,1832.27490234375,1832.27490234375,788,1912.6182861328125,1886.953125,1873.8597412109375
05-07-2012,1869.0989990234375,1881.3736572265625,755,1912.6182861328125,1884.7213134765625,1871.643310546875
06-07-2012,1795.450927734375,1851.244873046875,1023,1876.91015625,1818.8843994140625,1806.2633056640625
09-07-2012,1775.3651123046875,1814.4208984375,647,1826.695556640625,1808.8414306640625,1796.2900390625
10-07-2012,1757.510986328125,1808.8414306640625,1259,1825.5797119140625,1773.13330078125,1760.82958984375
11-07-2012,1673.8199462890625,1753.0474853515625,2248,1795.450927734375,1785.407958984375,1773.0191650390625
12-07-2012,1684.978759765625,1765.3221435546875,2964,1765.3221435546875,1753.0474853515625,1740.8831787109375
13-07-2012,1690.5582275390625,1753.0474853515625,1624,1785.407958984375,1763.0904541015625,1750.8564453125
16-07-2012,1746.3521728515625,1760.858642578125,800,1798.798583984375,1787.6397705078125,1775.2354736328125
17-07-2012,1761.9744873046875,1793.2191162109375,976,1821.1162109375,1814.4208984375,1801.830810546875
18-07-2012,1816.652587890625,1816.652587890625,3266,1938.2835693359375,1933.820068359375,1920.4013671875
19-07-2012,1878.0260009765625,1946.0947265625,1385,1952.7900390625,1913.7342529296875,1900.4549560546875
20-07-2012,1907.0389404296875,1907.0389404296875,954,1965.064697265625,1913.7342529296875,1900.4549560546875
23-07-2012,1845.66552734375,1871.330810546875,1506,1903.6912841796875,1879.1419677734375,1866.102783203125
24-07-2012,1821.1162109375,1876.91015625,610,1876.91015625,1855.70849609375,1842.8319091796875
25-07-2012,1841.2020263671875,1872.4466552734375,1336,1902.575439453125,1898.1119384765625,1884.9410400390625
26-07-2012,1874.6783447265625,1919.3135986328125,2041,1921.54541015625,1896.9959716796875,1883.8328857421875
27-07-2012,1850.1290283203125,1903.6912841796875,3365,1984.03466796875,1924.8929443359375,1911.5362548828125
30-07-2012,1910.3865966796875,1919.3135986328125,1231,2006.352294921875,1996.309326171875,1982.45703125
31-07-2012,1955.021728515625,1995.1934814453125,963,2048.755615234375,1956.1376953125,1942.564208984375
01-08-2012,1939.3994140625,1971.760009765625,1146,2032.0174560546875,2007.4681396484375,1993.5384521484375
02-08-2012,1931.5882568359375,1991.8458251953125,1100,2019.7427978515625,1955.021728515625,1941.4559326171875
03-08-2012,1987.38232421875,2008.583984375,548,2026.4381103515625,2013.0474853515625,1999.0791015625
06-08-2012,2003.004638671875,2014.1634521484375,1249,2046.52392578125,2042.0604248046875,2027.8907470703125
07-08-2012,2037.596923828125,2042.0604248046875,1150,2081.1162109375,2063.26220703125,2048.9453125
08-08-2012,2063.26220703125,2063.26220703125,1454,2116.824462890625,2093.390869140625,2078.864990234375
09-08-2012,2067.7255859375,2088.92724609375,501,2122.40380859375,2086.695556640625,2072.216064453125
10-08-2012,2049.87158203125,2075.536865234375,857,2087.8115234375,2066.60986328125,2052.269775390625
13-08-2012,1984.03466796875,2068.841552734375,1729,2087.8115234375,2057.6826171875,2043.404541015625
14-08-2012,2066.60986328125,2073.304931640625,1577,2119.05615234375,2093.390869140625,2078.864990234375
15-08-2012,2083.347900390625,2095.62255859375,798,2126.8671875,2123.51953125,2108.78466796875
16-08-2012,2129.09912109375,2129.09912109375,3185,2300.944580078125,2249.614013671875,2234.004150390625
17-08-2012,2189.3564453125,2251.845947265625,3390,2289.78564453125,2289.78564453125,2273.89697265625
20-08-2012,2223.94873046875,2290.901611328125,2559,2303.17626953125,2300.944580078125,2284.978515625
21-08-2012,2300.944580078125,2314.335205078125,2032,2338.884521484375,2319.91455078125,2303.81689453125
22-08-2012,2284.206298828125,2316.56689453125,1238,2340.000244140625,2331.0732421875,2314.898193359375
23-08-2012,2226.1806640625,2332.189208984375,1768,2333.30517578125,2233.99169921875,2218.490234375
24-08-2012,2211.674072265625,2239.571044921875,1379,2290.901611328125,2269.699951171875,2253.95068359375
27-08-2012,2220.601318359375,2279.742919921875,1187,2289.78564453125,2222.8330078125,2207.408935546875
28-08-2012,2206.0947265625,2218.369384765625,1267,2248.498291015625,2238.455322265625,2222.9228515625
29-08-2012,2227.29638671875,2236.2236328125,1129,2288.669921875,2239.571044921875,2224.03076171875
30-08-2012,2163.69140625,2215.021728515625,1223,2239.571044921875,2199.3994140625,2184.137939453125
31-08-2012,2194.93603515625,2227.29638671875,2434,2265.236328125,2245.150634765625,2229.57177734375
04-09-2012,2218.369384765625,2255.193359375,1434,2331.0732421875,2316.56689453125,2300.492431640625
05-09-2012,2314.335205078125,2326.60986328125,1937,2393.5625,2367.8974609375,2351.466796875
06-09-2012,2382.40380859375,2390.21484375,2049,2443.777099609375,2421.459716796875,2404.657470703125
07-09-2012,2419.227783203125,2431.50244140625,1547,2512.961669921875,2499.5712890625,2482.226806640625
10-09-2012,2526.352294921875,2527.46826171875,2156,2593.30517578125,2549.785888671875,2532.093017578125
11-09-2012,2567.639892578125,2573.21923828125,1505,2617.8544921875,2607.8115234375,2589.716064453125
12-09-2012,2591.0732421875,2633.476806640625,1704,2646.867431640625,2595.536865234375,2577.526611328125
13-09-2012,2601.1162109375,2608.927490234375,1795,2682.575439453125,2660.2578125,2641.79833984375
14-09-2012,2663.60546875,2674.764404296875,1532,2700.4296875,2672.53271484375,2653.98828125
17-09-2012,2598.884521484375,2661.373779296875,2835,2717.167724609375,2627.8974609375,2609.66259765625
18-09-2012,2498.455322265625,2611.1591796875,2865,2631.2451171875,2535.279296875,2517.687255859375
19-09-2012,2512.961669921875,2543.090576171875,6546,2722.747314453125,2692.618408203125,2673.9345703125
20-09-2012,2533.047607421875,2627.8974609375,3479,2641.287841796875,2615.622802734375,2597.47314453125
21-09-2012,2574.335205078125,2633.476806640625,4236,2639.05615234375,2576.56689453125,2558.688232421875
24-09-2012,2570.987548828125,2577.682861328125,2584,2615.622802734375,2579.91455078125,2562.0126953125
25-09-2012,2549.785888671875,2600.00048828125,12142,2600.00048828125,2570.987548828125,2553.147705078125
26-09-2012,2530.81591796875,2552.017578125,4184,2594.4208984375,2592.189208984375,2574.2021484375
27-09-2012,2605.579833984375,2608.927490234375,1305,2642.40380859375,2618.970458984375,2600.797607421875
28-09-2012,2588.841552734375,2610.043212890625,1182,2649.09912109375,2629.01318359375,2610.770751953125
01-10-2012,2622.318115234375,2653.562744140625,1328,2654.678466796875,2644.635498046875,2626.28466796875
02-10-2012,2617.8544921875,2640.172119140625,899,2670.30078125,2656.910400390625,2638.474365234375
03-10-2012,2559.82861328125,2655.79443359375,1693,2665.83740234375,2579.91455078125,2562.0126953125
04-10-2012,2596.65283203125,2600.00048828125,2398,2646.867431640625,2616.738525390625,2598.5810546875
05-10-2012,2603.34814453125,2629.01318359375,1193,2641.287841796875,2616.738525390625,2598.5810546875
08-10-2012,2566.52392578125,2606.69580078125,1800,2645.75146484375,2627.8974609375,2609.66259765625
09-10-2012,2607.8115234375,2635.70849609375,1722,2664.721435546875,2613.390869140625,2595.2568359375
10-10-2012,2566.52392578125,2615.622802734375,1020,2635.70849609375,2576.56689453125,2558.688232421875
11-10-2012,2540.858642578125,2604.4638671875,1856,2622.318115234375,2552.017578125,2534.309326171875
12-10-2012,2552.017578125,2595.536865234375,2346,2604.4638671875,2562.060546875,2544.282470703125
15-10-2012,2471.67431640625,2568.755859375,1690,2568.755859375,2510.72998046875,2493.30810546875
16-10-2012,2523.004638671875,2523.004638671875,6688,2703.77734375,2689.270751953125,2670.610107421875
17-10-2012,2682.575439453125,2701.54541015625,6589,2789.699951171875,2746.1806640625,2727.125
18-10-2012,2748.412353515625,2756.2236328125,2167,2787.46826171875,2770.72998046875,2751.504150390625
19-10-2012,2611.1591796875,2749.5283203125,1998,2762.9189453125,2646.867431640625,2628.5009765625
22-10-2012,2647.983154296875,2742.8330078125,4004,2752.8759765625,2699.313720703125,2680.583251953125
23-10-2012,2632.36083984375,2668.069091796875,3088,2747.296630859375,2736.1376953125,2717.15185546875
24-10-2012,2624.5498046875,2745.064697265625,5122,2767.38232421875,2633.476806640625,2615.203369140625
25-10-2012,2645.75146484375,2665.83740234375,4087,2711.58837890625,2664.721435546875,2646.231201171875
26-10-2012,2567.639892578125,2688.155029296875,3655,2743.948974609375,2646.867431640625,2628.5009765625
31-10-2012,2655.79443359375,2672.53271484375,5499,2772.9619140625,2764.03466796875,2744.855224609375
01-11-2012,2717.167724609375,2764.03466796875,2861,2846.60986328125,2803.090576171875,2783.64013671875
02-11-2012,2783.004638671875,2846.60986328125,3424,2846.60986328125,2800.85888671875,2781.423828125
05-11-2012,2760.68701171875,2846.60986328125,5777,2968.24072265625,2772.9619140625,2753.720458984375
06-11-2012,2718.28369140625,2787.46826171875,1973,2808.669921875,2724.97900390625,2706.070556640625
07-11-2012,2612.275146484375,2684.807373046875,3626,2708.24072265625,2663.60546875,2645.122802734375
08-11-2012,2582.146240234375,2716.052001953125,2855,2723.863037109375,2621.2021484375,2603.013916015625
09-11-2012,2438.19775390625,2597.7685546875,12175,2716.052001953125,2545.322265625,2527.660400390625
12-11-2012,2431.50244140625,2539.742919921875,3233,2539.742919921875,2481.717041015625,2464.49658203125
13-11-2012,2391.330810546875,2429.270751953125,3572,2479.4853515625,2451.58837890625,2434.576904296875
14-11-2012,2332.189208984375,2461.63134765625,2774,2461.63134765625,2375.70849609375,2359.2236328125
15-11-2012,2324.3779296875,2336.65283203125,2459,2410.30078125,2370.129150390625,2353.682861328125
16-11-2012,2340.000244140625,2367.8974609375,2350,2433.734375,2404.721435546875,2388.03515625
19-11-2012,2430.38671875,2430.38671875,1975,2518.541259765625,2500.68701171875,2483.3349609375
20-11-2012,2452.704345703125,2493.99169921875,955,2516.309326171875,2483.948974609375,2466.713134765625
21-11-2012,2444.89306640625,2505.150634765625,1437,2539.742919921875,2526.352294921875,2508.822021484375
23-11-2012,2514.07763671875,2543.090576171875,435,2593.30517578125,2589.95751953125,2571.986083984375
26-11-2012,2528.583984375,2573.21923828125,2679,2602.232177734375,2554.249267578125,2536.525390625
27-11-2012,2507.38232421875,2537.51123046875,3801,2617.8544921875,2573.21923828125,2555.36376953125
28-11-2012,2461.63134765625,2539.742919921875,2866,2554.249267578125,2529.699951171875,2512.146484375
29-11-2012,2547.553955078125,2554.249267578125,3555,2627.8974609375,2625.66552734375,2607.4462890625
30-11-2012,2606.69580078125,2629.01318359375,3874,2679.227783203125,2644.635498046875,2626.28466796875
03-12-2012,2642.40380859375,2652.44677734375,3063,2684.807373046875,2656.910400390625,2638.474365234375
04-12-2012,2651.330810546875,2661.373779296875,4163,2688.155029296875,2682.575439453125,2663.961181640625
05-12-2012,2698.19775390625,2702.661376953125,3026,2814.249267578125,2798.626953125,2779.20751953125
06-12-2012,2761.802978515625,2772.9619140625,2653,2846.60986328125,2809.785888671875,2790.2890625
07-12-2012,2761.802978515625,2813.133544921875,3114,2862.232177734375,2862.232177734375,2842.371337890625
10-12-2012,2796.395263671875,2856.65283203125,2907,2885.665771484375,2809.785888671875,2790.2890625
11-12-2012,2797.51123046875,2817.596923828125,1482,2871.1591796875,2824.292236328125,2804.694580078125
12-12-2012,2822.060546875,2855.536865234375,1234,2872.275146484375,2830.987548828125,2811.343505859375
13-12-2012,2772.9619140625,2820.944580078125,1512,2838.798828125,2828.755859375,2809.127197265625
14-12-2012,2793.047607421875,2817.596923828125,3279,2960.4296875,2920.258056640625,2899.99462890625
17-12-2012,2901.2880859375,2940.34375,4847,2944.807373046875,2907.9833984375,2887.80517578125
18-12-2012,2919.14208984375,2919.14208984375,5594,3146.781494140625,2999.4853515625,2978.672119140625
19-12-2012,3022.9189453125,3035.193603515625,5223,3112.189208984375,3069.785888671875,3048.48486328125
20-12-2012,3041.888916015625,3069.785888671875,3650,3136.73876953125,3117.768798828125,3096.134765625
21-12-2012,3099.91455078125,3114.421142578125,14463,3239.399658203125,3227.125,3204.732177734375
24-12-2012,3122.232177734375,3207.0390625,2662,3226.009033203125,3152.361083984375,3130.487060546875
26-12-2012,3130.04345703125,3185.83740234375,2185,3214.850341796875,3153.476806640625,3131.594970703125
27-12-2012,3045.236572265625,3159.056396484375,3277,3159.056396484375,3112.189208984375,3090.593994140625
28-12-2012,2981.63134765625,3089.871826171875,3610,3109.95751953125,3022.9189453125,3001.943115234375
31-12-2012,3009.5283203125,3024.034912109375,3409,3114.421142578125,3101.030517578125,3079.5126953125
02-01-2013,3160.172119140625,3199.22802734375,3798,3287.382568359375,3199.22802734375,3177.02880859375
03-01-2013,3150.129150390625,3199.22802734375,3389,3223.77734375,3170.215087890625,3148.21728515625
04-01-2013,3280.687255859375,3320.85888671875,11365,3483.77734375,3358.798828125,3335.492431640625
07-01-2013,3308.584228515625,3346.524169921875,9367,3413.476806640625,3406.78173828125,3383.142333984375
08-01-2013,3395.622802734375,3395.622802734375,7323,3613.219482421875,3482.661376953125,3458.495361328125
09-01-2013,3375.537109375,3492.704345703125,5185,3500.515625,3415.708740234375,3392.00732421875
10-01-2013,3375.537109375,3443.605712890625,5242,3472.61865234375,3397.8544921875,3374.277099609375
11-01-2013,3361.030517578125,3409.013427734375,4041,3455.88037109375,3412.361083984375,3388.682861328125
14-01-2013,3381.116455078125,3413.476806640625,5006,3492.704345703125,3407.8974609375,3384.250244140625
15-01-2013,3390.04345703125,3410.12939453125,7567,3444.7216796875,3425.751708984375,3401.980712890625
16-01-2013,3413.476806640625,3420.172119140625,4616,3459.22802734375,3439.14208984375,3415.278076171875
17-01-2013,3434.6787109375,3448.069091796875,4524,3558.541259765625,3525.06494140625,3500.604736328125
18-01-2013,3459.22802734375,3552.9619140625,5646,3592.017822265625,3566.3525390625,3541.60595703125
22-01-2013,3535.10791015625,3576.3955078125,1639,3576.3955078125,3554.077880859375,3529.416259765625
23-01-2013,3498.28369140625,3561.888916015625,2369,3574.16357421875,3532.8759765625,3508.361572265625
24-01-2013,3484.893310546875,3532.8759765625,1706,3566.3525390625,3512.790283203125,3488.415283203125
25-01-2013,3503.86328125,3532.8759765625,1710,3586.438232421875,3576.3955078125,3551.5791015625
28-01-2013,3489.356689453125,3576.3955078125,3488,3606.524169921875,3597.59716796875,3572.6337890625
29-01-2013,3325.322509765625,3521.71728515625,8674,3521.71728515625,3506.094970703125,3481.766357421875
30-01-2013,3515.02197265625,3522.833251953125,5296,3720.343994140625,3559.6572265625,3534.95703125
31-01-2013,3431.3310546875,3537.339599609375,5094,3542.9189453125,3445.83740234375,3421.927001953125
01-02-2013,3310.81591796875,3366.60986328125,48494,3453.648681640625,3431.3310546875,3407.521240234375
04-02-2013,3382.232177734375,3429.09912109375,11482,3589.785888671875,3554.077880859375,3529.416259765625
05-02-2013,3579.742919921875,3606.524169921875,12499,3831.931884765625,3814.077880859375,3787.6123046875
06-02-2013,3724.807373046875,3766.094970703125,5497,3835.279541015625,3824.120849609375,3797.58544921875
07-02-2013,3788.41259765625,3833.0478515625,5255,3876.567138671875,3817.425537109375,3790.936767578125
08-02-2013,3719.22802734375,3816.3095703125,4924,3904.464111328125,3893.305419921875,3866.2900390625
11-02-2013,3693.562744140625,3904.464111328125,3808,3904.464111328125,3798.45556640625,3772.098388671875
12-02-2013,3750.47265625,3812.9619140625,3229,3848.670166015625,3804.034912109375,3777.638916015625
13-02-2013,3732.61865234375,3787.296630859375,1947,3805.15087890625,3753.8203125,3727.772705078125
14-02-2013,3702.48974609375,3754.936279296875,4550,3904.464111328125,3877.68310546875,3850.776123046875
15-02-2013,3730.38671875,3883.262451171875,4201,3933.47705078125,3737.08203125,3711.150634765625
19-02-2013,3754.936279296875,3754.936279296875,4473,3879.914794921875,3827.468505859375,3800.909912109375
20-02-2013,3667.8974609375,3827.468505859375,4031,3843.0908203125,3676.82470703125,3651.3115234375
21-02-2013,3480.4296875,3664.5498046875,5300,3679.056396484375,3667.8974609375,3642.446044921875
22-02-2013,3701.3740234375,3714.764404296875,5027,3812.9619140625,3775.02197265625,3748.827392578125
25-02-2013,3547.382568359375,3790.644287109375,3594,3790.644287109375,3554.077880859375,3529.416259765625
26-02-2013,3471.502685546875,3536.2236328125,3923,3664.5498046875,3633.30517578125,3608.093994140625
27-02-2013,3623.262451171875,3623.262451171875,2343,3780.601318359375,3732.61865234375,3706.71826171875
28-02-2013,3709.18505859375,3720.343994140625,3225,3848.670166015625,3775.02197265625,3748.827392578125
01-03-2013,3510.55859375,3573.0478515625,4376,3830.81591796875,3795.10791015625,3768.77392578125
04-03-2013,3796.223876953125,3806.2666015625,4276,3896.653076171875,3847.55419921875,3820.856201171875
05-03-2013,3870.98779296875,3870.98779296875,4826,4014.936279296875,3968.0693359375,3940.53515625
06-03-2013,3914.507080078125,4023.86328125,5862,4095.279541015625,3961.3740234375,3933.88623046875
07-03-2013,3960.258056640625,3961.3740234375,5948,4222.48974609375,4218.0263671875,4188.7578125
08-03-2013,4202.404296875,4253.734375,8204,4320.6875,4257.08203125,4227.54248046875
11-03-2013,4231.4169921875,4252.61865234375,3312,4301.71728515625,4272.70458984375,4243.056640625
12-03-2013,4234.7646484375,4296.13818359375,4216,4300.6015625,4244.8076171875,4215.35302734375
13-03-2013,4251.5029296875,4255.96630859375,3519,4327.3828125,4263.77734375,4234.19140625
14-03-2013,4268.2412109375,4268.2412109375,5652,4454.5927734375,4384.29248046875,4353.8701171875
15-03-2013,4316.2236328125,4413.30517578125,12319,4494.7646484375,4471.3310546875,4440.3046875
18-03-2013,4423.34814453125,4435.623046875,8349,4726.86767578125,4630.90185546875,4598.7685546875
19-03-2013,4225.83740234375,4555.02197265625,11644,4603.0048828125,4351.93212890625,4321.734375
20-03-2013,4290.55859375,4375.36572265625,6203,4461.2880859375,4417.76904296875,4387.1142578125
21-03-2013,4245.92333984375,4379.8291015625,3901,4386.5244140625,4259.31396484375,4229.7587890625
22-03-2013,4196.82470703125,4284.97900390625,3746,4320.6875,4234.7646484375,4205.3798828125
25-03-2013,4086.3525390625,4240.34423828125,7016,4264.8935546875,4229.18505859375,4199.8388671875
26-03-2013,4203.52001953125,4317.33984375,4303,4329.6142578125,4302.83349609375,4272.9765625
27-03-2013,4197.9404296875,4280.515625,2904,4317.33984375,4281.63134765625,4251.92138671875
28-03-2013,4240.34423828125,4298.36962890625,2454,4327.3828125,4315.10791015625,4285.16552734375
01-04-2013,4233.64892578125,4339.6572265625,3831,4348.58447265625,4267.125,4237.515625
02-04-2013,4196.82470703125,4276.05224609375,4586,4324.03515625,4216.91064453125,4187.64990234375
03-04-2013,3927.897705078125,4224.7216796875,10401,4229.18505859375,4112.017578125,4083.484619140625
04-04-2013,3838.627197265625,4090.816162109375,10835,4125.408203125,4011.588623046875,3983.75244140625
05-04-2013,3864.29248046875,3864.29248046875,7089,4153.30517578125,4107.55419921875,4079.05224609375
08-04-2013,4122.060546875,4122.060546875,2517,4205.751953125,4183.43408203125,4154.4052734375
09-04-2013,4110.90185546875,4184.5498046875,4060,4197.9404296875,4141.03076171875,4112.29638671875
10-04-2013,4168.927734375,4172.275390625,3827,4257.08203125,4229.18505859375,4199.8388671875
11-04-2013,4000.4296875,4248.1552734375,7750,4271.5888671875,4094.163818359375,4065.754638671875
12-04-2013,3942.404052734375,4101.97509765625,8858,4193.47705078125,3987.039306640625,3959.37353515625
15-04-2013,3577.51123046875,3923.43408203125,11241,3923.43408203125,3637.768798828125,3612.526611328125
16-04-2013,3672.361083984375,3721.459716796875,7422,3826.3525390625,3808.49853515625,3782.071533203125
17-04-2013,3661.202392578125,3754.936279296875,5111,3771.67431640625,3724.807373046875,3698.961181640625
18-04-2013,3593.133544921875,3732.61865234375,5843,3798.45556640625,3776.137939453125,3749.935546875
19-04-2013,3673.47705078125,3788.41259765625,3381,3788.41259765625,3719.22802734375,3693.420654296875
22-04-2013,3606.524169921875,3725.92333984375,6185,3891.073486328125,3841.974853515625,3815.315673828125
23-04-2013,3771.67431640625,3846.4384765625,3058,3896.653076171875,3783.948974609375,3757.6923828125
24-04-2013,3760.515625,3777.25390625,3201,3943.52001953125,3915.622802734375,3888.45263671875
25-04-2013,3944.6357421875,4091.931884765625,6882,4125.408203125,3955.794677734375,3928.345703125
26-04-2013,3810.730224609375,3908.927734375,3568,3981.4599609375,3841.974853515625,3815.315673828125
29-04-2013,3854.24951171875,3882.146484375,3210,3974.7646484375,3924.550048828125,3897.31787109375
30-04-2013,3818.541259765625,3915.622802734375,2764,3969.18505859375,3833.0478515625,3806.45068359375
01-05-2013,3665.665771484375,3829.7001953125,4668,3856.481201171875,3770.55859375,3744.39501953125
02-05-2013,3747.125,3789.528564453125,4499,3998.197998046875,3962.489990234375,3934.99462890625
03-05-2013,3988.155029296875,4003.77734375,3914,4239.22802734375,4033.90625,4005.915283203125
06-05-2013,4037.25390625,4037.25390625,3384,4252.61865234375,4220.25830078125,4190.97412109375
07-05-2013,4162.232421875,4245.92333984375,4255,4326.2666015625,4180.08642578125,4151.0810546875
08-05-2013,4122.060546875,4254.8505859375,3079,4259.31396484375,4171.15966796875,4142.21630859375
09-05-2013,4074.077880859375,4158.884765625,2872,4199.056640625,4139.9150390625,4111.1884765625
10-05-2013,3856.481201171875,3856.481201171875,8111,4079.6572265625,4021.631591796875,3993.725830078125
13-05-2013,3911.159423828125,4022.747314453125,3842,4045.06494140625,3989.27099609375,3961.589599609375
14-05-2013,3979.22802734375,3981.4599609375,7339,4411.07373046875,4210.21533203125,4181.0009765625
15-05-2013,4074.077880859375,4187.8974609375,6497,4207.9833984375,4157.76904296875,4128.91845703125
16-05-2013,4110.90185546875,4168.927734375,2436,4196.82470703125,4145.494140625,4116.72900390625
17-05-2013,4151.07373046875,4180.08642578125,5432,4367.55419921875,4279.39990234375,4249.70556640625
20-05-2013,4280.515625,4298.36962890625,5746,4508.1552734375,4463.52001953125,4432.5478515625
21-05-2013,4331.84619140625,4475.794921875,5734,4495.88037109375,4344.12060546875,4313.97705078125
22-05-2013,4223.60595703125,4331.84619140625,3396,4435.623046875,4258.1982421875,4228.65087890625
23-05-2013,4027.2109375,4133.2197265625,5825,4277.16796875,4255.96630859375,4226.4345703125
24-05-2013,4107.55419921875,4203.52001953125,1876,4226.95361328125,4160.00048828125,4131.13427734375
28-05-2013,4141.03076171875,4210.21533203125,3057,4324.03515625,4226.95361328125,4197.623046875
29-05-2013,4132.103515625,4174.5068359375,1982,4259.31396484375,4167.81201171875,4138.8916015625
30-05-2013,4093.0478515625,4155.537109375,2852,4262.66162109375,4221.3740234375,4192.08203125
31-05-2013,4144.37841796875,4190.12939453125,2452,4289.44287109375,4145.494140625,4116.72900390625
03-06-2013,4099.7431640625,4166.69580078125,2998,4229.18505859375,4209.09912109375,4179.892578125
04-06-2013,4129.8720703125,4186.78173828125,1756,4279.39990234375,4207.9833984375,4178.78466796875
05-06-2013,4109.7861328125,4181.2021484375,2046,4222.48974609375,4115.365234375,4086.80908203125
06-06-2013,4046.180908203125,4113.1337890625,3931,4206.86767578125,4106.4384765625,4077.944091796875
07-06-2013,4072.9619140625,4093.0478515625,4298,4218.0263671875,4195.708984375,4166.59521484375
10-06-2013,4139.9150390625,4216.91064453125,2758,4238.1123046875,4155.537109375,4126.7021484375
11-06-2013,4030.55859375,4072.9619140625,2236,4171.15966796875,4105.32275390625,4076.836181640625
12-06-2013,4029.442626953125,4139.9150390625,1227,4160.00048828125,4041.71728515625,4013.672119140625
13-06-2013,3997.082275390625,4017.16796875,2230,4167.81201171875,4153.30517578125,4124.48583984375
14-06-2013,4060.687255859375,4152.189453125,1508,4193.47705078125,4090.816162109375,4062.43017578125
17-06-2013,4143.26220703125,4160.00048828125,3570,4261.5458984375,4202.404296875,4173.244140625
18-06-2013,4195.708984375,4213.56298828125,3527,4295.02197265625,4238.1123046875,4208.7041015625
19-06-2013,4233.64892578125,4251.5029296875,3892,4383.1767578125,4266.00927734375,4236.40771484375
20-06-2013,3975.88037109375,4165.580078125,4742,4184.5498046875,4048.41259765625,4020.321044921875
21-06-2013,3858.713134765625,4043.94921875,4537,4050.644287109375,3971.4169921875,3943.859619140625
24-06-2013,3704.7216796875,3892.189453125,5476,3941.2880859375,3915.622802734375,3888.45263671875
25-06-2013,3906.69580078125,3956.910400390625,2550,3991.502685546875,3954.6787109375,3927.237548828125
26-06-2013,3908.927734375,3991.502685546875,2472,4011.588623046875,3975.88037109375,3948.2919921875
27-06-2013,3935.708740234375,4006.00927734375,4081,4045.06494140625,3973.648681640625,3946.07568359375
28-06-2013,3930.12939453125,3945.751708984375,19309,4027.2109375,3956.910400390625,3929.45361328125
01-07-2013,3911.159423828125,3997.082275390625,4945,3997.082275390625,3932.361083984375,3905.07470703125
02-07-2013,3868.755859375,3936.82470703125,5892,4019.399658203125,3952.447021484375,3925.021240234375
03-07-2013,3926.78173828125,3949.099365234375,1852,4072.9619140625,4018.283935546875,3990.4013671875
05-07-2013,3989.27099609375,4072.9619140625,4072,4128.755859375,4123.1767578125,4094.56640625
08-07-2013,4129.8720703125,4129.8720703125,3486,4233.64892578125,4156.65283203125,4127.81005859375
09-07-2013,4112.017578125,4175.623046875,3846,4255.96630859375,4254.8505859375,4225.32666015625
10-07-2013,4209.09912109375,4274.9365234375,3653,4335.19384765625,4330.73046875,4300.6796875
11-07-2013,4341.88916015625,4380.94482421875,5097,4463.52001953125,4427.81201171875,4397.087890625
12-07-2013,4402.146484375,4416.65283203125,4631,4579.5712890625,4464.6357421875,4433.65576171875
15-07-2013,4411.07373046875,4476.91064453125,2700,4486.95361328125,4441.20263671875,4410.38525390625
16-07-2013,4399.9150390625,4449.013671875,3581,4465.751953125,4431.15966796875,4400.412109375
17-07-2013,4424.46435546875,4435.623046875,1571,4511.5029296875,4457.9404296875,4427.0068359375
18-07-2013,4454.5927734375,4463.52001953125,3260,4633.1337890625,4508.1552734375,4476.87353515625
19-07-2013,4433.39111328125,4517.08203125,3348,4547.2109375,4544.97900390625,4513.44189453125
22-07-2013,4508.1552734375,4553.90625,4051,4609.7001953125,4603.0048828125,4571.06494140625
23-07-2013,4623.0908203125,4629.7861328125,5469,4738.0263671875,4644.29248046875,4612.06591796875
24-07-2013,4455.708984375,4649.8720703125,3998,4677.76904296875,4483.60595703125,4452.49462890625
25-07-2013,4463.52001953125,4470.21533203125,3796,4573.9921875,4551.67431640625,4520.09033203125
26-07-2013,4435.623046875,4503.69189453125,3469,4520.4296875,4470.21533203125,4439.19677734375
29-07-2013,4405.494140625,4461.2880859375,2281,4531.5888671875,4433.39111328125,4402.6279296875
30-07-2013,4407.72607421875,4446.78173828125,1614,4469.099609375,4443.43408203125,4412.6015625
31-07-2013,4456.82470703125,4473.56298828125,2689,4608.58447265625,4546.09521484375,4514.55029296875
01-08-2013,4579.5712890625,4608.58447265625,4397,4754.7646484375,4723.52001953125,4690.74365234375
02-08-2013,4634.24951171875,4692.275390625,3350,4743.60595703125,4698.970703125,4666.36474609375
05-08-2013,4623.0908203125,4695.623046875,2418,4753.64892578125,4667.72607421875,4635.3369140625
06-08-2013,4495.88037109375,4654.33544921875,2575,4692.275390625,4546.09521484375,4514.55029296875
07-08-2013,4386.5244140625,4505.92333984375,2944,4561.71728515625,4390.98779296875,4360.51904296875
08-08-2013,4356.3955078125,4428.927734375,3467,4505.92333984375,4411.07373046875,4380.4658203125
09-08-2013,4210.21533203125,4218.0263671875,5870,4508.1552734375,4434.50732421875,4403.736328125
12-08-2013,4312.8759765625,4376.4814453125,2757,4433.39111328125,4316.2236328125,4286.2734375
13-08-2013,4231.4169921875,4322.9189453125,2364,4322.9189453125,4297.25390625,4267.435546875
14-08-2013,4156.65283203125,4301.71728515625,2843,4305.06494140625,4258.1982421875,4228.65087890625
15-08-2013,4196.82470703125,4206.86767578125,2144,4316.2236328125,4233.64892578125,4204.27197265625
16-08-2013,4173.39111328125,4203.52001953125,2731,4243.69140625,4228.0693359375,4198.73095703125
19-08-2013,4132.103515625,4214.6787109375,2898,4293.90625,4133.2197265625,4104.53955078125
20-08-2013,4135.451171875,4145.494140625,3233,4330.73046875,4279.39990234375,4249.70556640625
21-08-2013,4128.755859375,4251.5029296875,3591,4283.86328125,4128.755859375,4100.10693359375
22-08-2013,4143.26220703125,4143.26220703125,1845,4338.54150390625,4307.296875,4277.40869140625
23-08-2013,4251.5029296875,4309.5283203125,1269,4349.7001953125,4335.19384765625,4305.1123046875
26-08-2013,4346.3525390625,4346.3525390625,3193,4454.5927734375,4389.8720703125,4359.4111328125
27-08-2013,4307.296875,4341.88916015625,3742,4399.9150390625,4387.64013671875,4357.19482421875
28-08-2013,4367.55419921875,4396.5673828125,5209,4615.27978515625,4498.1123046875,4466.900390625
29-08-2013,4473.56298828125,4478.0263671875,2781,4553.90625,4505.92333984375,4474.6572265625
30-08-2013,4414.42138671875,4491.4169921875,2487,4503.69189453125,4430.04345703125,4399.3037109375
03-09-2013,4479.14208984375,4524.8935546875,2766,4575.10791015625,4551.67431640625,4520.09033203125
04-09-2013,4498.1123046875,4542.74755859375,2815,4592.9619140625,4577.33984375,4545.578125
05-09-2013,4547.2109375,4571.76025390625,1725,4634.24951171875,4601.88916015625,4569.95703125
06-09-2013,4555.02197265625,4630.90185546875,3933,4700.08642578125,4684.46435546875,4651.958984375
09-09-2013,4652.103515625,4686.69580078125,2822,4797.16796875,4797.16796875,4763.880859375
10-09-2013,4823.94921875,4838.45556640625,6777,5021.4599609375,5019.22802734375,4984.39990234375
11-09-2013,4967.89794921875,5021.4599609375,3782,5090.64453125,5058.2841796875,5023.18505859375
12-09-2013,5031.5029296875,5050.47265625,2629,5139.7431640625,5097.33984375,5061.9697265625
13-09-2013,5057.16796875,5137.51171875,2865,5198.884765625,5123.0048828125,5087.45654296875
16-09-2013,5041.5458984375,5174.33544921875,5545,5182.146484375,5073.90625,5038.69873046875
17-09-2013,5040.43017578125,5068.3271484375,1611,5153.1337890625,5138.62744140625,5102.970703125
18-09-2013,5121.88916015625,5133.0478515625,4442,5249.099609375,5235.708984375,5199.37890625
19-09-2013,5229.013671875,5256.91064453125,5048,5353.9921875,5341.7177734375,5304.65185546875
20-09-2013,5343.94921875,5371.84619140625,9945,5468.927734375,5468.927734375,5430.97900390625
23-09-2013,5427.64013671875,5468.927734375,5682,5583.86328125,5523.60595703125,5485.27783203125
24-09-2013,5510.21533203125,5550.38720703125,5708,5669.7861328125,5627.3828125,5588.3349609375
25-09-2013,5401.97509765625,5639.65771484375,7314,5726.6962890625,5473.3916015625,5435.412109375
26-09-2013,5388.58447265625,5494.59326171875,2871,5530.30126953125,5475.623046875,5437.6279296875
27-09-2013,5447.72607421875,5463.3486328125,2181,5503.52001953125,5470.0439453125,5432.087890625
30-09-2013,5290.38720703125,5369.61474609375,3361,5415.36572265625,5385.23681640625,5347.869140625
01-10-2013,5362.91943359375,5362.91943359375,3028,5523.60595703125,5501.28857421875,5463.11572265625
02-10-2013,5348.41259765625,5494.59326171875,3066,5494.59326171875,5388.58447265625,5351.193359375
03-10-2013,5355.10791015625,5400.859375,3325,5618.45556640625,5592.79052734375,5553.982421875
04-10-2013,5541.4599609375,5588.3271484375,2740,5664.20703125,5581.6318359375,5542.9013671875
07-10-2013,5385.23681640625,5472.275390625,1655,5513.56298828125,5453.3056640625,5415.46533203125
08-10-2013,5196.6533203125,5473.3916015625,2926,5531.4169921875,5287.03955078125,5250.35302734375
09-10-2013,5137.51171875,5308.2412109375,2990,5350.64453125,5174.33544921875,5138.43115234375
10-10-2013,5207.81201171875,5272.533203125,4128,5328.3271484375,5244.63623046875,5208.244140625
11-10-2013,5201.11669921875,5201.11669921875,2614,5495.708984375,5400.859375,5363.38330078125
14-10-2013,5348.41259765625,5391.93212890625,1755,5444.37841796875,5414.25,5376.6806640625
15-10-2013,5362.91943359375,5401.97509765625,3861,5640.7734375,5531.4169921875,5493.03466796875
16-10-2013,5596.13818359375,5602.83349609375,5349,5959.9150390625,5818.1982421875,5777.826171875
17-10-2013,5690.98779296875,5791.4169921875,5519,5980.0009765625,5851.6748046875,5811.0703125
18-10-2013,5930.90234375,5930.90234375,5376,6338.1982421875,6270.1298828125,6226.6220703125
21-10-2013,6179.74365234375,6301.37451171875,4302,6405.1513671875,6298.02685546875,6254.3251953125
22-10-2013,5942.06103515625,6243.3486328125,5196,6412.96240234375,6051.41748046875,6009.42724609375
23-10-2013,5523.60595703125,5990.0439453125,6978,6003.4345703125,5690.98779296875,5651.49853515625
24-10-2013,5678.71337890625,5693.2197265625,4572,5867.296875,5837.16845703125,5796.66455078125
25-10-2013,5701.03076171875,5884.03515625,3940,6024.63623046875,5793.64892578125,5753.447265625
28-10-2013,5675.36572265625,5815.966796875,3175,5815.966796875,5728.927734375,5689.17529296875
29-10-2013,5716.6533203125,5766.86767578125,3171,5910.81640625,5895.19384765625,5854.28759765625
30-10-2013,5639.65771484375,5930.90234375,3957,6112.79052734375,5763.52001953125,5723.52734375
31-10-2013,5561.5458984375,5774.67919921875,4084,5801.4599609375,5639.65771484375,5600.5244140625
01-11-2013,5250.21533203125,5643.00537109375,6948,5679.8291015625,5542.576171875,5504.11669921875
04-11-2013,5551.5029296875,5551.5029296875,3649,5839.39990234375,5723.3486328125,5683.634765625
05-11-2013,5558.1982421875,5713.3056640625,2254,5728.927734375,5634.078125,5594.9833984375
06-11-2013,5420.94482421875,5713.3056640625,4130,5895.19384765625,5511.33154296875,5473.0888671875
07-11-2013,5070.55859375,5542.576171875,8986,5562.66162109375,5284.8076171875,5248.13671875
08-11-2013,5343.94921875,5390.81640625,9387,5688.75634765625,5644.12109375,5604.95703125
11-11-2013,5612.87646484375,5702.14697265625,4796,5793.64892578125,5724.46435546875,5684.74267578125
12-11-2013,5579.39990234375,5718.884765625,3328,5755.708984375,5634.078125,5594.9833984375
13-11-2013,5576.05224609375,5611.7607421875,3534,5930.90234375,5815.966796875,5775.6103515625
14-11-2013,5666.4384765625,5801.4599609375,2982,5848.3271484375,5795.880859375,5755.66357421875
15-11-2013,5673.1337890625,5786.95361328125,1958,5822.66162109375,5786.95361328125,5746.79833984375
18-11-2013,5207.81201171875,5802.576171875,4759,5836.05224609375,5357.33984375,5320.16552734375
19-11-2013,5145.32275390625,5326.09521484375,3271,5443.2626953125,5310.47314453125,5273.6240234375
20-11-2013,5133.0478515625,5357.33984375,5213,5395.27978515625,5174.33544921875,5138.43115234375
21-11-2013,5158.71337890625,5196.6533203125,5864,5367.3828125,5261.3740234375,5224.86572265625
22-11-2013,5082.83349609375,5214.50732421875,5555,5260.25830078125,5145.32275390625,5109.61962890625
25-11-2013,4874.1640625,5109.61474609375,6015,5110.73046875,5012.533203125,4977.75146484375
26-11-2013,4934.42138671875,5035.96630859375,5218,5175.45166015625,5129.7001953125,5094.10546875
27-11-2013,4999.142578125,5123.0048828125,3802,5138.62744140625,5076.13818359375,5040.9150390625
29-11-2013,4961.20263671875,5064.9794921875,1570,5140.859375,5118.54150390625,5083.0244140625
02-12-2013,5001.3740234375,5126.3525390625,5173,5350.64453125,5223.43408203125,5187.18896484375
03-12-2013,5041.5458984375,5224.55029296875,5556,5280.34423828125,5269.185546875,5232.623046875
04-12-2013,5210.0439453125,5269.185546875,4625,5397.51171875,5330.55859375,5293.5703125
05-12-2013,5165.40869140625,5289.27099609375,3160,5379.65771484375,5194.42138671875,5158.37744140625
06-12-2013,4967.89794921875,5178.79931640625,5370,5193.3056640625,4989.099609375,4954.48046875
09-12-2013,4778.1982421875,4986.86767578125,5782,4986.86767578125,4873.0478515625,4839.23388671875
10-12-2013,4861.88916015625,4884.20654296875,5916,5131.93212890625,4910.98779296875,4876.91064453125
11-12-2013,4819.48583984375,4914.33544921875,6358,4970.12939453125,4842.91943359375,4809.31494140625
12-12-2013,4854.078125,4863.0048828125,4171,4967.89794921875,4919.9150390625,4885.77587890625
13-12-2013,4755.88037109375,4915.451171875,2688,4961.20263671875,4893.1337890625,4859.1806640625
16-12-2013,4838.45556640625,4893.1337890625,3139,4987.9833984375,4848.49853515625,4814.85498046875
17-12-2013,4662.146484375,4835.10791015625,4651,4866.3525390625,4768.1552734375,4735.0693359375
18-12-2013,4686.69580078125,4773.73486328125,3755,4833.9921875,4781.5458984375,4748.3671875
19-12-2013,4742.490234375,4790.47265625,4514,4947.81201171875,4938.884765625,4904.6142578125
20-12-2013,4865.23681640625,4970.12939453125,5029,5041.5458984375,4987.9833984375,4953.3720703125
23-12-2013,4899.8291015625,4992.447265625,2904,5034.8505859375,4928.841796875,4894.64111328125
24-12-2013,4863.0048828125,4905.40869140625,1322,4940.0009765625,4926.6103515625,4892.4248046875
26-12-2013,4914.33544921875,4935.537109375,1843,5032.61865234375,4954.50732421875,4920.12841796875
27-12-2013,4881.97509765625,4960.08642578125,1880,5057.16796875,5024.8076171875,4989.94091796875
30-12-2013,4830.64453125,5003.60595703125,2135,5043.77783203125,4852.9619140625,4819.28759765625
31-12-2013,4743.60595703125,4852.9619140625,5443,4864.12109375,4850.73046875,4817.07177734375
02-01-2014,4484.7216796875,4808.3271484375,9247,4811.67431640625,4653.2197265625,4620.93115234375
03-01-2014,4459.056640625,4609.7001953125,8229,4694.50732421875,4647.64013671875,4615.390625
06-01-2014,4701.20263671875,4731.3310546875,8726,4899.8291015625,4802.74755859375,4769.42138671875
07-01-2014,4847.3828125,4976.82470703125,9122,5127.46875,5038.1982421875,5003.23828125
08-01-2014,4990.21533203125,5008.0693359375,7314,5114.078125,5043.77783203125,5008.779296875
09-01-2014,4890.90185546875,5067.2109375,10325,5137.51171875,4924.37841796875,4890.20849609375
10-01-2014,4845.15087890625,4904.29248046875,3931,4995.794921875,4946.69580078125,4912.37109375
13-01-2014,4712.361328125,4948.927734375,3954,4998.0263671875,4774.8505859375,4741.71826171875
14-01-2014,4793.8203125,4819.48583984375,4658,4993.56298828125,4866.3525390625,4832.58544921875
15-01-2014,4867.46875,4889.7861328125,4828,4976.82470703125,4932.189453125,4897.96533203125
16-01-2014,4870.81640625,4900.94482421875,6074,4960.08642578125,4898.71337890625,4864.7216796875
17-01-2014,4756.99658203125,4894.24951171875,5283,4902.06103515625,4765.92333984375,4732.85302734375
21-01-2014,4713.47705078125,4804.9794921875,6387,4871.93212890625,4772.61865234375,4739.501953125
22-01-2014,4772.61865234375,4811.67431640625,7854,4909.8720703125,4854.078125,4820.39599609375
23-01-2014,4710.12939453125,4854.078125,4362,4859.6572265625,4797.16796875,4763.880859375
24-01-2014,4597.42578125,4723.52001953125,5469,4742.490234375,4657.68310546875,4625.36376953125
27-01-2014,4473.56298828125,4667.72607421875,3946,4684.46435546875,4572.87646484375,4541.1455078125
28-01-2014,4577.33984375,4594.078125,3786,4768.1552734375,4741.3740234375,4708.47412109375
29-01-2014,4538.2841796875,4648.755859375,3888,4716.82470703125,4582.9189453125,4551.1181640625
30-01-2014,4543.86328125,4591.84619140625,4555,4642.06103515625,4581.80322265625,4550.01025390625
31-01-2014,4457.9404296875,4493.64892578125,3097,4590.73046875,4542.74755859375,4511.2255859375
03-02-2014,4207.9833984375,4611.93212890625,19415,4621.97509765625,4233.64892578125,4204.27197265625
04-02-2014,4216.91064453125,4259.31396484375,10165,4462.404296875,4361.97509765625,4331.70751953125
05-02-2014,4267.125,4361.97509765625,5583,4366.4384765625,4326.2666015625,4296.2470703125
06-02-2014,4317.33984375,4365.32275390625,7577,4427.81201171875,4380.94482421875,4350.5458984375
07-02-2014,4344.12060546875,4427.81201171875,6358,4459.056640625,4423.34814453125,4392.65478515625
10-02-2014,4433.39111328125,4433.39111328125,7495,4650.98779296875,4558.36962890625,4526.7392578125
11-02-2014,4553.90625,4577.33984375,7146,4789.35693359375,4733.56298828125,4700.71728515625
12-02-2014,4705.666015625,4739.142578125,4551,4793.8203125,4744.7216796875,4711.79833984375
13-02-2014,4683.34814453125,4711.2451171875,6672,4969.013671875,4964.55029296875,4930.1015625
14-02-2014,4928.841796875,4974.59326171875,7978,5069.44287109375,4960.08642578125,4925.6689453125
18-02-2014,4956.73876953125,4956.73876953125,4593,5134.1640625,5106.26708984375,5070.8349609375
19-02-2014,5048.2412109375,5087.296875,4883,5178.79931640625,5101.80322265625,5066.40234375
20-02-2014,5044.8935546875,5086.18115234375,4207,5149.7861328125,5100.6875,5065.2939453125
21-02-2014,5071.6748046875,5109.61474609375,4179,5170.98779296875,5107.3828125,5071.94287109375
24-02-2014,5108.49853515625,5118.54150390625,4256,5420.94482421875,5293.73486328125,5257.001953125
25-02-2014,5120.7734375,5278.1123046875,4566,5284.8076171875,5249.099609375,5212.67626953125
26-02-2014,5128.58447265625,5218.970703125,5623,5306.00927734375,5147.55419921875,5111.83544921875
27-02-2014,5090.64453125,5147.55419921875,4162,5233.47705078125,5179.9150390625,5143.97216796875
28-02-2014,5426.5244140625,5456.6533203125,13922,5628.49853515625,5576.05224609375,5537.3603515625
03-03-2014,5438.79931640625,5532.533203125,9962,5714.42138671875,5654.1640625,5614.93017578125
04-03-2014,5674.25,5752.361328125,9418,5855.0224609375,5788.0693359375,5747.90625
05-03-2014,5649.70068359375,5769.099609375,5165,5813.73486328125,5724.46435546875,5684.74267578125
06-03-2014,5500.17236328125,5724.46435546875,6754,5735.623046875,5612.87646484375,5573.92919921875
07-03-2014,5482.318359375,5638.54150390625,5785,5644.12109375,5618.45556640625,5579.46923828125
10-03-2014,5370.73046875,5610.64453125,7837,5610.64453125,5399.7431640625,5362.27490234375
11-03-2014,5110.73046875,5398.62744140625,6779,5429.8720703125,5168.75634765625,5132.890625
12-03-2014,4987.9833984375,5127.46875,6971,5205.580078125,5163.1767578125,5127.349609375
13-03-2014,5134.1640625,5196.6533203125,7013,5235.708984375,5216.73876953125,5180.5400390625
14-03-2014,5203.3486328125,5216.73876953125,4519,5383.0048828125,5285.92333984375,5249.24462890625
17-03-2014,5212.275390625,5303.77783203125,4970,5394.1640625,5245.751953125,5209.35205078125
18-03-2014,5247.9833984375,5247.9833984375,3179,5434.33544921875,5399.7431640625,5362.27490234375
19-03-2014,5304.8935546875,5425.40869140625,3791,5426.5244140625,5394.1640625,5356.734375
20-03-2014,5284.8076171875,5368.49853515625,4987,5467.81201171875,5414.25,5376.6806640625
21-03-2014,5424.29248046875,5461.11669921875,6851,5653.0478515625,5569.35693359375,5530.71142578125
24-03-2014,5012.533203125,5569.35693359375,23890,5569.35693359375,5169.8720703125,5133.99853515625
25-03-2014,5134.1640625,5192.189453125,9738,5330.55859375,5256.91064453125,5220.43310546875
26-03-2014,5204.46435546875,5309.35693359375,6417,5343.94921875,5208.927734375,5172.783203125
27-03-2014,5154.24951171875,5229.013671875,7069,5340.6015625,5207.81201171875,5171.67529296875
28-03-2014,5112.96240234375,5201.11669921875,8905,5321.6318359375,5126.3525390625,5090.78125
31-03-2014,4923.2626953125,5162.06103515625,16739,5169.8720703125,4954.50732421875,4920.12841796875
01-04-2014,4954.50732421875,4986.86767578125,9661,5079.48583984375,5043.77783203125,5008.779296875
02-04-2014,4951.15966796875,5038.1982421875,10045,5092.87646484375,5052.70458984375,5017.64404296875
03-04-2014,5000.25830078125,5059.39990234375,4638,5137.51171875,5008.0693359375,4973.31884765625
04-04-2014,4823.94921875,5044.8935546875,9248,5068.3271484375,4839.57177734375,4805.990234375
07-04-2014,4623.0908203125,4827.296875,7815,4881.97509765625,4693.39111328125,4660.82421875
08-04-2014,4710.12939453125,4710.12939453125,7962,4931.07373046875,4886.4384765625,4852.53173828125
09-04-2014,4866.3525390625,4909.8720703125,13613,5097.33984375,5054.9365234375,5019.86083984375
10-04-2014,4960.08642578125,5043.77783203125,9926,5108.49853515625,4994.6787109375,4960.02099609375
11-04-2014,4944.46435546875,4969.013671875,7478,5079.48583984375,5070.55859375,5035.37451171875
14-04-2014,5090.64453125,5124.12109375,7742,5247.9833984375,5177.68310546875,5141.75537109375
15-04-2014,5152.01806640625,5173.2197265625,10683,5424.29248046875,5390.81640625,5353.40966796875
16-04-2014,5293.73486328125,5443.2626953125,13556,5472.275390625,5330.55859375,5293.5703125
17-04-2014,5254.6787109375,5342.83349609375,18713,5379.65771484375,5300.43017578125,5263.65087890625
21-04-2014,5306.00927734375,5330.55859375,8483,5520.25830078125,5369.61474609375,5332.35546875
22-04-2014,5318.2841796875,5362.91943359375,4795,5434.33544921875,5357.33984375,5320.16552734375
23-04-2014,5358.45556640625,5366.26708984375,5261,5458.884765625,5369.61474609375,5332.35546875
24-04-2014,5357.33984375,5417.59716796875,6214,5582.74755859375,5513.56298828125,5475.3046875
25-04-2014,5374.078125,5470.0439453125,6584,5477.85498046875,5416.4814453125,5378.89697265625
28-04-2014,5283.69189453125,5436.5673828125,7575,5464.46435546875,5394.1640625,5356.734375
29-04-2014,5400.859375,5441.03076171875,7962,5615.1083984375,5438.79931640625,5401.06005859375
30-04-2014,5290.38720703125,5415.36572265625,6875,5438.79931640625,5425.40869140625,5387.76220703125
01-05-2014,5243.52001953125,5423.1767578125,6145,5436.5673828125,5279.228515625,5242.59619140625
02-05-2014,5250.21533203125,5280.34423828125,7800,5447.72607421875,5356.22412109375,5319.0576171875
05-05-2014,5170.98779296875,5301.5458984375,7772,5316.05224609375,5264.7216796875,5228.18994140625
06-05-2014,5217.85498046875,5264.7216796875,6870,5388.58447265625,5284.8076171875,5248.13671875
07-05-2014,5127.46875,5329.44287109375,5963,5337.25390625,5233.47705078125,5197.162109375
08-05-2014,5128.58447265625,5193.3056640625,10911,5294.8505859375,5136.3955078125,5100.75439453125
09-05-2014,4637.59716796875,4909.8720703125,25867,4970.12939453125,4715.708984375,4682.98681640625
12-05-2014,4584.03515625,4714.5927734375,15786,4750.30126953125,4685.580078125,4653.0673828125
13-05-2014,4614.16357421875,4673.3056640625,16310,4839.57177734375,4828.41259765625,4794.90869140625
14-05-2014,4715.708984375,4792.70458984375,7383,4870.81640625,4752.53271484375,4719.55517578125
15-05-2014,4587.3828125,4714.5927734375,16260,5046.00927734375,5002.490234375,4967.7783203125
16-05-2014,4931.07373046875,5021.4599609375,17686,5310.47314453125,5134.1640625,5098.53857421875
19-05-2014,5010.30126953125,5120.7734375,7022,5167.64013671875,5089.52880859375,5054.212890625
20-05-2014,4975.708984375,5060.515625,4699,5091.76025390625,5005.837890625,4971.1025390625
21-05-2014,5053.8203125,5053.8203125,5638,5200.0009765625,5117.42578125,5081.91650390625
22-05-2014,5397.51171875,5414.25,30084,5973.3056640625,5815.966796875,5775.6103515625
23-05-2014,5819.31396484375,5819.31396484375,16793,6051.41748046875,5916.39599609375,5875.34228515625
27-05-2014,5813.73486328125,6036.91064453125,11332,6125.0654296875,5842.74755859375,5802.205078125
28-05-2014,5734.50732421875,5822.66162109375,10326,5985.580078125,5943.1767578125,5901.9375
29-05-2014,5827.12548828125,5891.84619140625,7660,6026.86767578125,6002.318359375,5960.66845703125
30-05-2014,5879.57177734375,6027.98388671875,7154,6030.21533203125,5983.3486328125,5941.83056640625
02-06-2014,5914.1640625,6074.8505859375,6741,6121.7177734375,5965.49462890625,5924.1005859375
03-06-2014,5966.6103515625,6025.751953125,7358,6148.4990234375,6132.87646484375,6090.32080078125
04-06-2014,5957.68310546875,6081.5458984375,5801,6154.078125,6101.6318359375,6059.29296875
05-06-2014,6054.7646484375,6077.08251953125,5723,6255.623046875,6161.88916015625,6119.13232421875
06-06-2014,6142.91943359375,6160.7734375,4916,6289.099609375,6228.84228515625,6185.62060546875
09-06-2014,6188.67041015625,6242.23291015625,5309,6447.5546875,6362.74755859375,6318.5966796875
10-06-2014,6340.43017578125,6385.0654296875,5066,6444.20703125,6398.4560546875,6354.0576171875
11-06-2014,6350.47314453125,6400.6875,4909,6582.576171875,6547.98388671875,6502.5478515625
12-06-2014,6549.099609375,6580.34423828125,7820,6768.92822265625,6579.228515625,6533.57568359375
13-06-2014,6456.4814453125,6595.966796875,5268,6662.91943359375,6657.33984375,6611.14501953125
16-06-2014,6662.91943359375,6665.1513671875,6258,6811.33154296875,6753.3056640625,6706.44482421875
17-06-2014,6604.8935546875,6716.48193359375,5920,6766.6962890625,6660.6875,6614.46923828125
18-06-2014,6507.81201171875,6688.5849609375,6731,6815.794921875,6709.78662109375,6663.22802734375
19-06-2014,6724.29296875,6763.3486328125,4307,6845.923828125,6831.41748046875,6784.0146484375
20-06-2014,6773.3916015625,6850.38720703125,7875,7023.3486328125,6818.02685546875,6770.716796875
23-06-2014,6836.99658203125,6860.43017578125,4948,6980.9453125,6845.923828125,6798.42041015625
24-06-2014,6397.33984375,6841.46044921875,10302,6845.923828125,6435.27978515625,6390.6259765625
25-06-2014,6431.93212890625,6431.93212890625,6629,6668.4990234375,6641.7177734375,6595.63134765625
26-06-2014,6453.13427734375,6680.7734375,7939,6693.04833984375,6479.9150390625,6434.951171875
27-06-2014,6293.56298828125,6425.23681640625,13177,6510.0439453125,6322.576171875,6278.7041015625
30-06-2014,6237.76904296875,6264.55029296875,9683,6472.10400390625,6381.7177734375,6337.435546875
01-07-2014,6282.404296875,6436.39599609375,6853,6454.25,6368.3271484375,6324.1376953125
02-07-2014,6296.91064453125,6376.13818359375,4831,6427.46875,6331.5029296875,6287.56884765625
03-07-2014,6309.185546875,6361.6318359375,2693,6449.78662109375,6406.26708984375,6361.814453125
07-07-2014,6232.18994140625,6312.533203125,8002,6381.7177734375,6302.490234375,6258.7578125
08-07-2014,6219.9150390625,6327.03955078125,7020,6425.23681640625,6412.96240234375,6368.46337890625
09-07-2014,6427.46875,6427.46875,7685,6623.86376953125,6579.228515625,6533.57568359375
10-07-2014,6423.00537109375,6468.75634765625,7169,6678.5419921875,6626.09521484375,6580.1171875
11-07-2014,6463.1767578125,6626.09521484375,6145,6649.52880859375,6498.88525390625,6453.7900390625
14-07-2014,6541.28857421875,6584.80810546875,4080,6707.5546875,6676.31005859375,6629.9833984375
15-07-2014,6342.662109375,6665.1513671875,7958,6671.8466796875,6472.10400390625,6427.1943359375
16-07-2014,6472.10400390625,6566.95361328125,4716,6612.705078125,6590.38720703125,6544.65673828125
17-07-2014,6438.62744140625,6627.21142578125,10555,6649.52880859375,6485.49462890625,6440.4921875
18-07-2014,6491.07373046875,6491.07373046875,3953,6681.8896484375,6674.078125,6627.76708984375
21-07-2014,6610.47314453125,6649.52880859375,9134,6883.86376953125,6870.47314453125,6822.79931640625
22-07-2014,6816.9111328125,6870.47314453125,6898,7017.76953125,6832.533203125,6785.12255859375
23-07-2014,6786.7822265625,6826.95361328125,6121,6938.5419921875,6867.12548828125,6819.47509765625
24-07-2014,6657.33984375,6906.18115234375,7164,6979.82958984375,6902.83349609375,6854.93505859375
25-07-2014,6560.25830078125,6848.15576171875,8512,6848.15576171875,6626.09521484375,6580.1171875
28-07-2014,6399.57177734375,6647.29736328125,5904,6685.2373046875,6486.6103515625,6441.60009765625
29-07-2014,6419.65771484375,6489.9580078125,6235,6534.59326171875,6453.13427734375,6408.3564453125
30-07-2014,6396.22412109375,6527.89794921875,6003,6540.1728515625,6435.27978515625,6390.6259765625
31-07-2014,6219.9150390625,6400.6875,6386,6445.32275390625,6255.623046875,6212.2158203125
01-08-2014,5997.85498046875,6203.1767578125,11154,6203.1767578125,6046.95361328125,6004.994140625
04-08-2014,6050.30126953125,6074.8505859375,16159,6796.8251953125,6608.2412109375,6562.38720703125
05-08-2014,6324.8076171875,6640.60205078125,16533,6679.65771484375,6491.07373046875,6446.03271484375
06-08-2014,6398.4560546875,6474.3359375,5996,6623.86376953125,6510.0439453125,6464.87109375
07-08-2014,6271.24560546875,6533.4775390625,10593,6566.95361328125,6379.48583984375,6335.21923828125
08-08-2014,6003.4345703125,6077.08251953125,19797,6576.99658203125,6447.5546875,6402.8154296875
11-08-2014,6400.6875,6475.45166015625,7616,6603.77783203125,6454.25,6409.46435546875
12-08-2014,6215.45166015625,6429.70068359375,8515,6467.640625,6354.9365234375,6310.83984375
13-08-2014,6270.1298828125,6382.83349609375,4812,6452.01806640625,6311.41748046875,6267.623046875
14-08-2014,6149.61474609375,6350.47314453125,6255,6388.4130859375,6166.35302734375,6123.56494140625
15-08-2014,6196.4814453125,6246.6962890625,4719,6370.55908203125,6360.51611328125,6316.380859375
18-08-2014,6329.271484375,6376.13818359375,3835,6513.3916015625,6493.3056640625,6448.2490234375
19-08-2014,6493.3056640625,6502.23291015625,4302,6689.70068359375,6574.76513671875,6529.14306640625
20-08-2014,6435.27978515625,6579.228515625,3541,6646.18115234375,6629.44287109375,6583.44140625
21-08-2014,6439.74365234375,6623.86376953125,5299,6683.00537109375,6573.64892578125,6528.03466796875
22-08-2014,6356.05224609375,6571.41748046875,7216,6571.41748046875,6383.94970703125,6339.65185546875
25-08-2014,6378.3701171875,6391.7607421875,3763,6611.5888671875,6584.80810546875,6539.11669921875
26-08-2014,6628.3271484375,6628.3271484375,4555,6778.97119140625,6643.94970703125,6597.84765625
27-08-2014,6401.8037109375,6670.73046875,5117,6684.12109375,6482.14697265625,6437.16796875
28-08-2014,6431.93212890625,6474.3359375,5578,6618.2841796875,6598.1982421875,6552.41357421875
29-08-2014,6568.06982421875,6598.1982421875,6493,6889.443359375,6852.619140625,6805.0693359375
02-09-2014,6720.9453125,6848.15576171875,7931,6907.29736328125,6730.98828125,6684.2822265625
03-09-2014,6678.5419921875,6749.9580078125,3568,6838.11279296875,6712.01806640625,6665.44384765625
04-09-2014,6395.1083984375,6714.25,5332,6727.640625,6448.67041015625,6403.92333984375
05-09-2014,6411.8466796875,6474.3359375,4934,6587.03955078125,6502.23291015625,6457.1142578125
08-09-2014,6145.1513671875,6425.23681640625,8364,6468.75634765625,6276.8251953125,6233.2705078125
09-09-2014,6196.4814453125,6272.361328125,8383,6478.79931640625,6321.4599609375,6277.595703125
10-09-2014,6158.54150390625,6303.60595703125,6459,6520.0869140625,6489.9580078125,6444.9248046875
11-09-2014,6313.64892578125,6426.35302734375,10997,6647.29736328125,6601.5458984375,6555.73828125
12-09-2014,6444.20703125,6593.73486328125,8181,6683.00537109375,6518.97119140625,6473.736328125
15-09-2014,6341.5458984375,6522.318359375,5190,6523.4345703125,6429.70068359375,6385.08544921875
16-09-2014,6428.58447265625,6428.58447265625,6551,6725.40869140625,6670.73046875,6624.44287109375
17-09-2014,6612.705078125,6705.32275390625,5990,6812.447265625,6624.9794921875,6579.00927734375
18-09-2014,6505.58056640625,6641.7177734375,6597,6677.42578125,6580.34423828125,6534.68359375
19-09-2014,6427.46875,6616.052734375,11819,6655.1083984375,6507.81201171875,6462.65478515625
22-09-2014,6174.1640625,6462.06103515625,9558,6481.03125,6263.4345703125,6219.97314453125
23-09-2014,6170.81640625,6258.970703125,7229,6487.7265625,6222.14697265625,6178.9716796875
24-09-2014,6091.5888671875,6215.45166015625,5033,6498.88525390625,6402.91943359375,6358.490234375
25-09-2014,6197.59765625,6393.9921875,9496,6431.93212890625,6234.42138671875,6191.1611328125
26-09-2014,6189.7861328125,6233.3056640625,5526,6409.61474609375,6361.6318359375,6317.48876953125
29-09-2014,6274.59326171875,6309.185546875,7247,6578.11279296875,6564.72216796875,6519.169921875
30-09-2014,6265.666015625,6555.794921875,9048,6576.99658203125,6349.357421875,6305.2998046875
01-10-2014,5870.64453125,6343.77783203125,15711,6373.90673828125,5901.88916015625,5860.9365234375
02-10-2014,5656.3955078125,5863.94921875,10081,5948.75634765625,5876.22412109375,5835.44921875
03-10-2014,5712.18994140625,5896.31005859375,7048,5913.04833984375,5767.98388671875,5727.96044921875
06-10-2014,5429.8720703125,5764.63623046875,13216,5786.95361328125,5613.9921875,5575.037109375
07-10-2014,5352.87646484375,5550.38720703125,8780,5599.48583984375,5359.57177734375,5322.3818359375
08-10-2014,4900.94482421875,5304.8935546875,26057,5347.296875,5338.3701171875,5301.32763671875
09-10-2014,4952.275390625,5205.580078125,8580,5272.533203125,4952.275390625,4917.912109375
10-10-2014,4611.93212890625,4902.06103515625,16323,4938.884765625,4653.2197265625,4620.93115234375
13-10-2014,4181.2021484375,4665.494140625,16211,4705.666015625,4211.3310546875,4182.10888671875
14-10-2014,3935.708740234375,4253.734375,20287,4306.18115234375,3968.0693359375,3940.53515625
15-10-2014,3789.528564453125,3855.365478515625,25402,4170.04345703125,4164.46435546875,4135.5673828125
16-10-2014,4037.25390625,4052.876220703125,23778,4606.3525390625,4511.5029296875,4480.19775390625
17-10-2014,4524.8935546875,4603.0048828125,24761,4923.2626953125,4556.13818359375,4524.5234375
20-10-2014,4433.39111328125,4502.57568359375,10043,4703.43408203125,4629.7861328125,4597.66015625
21-10-2014,4654.33544921875,4654.33544921875,9279,4937.76904296875,4888.67041015625,4854.748046875
22-10-2014,4610.81591796875,4919.9150390625,9502,5102.91943359375,4619.7431640625,4587.68701171875
23-10-2014,4585.15087890625,4655.451171875,8150,4896.4814453125,4793.8203125,4760.55615234375
24-10-2014,4569.52880859375,4753.64892578125,6542,4799.39990234375,4717.9404296875,4685.203125
27-10-2014,4327.3828125,4619.7431640625,9635,4619.7431640625,4501.4599609375,4470.224609375
28-10-2014,4430.04345703125,4536.05224609375,6644,4846.2666015625,4829.52880859375,4796.01708984375
29-10-2014,4879.7431640625,4889.7861328125,12466,5124.12109375,5046.00927734375,5010.9951171875
30-10-2014,4693.39111328125,4987.9833984375,7548,5089.52880859375,4823.94921875,4790.47607421875
31-10-2014,4588.49853515625,4740.25830078125,6168,5057.16796875,5048.2412109375,5013.2119140625
03-11-2014,4812.79052734375,5152.01806640625,12082,5177.68310546875,4869.7001953125,4835.90966796875
04-11-2014,4422.232421875,4690.04345703125,12297,4706.78173828125,4558.36962890625,4526.7392578125
05-11-2014,4528.2412109375,4625.32275390625,9496,4878.62744140625,4775.96630859375,4742.826171875
06-11-2014,4575.10791015625,4666.6103515625,10770,4850.73046875,4835.10791015625,4801.5576171875
07-11-2014,4518.1982421875,4606.3525390625,25539,4847.3828125,4839.57177734375,4805.990234375
10-11-2014,4463.52001953125,4887.55419921875,13364,5020.34423828125,4484.7216796875,4453.6025390625
11-11-2014,4363.0908203125,4462.404296875,15897,4603.0048828125,4512.61865234375,4481.3056640625
12-11-2014,4433.39111328125,4433.39111328125,8206,4591.84619140625,4480.25830078125,4449.169921875
13-11-2014,4200.17236328125,4413.30517578125,8271,4475.794921875,4252.61865234375,4223.10986328125
14-11-2014,4204.6357421875,4252.61865234375,7746,4406.6103515625,4364.20654296875,4333.923828125
17-11-2014,4079.6572265625,4319.5712890625,8131,4348.58447265625,4127.64013671875,4098.99853515625
18-11-2014,4019.399658203125,4109.7861328125,7779,4249.27099609375,4109.7861328125,4081.2685546875
19-11-2014,3936.82470703125,4130.98779296875,11881,4145.494140625,3994.850341796875,3967.13037109375
20-11-2014,3956.910400390625,3976.996337890625,7331,4168.927734375,4142.146484375,4113.404296875
21-11-2014,4164.46435546875,4250.38671875,7478,4345.23681640625,4220.25830078125,4190.97412109375
24-11-2014,4109.7861328125,4200.17236328125,8757,4305.06494140625,4203.52001953125,4174.35205078125
25-11-2014,4066.2666015625,4216.91064453125,7745,4258.1982421875,4118.712890625,4090.13330078125
26-11-2014,3937.9404296875,4080.773193359375,7275,4105.32275390625,3980.343994140625,3952.724609375
28-11-2014,3007.296630859375,3699.14208984375,14135,3699.14208984375,3037.42529296875,3016.348876953125
01-12-2014,2655.79443359375,2953.734375,25643,3010.644287109375,2872.275146484375,2852.3447265625
02-12-2014,2709.356689453125,2845.493896484375,14413,2911.330810546875,2710.472412109375,2691.66455078125
03-12-2014,2690.38671875,2729.4423828125,16208,2844.378173828125,2746.1806640625,2727.125
04-12-2014,2347.8115234375,2627.8974609375,20301,2728.32666015625,2362.31787109375,2345.92578125
05-12-2014,2238.455322265625,2354.5068359375,19766,2419.227783203125,2242.918701171875,2227.355224609375
08-12-2014,2062.146240234375,2179.313720703125,24400,2221.717041015625,2130.21484375,2115.433349609375
09-12-2014,2130.21484375,2141.373779296875,17659,2343.347900390625,2292.017578125,2276.113525390625
10-12-2014,2143.60546875,2188.24072265625,11789,2235.107666015625,2203.863037109375,2188.570556640625
11-12-2014,2153.6484375,2179.313720703125,14693,2280.858642578125,2160.34375,2145.353271484375
12-12-2014,1962.8328857421875,2057.6826171875,15909,2223.94873046875,2072.189208984375,2057.810302734375
15-12-2014,1911.50244140625,2097.8544921875,12531,2131.330810546875,1921.54541015625,1908.2119140625
16-12-2014,1825.5797119140625,1873.5625,27549,2074.4208984375,1909.2706298828125,1896.0223388671875
17-12-2014,1896.9959716796875,1903.6912841796875,17652,2275.279296875,2242.918701171875,2227.355224609375
18-12-2014,2141.373779296875,2381.287841796875,17385,2475.021728515625,2242.918701171875,2227.355224609375
19-12-2014,2199.3994140625,2280.858642578125,21009,2472.7900390625,2467.210693359375,2450.0908203125
22-12-2014,2432.618408203125,2459.3994140625,28056,2644.635498046875,2625.66552734375,2607.4462890625
23-12-2014,2578.798583984375,2578.798583984375,58615,2713.820068359375,2663.60546875,2645.122802734375
24-12-2014,2524.12060546875,2634.5927734375,8545,2651.330810546875,2594.4208984375,2576.41845703125
26-12-2014,2559.82861328125,2630.129150390625,8304,2694.85009765625,2676.99609375,2658.420654296875
29-12-2014,2584.378173828125,2682.575439453125,11154,2780.77294921875,2665.83740234375,2647.33935546875
30-12-2014,2587.725830078125,2621.2021484375,8228,2719.399658203125,2687.0390625,2668.393798828125
31-12-2014,2569.87158203125,2604.4638671875,13489,2777.42529296875,2678.112060546875,2659.52880859375
02-01-2015,2592.189208984375,2646.867431640625,15662,2745.064697265625,2732.7900390625,2713.827392578125
05-01-2015,2457.167724609375,2646.867431640625,12345,2693.734375,2566.52392578125,2548.715087890625
06-01-2015,2336.65283203125,2535.279296875,10657,2573.21923828125,2411.416748046875,2394.68408203125
07-01-2015,2403.60546875,2466.0947265625,8560,2526.352294921875,2433.734375,2416.846923828125
08-01-2015,2427.0390625,2477.253662109375,17197,2596.65283203125,2514.07763671875,2496.632568359375
09-01-2015,2498.455322265625,2526.352294921875,12974,2673.6484375,2649.09912109375,2630.71728515625
12-01-2015,2355.62255859375,2569.87158203125,11904,2572.103515625,2362.31787109375,2345.92578125
13-01-2015,2259.656982421875,2298.712890625,10150,2395.79443359375,2372.36083984375,2355.899169921875
14-01-2015,2257.42529296875,2324.3779296875,13768,2470.558349609375,2464.97900390625,2447.874755859375
15-01-2015,2331.0732421875,2531.931640625,11148,2565.408203125,2366.781494140625,2350.358642578125
16-01-2015,2394.678466796875,2406.953125,11255,2644.635498046875,2608.927490234375,2590.82421875
20-01-2015,2271.931640625,2510.72998046875,13823,2545.322265625,2308.755615234375,2292.7353515625
21-01-2015,2310.987548828125,2348.927490234375,15619,2466.0947265625,2443.777099609375,2426.81982421875
22-01-2015,2453.820068359375,2476.1376953125,22324,2555.365234375,2502.9189453125,2485.55126953125
23-01-2015,2471.67431640625,2490.64404296875,18551,2695.966064453125,2605.579833984375,2587.5
26-01-2015,2565.408203125,2612.275146484375,14550,2736.1376953125,2672.53271484375,2653.98828125
27-01-2015,2588.841552734375,2636.824462890625,15554,2895.70849609375,2873.39111328125,2853.452880859375
28-01-2015,2621.2021484375,2910.215087890625,22908,2921.373779296875,2664.721435546875,2646.231201171875
29-01-2015,2504.03466796875,2678.112060546875,11490,2716.052001953125,2679.227783203125,2660.63671875
30-01-2015,2622.318115234375,2646.867431640625,17080,2942.575439453125,2910.215087890625,2890.021240234375
02-02-2015,2964.89306640625,2983.863037109375,18315,3157.9404296875,3115.536865234375,3093.91845703125
03-02-2015,3008.41259765625,3079.828857421875,79990,3365.494140625,3332.017578125,3308.89697265625
04-02-2015,3074.24951171875,3236.052001953125,22517,3240.515625,3170.215087890625,3148.21728515625
05-02-2015,3198.112060546875,3255.02197265625,16798,3374.421142578125,3262.8330078125,3240.1923828125
06-02-2015,3167.9833984375,3320.85888671875,9232,3355.451171875,3300.77294921875,3277.869140625
09-02-2015,3190.301025390625,3325.322509765625,12452,3438.0263671875,3230.47265625,3208.056640625
10-02-2015,3057.51123046875,3227.125,14998,3255.02197265625,3114.421142578125,3092.810302734375
11-02-2015,2955.966064453125,3030.72998046875,11349,3133.39111328125,3111.073486328125,3089.48583984375
12-02-2015,3138.970458984375,3183.605712890625,9139,3262.8330078125,3189.18505859375,3167.055419921875
13-02-2015,3166.867431640625,3267.296630859375,10278,3336.481201171875,3207.0390625,3184.78564453125
17-02-2015,3095.451171875,3186.953369140625,8623,3313.047607421875,3282.9189453125,3260.138916015625
18-02-2015,3191.416748046875,3237.16796875,10499,3353.219482421875,3208.155029296875,3185.893798828125
19-02-2015,2916.910400390625,3034.07763671875,11178,3324.20654296875,3239.399658203125,3216.921630859375
20-02-2015,3209.27099609375,3248.32666015625,9440,3321.974853515625,3270.644287109375,3247.949462890625
23-02-2015,3116.65283203125,3198.112060546875,8951,3325.322509765625,3173.562744140625,3151.54150390625
24-02-2015,3147.8974609375,3213.734375,9868,3277.339599609375,3239.399658203125,3216.921630859375
25-02-2015,3181.373779296875,3244.97900390625,9585,3383.34814453125,3374.421142578125,3351.00634765625
26-02-2015,3213.734375,3320.85888671875,10416,3378.884521484375,3262.8330078125,3240.1923828125
27-02-2015,2961.54541015625,3303.0048828125,26900,3328.669921875,3007.296630859375,2986.42919921875
02-03-2015,2820.944580078125,3007.296630859375,12471,3007.296630859375,2918.026123046875,2897.778076171875
03-03-2015,2912.44677734375,2920.258056640625,9357,3122.232177734375,3059.742919921875,3038.511474609375
04-03-2015,2890.129150390625,3055.279541015625,11351,3097.682861328125,3075.365234375,3054.025390625
05-03-2015,2978.28369140625,3063.090576171875,5861,3093.21923828125,3017.339599609375,2996.402587890625
06-03-2015,2835.451171875,2941.459716796875,7549,3017.339599609375,2848.841552734375,2829.07373046875
09-03-2015,2817.596923828125,2867.8115234375,13625,3020.687255859375,2912.44677734375,2892.237548828125
10-03-2015,2846.60986328125,2857.768798828125,12044,3006.1806640625,2934.764404296875,2914.400146484375
11-03-2015,2891.2451171875,2891.2451171875,8180,3013.991943359375,3006.1806640625,2985.321044921875
12-03-2015,2842.146240234375,3029.6142578125,7593,3039.6572265625,2900.172119140625,2880.048095703125
13-03-2015,2559.82861328125,2854.421142578125,20789,2881.2021484375,2704.89306640625,2686.1240234375
16-03-2015,2546.438232421875,2623.433837890625,9158,2694.85009765625,2668.069091796875,2649.555419921875
17-03-2015,2612.275146484375,2617.8544921875,8626,2709.356689453125,2660.2578125,2641.79833984375
18-03-2015,2604.4638671875,2617.8544921875,15054,2934.764404296875,2928.069091796875,2907.75146484375
19-03-2015,2747.296630859375,2781.888916015625,10480,2912.44677734375,2887.8974609375,2867.858642578125
20-03-2015,2796.395263671875,3031.845947265625,13678,3031.845947265625,2845.493896484375,2825.749267578125
23-03-2015,2749.5283203125,2852.189208984375,7565,2931.416748046875,2750.644287109375,2731.557861328125
24-03-2015,2617.8544921875,2758.455322265625,14675,2787.46826171875,2661.373779296875,2642.90673828125
25-03-2015,2575.450927734375,2621.2021484375,19250,2711.58837890625,2633.476806640625,2615.203369140625
26-03-2015,2612.275146484375,2682.575439453125,14670,2748.412353515625,2676.99609375,2658.420654296875
27-03-2015,2579.91455078125,2658.026123046875,8653,2679.227783203125,2670.30078125,2651.771728515625
30-03-2015,2639.05615234375,2726.0947265625,7064,2757.339599609375,2740.601318359375,2721.58447265625
31-03-2015,2662.48974609375,2682.575439453125,6054,2809.785888671875,2751.760009765625,2732.665771484375
01-04-2015,2685.923095703125,2767.38232421875,8884,2868.927490234375,2704.89306640625,2686.1240234375
02-04-2015,2664.721435546875,2678.112060546875,8002,2793.047607421875,2790.81591796875,2771.45068359375
06-04-2015,2822.060546875,2822.060546875,11283,3083.176513671875,3072.017578125,3050.701171875
07-04-2015,3011.760009765625,3067.55419921875,13823,3226.009033203125,3032.9619140625,3011.91650390625
08-04-2015,2853.30517578125,3037.42529296875,11150,3109.95751953125,2860.00048828125,2840.155029296875
09-04-2015,2835.451171875,2873.39111328125,10693,3013.991943359375,2987.210693359375,2966.482666015625
10-04-2015,2991.67431640625,3017.339599609375,15278,3178.026123046875,3151.2451171875,3129.37890625
13-04-2015,2955.966064453125,3223.77734375,13268,3256.137939453125,2969.356689453125,2948.75244140625
14-04-2015,2987.210693359375,3035.193603515625,8798,3145.665771484375,3113.30517578125,3091.7021484375
15-04-2015,3092.103515625,3152.361083984375,17002,3424.6357421875,3355.451171875,3332.16796875
16-04-2015,3191.416748046875,3320.85888671875,13743,3354.335205078125,3201.459716796875,3179.2451171875
17-04-2015,2972.704345703125,3167.9833984375,13781,3174.6787109375,3008.41259765625,2987.537353515625
20-04-2015,2961.54541015625,2992.7900390625,13224,3116.65283203125,2987.210693359375,2966.482666015625
21-04-2015,2724.97900390625,3002.8330078125,21255,3007.296630859375,2756.2236328125,2737.098388671875
22-04-2015,2706.009033203125,2767.38232421875,11455,2806.438232421875,2733.906005859375,2714.935546875
23-04-2015,2728.32666015625,2757.339599609375,11059,2896.824462890625,2790.81591796875,2771.45068359375
24-04-2015,2712.704345703125,2771.845947265625,7657,2804.20654296875,2766.2666015625,2747.07177734375
27-04-2015,2741.717041015625,2774.07763671875,8787,2868.927490234375,2772.9619140625,2753.720458984375
28-04-2015,2729.4423828125,2807.55419921875,9890,2837.682861328125,2777.42529296875,2758.15283203125
29-04-2015,2740.601318359375,2757.339599609375,18554,3073.133544921875,3037.42529296875,3016.348876953125
30-04-2015,2953.734375,3057.51123046875,14586,3118.884521484375,3075.365234375,3054.025390625
01-05-2015,2890.129150390625,3025.150634765625,10388,3060.85888671875,2952.618408203125,2932.13037109375
04-05-2015,2817.596923828125,2930.30078125,11957,2991.67431640625,2852.189208984375,2832.39794921875
05-05-2015,2765.150634765625,2934.764404296875,13273,2976.052001953125,2778.541259765625,2759.26123046875
06-05-2015,2694.85009765625,2834.335205078125,18018,2880.086181640625,2731.67431640625,2712.719482421875
07-05-2015,2535.279296875,2733.906005859375,22667,2733.906005859375,2613.390869140625,2595.2568359375
08-05-2015,2530.81591796875,2645.75146484375,21466,2825.408203125,2771.845947265625,2752.6123046875
11-05-2015,2656.910400390625,2813.133544921875,15805,2820.944580078125,2675.880126953125,2657.312255859375
12-05-2015,2663.60546875,2669.18505859375,10792,2799.742919921875,2790.81591796875,2771.45068359375
13-05-2015,2664.721435546875,2818.712890625,14355,2825.408203125,2695.966064453125,2677.259033203125
14-05-2015,2629.01318359375,2706.009033203125,19159,2736.1376953125,2636.824462890625,2618.52783203125
15-05-2015,2550.901611328125,2620.086181640625,12092,2708.24072265625,2688.155029296875,2669.502197265625
18-05-2015,2541.974609375,2652.44677734375,12036,2671.416748046875,2592.189208984375,2574.2021484375
19-05-2015,2450.472412109375,2535.279296875,11715,2585.493896484375,2463.863037109375,2446.766357421875
20-05-2015,2383.519775390625,2480.601318359375,9766,2492.8759765625,2451.58837890625,2434.576904296875
21-05-2015,2476.1376953125,2486.1806640625,10474,2577.682861328125,2482.8330078125,2465.604736328125
22-05-2015,2408.069091796875,2414.764404296875,9068,2495.107666015625,2454.93603515625,2437.9013671875
26-05-2015,2366.781494140625,2399.14208984375,7108,2453.820068359375,2383.519775390625,2366.980712890625
27-05-2015,2316.56689453125,2373.476806640625,6860,2431.50244140625,2387.983154296875,2371.4130859375
28-05-2015,2263.004638671875,2363.433837890625,13624,2366.781494140625,2280.858642578125,2265.031982421875
29-05-2015,2292.017578125,2298.712890625,7709,2372.36083984375,2318.798583984375,2302.70849609375
01-06-2015,2242.918701171875,2315.450927734375,12802,2318.798583984375,2276.395263671875,2260.599609375
02-06-2015,2259.656982421875,2308.755615234375,15465,2374.592529296875,2307.639892578125,2291.62744140625
03-06-2015,2259.656982421875,2273.047607421875,9633,2358.97021484375,2276.395263671875,2260.599609375
04-06-2015,2200.515380859375,2227.29638671875,10377,2270.81591796875,2235.107666015625,2219.598388671875
05-06-2015,2203.863037109375,2215.021728515625,10902,2295.365234375,2250.72998046875,2235.1123046875
08-06-2015,2125.75146484375,2244.03466796875,10717,2274.163330078125,2170.38671875,2155.32666015625
09-06-2015,2196.0517578125,2213.906005859375,10321,2265.236328125,2201.63134765625,2186.3544921875
10-06-2015,2254.07763671875,2260.77294921875,15986,2357.8544921875,2344.4638671875,2328.19580078125
11-06-2015,2237.33935546875,2357.8544921875,8521,2357.8544921875,2251.845947265625,2236.220458984375
12-06-2015,2211.674072265625,2219.4853515625,9190,2296.48095703125,2265.236328125,2249.51806640625
15-06-2015,2216.1376953125,2218.369384765625,10911,2346.695556640625,2324.3779296875,2308.249267578125
16-06-2015,2307.639892578125,2321.030517578125,9607,2401.373779296875,2342.232177734375,2325.9794921875
17-06-2015,2267.46826171875,2374.592529296875,10101,2406.953125,2298.712890625,2282.76220703125
18-06-2015,2275.279296875,2321.030517578125,8821,2345.579833984375,2285.322265625,2269.464599609375
19-06-2015,2162.575439453125,2267.46826171875,14353,2292.017578125,2172.618408203125,2157.542724609375
22-06-2015,2126.8671875,2183.777099609375,12963,2260.77294921875,2227.29638671875,2211.84130859375
23-06-2015,2193.820068359375,2209.4423828125,12678,2314.335205078125,2302.060546875,2286.086669921875
24-06-2015,2220.601318359375,2293.13330078125,9342,2351.1591796875,2228.412353515625,2212.949462890625
25-06-2015,2132.44677734375,2233.99169921875,6887,2239.571044921875,2142.489501953125,2127.622802734375
26-06-2015,2047.6397705078125,2127.983154296875,20434,2155.880126953125,2150.30078125,2135.3798828125
29-06-2015,1936.0517578125,2093.390869140625,20722,2117.940185546875,2003.004638671875,1989.10595703125
30-06-2015,1999.656982421875,2068.841552734375,13553,2090.043212890625,2036.48095703125,2022.3499755859375
01-07-2015,1856.8243408203125,2021.974609375,16168,2028.6697998046875,1883.60546875,1870.5352783203125
02-07-2015,1853.4766845703125,1896.9959716796875,9321,1933.820068359375,1859.0560302734375,1846.1561279296875
06-07-2015,1686.0947265625,1774.2491455078125,14856,1776.48095703125,1698.369384765625,1686.58447265625
07-07-2015,1523.1761474609375,1688.326416015625,25686,1754.163330078125,1744.1204833984375,1732.0181884765625
08-07-2015,1606.8671875,1710.64404296875,12151,1760.858642578125,1626.9530029296875,1615.6636962890625
09-07-2015,1603.51953125,1652.6182861328125,24333,1697.2535400390625,1631.41650390625,1620.09619140625
10-07-2015,1497.510986328125,1638.11181640625,19205,1650.386474609375,1535.450927734375,1524.7965087890625
13-07-2015,1457.3392333984375,1535.450927734375,23057,1554.4208984375,1530.9873046875,1520.3638916015625
14-07-2015,1491.9315185546875,1518.712646484375,15756,1597.940185546875,1572.27490234375,1561.364990234375
15-07-2015,1418.283447265625,1541.0302734375,18473,1558.8843994140625,1462.918701171875,1452.767578125
16-07-2015,1399.3134765625,1477.4251708984375,16025,1483.0045166015625,1407.1246337890625,1397.3607177734375
17-07-2015,1329.0130615234375,1402.6611328125,17680,1413.8199462890625,1337.9400634765625,1328.6561279296875
20-07-2015,1193.9915771484375,1351.3306884765625,19317,1365.837158203125,1200.6868896484375,1192.3553466796875
21-07-2015,1083.51953125,1223.0045166015625,30873,1260.9444580078125,1099.141845703125,1091.5150146484375
22-07-2015,966.35205078125,1084.6353759765625,69350,1084.6353759765625,1031.0731201171875,1023.9185791015625
23-07-2015,1031.0731201171875,1035.53662109375,35176,1138.1976318359375,1089.098876953125,1081.541748046875
24-07-2015,1013.2190551757812,1100.2576904296875,32374,1104.72119140625,1026.609619140625,1019.4860229492188
27-07-2015,974.1632690429688,999.8284912109375,16207,1043.3477783203125,993.1331787109375,986.2418823242188
28-07-2015,873.7340698242188,986.4379272460938,75266,1016.566650390625,999.8284912109375,992.8907470703125
29-07-2015,942.9185791015625,957.425048828125,46894,1129.2705078125,960.772705078125,954.10595703125
30-07-2015,911.6739501953125,965.2362060546875,21785,998.7125854492188,922.832763671875,916.4292602539062
31-07-2015,865.9228515625,922.832763671875,39533,958.5408935546875,871.5022583007812,865.4549560546875
03-08-2015,792.2747802734375,856.995849609375,36411,879.3134155273438,807.8970947265625,802.2911376953125
04-08-2015,745.4078369140625,829.0988159179688,30669,835.7941284179688,763.2619018554688,757.9656982421875
05-08-2015,745.4078369140625,780.0001220703125,33069,814.5924072265625,757.6824951171875,752.4249877929688
06-08-2015,729.7855224609375,750.9872436523438,34514,834.67822265625,812.3606567382812,806.7237548828125
07-08-2015,740.9443359375,787.811279296875,31468,845.8370361328125,754.3348999023438,749.1006469726562
10-08-2015,746.5237426757812,757.6824951171875,31413,917.2533569335938,906.0945434570312,899.8071899414062
11-08-2015,810.12890625,855.8799438476562,28057,921.7168579101562,909.4421997070312,903.1316528320312
12-08-2015,870.3864135742188,906.0945434570312,24743,942.9185791015625,909.4421997070312,903.1316528320312
13-08-2015,831.3306274414062,887.1245727539062,18272,910.55810546875,855.8799438476562,849.9410400390625
14-08-2015,815.708251953125,852.5323486328125,16940,888.240478515625,819.055908203125,813.37255859375
17-08-2015,781.1160278320312,812.3606567382812,17773,823.5194702148438,793.3906860351562,787.8853759765625
18-08-2015,759.914306640625,784.463623046875,16669,807.8970947265625,791.158935546875,785.6691284179688
19-08-2015,716.3949584960938,785.5795288085938,19442,797.8541870117188,743.1760864257812,738.0192260742188
20-08-2015,705.2361450195312,734.2490234375,18864,753.218994140625,716.3949584960938,711.4239501953125
21-08-2015,655.0215454101562,694.0773315429688,25084,704.1203002929688,661.7168579101562,657.125244140625
24-08-2015,581.3734741210938,636.0515747070312,27031,657.2532958984375,599.2275390625,595.0695190429688
25-08-2015,560.1717529296875,639.3992309570312,27013,646.0945434570312,561.2876586914062,557.3929443359375
26-08-2015,542.3176879882812,573.5623168945312,29950,592.5322875976562,585.8369750976562,581.7719116210938
27-08-2015,602.5751953125,605.9228515625,28473,677.3391723632812,661.7168579101562,657.125244140625
28-08-2015,648.3262939453125,649.442138671875,48724,836.9099731445312,746.5237426757812,741.3436889648438
31-08-2015,688.4979858398438,723.0902099609375,54139,921.7168579101562,853.648193359375,847.7247924804688
01-09-2015,795.6224365234375,797.8541870117188,39991,879.3134155273438,838.02587890625,832.2108764648438
02-09-2015,788.9271850585938,846.9529418945312,28164,893.8198852539062,869.2705078125,863.2387084960938
03-09-2015,819.055908203125,872.6181640625,25389,918.3692626953125,848.0687866210938,842.18408203125
04-09-2015,791.158935546875,827.9829711914062,20465,846.9529418945312,839.1417846679688,833.3190307617188
08-09-2015,738.7125854492188,755.4507446289062,24808,811.2447509765625,765.49365234375,760.1819458007812
09-09-2015,686.2661743164062,740.9443359375,29197,788.9271850585938,706.35205078125,701.4507446289062
10-09-2015,677.3391723632812,700.7726440429688,18247,727.5537719726562,723.0902099609375,718.07275390625
11-09-2015,658.3692016601562,707.4678955078125,22581,707.4678955078125,690.729736328125,685.9368286132812
14-09-2015,629.3563232421875,681.8026733398438,23615,688.4979858398438,639.3992309570312,634.9624633789062
15-09-2015,632.7039794921875,632.7039794921875,24129,687.382080078125,672.8756103515625,668.20654296875
16-09-2015,676.2232666015625,676.2232666015625,31788,796.7383422851562,778.8842163085938,773.4796142578125
17-09-2015,758.7984008789062,775.53662109375,45060,833.5623779296875,771.0730590820312,765.72265625
18-09-2015,649.442138671875,740.9443359375,36300,743.1760864257812,662.8327026367188,658.2333374023438
21-09-2015,641.6309814453125,673.9915161132812,16204,678.4550170898438,642.7468872070312,638.2869262695312
22-09-2015,592.5322875976562,629.3563232421875,24462,646.0945434570312,595.8799438476562,591.7451782226562
23-09-2015,535.6223754882812,596.9957885742188,23579,603.6911010742188,543.4335327148438,539.6626586914062
24-09-2015,504.37774658203125,533.390625,26111,551.2446899414062,528.9271240234375,525.2569580078125
25-09-2015,476.48077392578125,534.5065307617188,20178,547.8970947265625,488.75543212890625,485.3639831542969
28-09-2015,466.4378356933594,483.176025390625,28312,522.2318115234375,495.4507141113281,492.0128173828125
29-09-2015,465.32196044921875,496.56658935546875,17467,505.49365234375,467.5537109375,464.30938720703125
30-09-2015,438.54083251953125,470.9013671875,14810,485.4078063964844,454.16314697265625,451.0117492675781
01-10-2015,429.6138000488281,460.8584289550781,20071,487.6395568847656,431.8455505371094,428.8489990234375
02-10-2015,415.10736083984375,427.3820495605469,59894,640.51513671875,605.9228515625,601.7183837890625
05-10-2015,613.7340087890625,613.7340087890625,44805,709.69970703125,692.9614868164062,688.153076171875
06-10-2015,671.759765625,691.8455810546875,55335,805.6653442382812,781.1160278320312,775.6959228515625
07-10-2015,706.35205078125,795.6224365234375,61945,846.9529418945312,814.5924072265625,808.9400024414062
08-10-2015,745.4078369140625,797.8541870117188,44561,887.1245727539062,856.995849609375,851.0491943359375
09-10-2015,813.4765014648438,869.2705078125,40753,913.9057006835938,889.3563842773438,883.1851806640625
12-10-2015,727.5537719726562,874.8499145507812,31430,877.0816650390625,780.0001220703125,774.5877685546875
13-10-2015,711.9314575195312,806.78125,28755,820.1718139648438,736.4807739257812,731.370361328125
14-10-2015,713.0473022460938,720.8584594726562,21986,781.1160278320312,761.0301513671875,755.7493896484375
15-10-2015,711.9314575195312,738.7125854492188,29473,817.9400634765625,781.1160278320312,775.6959228515625
16-10-2015,725.322021484375,793.3906860351562,28315,803.43359375,773.3048095703125,767.9389038085938
19-10-2015,733.1331787109375,761.0301513671875,20341,794.5065307617188,746.5237426757812,741.3436889648438
20-10-2015,729.7855224609375,750.9872436523438,20702,800.0859375,754.3348999023438,749.1006469726562
21-10-2015,690.729736328125,723.0902099609375,19213,755.4507446289062,694.0773315429688,689.2611694335938
22-10-2015,670.6438598632812,698.5408935546875,15831,749.871337890625,699.65673828125,694.8018798828125
23-10-2015,665.064453125,687.382080078125,15541,718.626708984375,695.1932373046875,690.3693237304688
26-10-2015,641.6309814453125,688.4979858398438,15477,704.1203002929688,643.8627319335938,639.39501953125
27-10-2015,571.33056640625,628.2404174804688,13357,632.7039794921875,601.4592895507812,597.2858276367188
28-10-2015,585.8369750976562,605.9228515625,19680,665.064453125,634.9357299804688,630.5299682617188
29-10-2015,621.545166015625,631.5880737304688,17443,687.382080078125,628.2404174804688,623.881103515625
30-10-2015,582.4893798828125,631.5880737304688,24797,646.0945434570312,634.9357299804688,630.5299682617188
02-11-2015,609.2705078125,629.3563232421875,24562,684.034423828125,658.3692016601562,653.8008422851562
03-11-2015,666.1803588867188,667.2962646484375,49772,851.4164428710938,834.67822265625,828.886474609375
04-11-2015,783.3477783203125,825.751220703125,32813,896.0516357421875,816.8241577148438,811.15625
05-11-2015,796.7383422851562,813.4765014648438,36177,890.4722290039062,827.9829711914062,822.2376708984375
06-11-2015,867.0387573242188,874.8499145507812,64931,1064.549560546875,1006.5237426757812,999.53955078125
09-11-2015,945.1503295898438,970.8156127929688,32329,1024.3778076171875,952.9615478515625,946.3489990234375
10-11-2015,896.0516357421875,940.6868286132812,23537,978.6267700195312,956.3091430664062,949.6734008789062
11-11-2015,849.1846923828125,954.077392578125,21752,954.077392578125,886.0087280273438,879.8607788085938
12-11-2015,812.3606567382812,839.1417846679688,30316,882.6610717773438,845.8370361328125,839.9678344726562
13-11-2015,797.8541870117188,844.7211303710938,22830,890.4722290039062,867.0387573242188,861.0224609375
16-11-2015,839.1417846679688,872.6181640625,32674,946.2662353515625,941.802734375,935.2676391601562
17-11-2015,881.5452270507812,918.3692626953125,21798,963.0044555664062,893.8198852539062,887.6177368164062
18-11-2015,852.5323486328125,913.9057006835938,17875,942.9185791015625,903.86279296875,897.5909423828125
19-11-2015,860.343505859375,880.4293212890625,21788,919.485107421875,884.892822265625,878.7526245117188
20-11-2015,814.5924072265625,875.9658203125,25912,903.86279296875,815.708251953125,810.048095703125
23-11-2015,805.6653442382812,823.5194702148438,22056,864.8070068359375,845.8370361328125,839.9678344726562
24-11-2015,867.0387573242188,867.0387573242188,31469,996.4808349609375,950.729736328125,944.1326904296875
25-11-2015,900.51513671875,916.137451171875,18154,999.8284912109375,989.7855834960938,982.9175415039062
27-11-2015,898.2833862304688,959.6567993164062,9984,986.4379272460938,907.21044921875,900.9154052734375
30-11-2015,906.0945434570312,922.832763671875,19724,960.772705078125,947.3821411132812,940.8082885742188
01-12-2015,927.2962646484375,941.802734375,24220,989.7855834960938,949.6138916015625,943.0245971679688
02-12-2015,870.3864135742188,931.7598266601562,27395,964.1203002929688,903.86279296875,897.5909423828125
03-12-2015,849.1846923828125,920.6010131835938,23731,925.0645141601562,863.6911010742188,857.697998046875
04-12-2015,744.2919311523438,844.7211303710938,36366,848.0687866210938,803.43359375,797.858642578125
07-12-2015,709.69970703125,737.5966796875,17222,758.7984008789062,719.7426147460938,714.7483520507812
08-12-2015,669.5280151367188,675.107421875,22003,738.7125854492188,716.3949584960938,711.4239501953125
09-12-2015,698.5408935546875,726.4378662109375,22121,815.708251953125,715.279052734375,710.3157958984375
10-12-2015,697.4249877929688,709.69970703125,23393,767.7254638671875,747.6395874023438,742.4517822265625
11-12-2015,673.9915161132812,726.4378662109375,23857,729.7855224609375,682.9185791015625,678.1798706054688
14-12-2015,650.5580444335938,672.8756103515625,26578,716.3949584960938,680.6868286132812,675.9635620117188
15-12-2015,609.2705078125,704.1203002929688,34467,725.322021484375,620.4292602539062,616.1241455078125
16-12-2015,515.5365600585938,605.9228515625,37162,631.5880737304688,543.4335327148438,539.6626586914062
17-12-2015,503.2618713378906,543.4335327148438,26801,553.4765014648438,524.463623046875,520.8244018554688
18-12-2015,502.14599609375,521.115966796875,24541,531.1588745117188,508.8412780761719,505.3104553222656
21-12-2015,470.9013671875,511.0730285644531,19193,515.5365600585938,484.29193115234375,480.93145751953125
22-12-2015,479.8283996582031,487.6395568847656,23811,551.2446899414062,522.2318115234375,518.6080932617188
23-12-2015,541.2017822265625,546.7811889648438,35140,673.9915161132812,668.412109375,663.7740478515625
24-12-2015,619.3134155273438,672.8756103515625,9885,685.1503295898438,638.2833862304688,633.8543701171875
28-12-2015,579.1417236328125,612.6181030273438,11585,622.6610107421875,583.605224609375,579.5556030273438
29-12-2015,560.1717529296875,611.5022583007812,16373,621.545166015625,593.6481323242188,589.5288696289062
30-12-2015,545.6653442382812,569.0988159179688,17454,590.300537109375,560.1717529296875,556.2847290039062
31-12-2015,549.012939453125,557.9400024414062,12825,595.8799438476562,588.0687866210938,583.9882202148438
04-01-2016,551.2446899414062,588.0687866210938,24322,613.7340087890625,594.7640380859375,590.6370239257812
05-01-2016,545.6653442382812,591.4163818359375,19023,595.8799438476562,576.9099731445312,572.9068603515625
06-01-2016,518.8842163085938,541.2017822265625,17531,554.5923461914062,532.2747802734375,528.5813598632812
07-01-2016,482.0601501464844,502.14599609375,39363,524.463623046875,494.3348388671875,490.9046936035156
08-01-2016,474.2489929199219,502.14599609375,24012,523.3477172851562,501.0301208496094,497.5534973144531
11-01-2016,388.32623291015625,501.0301208496094,30859,513.3048095703125,406.1803283691406,403.36187744140625
12-01-2016,300.1717224121094,427.3820495605469,52490,430.72967529296875,350.3863220214844,347.95501708984375
13-01-2016,329.1846008300781,350.3863220214844,37438,400.6009216308594,331.4163513183594,329.1166687011719
14-01-2016,321.3734436035156,348.1545715332031,42544,381.6309509277344,376.05157470703125,373.4421691894531
15-01-2016,293.4764404296875,330.30047607421875,31948,357.08160400390625,307.9828796386719,305.8457946777344
19-01-2016,219.82835388183594,319.1416931152344,40537,323.6051940917969,229.87127685546875,228.27621459960938
20-01-2016,168.4978790283203,212.01719665527344,53676,249.95712280273438,247.72535705566406,246.00640869140625
21-01-2016,239.91419982910156,239.91419982910156,39997,304.63525390625,285.665283203125,283.6830749511719
22-01-2016,284.5494079589844,313.5622863769531,52476,321.3734436035156,286.7811584472656,284.79119873046875
25-01-2016,234.3347930908203,266.6953125,34636,272.27471923828125,237.68243408203125,236.03317260742188
26-01-2016,239.91419982910156,249.95712280273438,31990,302.4034729003906,278.9700012207031,277.03424072265625
27-01-2016,266.6953125,272.27471923828125,56784,378.2833251953125,305.7511291503906,303.6295471191406
28-01-2016,297.9399719238281,357.08160400390625,40234,363.7768859863281,301.28759765625,299.1969909667969
29-01-2016,292.3605651855469,312.4464111328125,32607,340.3434143066406,318.0257873535156,315.81903076171875
01-02-2016,272.27471923828125,295.70819091796875,26397,306.86700439453125,280.08587646484375,278.1423645019531
02-02-2016,253.3047637939453,263.3476867675781,15010,280.08587646484375,274.5064697265625,272.6016845703125
03-02-2016,252.18887329101562,285.665283203125,30931,300.1717224121094,299.05584716796875,296.980712890625
04-02-2016,301.28759765625,305.7511291503906,22884,330.30047607421875,313.5622863769531,311.3865051269531
05-02-2016,290.1288146972656,295.70819091796875,14084,324.7210693359375,301.28759765625,299.1969909667969
08-02-2016,242.14596557617188,283.43353271484375,20089,289.0129089355469,257.7682800292969,255.97964477539062
09-02-2016,218.7124786376953,244.37771606445312,21174,245.4936065673828,233.2189178466797,231.6006317138672
10-02-2016,218.7124786376953,239.91419982910156,16419,256.65240478515625,220.94424438476562,219.4111328125
11-02-2016,198.6266326904297,208.6695556640625,19392,222.06011962890625,209.7854461669922,208.3297576904297
12-02-2016,206.43780517578125,224.29188537597656,25206,237.68243408203125,223.17599487304688,221.6273956298828
16-02-2016,189.69960021972656,225.4077606201172,24862,234.3347930908203,195.2790069580078,193.92398071289062
17-02-2016,191.93136596679688,198.6266326904297,35593,228.75540161132812,204.20603942871094,202.7890625
18-02-2016,193.0472412109375,214.24896240234375,24215,220.94424438476562,195.2790069580078,193.92398071289062
19-02-2016,170.72964477539062,190.8154754638672,18174,190.8154754638672,176.3090362548828,175.08563232421875
22-02-2016,183.0043182373047,183.0043182373047,18088,203.0901641845703,195.2790069580078,193.92398071289062
23-02-2016,174.07728576660156,195.2790069580078,15937,195.2790069580078,179.65667724609375,178.41004943847656
24-02-2016,172.96139526367188,183.0043182373047,22363,193.0472412109375,179.65667724609375,178.41004943847656
25-02-2016,162.91848754882812,178.54080200195312,25170,181.88844299316406,167.3820037841797,166.22055053710938
26-02-2016,170.72964477539062,171.84552001953125,33522,209.7854461669922,201.97427368164062,200.57278442382812
29-02-2016,189.69960021972656,210.9013214111328,30592,215.36483764648438,207.55368041992188,206.1134796142578
01-03-2016,98.19744110107422,119.39916229248047,119718,137.25323486328125,117.16739654541016,116.35437774658203
02-03-2016,114.93563842773438,120.5150375366211,53263,129.44207763671875,124.97856140136719,124.11134338378906
03-03-2016,124.97856140136719,126.09443664550781,87368,168.4978790283203,165.15023803710938,164.0042724609375
04-03-2016,172.96139526367188,187.46783447265625,104419,275.6223449707031,236.56655883789062,234.92503356933594
07-03-2016,241.0300750732422,249.95712280273438,115708,377.1674499511719,335.8798828125,333.5492248535156
08-03-2016,218.7124786376953,316.909912109375,70457,323.6051940917969,248.84124755859375,247.1145477294922
09-03-2016,251.072998046875,265.5794372558594,45145,292.3605651855469,276.7382507324219,274.8179931640625
10-03-2016,256.65240478515625,276.7382507324219,31485,282.317626953125,270.04296875,268.1691589355469
11-03-2016,252.18887329101562,290.1288146972656,48282,292.3605651855469,268.9270935058594,267.06103515625
14-03-2016,232.10304260253906,249.95712280273438,26258,261.11590576171875,249.95712280273438,248.22268676757812
15-03-2016,217.5966033935547,242.14596557617188,20577,242.14596557617188,220.94424438476562,219.4111328125
16-03-2016,219.82835388183594,228.75540161132812,28123,243.2618408203125,223.17599487304688,221.6273956298828
17-03-2016,203.0901641845703,234.3347930908203,42910,239.91419982910156,213.13308715820312,211.6541748046875
18-03-2016,205.32191467285156,223.17599487304688,43680,241.0300750732422,210.9013214111328,209.43789672851562
21-03-2016,208.6695556640625,212.01719665527344,17009,228.75540161132812,227.6395263671875,226.05995178222656
22-03-2016,208.6695556640625,220.94424438476562,15261,224.29188537597656,212.01719665527344,210.5460205078125
23-03-2016,185.236083984375,212.01719665527344,21235,214.24896240234375,187.46783447265625,186.16700744628906
24-03-2016,167.3820037841797,170.72964477539062,10513,186.35195922851562,183.0043182373047,181.73446655273438
28-03-2016,156.22320556640625,184.1201934814453,16509,184.1201934814453,170.72964477539062,169.5449676513672
29-03-2016,150.643798828125,165.15023803710938,14792,177.4249267578125,174.07728576660156,172.86936950683594
30-03-2016,169.61375427246094,180.77255249023438,17980,191.93136596679688,183.0043182373047,181.73446655273438
31-03-2016,172.96139526367188,180.77255249023438,9100,185.236083984375,177.4249267578125,176.19378662109375
01-04-2016,159.5708465576172,176.3090362548828,19622,178.54080200195312,165.15023803710938,164.0042724609375
04-04-2016,161.80259704589844,165.15023803710938,7128,169.61375427246094,162.91848754882812,161.7880096435547
05-04-2016,139.48500061035156,162.91848754882812,18395,167.3820037841797,148.4120330810547,147.38221740722656
06-04-2016,148.4120330810547,162.91848754882812,13288,170.72964477539062,157.33908081054688,156.247314453125
07-04-2016,149.52792358398438,158.4549560546875,14683,160.6867218017578,155.10731506347656,154.03103637695312
08-04-2016,159.5708465576172,167.3820037841797,21311,178.54080200195312,169.61375427246094,168.4368133544922
11-04-2016,172.96139526367188,175.1931610107422,30035,208.6695556640625,207.55368041992188,206.1134796142578
12-04-2016,214.24896240234375,217.5966033935547,72375,295.70819091796875,277.8541259765625,275.9261169433594
13-04-2016,247.72535705566406,263.3476867675781,37541,287.89703369140625,257.7682800292969,255.97964477539062
14-04-2016,241.0300750732422,263.3476867675781,24680,276.7382507324219,243.2618408203125,241.57386779785156
15-04-2016,223.17599487304688,238.79832458496094,33504,255.53651428222656,247.72535705566406,246.00640869140625
18-04-2016,212.01719665527344,218.7124786376953,22453,246.60948181152344,236.56655883789062,234.92503356933594
19-04-2016,243.2618408203125,244.37771606445312,39224,293.4764404296875,272.27471923828125,270.38543701171875
20-04-2016,262.2318115234375,264.46356201171875,85147,334.7640075683594,322.48931884765625,320.2515869140625
21-04-2016,316.909912109375,359.3133544921875,103228,401.716796875,331.4163513183594,329.1166687011719
22-04-2016,328.0687255859375,353.73394775390625,107752,393.9056396484375,390.5580139160156,387.84796142578125
25-04-2016,392.7897644042969,407.29620361328125,102363,440.7726135253906,417.339111328125,414.4432373046875
26-04-2016,407.29620361328125,434.07733154296875,78518,435.1932067871094,415.10736083984375,412.2269592285156
27-04-2016,430.72967529296875,443.0043640136719,87194,474.2489929199219,472.0172424316406,468.741943359375
28-04-2016,428.4979248046875,486.523681640625,94082,521.115966796875,453.0472717285156,449.9035949707031
29-04-2016,393.9056396484375,479.8283996582031,56668,483.176025390625,432.96142578125,429.9571228027344
02-05-2016,378.2833251953125,426.26617431640625,37244,434.07733154296875,388.32623291015625,385.63165283203125
03-05-2016,332.5322265625,373.8197937011719,46428,374.9356689453125,335.8798828125,333.5492248535156
04-05-2016,347.0386657714844,350.3863220214844,49753,396.13739013671875,357.08160400390625,354.6038513183594
05-05-2016,379.3992004394531,392.7897644042969,75093,428.4979248046875,395.0215148925781,392.2804870605469
06-05-2016,363.7768859863281,386.094482421875,61355,419.5708923339844,395.0215148925781,392.2804870605469
09-05-2016,352.6180725097656,367.12451171875,47679,388.32623291015625,357.08160400390625,354.6038513183594
10-05-2016,354.849853515625,361.54510498046875,21795,367.12451171875,357.08160400390625,354.6038513183594
11-05-2016,336.9957580566406,357.08160400390625,50110,411.7597351074219,382.746826171875,380.0909729003906
12-05-2016,357.08160400390625,413.9914855957031,41983,424.0343933105469,376.05157470703125,373.4421691894531
13-05-2016,364.89276123046875,364.89276123046875,40475,408.4120788574219,398.3691711425781,395.60491943359375
16-05-2016,401.716796875,422.91851806640625,48747,439.6567077636719,417.339111328125,414.4432373046875
17-05-2016,410.6438293457031,425.1502685546875,54054,435.1932067871094,421.8026428222656,418.87579345703125
18-05-2016,357.08160400390625,419.5708923339844,39716,421.8026428222656,371.5880432128906,369.0096130371094
19-05-2016,342.5751647949219,361.54510498046875,26623,374.9356689453125,355.9657287597656,353.4956970214844
20-05-2016,339.2275085449219,354.849853515625,24615,363.7768859863281,348.1545715332031,345.7387390136719
23-05-2016,318.0257873535156,340.3434143066406,26552,354.849853515625,351.502197265625,349.0631408691406
24-05-2016,227.6395263671875,316.909912109375,106789,320.257568359375,229.87127685546875,228.27621459960938
25-05-2016,201.97427368164062,212.01719665527344,91708,309.0987548828125,293.4764404296875,291.4400329589844
26-05-2016,273.3905944824219,315.7940368652344,30660,328.0687255859375,275.6223449707031,273.7098083496094
27-05-2016,261.11590576171875,273.3905944824219,24732,286.7811584472656,282.317626953125,280.358642578125
31-05-2016,278.9700012207031,284.5494079589844,51859,314.67816162109375,293.4764404296875,291.4400329589844
01-06-2016,264.46356201171875,285.665283203125,33312,286.7811584472656,277.8541259765625,275.9261169433594
02-06-2016,262.2318115234375,270.04296875,27361,283.43353271484375,270.04296875,268.1691589355469
03-06-2016,256.65240478515625,273.3905944824219,66463,283.43353271484375,267.8111877441406,265.9528503417969
06-06-2016,271.1588439941406,283.43353271484375,36919,322.48931884765625,320.257568359375,318.0353088378906
07-06-2016,314.67816162109375,336.9957580566406,50893,362.6610107421875,321.3734436035156,319.1434631347656
08-06-2016,311.33050537109375,345.92279052734375,60580,345.92279052734375,329.1846008300781,326.9004211425781
09-06-2016,294.5923156738281,312.4464111328125,24055,315.7940368652344,297.9399719238281,295.8725891113281
10-06-2016,268.9270935058594,290.1288146972656,21744,294.5923156738281,271.1588439941406,269.27728271484375
13-06-2016,243.2618408203125,263.3476867675781,20082,280.08587646484375,262.2318115234375,260.4122009277344
14-06-2016,253.3047637939453,262.2318115234375,13560,272.27471923828125,270.04296875,268.1691589355469
15-06-2016,252.18887329101562,267.8111877441406,29184,283.43353271484375,263.3476867675781,261.52032470703125
16-06-2016,247.72535705566406,263.3476867675781,18947,265.5794372558594,252.18887329101562,250.43894958496094
17-06-2016,261.11590576171875,272.27471923828125,26332,277.8541259765625,265.5794372558594,263.7366027832031
20-06-2016,258.8841552734375,280.08587646484375,22914,284.5494079589844,260.0000305175781,258.1958923339844
21-06-2016,246.60948181152344,256.65240478515625,30920,264.46356201171875,260.0000305175781,258.1958923339844
22-06-2016,254.42063903808594,276.7382507324219,12593,276.7382507324219,258.8841552734375,257.0877685546875
23-06-2016,255.53651428222656,262.2318115234375,10805,268.9270935058594,266.6953125,264.8447265625
24-06-2016,237.68243408203125,242.14596557617188,60184,255.53651428222656,242.14596557617188,240.46572875976562
27-06-2016,204.20603942871094,228.75540161132812,29254,242.14596557617188,214.24896240234375,212.76229858398438
28-06-2016,218.7124786376953,236.56655883789062,17447,239.91419982910156,218.7124786376953,217.19485473632812
29-06-2016,217.5966033935547,226.5236358642578,17466,232.10304260253906,224.29188537597656,222.73553466796875
30-06-2016,210.9013214111328,217.5966033935547,19556,225.4077606201172,224.29188537597656,222.73553466796875
01-07-2016,219.82835388183594,220.94424438476562,23499,241.0300750732422,225.4077606201172,223.8436737060547
05-07-2016,206.43780517578125,216.480712890625,17067,217.5966033935547,217.5966033935547,216.0867156982422
06-07-2016,207.55368041992188,213.13308715820312,11646,223.17599487304688,213.13308715820312,211.6541748046875
07-07-2016,207.55368041992188,217.5966033935547,17807,228.75540161132812,213.13308715820312,211.6541748046875
08-07-2016,212.01719665527344,217.5966033935547,11912,223.17599487304688,217.5966033935547,216.0867156982422
11-07-2016,209.7854461669922,217.5966033935547,9203,222.06011962890625,210.9013214111328,209.43789672851562
12-07-2016,216.480712890625,218.7124786376953,71958,262.2318115234375,254.42063903808594,252.6552276611328
13-07-2016,127.21031951904297,254.42063903808594,149221,258.8841552734375,160.6867218017578,159.5717315673828
14-07-2016,141.71676635742188,174.07728576660156,46211,174.07728576660156,143.94851684570312,142.9496612548828
15-07-2016,120.5150375366211,141.71676635742188,49451,147.29615783691406,121.63092041015625,120.78693389892578
18-07-2016,117.16739654541016,120.5150375366211,28699,128.32620239257812,121.63092041015625,120.78693389892578
19-07-2016,106.00859832763672,124.97856140136719,42497,124.97856140136719,109.35623931884766,108.59742736816406
20-07-2016,98.19744110107422,109.35623931884766,34867,110.47212219238281,103.77684020996094,103.0567398071289
21-07-2016,101.54508209228516,102.66095733642578,37887,126.09443664550781,109.35623931884766,108.59742736816406
22-07-2016,102.66095733642578,110.47212219238281,19982,113.81976318359375,110.47212219238281,109.70556640625
25-07-2016,102.66095733642578,110.47212219238281,12181,110.47212219238281,108.2403564453125,107.4892807006836
26-07-2016,103.77684020996094,107.12448120117188,15332,114.93563842773438,111.58799743652344,110.8136978149414
27-07-2016,102.66095733642578,109.35623931884766,28794,117.16739654541016,107.12448120117188,106.38114929199219
28-07-2016,90.38627624511719,104.8927230834961,32279,107.12448120117188,92.6180419921875,91.97537231445312
29-07-2016,81.45924377441406,94.84980010986328,28061,95.96568298339844,89.27040100097656,88.65096282958984
01-08-2016,83.69100189208984,89.27040100097656,14972,93.73391723632812,89.27040100097656,88.65096282958984
02-08-2016,66.95279693603516,68.06867980957031,49624,87.03864288330078,85.92276000976562,85.32654571533203
03-08-2016,81.45924377441406,84.80687713623047,25580,90.38627624511719,84.80687713623047,84.2184066772461
04-08-2016,81.45924377441406,81.45924377441406,18156,89.27040100097656,87.03864288330078,86.43468475341797
05-08-2016,83.69100189208984,89.27040100097656,15083,89.27040100097656,88.1545181274414,87.54281616210938
08-08-2016,89.27040100097656,89.27040100097656,20723,104.8927230834961,95.96568298339844,95.2997817993164
09-08-2016,89.27040100097656,102.66095733642578,14371,103.77684020996094,91.50215911865234,90.86723327636719
10-08-2016,83.69100189208984,90.38627624511719,14585,95.96568298339844,87.03864288330078,86.43468475341797
11-08-2016,87.03864288330078,87.03864288330078,16848,95.96568298339844,91.50215911865234,90.86723327636719
12-08-2016,88.1545181274414,94.84980010986328,10718,95.96568298339844,89.27040100097656,88.65096282958984
15-08-2016,91.50215911865234,93.73391723632812,14949,98.19744110107422,93.73391723632812,93.08350372314453
16-08-2016,91.50215911865234,95.96568298339844,12043,98.19744110107422,97.08155822753906,96.40791320800781
17-08-2016,92.6180419921875,97.08155822753906,100710,151.75967407226562,140.6008758544922,139.62525939941406
18-08-2016,107.12448120117188,135.021484375,70972,146.18028259277344,108.2403564453125,107.4892807006836
19-08-2016,111.58799743652344,111.58799743652344,21809,123.86267852783203,112.7038803100586,111.92183685302734
22-08-2016,103.77684020996094,109.35623931884766,17764,112.7038803100586,104.8927230834961,104.16487884521484
23-08-2016,94.84980010986328,103.77684020996094,24536,103.77684020996094,99.31331634521484,98.62419128417969
24-08-2016,95.96568298339844,100.42919921875,12395,103.77684020996094,98.19744110107422,97.51605224609375
25-08-2016,90.38627624511719,95.96568298339844,10337,98.19744110107422,94.84980010986328,94.19164276123047
26-08-2016,90.38627624511719,98.19744110107422,15319,99.31331634521484,97.08155822753906,96.40791320800781
29-08-2016,92.6180419921875,97.08155822753906,30643,106.00859832763672,100.42919921875,99.73233032226562
30-08-2016,112.7038803100586,137.25323486328125,87677,142.8326416015625,122.7468032836914,121.89507293701172
31-08-2016,108.2403564453125,118.28327941894531,19940,120.5150375366211,113.81976318359375,113.02997589111328
01-09-2016,110.47212219238281,112.7038803100586,8485,114.93563842773438,114.93563842773438,114.13810729980469
02-09-2016,114.93563842773438,116.05152130126953,8359,119.39916229248047,116.05152130126953,115.24624633789062
06-09-2016,117.16739654541016,118.28327941894531,33574,133.9055938720703,118.28327941894531,117.46251678466797
07-09-2016,121.63092041015625,121.63092041015625,40085,136.13735961914062,127.21031951904297,126.3276138305664
08-09-2016,132.7897186279297,145.0644073486328,78334,158.4549560546875,156.22320556640625,155.13917541503906
09-09-2016,136.13735961914062,150.643798828125,41243,150.643798828125,145.0644073486328,144.0578155517578
12-09-2016,130.55795288085938,131.67384338378906,17712,145.0644073486328,140.6008758544922,139.62525939941406
13-09-2016,122.7468032836914,130.55795288085938,17022,136.13735961914062,133.9055938720703,132.97642517089844
14-09-2016,128.32620239257812,132.7897186279297,12129,139.48500061035156,129.44207763671875,128.54388427734375
15-09-2016,116.05152130126953,130.55795288085938,21082,130.55795288085938,129.44207763671875,128.54388427734375
16-09-2016,119.39916229248047,124.97856140136719,11749,129.44207763671875,129.44207763671875,128.54388427734375
19-09-2016,122.7468032836914,128.32620239257812,14174,131.67384338378906,123.86267852783203,123.00320434570312
20-09-2016,114.93563842773438,119.39916229248047,17298,123.86267852783203,116.05152130126953,115.24624633789062
21-09-2016,112.7038803100586,120.5150375366211,13990,121.63092041015625,113.81976318359375,113.02997589111328
22-09-2016,113.81976318359375,118.28327941894531,22513,124.97856140136719,113.81976318359375,113.02997589111328
23-09-2016,101.54508209228516,113.81976318359375,24920,113.81976318359375,107.12448120117188,106.38114929199219
26-09-2016,94.84980010986328,102.66095733642578,30460,104.8927230834961,97.08155822753906,96.40791320800781
27-09-2016,91.50215911865234,93.73391723632812,14059,107.12448120117188,102.66095733642578,101.94860076904297
28-09-2016,98.19744110107422,102.66095733642578,34098,117.16739654541016,117.16739654541016,116.35437774658203
29-09-2016,107.12448120117188,124.97856140136719,35810,126.09443664550781,109.35623931884766,108.59742736816406
30-09-2016,109.35623931884766,109.35623931884766,13568,116.05152130126953,113.81976318359375,113.02997589111328
03-10-2016,112.7038803100586,117.16739654541016,53622,120.5150375366211,119.39916229248047,118.5706558227539
04-10-2016,110.47212219238281,121.63092041015625,18436,121.63092041015625,110.47212219238281,109.70556640625
05-10-2016,112.7038803100586,116.05152130126953,17077,117.16739654541016,117.16739654541016,116.35437774658203
06-10-2016,112.7038803100586,118.28327941894531,16314,121.63092041015625,119.39916229248047,118.5706558227539
07-10-2016,114.93563842773438,114.93563842773438,15294,124.97856140136719,116.05152130126953,115.24624633789062
10-10-2016,117.16739654541016,118.28327941894531,15568,127.21031951904297,121.63092041015625,120.78693389892578
11-10-2016,117.16739654541016,124.97856140136719,10129,124.97856140136719,119.39916229248047,118.5706558227539
12-10-2016,119.39916229248047,119.39916229248047,20767,128.32620239257812,122.7468032836914,121.89507293701172
13-10-2016,117.16739654541016,123.86267852783203,12966,123.86267852783203,117.16739654541016,116.35437774658203
14-10-2016,117.16739654541016,117.16739654541016,8190,121.63092041015625,118.28327941894531,117.46251678466797
17-10-2016,106.00859832763672,108.2403564453125,13285,119.39916229248047,114.93563842773438,114.13810729980469
18-10-2016,107.12448120117188,114.93563842773438,9704,116.05152130126953,111.58799743652344,110.8136978149414
19-10-2016,110.47212219238281,110.47212219238281,11623,120.5150375366211,119.39916229248047,118.5706558227539
20-10-2016,117.16739654541016,120.5150375366211,10167,122.7468032836914,121.63092041015625,120.78693389892578
21-10-2016,113.81976318359375,117.16739654541016,15417,122.7468032836914,114.93563842773438,114.13810729980469
24-10-2016,111.58799743652344,114.93563842773438,6679,117.16739654541016,114.93563842773438,114.13810729980469
25-10-2016,113.81976318359375,113.81976318359375,15918,122.7468032836914,122.7468032836914,121.89507293701172
26-10-2016,117.16739654541016,118.28327941894531,7091,123.86267852783203,117.16739654541016,116.35437774658203
27-10-2016,113.81976318359375,117.16739654541016,6887,119.39916229248047,117.16739654541016,116.35437774658203
28-10-2016,112.7038803100586,117.16739654541016,6893,117.16739654541016,114.93563842773438,114.13810729980469
31-10-2016,100.42919921875,112.7038803100586,18541,112.7038803100586,104.8927230834961,104.16487884521484
01-11-2016,100.42919921875,104.8927230834961,8017,106.00859832763672,103.77684020996094,103.0567398071289
02-11-2016,95.96568298339844,100.42919921875,6977,104.8927230834961,98.19744110107422,97.51605224609375
03-11-2016,89.27040100097656,98.19744110107422,6964,100.42919921875,95.96568298339844,95.2997817993164
04-11-2016,91.50215911865234,92.6180419921875,8130,98.19744110107422,94.84980010986328,94.19164276123047
07-11-2016,92.6180419921875,97.08155822753906,9262,98.19744110107422,94.84980010986328,94.19164276123047
08-11-2016,90.38627624511719,94.84980010986328,7561,98.19744110107422,98.19744110107422,97.51605224609375
09-11-2016,95.96568298339844,98.19744110107422,16150,111.58799743652344,103.77684020996094,103.0567398071289
10-11-2016,100.42919921875,103.77684020996094,7052,109.35623931884766,103.77684020996094,103.0567398071289
11-11-2016,95.96568298339844,103.77684020996094,8831,108.2403564453125,104.8927230834961,104.16487884521484
14-11-2016,104.8927230834961,106.00859832763672,10833,111.58799743652344,110.47212219238281,109.70556640625
15-11-2016,110.47212219238281,111.58799743652344,13612,119.39916229248047,117.16739654541016,116.35437774658203
16-11-2016,111.58799743652344,114.93563842773438,7247,118.28327941894531,113.81976318359375,113.02997589111328
17-11-2016,107.12448120117188,116.05152130126953,8359,119.39916229248047,111.58799743652344,110.8136978149414
18-11-2016,109.35623931884766,111.58799743652344,5474,114.93563842773438,112.7038803100586,111.92183685302734
21-11-2016,112.7038803100586,114.93563842773438,8895,117.16739654541016,116.05152130126953,115.24624633789062
22-11-2016,110.47212219238281,117.16739654541016,7609,119.39916229248047,114.93563842773438,114.13810729980469
23-11-2016,110.47212219238281,113.81976318359375,4742,116.05152130126953,113.81976318359375,113.02997589111328
25-11-2016,109.35623931884766,112.7038803100586,3262,113.81976318359375,113.81976318359375,113.02997589111328
28-11-2016,107.12448120117188,111.58799743652344,9678,113.81976318359375,109.35623931884766,108.59742736816406
29-11-2016,101.54508209228516,106.00859832763672,10258,108.2403564453125,104.8927230834961,104.16487884521484
30-11-2016,111.58799743652344,119.39916229248047,29994,120.5150375366211,111.58799743652344,110.8136978149414
01-12-2016,114.93563842773438,116.05152130126953,98298,150.643798828125,129.44207763671875,128.54388427734375
02-12-2016,128.32620239257812,139.48500061035156,16996,139.48500061035156,128.32620239257812,127.43575286865234
05-12-2016,132.7897186279297,132.7897186279297,82285,176.3090362548828,164.03436279296875,162.89613342285156
06-12-2016,135.021484375,155.10731506347656,34107,167.3820037841797,161.80259704589844,160.6798553466797
07-12-2016,150.643798828125,157.33908081054688,14984,159.5708465576172,153.99143981933594,152.9228973388672
08-12-2016,143.94851684570312,153.99143981933594,13368,157.33908081054688,145.0644073486328,144.0578155517578
09-12-2016,143.94851684570312,148.4120330810547,11980,153.99143981933594,151.75967407226562,150.7066192626953
12-12-2016,165.15023803710938,186.35195922851562,51106,206.43780517578125,167.3820037841797,166.22055053710938
13-12-2016,167.3820037841797,174.07728576660156,46271,200.8583984375,185.236083984375,183.95074462890625
14-12-2016,171.84552001953125,184.1201934814453,29244,195.2790069580078,177.4249267578125,176.19378662109375
15-12-2016,167.3820037841797,175.1931610107422,19778,188.58372497558594,179.65667724609375,178.41004943847656
16-12-2016,175.1931610107422,184.1201934814453,14474,187.46783447265625,187.46783447265625,186.16700744628906
19-12-2016,187.46783447265625,188.58372497558594,57089,226.5236358642578,209.7854461669922,208.3297576904297
20-12-2016,227.6395263671875,229.87127685546875,76944,261.11590576171875,248.84124755859375,247.1145477294922
21-12-2016,215.36483764648438,262.2318115234375,47447,262.2318115234375,225.4077606201172,223.8436737060547
22-12-2016,215.36483764648438,224.29188537597656,23123,241.0300750732422,218.7124786376953,217.19485473632812
23-12-2016,84.80687713623047,141.71676635742188,262163,153.99143981933594,94.84980010986328,94.19164276123047
27-12-2016,74.76396179199219,91.50215911865234,166903,122.7468032836914,120.5150375366211,119.67879486083984
28-12-2016,95.96568298339844,101.54508209228516,84975,122.7468032836914,111.58799743652344,110.8136978149414
29-12-2016,106.00859832763672,114.93563842773438,27954,118.28327941894531,114.93563842773438,114.13810729980469
30-12-2016,110.47212219238281,112.7038803100586,37957,118.28327941894531,113.81976318359375,113.02997589111328
03-01-2017,104.8927230834961,117.16739654541016,32733,117.16739654541016,109.35623931884766,108.59742736816406
04-01-2017,102.66095733642578,104.8927230834961,147665,186.35195922851562,153.99143981933594,152.9228973388672
05-01-2017,139.48500061035156,145.0644073486328,68911,181.88844299316406,172.96139526367188,171.76123046875
06-01-2017,164.03436279296875,178.54080200195312,77749,206.43780517578125,194.16311645507812,192.81582641601562
09-01-2017,186.35195922851562,189.69960021972656,81204,260.0000305175781,232.10304260253906,230.49249267578125
10-01-2017,184.1201934814453,234.3347930908203,51613,237.68243408203125,205.32191467285156,203.89720153808594
11-01-2017,195.2790069580078,201.97427368164062,42345,223.17599487304688,207.55368041992188,206.1134796142578
12-01-2017,195.2790069580078,209.7854461669922,16659,222.06011962890625,203.0901641845703,201.68093872070312
13-01-2017,196.39488220214844,198.6266326904297,31779,226.5236358642578,222.06011962890625,220.51925659179688
17-01-2017,286.7811584472656,326.9528503417969,163429,355.9657287597656,334.7640075683594,332.44110107421875
18-01-2017,265.5794372558594,315.7940368652344,54655,321.3734436035156,278.9700012207031,277.03424072265625
19-01-2017,271.1588439941406,281.2017517089844,29923,307.9828796386719,304.63525390625,302.52142333984375
20-01-2017,303.51934814453125,309.0987548828125,74887,377.1674499511719,335.8798828125,333.5492248535156
23-01-2017,315.7940368652344,323.6051940917969,28900,345.92279052734375,322.48931884765625,320.2515869140625
24-01-2017,314.67816162109375,322.48931884765625,16592,338.11163330078125,320.257568359375,318.0353088378906
25-01-2017,313.5622863769531,329.1846008300781,19093,334.7640075683594,319.1416931152344,316.92718505859375
26-01-2017,282.317626953125,325.83697509765625,43881,333.64813232421875,297.9399719238281,295.8725891113281
27-01-2017,278.9700012207031,299.05584716796875,9392,301.28759765625,280.08587646484375,278.1423645019531
30-01-2017,251.072998046875,274.5064697265625,18023,280.08587646484375,277.8541259765625,275.9261169433594
31-01-2017,260.0000305175781,270.04296875,18719,275.6223449707031,261.11590576171875,259.3040466308594
01-02-2017,251.072998046875,261.11590576171875,8410,272.27471923828125,257.7682800292969,255.97964477539062
02-02-2017,244.37771606445312,256.65240478515625,9053,256.65240478515625,246.60948181152344,244.8982696533203
03-02-2017,227.6395263671875,243.2618408203125,14420,247.72535705566406,227.6395263671875,226.05995178222656
06-02-2017,225.4077606201172,226.5236358642578,27902,272.27471923828125,239.91419982910156,238.24945068359375
07-02-2017,224.29188537597656,234.3347930908203,12948,251.072998046875,251.072998046875,249.33082580566406
08-02-2017,226.5236358642578,241.0300750732422,11541,241.0300750732422,232.10304260253906,230.49249267578125
09-02-2017,228.75540161132812,232.10304260253906,18662,248.84124755859375,232.10304260253906,230.49249267578125
10-02-2017,230.98716735839844,241.0300750732422,21778,266.6953125,260.0000305175781,258.1958923339844
13-02-2017,239.91419982910156,249.95712280273438,9169,257.7682800292969,246.60948181152344,244.8982696533203
14-02-2017,238.79832458496094,246.60948181152344,13627,254.42063903808594,239.91419982910156,238.24945068359375
15-02-2017,232.10304260253906,239.91419982910156,7619,244.37771606445312,238.79832458496094,237.1413116455078
16-02-2017,222.06011962890625,237.68243408203125,12257,238.79832458496094,223.17599487304688,221.6273956298828
17-02-2017,214.24896240234375,223.17599487304688,4936,224.29188537597656,219.82835388183594,218.302978515625
21-02-2017,213.13308715820312,223.17599487304688,8223,226.5236358642578,213.13308715820312,211.6541748046875
22-02-2017,197.51075744628906,212.01719665527344,5772,215.36483764648438,197.51075744628906,196.14024353027344
23-02-2017,197.51075744628906,205.32191467285156,4034,206.43780517578125,198.6266326904297,197.24838256835938
24-02-2017,178.54080200195312,201.97427368164062,6585,201.97427368164062,180.77255249023438,179.5181884765625
27-02-2017,177.4249267578125,180.77255249023438,5104,205.32191467285156,197.51075744628906,196.14024353027344
28-02-2017,189.69960021972656,206.43780517578125,5156,206.43780517578125,191.93136596679688,190.5995635986328
01-03-2017,195.2790069580078,196.39488220214844,10064,213.13308715820312,200.8583984375,199.46466064453125
02-03-2017,187.46783447265625,195.2790069580078,2486,203.0901641845703,187.46783447265625,186.16700744628906
03-03-2017,185.236083984375,194.16311645507812,2762,195.2790069580078,188.58372497558594,187.27516174316406
06-03-2017,161.80259704589844,181.88844299316406,12023,193.0472412109375,165.15023803710938,164.0042724609375
07-03-2017,161.80259704589844,165.15023803710938,3199,169.61375427246094,164.03436279296875,162.89613342285156
08-03-2017,129.44207763671875,162.91848754882812,16116,164.03436279296875,132.7897186279297,131.86830139160156
09-03-2017,126.09443664550781,129.44207763671875,15019,158.4549560546875,128.32620239257812,127.43575286865234
10-03-2017,107.12448120117188,132.7897186279297,30596,138.36912536621094,111.58799743652344,110.8136978149414
13-03-2017,111.58799743652344,112.7038803100586,14654,136.13735961914062,133.9055938720703,132.97642517089844
14-03-2017,124.97856140136719,136.13735961914062,8724,138.36912536621094,126.09443664550781,125.21947479248047
15-03-2017,128.32620239257812,130.55795288085938,5257,133.9055938720703,128.32620239257812,127.43575286865234
16-03-2017,120.5150375366211,128.32620239257812,7241,129.44207763671875,120.5150375366211,119.67879486083984
17-03-2017,108.2403564453125,118.28327941894531,17651,119.39916229248047,111.58799743652344,110.8136978149414
20-03-2017,110.47212219238281,117.16739654541016,10765,118.28327941894531,117.16739654541016,116.35437774658203
21-03-2017,117.16739654541016,117.16739654541016,8061,122.7468032836914,120.5150375366211,119.67879486083984
22-03-2017,109.35623931884766,120.5150375366211,9688,120.5150375366211,114.93563842773438,114.13810729980469
23-03-2017,111.58799743652344,117.16739654541016,4155,118.28327941894531,118.28327941894531,117.46251678466797
24-03-2017,111.58799743652344,117.16739654541016,3664,118.28327941894531,114.93563842773438,114.13810729980469
27-03-2017,111.58799743652344,116.05152130126953,2967,117.16739654541016,116.05152130126953,115.24624633789062
28-03-2017,116.05152130126953,117.16739654541016,13473,131.67384338378906,123.86267852783203,123.00320434570312
29-03-2017,122.7468032836914,126.09443664550781,5760,131.67384338378906,126.09443664550781,125.21947479248047
30-03-2017,127.21031951904297,130.55795288085938,22994,142.8326416015625,140.6008758544922,139.62525939941406
31-03-2017,127.21031951904297,137.25323486328125,7052,139.48500061035156,129.44207763671875,128.54388427734375
03-04-2017,114.93563842773438,128.32620239257812,9527,129.44207763671875,119.39916229248047,118.5706558227539
04-04-2017,112.7038803100586,119.39916229248047,9686,124.97856140136719,113.81976318359375,113.02997589111328
05-04-2017,100.42919921875,113.81976318359375,32500,123.86267852783203,103.77684020996094,103.0567398071289
06-04-2017,102.66095733642578,103.77684020996094,11183,109.35623931884766,106.00859832763672,105.27301025390625
07-04-2017,93.73391723632812,102.66095733642578,62415,139.48500061035156,107.12448120117188,106.38114929199219
10-04-2017,104.8927230834961,110.47212219238281,20093,120.5150375366211,109.35623931884766,108.59742736816406
11-04-2017,101.54508209228516,111.58799743652344,15073,111.58799743652344,104.8927230834961,104.16487884521484
12-04-2017,95.96568298339844,102.66095733642578,10607,104.8927230834961,102.66095733642578,101.94860076904297
13-04-2017,95.96568298339844,99.31331634521484,7065,102.66095733642578,97.08155822753906,96.40791320800781
17-04-2017,95.96568298339844,98.19744110107422,6278,106.00859832763672,103.77684020996094,103.0567398071289
18-04-2017,101.54508209228516,103.77684020996094,4828,107.12448120117188,104.8927230834961,104.16487884521484
19-04-2017,99.31331634521484,104.8927230834961,3633,106.00859832763672,100.42919921875,99.73233032226562
20-04-2017,98.19744110107422,101.54508209228516,2595,104.8927230834961,99.31331634521484,98.62419128417969
21-04-2017,97.08155822753906,98.19744110107422,4642,99.31331634521484,97.08155822753906,96.40791320800781
24-04-2017,95.96568298339844,95.96568298339844,4970,99.31331634521484,97.08155822753906,96.40791320800781
25-04-2017,95.96568298339844,98.19744110107422,6016,104.8927230834961,103.77684020996094,103.0567398071289
26-04-2017,99.31331634521484,103.77684020996094,2108,103.77684020996094,99.31331634521484,98.62419128417969
27-04-2017,84.80687713623047,99.31331634521484,17526,99.31331634521484,87.03864288330078,86.43468475341797
28-04-2017,46.86695861816406,87.03864288330078,106271,114.93563842773438,56.909881591796875,56.51498794555664
01-05-2017,30.889999389648438,40.599998474121094,644600,40.599998474121094,39.20000076293945,38.92799377441406
02-05-2017,37.5,38.9900016784668,329200,39.18000030517578,37.95000076293945,37.686668395996094
03-05-2017,34.380001068115234,37.40999984741211,333100,38.0,35.5099983215332,35.26359558105469
04-05-2017,32.0,34.09000015258789,239200,34.97999954223633,32.95000076293945,32.72136306762695
05-05-2017,31.770000457763672,32.0,274000,34.08000183105469,33.83000183105469,33.59525680541992
08-05-2017,33.150001525878906,33.79999923706055,422700,36.900001525878906,36.36000061035156,36.10770034790039
09-05-2017,35.47999954223633,35.47999954223633,107400,38.0,36.779998779296875,36.524784088134766
10-05-2017,37.18000030517578,37.18000030517578,253600,38.9900016784668,38.459999084472656,38.1931266784668
11-05-2017,38.40999984741211,39.38999938964844,119500,40.4900016784668,38.9900016784668,38.719451904296875
12-05-2017,36.90999984741211,38.5099983215332,293900,39.189998626708984,38.25,37.98458480834961
15-05-2017,38.630001068115234,39.209999084472656,59800,39.290000915527344,38.9900016784668,38.719451904296875
16-05-2017,38.13999938964844,39.0,75800,39.689998626708984,38.400001525878906,38.133544921875
17-05-2017,35.880001068115234,37.380001068115234,110900,37.86000061035156,37.290000915527344,37.031246185302734
18-05-2017,36.810001373291016,36.810001373291016,194500,38.11000061035156,37.810001373291016,37.54764175415039
19-05-2017,38.130001068115234,38.22999954223633,98900,39.560001373291016,38.75,38.481117248535156
22-05-2017,38.5,39.25,70300,39.25,38.630001068115234,38.3619499206543
23-05-2017,38.15999984741211,38.7599983215332,46700,39.5,38.18000030517578,37.91507339477539
24-05-2017,37.810001373291016,37.810001373291016,93000,39.08000183105469,38.83000183105469,38.56056213378906
25-05-2017,37.029998779296875,38.79999923706055,58900,38.79999923706055,37.849998474121094,37.58736038208008
26-05-2017,36.560001373291016,37.27000045776367,45400,37.5,37.189998626708984,36.93193817138672
30-05-2017,36.34000015258789,36.91999816894531,51100,37.4900016784668,36.959999084472656,36.70353698730469
31-05-2017,34.9900016784668,36.22999954223633,89600,36.97999954223633,35.290000915527344,35.04512405395508
01-06-2017,35.220001220703125,35.540000915527344,83000,36.36000061035156,35.400001525878906,35.154361724853516
02-06-2017,33.540000915527344,35.11000061035156,161400,36.02000045776367,35.08000183105469,34.83658218383789
05-06-2017,32.290000915527344,34.529998779296875,122700,35.709999084472656,34.91999816894531,34.67769241333008
06-06-2017,32.939998626708984,34.81999969482422,141700,35.7599983215332,35.599998474121094,35.35297393798828
07-06-2017,33.20000076293945,35.41999816894531,374300,35.95000076293945,34.0099983215332,33.77400588989258
08-06-2017,33.5099983215332,34.400001525878906,260600,36.290000915527344,35.66999816894531,35.4224853515625
09-06-2017,34.5,36.099998474121094,190000,36.099998474121094,34.939998626708984,34.69755172729492
12-06-2017,34.810001373291016,35.060001373291016,191100,36.400001525878906,35.29999923706055,35.0550537109375
13-06-2017,34.849998474121094,35.59000015258789,113900,35.90999984741211,35.220001220703125,34.97561264038086
14-06-2017,33.40999984741211,34.9900016784668,231800,35.380001068115234,33.939998626708984,33.704490661621094
15-06-2017,31.729999542236328,33.56999969482422,138900,33.970001220703125,32.060001373291016,31.837539672851562
16-06-2017,30.600000381469727,32.0,545500,32.27000045776367,31.280000686645508,31.062950134277344
19-06-2017,30.030000686645508,31.0,214500,32.0,30.959999084472656,30.74517059326172
20-06-2017,29.350000381469727,30.610000610351562,209200,30.610000610351562,30.25,30.040096282958984
21-06-2017,28.8799991607666,30.489999771118164,319100,30.610000610351562,29.469999313354492,29.2655086517334
22-06-2017,28.920000076293945,29.229999542236328,171300,30.18000030517578,29.190000534057617,28.98745346069336
23-06-2017,28.549999237060547,29.25,2615800,29.440000534057617,29.049999237060547,28.84842300415039
26-06-2017,27.790000915527344,29.049999237060547,224200,29.049999237060547,28.75,28.550506591796875
27-06-2017,28.5,28.920000076293945,252500,29.479999542236328,29.239999771118164,29.037105560302734
28-06-2017,28.489999771118164,29.209999084472656,213800,29.489999771118164,28.950000762939453,28.74911880493164
29-06-2017,28.8700008392334,29.049999237060547,301000,30.579999923706055,29.6200008392334,29.41446876525879
30-06-2017,29.530000686645508,29.90999984741211,180500,32.099998474121094,31.709999084472656,31.489965438842773
03-07-2017,30.959999084472656,30.959999084472656,95500,32.189998626708984,31.899999618530273,31.678647994995117
05-07-2017,31.0,31.8700008392334,200400,31.93000030517578,31.3700008392334,31.152326583862305
06-07-2017,29.3799991607666,31.25,248400,31.65999984741211,29.649999618530273,29.444259643554688
07-07-2017,27.350000381469727,29.299999237060547,348400,29.59000015258789,27.850000381469727,27.65675163269043
10-07-2017,27.239999771118164,27.239999771118164,266900,28.610000610351562,27.969999313354492,27.775917053222656
11-07-2017,27.290000915527344,28.059999465942383,279900,28.81999969482422,28.440000534057617,28.242656707763672
12-07-2017,28.100000381469727,28.670000076293945,304600,29.610000610351562,28.649999618530273,28.45119857788086
13-07-2017,28.34000015258789,28.93000030517578,852000,29.8799991607666,29.549999237060547,29.344953536987305
14-07-2017,28.8700008392334,29.540000915527344,220100,30.1299991607666,29.790000915527344,29.583290100097656
17-07-2017,28.860000610351562,29.670000076293945,96600,30.040000915527344,29.100000381469727,28.8980770111084
18-07-2017,27.559999465942383,29.059999465942383,144200,29.450000762939453,27.969999313354492,27.775917053222656
19-07-2017,27.040000915527344,27.649999618530273,320500,28.360000610351562,28.31999969482422,28.123489379882812
20-07-2017,27.8700008392334,28.600000381469727,311500,30.15999984741211,28.3799991607666,28.183073043823242
21-07-2017,26.1299991607666,28.75,327200,28.780000686645508,26.530000686645508,26.345911026000977
24-07-2017,25.760000228881836,26.520000457763672,285100,27.59000015258789,26.260000228881836,26.077783584594727
25-07-2017,26.5,26.56999969482422,303700,27.93000030517578,27.450000762939453,27.2595272064209
26-07-2017,26.989999771118164,27.5,305900,28.239999771118164,27.719999313354492,27.527652740478516
27-07-2017,27.43000030517578,27.700000762939453,124900,29.0,28.399999618530273,28.20293426513672
28-07-2017,27.729999542236328,28.389999389648438,106200,28.649999618530273,28.559999465942383,28.36182403564453
31-07-2017,28.290000915527344,28.600000381469727,65900,29.209999084472656,29.040000915527344,28.83849334716797
01-08-2017,28.850000381469727,29.020000457763672,76700,29.43000030517578,29.329999923706055,29.126480102539062
02-08-2017,28.700000762939453,29.1200008392334,179000,30.1200008392334,29.280000686645508,29.076828002929688
03-08-2017,28.309999465942383,29.270000457763672,111300,29.40999984741211,28.3799991607666,28.183073043823242
04-08-2017,27.5,28.469999313354492,70600,29.209999084472656,28.5,28.3022403717041
07-08-2017,27.1200008392334,28.440000534057617,60500,28.469999313354492,27.579999923706055,27.38862419128418
08-08-2017,26.729999542236328,27.280000686645508,130400,28.1200008392334,27.239999771118164,27.050983428955078
09-08-2017,27.09000015258789,27.93000030517578,313100,28.93000030517578,28.440000534057617,28.242656707763672
10-08-2017,27.940000534057617,28.299999237060547,162700,30.360000610351562,29.639999389648438,29.434329986572266
11-08-2017,29.25,29.850000381469727,179100,30.530000686645508,30.1200008392334,29.910999298095703
14-08-2017,28.18000030517578,30.31999969482422,131800,30.670000076293945,28.6299991607666,28.431337356567383
15-08-2017,26.729999542236328,28.670000076293945,143400,29.489999771118164,27.270000457763672,27.08077621459961
16-08-2017,25.850000381469727,27.110000610351562,111800,27.540000915527344,25.940000534057617,25.7600040435791
17-08-2017,24.829999923706055,25.690000534057617,151800,26.479999542236328,25.06999969482422,24.896039962768555
18-08-2017,24.09000015258789,24.790000915527344,190700,25.049999237060547,24.56999969482422,24.39950942993164
21-08-2017,24.1299991607666,24.549999237060547,112100,25.059999465942383,24.829999923706055,24.657705307006836
22-08-2017,24.239999771118164,25.059999465942383,89400,25.059999465942383,24.520000457763672,24.349857330322266
23-08-2017,24.219999313354492,24.59000015258789,208900,25.040000915527344,24.700000762939453,24.528608322143555
24-08-2017,24.469999313354492,24.700000762939453,130800,25.420000076293945,25.260000228881836,25.0847225189209
25-08-2017,24.950000762939453,25.299999237060547,169400,26.1200008392334,25.90999984741211,25.73021125793457
28-08-2017,23.899999618530273,25.549999237060547,186500,26.15999984741211,24.65999984741211,24.4888858795166
29-08-2017,23.350000381469727,24.200000762939453,194400,24.479999542236328,24.0,23.833465576171875
30-08-2017,23.329999923706055,24.18000030517578,229500,24.799999237060547,24.440000534057617,24.27041244506836
31-08-2017,24.670000076293945,24.739999771118164,165700,26.010000228881836,25.989999771118164,25.809656143188477
01-09-2017,25.709999084472656,26.1200008392334,96600,27.40999984741211,27.360000610351562,27.170150756835938
05-09-2017,27.43000030517578,27.520000457763672,205500,28.690000534057617,28.610000610351562,28.41147804260254
06-09-2017,28.6200008392334,28.6200008392334,162100,29.450000762939453,29.31999969482422,29.11655044555664
07-09-2017,28.299999237060547,29.559999465942383,129100,29.8700008392334,28.959999084472656,28.759048461914062
08-09-2017,26.299999237060547,28.899999618530273,208400,29.09000015258789,27.75,27.557445526123047
11-09-2017,27.350000381469727,27.899999618530273,163500,29.530000686645508,29.040000915527344,28.83849334716797
12-09-2017,28.81999969482422,29.15999984741211,176500,29.639999389648438,29.18000030517578,28.977521896362305
13-09-2017,29.1200008392334,29.209999084472656,271700,29.739999771118164,29.479999542236328,29.275440216064453
14-09-2017,29.489999771118164,29.799999237060547,227700,31.5,29.790000915527344,29.583290100097656
15-09-2017,29.670000076293945,29.889999389648438,694500,30.6200008392334,29.90999984741211,29.702455520629883
18-09-2017,29.520000457763672,29.90999984741211,134100,30.520000457763672,30.190000534057617,29.980514526367188
19-09-2017,29.850000381469727,30.360000610351562,104300,30.899999618530273,30.709999084472656,30.496904373168945
20-09-2017,30.670000076293945,30.899999618530273,134000,31.670000076293945,31.170000076293945,30.95371437072754
21-09-2017,30.860000610351562,31.260000228881836,175000,31.389999389648438,31.100000381469727,30.884199142456055
22-09-2017,30.700000762939453,31.059999465942383,92200,31.530000686645508,31.15999984741211,30.943782806396484
25-09-2017,31.459999084472656,31.5,106800,31.979999542236328,31.770000457763672,31.549551010131836
26-09-2017,31.31999969482422,31.6299991607666,107200,32.09000015258789,31.6200008392334,31.400590896606445
27-09-2017,31.510000228881836,32.04999923706055,215500,33.06999969482422,32.779998779296875,32.55253982543945
28-09-2017,32.7400016784668,32.9900016784668,224000,34.41999816894531,33.40999984741211,33.17816925048828
29-09-2017,32.45000076293945,33.16999816894531,202500,33.459999084472656,32.9900016784668,32.761085510253906
02-10-2017,32.400001525878906,32.5,125600,33.7599983215332,33.70000076293945,33.46615982055664
03-10-2017,33.20000076293945,33.56999969482422,78700,33.91999816894531,33.34000015258789,33.10865783691406
04-10-2017,32.43000030517578,33.43000030517578,101700,33.59000015258789,33.099998474121094,32.87031936645508
05-10-2017,33.13999938964844,33.220001220703125,129500,34.709999084472656,34.599998474121094,34.35991287231445
06-10-2017,33.029998779296875,34.02000045776367,100500,34.15999984741211,33.5099983215332,33.27747344970703
09-10-2017,32.83000183105469,33.720001220703125,89200,33.849998474121094,33.540000915527344,33.30727005004883
10-10-2017,33.470001220703125,33.9900016784668,183400,34.459999084472656,33.849998474121094,33.615116119384766
11-10-2017,33.66999816894531,34.189998626708984,177400,34.470001220703125,34.33000183105469,34.09178924560547
12-10-2017,33.060001373291016,34.220001220703125,175900,34.33000183105469,33.95000076293945,33.71442413330078
13-10-2017,33.86000061035156,34.310001373291016,95600,34.36000061035156,34.040000915527344,33.80379867553711
16-10-2017,34.0,34.310001373291016,117900,34.439998626708984,34.25,34.0123405456543
17-10-2017,33.599998474121094,34.130001068115234,78400,34.38999938964844,34.0,33.764076232910156
18-10-2017,33.220001220703125,33.869998931884766,122800,34.22999954223633,33.459999084472656,33.227821350097656
19-10-2017,32.59000015258789,33.130001068115234,115200,33.43000030517578,32.9900016784668,32.761085510253906
20-10-2017,32.849998474121094,33.43000030517578,77100,33.709999084472656,32.93000030517578,32.701499938964844
23-10-2017,31.709999084472656,33.22999954223633,91500,33.27000045776367,31.780000686645508,31.559480667114258
24-10-2017,31.059999465942383,31.93000030517578,92600,32.29999923706055,31.399999618530273,31.182117462158203
25-10-2017,30.09000015258789,31.260000228881836,106800,31.65999984741211,30.170000076293945,29.96065330505371
26-10-2017,29.649999618530273,30.239999771118164,103700,30.799999237060547,30.739999771118164,30.526697158813477
27-10-2017,30.40999984741211,30.40999984741211,74300,32.06999969482422,31.850000381469727,31.628995895385742
30-10-2017,31.790000915527344,31.790000915527344,101200,33.2599983215332,32.16999816894531,31.946773529052734
31-10-2017,32.220001220703125,32.56999969482422,188600,33.90999984741211,33.83000183105469,33.59525680541992
01-11-2017,33.7599983215332,34.38999938964844,245500,35.150001525878906,35.02000045776367,34.777000427246094
02-11-2017,34.189998626708984,34.93000030517578,129100,35.209999084472656,34.84000015258789,34.59824752807617
03-11-2017,33.869998931884766,34.900001525878906,110400,35.02000045776367,34.459999084472656,34.220882415771484
06-11-2017,34.380001068115234,34.59000015258789,211900,35.29999923706055,34.75,34.508872985839844
07-11-2017,34.150001525878906,34.83000183105469,77400,34.9900016784668,34.439998626708984,34.20102310180664
08-11-2017,32.810001373291016,34.08000183105469,100500,34.13999938964844,33.529998779296875,33.29733657836914
09-11-2017,32.34000015258789,34.400001525878906,240500,35.5,32.61000061035156,32.38372039794922
10-11-2017,32.290000915527344,32.75,124200,33.209999084472656,33.040000915527344,32.81073760986328
13-11-2017,31.1200008392334,32.81999969482422,166500,32.81999969482422,31.420000076293945,31.20197868347168
14-11-2017,29.90999984741211,31.040000915527344,293700,31.520000457763672,30.65999984741211,30.44725227355957
15-11-2017,29.760000228881836,32.66999816894531,3964800,32.95000076293945,32.06999969482422,31.84746742248535
16-11-2017,31.770000457763672,31.940000534057617,1339700,32.650001525878906,32.58000183105469,32.35393142700195
17-11-2017,32.459999084472656,32.7400016784668,694000,33.18000030517578,32.84000015258789,32.612125396728516
20-11-2017,32.099998474121094,32.75,1493500,32.75,32.209999084472656,31.986495971679688
21-11-2017,31.450000762939453,32.439998626708984,505700,32.83000183105469,31.68000030517578,31.460174560546875
22-11-2017,31.549999237060547,31.760000228881836,640000,32.2599983215332,32.13999938964844,31.916982650756836
24-11-2017,28.34000015258789,32.099998474121094,637200,32.119998931884766,28.3799991607666,28.183073043823242
27-11-2017,27.34000015258789,28.5,667600,29.709999084472656,27.770000457763672,27.577306747436523
28-11-2017,27.520000457763672,27.549999237060547,507100,29.3700008392334,27.790000915527344,27.59716796875
29-11-2017,27.190000534057617,27.75,324400,28.040000915527344,27.75,27.557445526123047
30-11-2017,27.34000015258789,27.799999237060547,482200,28.809999465942383,27.770000457763672,27.577306747436523
01-12-2017,27.469999313354492,28.100000381469727,249500,29.239999771118164,27.989999771118164,27.795778274536133
04-12-2017,27.010000228881836,28.0,452700,28.309999465942383,27.15999984741211,26.971538543701172
05-12-2017,27.010000228881836,27.059999465942383,294000,28.3799991607666,28.34000015258789,28.14335060119629
06-12-2017,26.049999237060547,27.850000381469727,251600,27.850000381469727,26.15999984741211,25.978477478027344
07-12-2017,26.0,26.030000686645508,349900,27.399999618530273,26.690000534057617,26.50480079650879
08-12-2017,26.739999771118164,26.950000762939453,208000,27.31999969482422,26.84000015258789,26.653759002685547
11-12-2017,26.5,27.020000457763672,269900,28.68000030517578,28.579999923706055,28.381685256958008
12-12-2017,28.5,28.5,201900,29.440000534057617,29.209999084472656,29.007312774658203
13-12-2017,29.229999542236328,29.350000381469727,165500,30.239999771118164,29.850000381469727,29.642873764038086
14-12-2017,29.360000610351562,29.780000686645508,125400,30.270000457763672,30.0,29.791831970214844
15-12-2017,29.3700008392334,30.100000381469727,425400,30.170000076293945,29.920000076293945,29.712387084960938
18-12-2017,29.989999771118164,29.989999771118164,159000,31.18000030517578,30.790000915527344,30.576351165771484
19-12-2017,30.219999313354492,30.81999969482422,87000,30.889999389648438,30.31999969482422,30.10961151123047
20-12-2017,30.1299991607666,30.440000534057617,128300,30.809999465942383,30.59000015258789,30.37773895263672
21-12-2017,30.010000228881836,30.600000381469727,141800,30.700000762939453,30.049999237060547,29.84148406982422
22-12-2017,29.540000915527344,30.209999084472656,174200,30.540000915527344,30.059999465942383,29.851415634155273
26-12-2017,29.959999084472656,30.09000015258789,227800,31.010000228881836,30.5,30.288362503051758
27-12-2017,29.899999618530273,30.450000762939453,83800,30.899999618530273,29.979999542236328,29.771970748901367
28-12-2017,29.610000610351562,29.979999542236328,48200,30.309999465942383,29.649999618530273,29.444259643554688
29-12-2017,26.270000457763672,29.360000610351562,1456600,29.360000610351562,27.59000015258789,27.398555755615234
02-01-2018,26.850000381469727,27.829999923706055,537000,29.079999923706055,27.200000762939453,27.011260986328125
03-01-2018,26.549999237060547,27.610000610351562,370300,29.149999618530273,28.600000381469727,28.401546478271484
04-01-2018,27.559999465942383,28.700000762939453,416100,28.969999313354492,28.149999618530273,27.954668045043945
05-01-2018,27.489999771118164,28.100000381469727,257600,28.579999923706055,28.059999465942383,27.865293502807617
08-01-2018,27.43000030517578,27.940000534057617,301800,28.559999465942383,28.190000534057617,27.99439239501953
09-01-2018,27.600000381469727,28.100000381469727,231600,28.579999923706055,27.84000015258789,27.646820068359375
10-01-2018,27.510000228881836,27.84000015258789,157000,28.3799991607666,28.270000457763672,28.073837280273438
11-01-2018,28.56999969482422,28.829999923706055,283800,30.1200008392334,29.329999923706055,29.126480102539062
12-01-2018,28.049999237060547,29.559999465942383,176000,29.56999969482422,28.799999237060547,28.60015869140625
16-01-2018,27.809999465942383,29.170000076293945,234000,29.170000076293945,28.0,27.805709838867188
17-01-2018,27.84000015258789,28.280000686645508,221800,28.510000228881836,28.399999618530273,28.20293426513672
18-01-2018,27.3799991607666,28.399999618530273,289500,28.6200008392334,28.0,27.805709838867188
19-01-2018,27.25,28.0,289500,28.0,27.8700008392334,27.676612854003906
22-01-2018,27.40999984741211,27.6200008392334,115000,28.450000762939453,28.1200008392334,27.924877166748047
23-01-2018,27.780000686645508,28.329999923706055,144600,28.520000457763672,28.200000762939453,28.004322052001953
24-01-2018,28.1200008392334,28.309999465942383,115100,28.90999984741211,28.540000915527344,28.341962814331055
25-01-2018,27.530000686645508,28.829999923706055,175500,29.389999389648438,27.639999389648438,27.44820785522461
26-01-2018,27.239999771118164,27.59000015258789,143500,27.959999084472656,27.780000686645508,27.587236404418945
29-01-2018,27.229999542236328,27.729999542236328,164900,28.770000457763672,28.510000228881836,28.312171936035156
30-01-2018,27.450000762939453,28.299999237060547,270900,28.489999771118164,27.8799991607666,27.686542510986328
31-01-2018,27.440000534057617,27.8799991607666,196200,28.270000457763672,28.010000228881836,27.815641403198242
01-02-2018,27.5,28.010000228881836,263200,28.149999618530273,27.68000030517578,27.487930297851562
02-02-2018,26.649999618530273,27.649999618530273,392800,27.729999542236328,27.399999618530273,27.20987319946289
05-02-2018,26.100000381469727,27.0,347400,27.420000076293945,26.59000015258789,26.405494689941406
06-02-2018,25.530000686645508,25.90999984741211,406200,26.700000762939453,26.549999237060547,26.36577033996582
07-02-2018,25.639999389648438,26.489999771118164,364800,26.81999969482422,25.93000030517578,25.75007438659668
08-02-2018,25.209999084472656,25.920000076293945,367500,26.350000381469727,25.229999542236328,25.054929733276367
09-02-2018,23.65999984741211,25.3799991607666,392600,25.760000228881836,24.84000015258789,24.66763687133789
12-02-2018,24.8799991607666,25.420000076293945,517100,26.190000534057617,25.8700008392334,25.69049072265625
13-02-2018,25.25,25.84000015258789,248200,26.030000686645508,25.780000686645508,25.60111427307129
14-02-2018,25.329999923706055,25.520000457763672,299500,26.280000686645508,25.739999771118164,25.561391830444336
15-02-2018,25.440000534057617,25.84000015258789,380900,26.360000610351562,26.1200008392334,25.93875503540039
16-02-2018,25.989999771118164,26.110000610351562,290200,27.979999542236328,27.81999969482422,27.6269588470459
20-02-2018,27.770000457763672,27.770000457763672,291900,28.739999771118164,28.239999771118164,28.044044494628906
21-02-2018,28.1200008392334,28.329999923706055,272400,29.0,28.34000015258789,28.14335060119629
22-02-2018,28.1299991607666,28.1299991607666,231800,29.049999237060547,28.420000076293945,28.222795486450195
23-02-2018,28.579999923706055,28.610000610351562,316500,29.469999313354492,29.0,28.798770904541016
26-02-2018,28.68000030517578,29.1299991607666,169000,29.469999313354492,28.940000534057617,28.739187240600586
27-02-2018,28.760000228881836,28.81999969482422,288000,29.350000381469727,28.920000076293945,28.71932601928711
28-02-2018,27.90999984741211,29.1200008392334,195900,29.1200008392334,28.030000686645508,27.83550262451172
01-03-2018,26.93000030517578,27.8799991607666,203700,27.8799991607666,27.229999542236328,27.041051864624023
02-03-2018,26.75,27.079999923706055,284100,27.649999618530273,27.260000228881836,27.070844650268555
05-03-2018,27.280000686645508,27.280000686645508,298600,28.1200008392334,27.420000076293945,27.229734420776367
06-03-2018,27.6200008392334,27.770000457763672,190200,28.239999771118164,27.739999771118164,27.547513961791992
07-03-2018,27.200000762939453,27.510000228881836,198900,27.8799991607666,27.280000686645508,27.09070587158203
08-03-2018,27.270000457763672,27.43000030517578,246700,27.559999465942383,27.420000076293945,27.229734420776367
09-03-2018,27.510000228881836,27.8700008392334,212000,28.1200008392334,27.889999389648438,27.69647216796875
12-03-2018,27.520000457763672,27.969999313354492,189400,28.579999923706055,27.8700008392334,27.676612854003906
13-03-2018,27.549999237060547,27.979999542236328,104100,28.09000015258789,27.610000610351562,27.41841697692871
14-03-2018,26.299999237060547,27.719999313354492,207800,27.760000228881836,26.479999542236328,26.29625701904297
15-03-2018,25.540000915527344,26.899999618530273,297800,27.780000686645508,25.799999237060547,25.620975494384766
16-03-2018,25.899999618530273,25.899999618530273,909500,27.59000015258789,27.469999313354492,27.279386520385742
19-03-2018,26.469999313354492,27.860000610351562,237100,28.020000457763672,26.780000686645508,26.594175338745117
20-03-2018,26.540000915527344,26.829999923706055,191200,27.280000686645508,26.6299991607666,26.445215225219727
21-03-2018,26.75,26.75,446700,28.5,27.959999084472656,27.765987396240234
22-03-2018,27.079999923706055,28.09000015258789,217200,28.25,27.219999313354492,27.0311222076416
23-03-2018,26.530000686645508,27.270000457763672,199100,27.979999542236328,27.06999969482422,26.88216209411621
26-03-2018,26.520000457763672,27.350000381469727,187700,27.5,27.40999984741211,27.219802856445312
27-03-2018,26.5,27.649999618530273,133000,27.709999084472656,26.649999618530273,26.465076446533203
28-03-2018,26.3700008392334,26.649999618530273,208400,27.200000762939453,27.15999984741211,26.971538543701172
29-03-2018,27.200000762939453,27.200000762939453,299600,27.989999771118164,27.709999084472656,27.51772117614746
02-04-2018,26.200000762939453,27.479999542236328,228400,27.59000015258789,26.600000381469727,26.415424346923828
03-04-2018,25.8799991607666,26.719999313354492,149200,27.299999237060547,27.149999618530273,26.961606979370117
04-04-2018,26.440000534057617,26.709999084472656,131700,27.31999969482422,27.139999389648438,26.951677322387695
05-04-2018,26.389999389648438,27.40999984741211,241200,27.950000762939453,27.829999923706055,27.63688850402832
06-04-2018,26.489999771118164,27.5,313200,28.280000686645508,27.079999923706055,26.892093658447266
09-04-2018,26.540000915527344,27.229999542236328,116900,27.479999542236328,26.610000610351562,26.425355911254883
10-04-2018,26.81999969482422,26.979999542236328,288100,27.950000762939453,27.59000015258789,27.398555755615234
11-04-2018,27.40999984741211,27.56999969482422,178400,27.8799991607666,27.700000762939453,27.50779151916504
12-04-2018,27.31999969482422,27.729999542236328,286700,28.75,28.65999984741211,28.461130142211914
13-04-2018,27.709999084472656,28.639999389648438,219200,28.799999237060547,28.059999465942383,27.865293502807617
16-04-2018,26.5,28.0,224900,28.0,26.649999618530273,26.465076446533203
17-04-2018,26.280000686645508,26.670000076293945,152400,27.0,26.799999237060547,26.614036560058594
18-04-2018,26.6200008392334,26.979999542236328,237000,29.100000381469727,28.860000610351562,28.65974235534668
19-04-2018,27.700000762939453,28.729999542236328,198200,29.84000015258789,28.579999923706055,28.381685256958008
20-04-2018,27.719999313354492,28.469999313354492,124600,28.93000030517578,28.780000686645508,28.580297470092773
23-04-2018,27.739999771118164,28.549999237060547,165100,28.780000686645508,28.700000762939453,28.500852584838867
24-04-2018,28.350000381469727,28.65999984741211,183900,29.239999771118164,28.709999084472656,28.51078224182129
25-04-2018,28.25,28.56999969482422,120800,29.399999618530273,29.350000381469727,29.146343231201172
26-04-2018,29.510000228881836,30.030000686645508,281500,30.81999969482422,30.469999313354492,30.258569717407227
27-04-2018,29.079999923706055,30.469999313354492,120500,30.6200008392334,29.1200008392334,28.917938232421875
30-04-2018,28.860000610351562,29.229999542236328,144100,30.420000076293945,30.329999923706055,30.11954116821289
01-05-2018,30.0,30.34000015258789,109300,30.790000915527344,30.579999923706055,30.367807388305664
02-05-2018,30.549999237060547,30.549999237060547,183700,31.959999084472656,31.56999969482422,31.350936889648438
03-05-2018,30.299999237060547,31.399999618530273,81000,31.399999618530273,30.469999313354492,30.258569717407227
04-05-2018,30.389999389648438,30.389999389648438,87000,31.229999542236328,31.06999969482422,30.854406356811523
07-05-2018,30.760000228881836,31.3700008392334,145400,32.16999816894531,31.059999465942383,30.8444766998291
08-05-2018,29.799999237060547,30.889999389648438,142100,31.770000457763672,31.600000381469727,31.38072967529297
09-05-2018,32.290000915527344,34.060001373291016,228600,34.5099983215332,33.38999938964844,33.15830993652344
10-05-2018,32.86000061035156,34.2599983215332,246300,34.869998931884766,33.400001525878906,33.16823959350586
11-05-2018,32.880001068115234,33.5099983215332,101100,34.119998931884766,32.939998626708984,32.711429595947266
14-05-2018,33.09000015258789,33.119998931884766,171600,33.65999984741211,33.22999954223633,32.999420166015625
15-05-2018,33.09000015258789,33.2400016784668,197600,33.75,33.310001373291016,33.07886505126953
16-05-2018,33.2599983215332,33.439998626708984,964900,33.650001525878906,33.279998779296875,33.049072265625
17-05-2018,33.380001068115234,33.5,771500,36.25,35.95000076293945,35.70054626464844
18-05-2018,36.0,36.279998779296875,734900,36.88999938964844,36.13999938964844,35.889225006103516
21-05-2018,36.2599983215332,36.529998779296875,394000,37.369998931884766,37.02000045776367,36.76312255859375
22-05-2018,35.279998779296875,37.2400016784668,627400,37.5,35.52000045776367,35.273529052734375
23-05-2018,35.04999923706055,35.380001068115234,735500,36.970001220703125,36.79999923706055,36.544647216796875
24-05-2018,35.04999923706055,36.81999969482422,446200,37.09000015258789,35.11000061035156,34.86637496948242
25-05-2018,33.31999969482422,33.5099983215332,325700,35.689998626708984,35.61000061035156,35.3629035949707
29-05-2018,35.029998779296875,35.150001525878906,195000,35.709999084472656,35.540000915527344,35.293392181396484
30-05-2018,35.5099983215332,35.63999938964844,225000,36.79999923706055,36.56999969482422,36.31624221801758
31-05-2018,35.880001068115234,36.16999816894531,244500,37.13999938964844,36.779998779296875,36.524784088134766
01-06-2018,36.08000183105469,36.90999984741211,211400,37.279998779296875,36.61000061035156,36.35596466064453
04-06-2018,34.43000030517578,36.849998474121094,173500,36.93000030517578,34.7599983215332,34.518802642822266
05-06-2018,33.83000183105469,34.63999938964844,176000,34.97999954223633,34.81999969482422,34.57838439941406
06-06-2018,33.720001220703125,34.869998931884766,204800,35.619998931884766,34.22999954223633,33.99248123168945
07-06-2018,34.209999084472656,34.34000015258789,146100,35.70000076293945,34.93000030517578,34.6876220703125
08-06-2018,33.34000015258789,35.11000061035156,172200,35.11000061035156,33.779998779296875,33.54560089111328
11-06-2018,32.84000015258789,33.290000915527344,190100,33.9900016784668,33.90999984741211,33.67470169067383
12-06-2018,33.54999923706055,33.86000061035156,220500,34.83000183105469,34.34000015258789,34.10171890258789
13-06-2018,33.849998474121094,34.2400016784668,222800,34.59000015258789,34.290000915527344,34.05206298828125
14-06-2018,33.20000076293945,34.54999923706055,182500,34.54999923706055,33.54999923706055,33.31719970703125
15-06-2018,31.549999237060547,33.31999969482422,478500,33.36000061035156,31.81999969482422,31.59920310974121
18-06-2018,31.549999237060547,31.700000762939453,613200,33.459999084472656,32.79999923706055,32.57240295410156
19-06-2018,31.360000610351562,32.369998931884766,315800,32.56999969482422,31.719999313354492,31.499897003173828
20-06-2018,30.920000076293945,32.130001068115234,656000,32.220001220703125,32.029998779296875,31.8077449798584
21-06-2018,31.709999084472656,31.989999771118164,882300,32.9900016784668,32.38999938964844,32.16524887084961
22-06-2018,32.869998931884766,33.65999984741211,572000,34.18000030517578,33.0,32.77101516723633
25-06-2018,32.279998779296875,33.09000015258789,465700,33.52000045776367,32.439998626708984,32.214900970458984
26-06-2018,32.45000076293945,32.45000076293945,1046200,35.099998474121094,34.77000045776367,34.52873229980469
27-06-2018,35.13999938964844,35.13999938964844,360000,36.310001373291016,35.86000061035156,35.61117172241211
28-06-2018,35.380001068115234,35.91999816894531,382700,37.15999984741211,36.72999954223633,36.47513198852539
29-06-2018,36.790000915527344,36.86000061035156,471600,39.0,37.869998931884766,37.60721969604492
02-07-2018,36.5,37.560001373291016,252600,37.599998474121094,36.9900016784668,36.73332977294922
03-07-2018,36.83000183105469,37.36000061035156,181000,38.41999816894531,37.33000183105469,37.07097244262695
05-07-2018,37.130001068115234,37.310001373291016,310900,38.04999923706055,37.560001373291016,37.299373626708984
06-07-2018,37.15999984741211,37.5,223300,38.08000183105469,37.529998779296875,37.26958084106445
09-07-2018,37.0,37.560001373291016,273400,37.7400016784668,37.18000030517578,36.92201232910156
10-07-2018,36.349998474121094,37.25,250900,37.439998626708984,36.439998626708984,36.1871452331543
11-07-2018,34.869998931884766,36.06999969482422,420000,36.630001068115234,35.150001525878906,34.906097412109375
12-07-2018,34.790000915527344,35.52000045776367,377200,36.56999969482422,36.18000030517578,35.928951263427734
13-07-2018,35.9900016784668,36.29999923706055,225500,36.59000015258789,36.099998474121094,35.84950256347656
16-07-2018,34.20000076293945,35.5,192200,35.58000183105469,35.25,35.005401611328125
17-07-2018,35.220001220703125,35.58000183105469,228400,35.880001068115234,35.380001068115234,35.13450241088867
18-07-2018,34.27000045776367,34.9900016784668,599000,35.81999969482422,35.61000061035156,35.3629035949707
19-07-2018,34.869998931884766,35.61000061035156,172900,36.36000061035156,35.16999816894531,34.92595672607422
20-07-2018,34.790000915527344,35.209999084472656,110100,35.34000015258789,35.16999816894531,34.92595672607422
23-07-2018,35.13999938964844,35.77000045776367,256500,35.77000045776367,35.31999969482422,35.07491683959961
24-07-2018,35.2599983215332,35.41999816894531,383700,35.83000183105469,35.470001220703125,35.223876953125
25-07-2018,34.650001525878906,35.470001220703125,150700,35.560001373291016,35.41999816894531,35.17422103881836
26-07-2018,37.41999816894531,37.90999984741211,1765600,39.119998931884766,38.2400016784668,37.97465515136719
27-07-2018,37.52000045776367,37.91999816894531,1368200,39.290000915527344,38.18000030517578,37.91507339477539
30-07-2018,37.33000183105469,38.5,1269000,38.5,37.970001220703125,37.7065315246582
31-07-2018,36.70000076293945,38.119998931884766,3637000,38.119998931884766,37.20000076293945,36.941871643066406
01-08-2018,36.02000045776367,36.68000030517578,596900,38.0099983215332,37.5,37.23979187011719
02-08-2018,36.70000076293945,37.2400016784668,342400,38.16999816894531,38.0,37.73632049560547
03-08-2018,37.65999984741211,37.880001068115234,519200,38.36000061035156,37.93000030517578,37.666805267333984
06-08-2018,37.650001525878906,37.939998626708984,717200,39.849998474121094,39.470001220703125,39.19612121582031
07-08-2018,37.0099983215332,40.18000030517578,638600,40.380001068115234,37.099998474121094,36.84256362915039
08-08-2018,36.38999938964844,36.7400016784668,437500,37.15999984741211,36.470001220703125,36.21693801879883
09-08-2018,31.969999313354492,35.0,837500,35.0,33.65999984741211,33.42643356323242
10-08-2018,32.369998931884766,33.43000030517578,322800,34.16999816894531,32.380001068115234,32.15531921386719
13-08-2018,31.530000686645508,32.310001373291016,574600,32.4900016784668,32.040000915527344,31.817676544189453
14-08-2018,31.31999969482422,32.54999923706055,486200,32.61000061035156,32.18000030517578,31.95670509338379
15-08-2018,31.350000381469727,31.709999084472656,509600,32.40999984741211,31.860000610351562,31.638925552368164
16-08-2018,31.31999969482422,31.959999084472656,208700,31.959999084472656,31.549999237060547,31.33107566833496
17-08-2018,31.260000228881836,31.729999542236328,289000,32.27000045776367,31.8700008392334,31.64885711669922
20-08-2018,31.479999542236328,31.729999542236328,234400,32.380001068115234,32.22999954223633,32.0063591003418
21-08-2018,31.90999984741211,32.2400016784668,358000,33.290000915527344,32.04999923706055,31.827606201171875
22-08-2018,32.06999969482422,32.220001220703125,183600,32.81999969482422,32.77000045776367,32.54261016845703
23-08-2018,32.34000015258789,32.72999954223633,215500,33.11000061035156,33.08000183105469,32.850460052490234
24-08-2018,31.829999923706055,33.220001220703125,240200,33.66999816894531,32.22999954223633,32.0063591003418
27-08-2018,31.780000686645508,32.310001373291016,221000,32.720001220703125,32.04999923706055,31.827606201171875
28-08-2018,32.04999923706055,32.11000061035156,215400,32.869998931884766,32.650001525878906,32.42344665527344
29-08-2018,32.540000915527344,32.540000915527344,271000,33.189998626708984,33.02000045776367,32.79087829589844
30-08-2018,31.719999313354492,32.97999954223633,285200,33.34000015258789,32.27000045776367,32.04608154296875
31-08-2018,30.75,32.20000076293945,360400,32.2599983215332,31.0,30.784893035888672
04-09-2018,29.579999923706055,31.049999237060547,627400,31.459999084472656,30.309999465942383,30.099679946899414
05-09-2018,29.75,30.15999984741211,241800,30.15999984741211,30.040000915527344,29.831554412841797
06-09-2018,30.0,30.040000915527344,370300,30.469999313354492,30.290000915527344,30.07982063293457
07-09-2018,29.690000534057617,30.0,265500,30.479999542236328,29.920000076293945,29.712387084960938
10-09-2018,29.5,30.049999237060547,173700,30.559999465942383,29.530000686645508,29.32509422302246
11-09-2018,29.43000030517578,29.549999237060547,231800,30.049999237060547,29.65999984741211,29.454191207885742
12-09-2018,29.200000762939453,29.8799991607666,165200,30.299999237060547,29.219999313354492,29.017244338989258
13-09-2018,28.649999618530273,29.100000381469727,287200,29.360000610351562,28.81999969482422,28.620019912719727
14-09-2018,28.360000610351562,28.889999389648438,266100,29.18000030517578,28.3700008392334,28.17314338684082
17-09-2018,28.059999465942383,28.229999542236328,273700,29.260000228881836,28.489999771118164,28.292308807373047
18-09-2018,28.579999923706055,28.670000076293945,232500,29.31999969482422,28.8799991607666,28.679603576660156
19-09-2018,28.709999084472656,28.770000457763672,210600,29.3799991607666,29.209999084472656,29.007312774658203
20-09-2018,29.1299991607666,29.510000228881836,189200,29.889999389648438,29.469999313354492,29.2655086517334
21-09-2018,29.510000228881836,29.510000228881836,940100,30.520000457763672,29.989999771118164,29.78190040588379
24-09-2018,29.309999465942383,30.290000915527344,206100,30.979999542236328,29.5,29.29530143737793
25-09-2018,29.049999237060547,29.639999389648438,225600,29.8799991607666,29.270000457763672,29.066898345947266
26-09-2018,28.6299991607666,29.079999923706055,266300,30.020000457763672,29.84000015258789,29.63294219970703
27-09-2018,29.3799991607666,29.889999389648438,181900,30.18000030517578,29.56999969482422,29.36481475830078
28-09-2018,29.270000457763672,29.450000762939453,161200,30.290000915527344,29.780000686645508,29.5733585357666
01-10-2018,29.649999618530273,29.940000534057617,265100,30.270000457763672,29.799999237060547,29.593219757080078
02-10-2018,29.290000915527344,29.81999969482422,228000,30.010000228881836,29.610000610351562,29.404539108276367
03-10-2018,29.610000610351562,29.760000228881836,178500,30.899999618530273,30.65999984741211,30.44725227355957
04-10-2018,29.84000015258789,30.579999923706055,169100,31.010000228881836,29.950000762939453,29.74217987060547
05-10-2018,29.030000686645508,30.100000381469727,141400,30.229999542236328,29.239999771118164,29.037105560302734
08-10-2018,28.670000076293945,29.040000915527344,90400,29.459999084472656,29.299999237060547,29.096689224243164
09-10-2018,28.950000762939453,29.31999969482422,217300,30.030000686645508,29.440000534057617,29.2357177734375
10-10-2018,28.8700008392334,29.270000457763672,287400,29.700000762939453,28.979999542236328,28.77890968322754
11-10-2018,28.170000076293945,28.81999969482422,261700,29.31999969482422,28.18000030517578,27.984460830688477
12-10-2018,27.549999237060547,28.6200008392334,185000,28.6200008392334,28.06999969482422,27.87522315979004
15-10-2018,27.75,28.34000015258789,217700,28.770000457763672,28.3799991607666,28.183073043823242
16-10-2018,28.1200008392334,28.530000686645508,164800,29.690000534057617,29.450000762939453,29.245649337768555
17-10-2018,28.530000686645508,29.299999237060547,376200,29.440000534057617,29.309999465942383,29.106618881225586
18-10-2018,28.559999465942383,29.09000015258789,203600,29.1299991607666,29.040000915527344,28.83849334716797
19-10-2018,28.979999542236328,29.270000457763672,201000,30.420000076293945,29.149999618530273,28.947729110717773
22-10-2018,28.670000076293945,29.170000076293945,234500,29.59000015258789,28.799999237060547,28.60015869140625
23-10-2018,27.850000381469727,28.25,211600,28.770000457763672,28.049999237060547,27.855361938476562
24-10-2018,26.350000381469727,28.270000457763672,323600,28.270000457763672,26.3799991607666,26.196950912475586
25-10-2018,26.440000534057617,26.639999389648438,176200,27.860000610351562,27.719999313354492,27.527652740478516
26-10-2018,26.959999084472656,27.450000762939453,320600,27.719999313354492,27.3799991607666,27.190011978149414
29-10-2018,26.43000030517578,27.270000457763672,182800,27.809999465942383,26.760000228881836,26.57431411743164
30-10-2018,25.799999237060547,26.670000076293945,373900,26.989999771118164,26.0,25.81958770751953
31-10-2018,25.6299991607666,26.34000015258789,363200,26.670000076293945,25.75,25.57132339477539
01-11-2018,25.670000076293945,25.950000762939453,274800,26.479999542236328,26.25,26.067852020263672
02-11-2018,25.149999618530273,26.360000610351562,241300,26.360000610351562,25.399999618530273,25.223751068115234
05-11-2018,25.600000381469727,25.799999237060547,350200,26.450000762939453,26.3700008392334,26.187021255493164
06-11-2018,25.540000915527344,26.420000076293945,267000,26.75,25.799999237060547,25.620975494384766
07-11-2018,27.8700008392334,29.559999465942383,571400,29.950000762939453,28.920000076293945,28.71932601928711
08-11-2018,27.610000610351562,28.559999465942383,298900,28.809999465942383,27.719999313354492,27.527652740478516
09-11-2018,25.649999618530273,27.290000915527344,466200,28.1299991607666,27.899999618530273,27.706403732299805
12-11-2018,27.579999923706055,28.34000015258789,229700,29.110000610351562,27.649999618530273,27.45813751220703
13-11-2018,26.93000030517578,27.780000686645508,196300,28.360000610351562,27.06999969482422,26.88216209411621
14-11-2018,26.520000457763672,27.649999618530273,243800,27.8799991607666,27.3700008392334,27.180082321166992
15-11-2018,26.8799991607666,27.209999084472656,237700,28.0,27.510000228881836,27.319110870361328
16-11-2018,27.09000015258789,27.420000076293945,355900,27.799999237060547,27.770000457763672,27.577306747436523
19-11-2018,26.90999984741211,27.469999313354492,162600,27.829999923706055,27.780000686645508,27.587236404418945
20-11-2018,26.5,27.290000915527344,480000,27.459999084472656,26.6299991607666,26.445215225219727
21-11-2018,26.209999084472656,26.8799991607666,238500,27.90999984741211,27.440000534057617,27.249595642089844
23-11-2018,26.059999465942383,26.6299991607666,106900,26.739999771118164,26.219999313354492,26.038061141967773
26-11-2018,26.479999542236328,26.479999542236328,162000,27.399999618530273,27.3799991607666,27.190011978149414
27-11-2018,26.549999237060547,27.31999969482422,468700,27.520000457763672,26.90999984741211,26.7232723236084
28-11-2018,26.450000762939453,26.899999618530273,372400,27.530000686645508,27.350000381469727,27.160221099853516
29-11-2018,26.979999542236328,27.469999313354492,174400,27.729999542236328,27.450000762939453,27.2595272064209
30-11-2018,26.059999465942383,27.260000228881836,265000,27.309999465942383,26.530000686645508,26.345911026000977
03-12-2018,27.059999465942383,27.3700008392334,299800,27.809999465942383,27.459999084472656,27.26945686340332
04-12-2018,26.059999465942383,27.3700008392334,225400,27.469999313354492,26.110000610351562,25.92882537841797
06-12-2018,23.43000030517578,25.399999618530273,382900,25.399999618530273,24.6299991607666,24.45909309387207
07-12-2018,25.139999389648438,25.309999465942383,247200,26.06999969482422,25.530000686645508,25.35284996032715
10-12-2018,24.530000686645508,25.18000030517578,220000,25.639999389648438,24.969999313354492,24.796733856201172
11-12-2018,24.450000762939453,25.489999771118164,202400,25.489999771118164,24.8700008392334,24.697429656982422
12-12-2018,24.829999923706055,25.31999969482422,195700,25.920000076293945,25.270000457763672,25.094654083251953
13-12-2018,24.530000686645508,25.299999237060547,240800,25.299999237060547,25.010000228881836,24.836458206176758
14-12-2018,23.190000534057617,24.030000686645508,364200,24.56999969482422,23.25,23.088668823242188
17-12-2018,22.739999771118164,23.260000228881836,374600,24.030000686645508,22.950000762939453,22.790752410888672
18-12-2018,21.3799991607666,22.950000762939453,256900,22.950000762939453,21.59000015258789,21.440189361572266
19-12-2018,21.040000915527344,21.770000457763672,385400,22.3799991607666,21.09000015258789,20.94365882873535
20-12-2018,19.459999084472656,20.8700008392334,362300,21.079999923706055,19.700000762939453,19.563302993774414
21-12-2018,18.979999542236328,19.5,1072600,19.6299991607666,19.299999237060547,19.166078567504883
24-12-2018,18.549999237060547,18.979999542236328,117300,19.280000686645508,18.93000030517578,18.798646926879883
26-12-2018,18.40999984741211,19.1200008392334,214600,20.149999618530273,20.100000381469727,19.960527420043945
27-12-2018,19.09000015258789,19.5,129400,19.989999771118164,19.979999542236328,19.841360092163086
28-12-2018,19.809999465942383,20.1299991607666,186000,20.889999389648438,20.389999389648438,20.24851417541504
31-12-2018,20.040000915527344,20.579999923706055,129100,20.739999771118164,20.670000076293945,20.526573181152344
02-01-2019,20.399999618530273,20.5,506500,22.34000015258789,21.850000381469727,21.69838523864746
03-01-2019,21.049999237060547,21.850000381469727,205200,22.329999923706055,22.1299991607666,21.9764404296875
04-01-2019,22.3799991607666,22.719999313354492,257200,23.299999237060547,23.280000686645508,23.11846160888672
07-01-2019,23.280000686645508,23.43000030517578,297500,24.290000915527344,23.649999618530273,23.48589324951172
08-01-2019,23.270000457763672,24.030000686645508,166600,24.049999237060547,23.549999237060547,23.386587142944336
09-01-2019,23.25,23.93000030517578,325000,24.1299991607666,23.770000457763672,23.60506248474121
10-01-2019,23.329999923706055,23.610000610351562,142200,24.149999618530273,24.040000915527344,23.873188018798828
11-01-2019,23.260000228881836,24.020000457763672,138100,24.020000457763672,23.5,23.33693504333496
14-01-2019,23.0,23.34000015258789,155100,23.899999618530273,23.510000228881836,23.346866607666016
15-01-2019,23.309999465942383,23.6299991607666,178800,24.010000228881836,23.489999771118164,23.327003479003906
16-01-2019,23.31999969482422,23.43000030517578,145400,24.399999618530273,24.329999923706055,24.161174774169922
17-01-2019,23.6299991607666,23.950000762939453,143200,24.520000457763672,24.06999969482422,23.902978897094727
18-01-2019,24.1299991607666,24.600000381469727,171400,24.969999313354492,24.700000762939453,24.528608322143555
22-01-2019,24.020000457763672,24.5,175500,24.59000015258789,24.399999618530273,24.230690002441406
23-01-2019,24.139999389648438,24.549999237060547,217300,24.739999771118164,24.260000228881836,24.09166145324707
24-01-2019,23.93000030517578,24.229999542236328,212600,24.81999969482422,24.049999237060547,23.88311767578125
25-01-2019,24.219999313354492,24.219999313354492,169200,24.860000610351562,24.559999465942383,24.38957977294922
28-01-2019,23.40999984741211,24.06999969482422,169800,24.06999969482422,23.829999923706055,23.664644241333008
29-01-2019,23.280000686645508,23.799999237060547,129600,23.959999084472656,23.360000610351562,23.197906494140625
30-01-2019,22.969999313354492,23.540000915527344,206300,23.68000030517578,23.530000686645508,23.366727828979492
31-01-2019,22.90999984741211,24.170000076293945,292900,24.170000076293945,23.049999237060547,22.890056610107422
01-02-2019,22.559999465942383,23.040000915527344,268500,23.649999618530273,23.209999084472656,23.048946380615234
04-02-2019,22.6299991607666,22.93000030517578,134100,24.06999969482422,24.020000457763672,23.85332679748535
05-02-2019,23.799999237060547,24.09000015258789,241300,24.56999969482422,23.959999084472656,23.793743133544922
06-02-2019,23.25,23.719999313354492,103000,23.940000534057617,23.780000686645508,23.614992141723633
07-02-2019,22.31999969482422,23.56999969482422,305300,23.56999969482422,22.420000076293945,22.264429092407227
08-02-2019,21.09000015258789,22.3700008392334,137800,22.3700008392334,21.75,21.599079132080078
11-02-2019,21.170000076293945,21.540000915527344,136900,22.139999389648438,22.110000610351562,21.956581115722656
12-02-2019,22.18000030517578,22.450000762939453,221000,22.8700008392334,22.56999969482422,22.413387298583984
13-02-2019,22.56999969482422,22.56999969482422,142900,23.59000015258789,23.479999542236328,23.317073822021484
14-02-2019,23.290000915527344,23.34000015258789,233500,24.079999923706055,23.799999237060547,23.63485336303711
15-02-2019,23.84000015258789,24.049999237060547,178600,24.75,24.469999313354492,24.300203323364258
19-02-2019,24.510000228881836,24.530000686645508,131500,24.920000076293945,24.610000610351562,24.439233779907227
20-02-2019,24.010000228881836,24.520000457763672,178500,24.729999542236328,24.09000015258789,23.922842025756836
21-02-2019,23.489999771118164,24.0,120500,24.360000610351562,23.68000030517578,23.51568603515625
22-02-2019,23.559999465942383,23.90999984741211,104000,24.280000686645508,24.15999984741211,23.992355346679688
25-02-2019,23.40999984741211,24.049999237060547,118300,24.25,23.420000076293945,23.257490158081055
26-02-2019,22.81999969482422,23.399999618530273,113400,23.739999771118164,22.84000015258789,22.681514739990234
27-02-2019,22.450000762939453,22.979999542236328,127200,23.420000076293945,23.0,22.840404510498047
28-02-2019,22.56999969482422,24.25,391500,25.940000534057617,22.969999313354492,22.810611724853516
01-03-2019,22.690000534057617,22.8799991607666,313100,23.559999465942383,23.549999237060547,23.386587142944336
04-03-2019,23.329999923706055,23.600000381469727,172000,24.31999969482422,23.81999969482422,23.654714584350586
05-03-2019,22.600000381469727,23.84000015258789,163300,23.850000381469727,23.0,22.840404510498047
06-03-2019,22.06999969482422,22.84000015258789,139700,22.84000015258789,22.219999313354492,22.06581687927246
07-03-2019,21.81999969482422,22.31999969482422,121500,22.459999084472656,22.31999969482422,22.165122985839844
08-03-2019,20.940000534057617,21.920000076293945,600000,21.920000076293945,21.06999969482422,20.923795700073242
11-03-2019,20.899999618530273,21.209999084472656,166500,21.8700008392334,21.649999618530273,21.499771118164062
12-03-2019,21.389999389648438,21.719999313354492,155300,22.209999084472656,21.8799991607666,21.72817611694336
13-03-2019,21.360000610351562,22.190000534057617,169300,22.670000076293945,21.709999084472656,21.559354782104492
14-03-2019,21.520000457763672,21.690000534057617,166500,22.100000381469727,21.56999969482422,21.420326232910156
15-03-2019,20.899999618530273,21.389999389648438,530800,21.5,20.90999984741211,20.76490592956543
18-03-2019,20.889999389648438,20.90999984741211,237000,21.8700008392334,21.6299991607666,21.479909896850586
19-03-2019,21.469999313354492,21.6200008392334,338100,22.329999923706055,21.579999923706055,21.43025779724121
20-03-2019,21.40999984741211,21.579999923706055,269500,23.1299991607666,22.719999313354492,22.562347412109375
21-03-2019,22.719999313354492,23.0,231600,23.540000915527344,23.1299991607666,22.969501495361328
22-03-2019,21.81999969482422,22.889999389648438,191500,22.969999313354492,21.829999923706055,21.67852210998535
25-03-2019,21.389999389648438,21.670000076293945,119100,22.0,21.770000457763672,21.618940353393555
26-03-2019,21.649999618530273,22.139999389648438,212700,22.75,21.709999084472656,21.559354782104492
27-03-2019,21.25,21.68000030517578,162700,21.899999618530273,21.75,21.599079132080078
28-03-2019,21.40999984741211,21.610000610351562,172300,21.899999618530273,21.850000381469727,21.69838523864746
29-03-2019,21.610000610351562,22.219999313354492,226000,22.84000015258789,22.690000534057617,22.532556533813477
01-04-2019,22.760000228881836,22.959999084472656,170300,23.540000915527344,22.850000381469727,22.69144630432129
02-04-2019,22.239999771118164,23.0,287600,23.100000381469727,22.260000228881836,22.105539321899414
03-04-2019,21.6200008392334,22.440000534057617,186900,22.440000534057617,21.729999542236328,21.57921600341797
04-04-2019,21.600000381469727,21.600000381469727,288000,22.530000686645508,22.31999969482422,22.165122985839844
05-04-2019,22.360000610351562,22.360000610351562,338400,23.270000457763672,23.139999389648438,22.979433059692383
08-04-2019,23.149999618530273,23.149999618530273,155800,24.0,23.690000534057617,23.525617599487305
09-04-2019,22.979999542236328,23.700000762939453,183700,23.75,22.989999771118164,22.830472946166992
10-04-2019,22.639999389648438,23.200000762939453,172800,23.3700008392334,23.209999084472656,23.048946380615234
11-04-2019,22.959999084472656,23.219999313354492,107900,23.6200008392334,23.229999542236328,23.06880760192871
12-04-2019,23.719999313354492,23.940000534057617,175700,24.399999618530273,23.770000457763672,23.60506248474121
15-04-2019,23.25,23.760000228881836,203900,23.760000228881836,23.25,23.088668823242188
16-04-2019,23.299999237060547,23.389999389648438,199900,23.510000228881836,23.510000228881836,23.346866607666016
17-04-2019,22.950000762939453,23.739999771118164,170300,23.969999313354492,23.079999923706055,22.919849395751953
18-04-2019,22.75,23.200000762939453,138500,23.229999542236328,22.81999969482422,22.661653518676758
22-04-2019,23.229999542236328,23.440000534057617,431300,24.260000228881836,24.059999465942383,23.893049240112305
23-04-2019,23.479999542236328,24.06999969482422,236800,24.149999618530273,23.950000762939453,23.7838134765625
24-04-2019,23.25,24.1200008392334,437800,24.170000076293945,23.600000381469727,23.436241149902344
25-04-2019,22.93000030517578,23.889999389648438,132500,23.93000030517578,22.950000762939453,22.790752410888672
26-04-2019,23.079999923706055,23.170000076293945,203300,24.06999969482422,24.010000228881836,23.84339714050293
29-04-2019,24.030000686645508,24.030000686645508,309900,24.700000762939453,24.510000228881836,24.339927673339844
30-04-2019,23.889999389648438,24.770000457763672,215300,24.770000457763672,24.06999969482422,23.902978897094727
01-05-2019,23.6200008392334,24.06999969482422,392300,24.469999313354492,24.020000457763672,23.85332679748535
02-05-2019,22.790000915527344,23.59000015258789,173700,23.780000686645508,22.850000381469727,22.69144630432129
03-05-2019,22.84000015258789,23.06999969482422,107900,23.559999465942383,23.5,23.33693504333496
06-05-2019,22.920000076293945,23.200000762939453,126600,23.770000457763672,23.5,23.33693504333496
07-05-2019,22.770000457763672,23.170000076293945,135000,23.239999771118164,22.899999618530273,22.741098403930664
08-05-2019,22.860000610351562,22.860000610351562,198200,23.459999084472656,23.360000610351562,23.197906494140625
09-05-2019,22.969999313354492,23.239999771118164,344100,24.969999313354492,24.299999237060547,24.131383895874023
10-05-2019,23.6200008392334,23.850000381469727,147100,24.360000610351562,24.280000686645508,24.111522674560547
13-05-2019,23.90999984741211,23.90999984741211,150100,24.489999771118164,24.030000686645508,23.863258361816406
14-05-2019,23.950000762939453,24.170000076293945,114100,24.399999618530273,24.15999984741211,23.992355346679688
15-05-2019,23.850000381469727,23.889999389648438,154800,24.729999542236328,24.610000610351562,24.439233779907227
16-05-2019,24.709999084472656,24.760000228881836,262700,25.280000686645508,25.0,24.826526641845703
17-05-2019,24.309999465942383,24.719999313354492,126100,24.920000076293945,24.360000610351562,24.190967559814453
20-05-2019,24.040000915527344,24.34000015258789,197700,24.43000030517578,24.200000762939453,24.03207778930664
21-05-2019,24.06999969482422,24.309999465942383,81000,24.68000030517578,24.200000762939453,24.03207778930664
22-05-2019,22.75,24.0,230200,24.149999618530273,22.799999237060547,22.64179229736328
23-05-2019,20.65999984741211,22.520000457763672,291600,22.59000015258789,21.09000015258789,20.94365882873535
24-05-2019,20.979999542236328,21.360000610351562,156800,21.549999237060547,21.25,21.10254669189453
28-05-2019,21.049999237060547,21.239999771118164,215400,21.489999771118164,21.190000534057617,21.042964935302734
29-05-2019,20.1200008392334,20.760000228881836,136800,20.760000228881836,20.6200008392334,20.476919174194336
30-05-2019,19.969999313354492,20.549999237060547,147600,20.790000915527344,19.989999771118164,19.851289749145508
31-05-2019,19.1200008392334,19.510000228881836,233000,19.809999465942383,19.530000686645508,19.39448356628418
03-06-2019,19.420000076293945,19.670000076293945,205700,20.020000457763672,19.809999465942383,19.67253875732422
04-06-2019,19.860000610351562,20.079999923706055,181200,20.479999542236328,20.450000762939453,20.3080997467041
05-06-2019,18.780000686645508,20.40999984741211,196600,20.40999984741211,19.079999923706055,18.94760513305664
06-06-2019,18.889999389648438,19.010000228881836,96900,19.290000915527344,19.190000534057617,19.056842803955078
07-06-2019,18.979999542236328,19.219999313354492,79900,19.479999542236328,19.239999771118164,19.106494903564453
10-06-2019,18.969999313354492,19.280000686645508,113500,19.700000762939453,19.079999923706055,18.94760513305664
11-06-2019,18.8799991607666,19.299999237060547,131500,19.600000381469727,18.950000762939453,18.81850814819336
12-06-2019,18.040000915527344,18.739999771118164,176600,18.860000610351562,18.110000610351562,17.984336853027344
13-06-2019,18.059999465942383,18.510000228881836,157400,18.770000457763672,18.389999389648438,18.262392044067383
14-06-2019,17.790000915527344,18.360000610351562,117400,18.56999969482422,17.81999969482422,17.696348190307617
17-06-2019,17.639999389648438,17.809999465942383,194600,18.190000534057617,18.1200008392334,17.994266510009766
18-06-2019,18.25,18.25,133700,18.940000534057617,18.75,18.619895935058594
19-06-2019,17.899999618530273,18.56999969482422,159300,18.56999969482422,18.0,17.875099182128906
20-06-2019,18.440000534057617,18.530000686645508,136900,19.1200008392334,18.75,18.619895935058594
21-06-2019,18.709999084472656,18.75,167700,19.110000610351562,19.0,18.868160247802734
24-06-2019,18.860000610351562,19.0,292300,19.350000381469727,18.979999542236328,18.848299026489258
25-06-2019,18.649999618530273,18.84000015258789,162900,19.290000915527344,19.1200008392334,18.987327575683594
26-06-2019,19.31999969482422,19.479999542236328,136500,20.31999969482422,19.889999389648438,19.751983642578125
27-06-2019,19.690000534057617,19.8799991607666,113700,20.139999389648438,20.110000610351562,19.970458984375
28-06-2019,20.040000915527344,20.18000030517578,368200,20.8799991607666,20.8799991607666,20.73511505126953
01-07-2019,20.549999237060547,21.260000228881836,243200,21.389999389648438,20.780000686645508,20.63580894470215
02-07-2019,19.700000762939453,20.639999389648438,740400,20.639999389648438,19.989999771118164,19.851289749145508
03-07-2019,19.65999984741211,20.020000457763672,126800,20.030000686645508,20.010000228881836,19.871152877807617
05-07-2019,19.829999923706055,19.940000534057617,147600,20.670000076293945,20.65999984741211,20.51664161682129
08-07-2019,20.049999237060547,20.5,280400,20.989999771118164,20.1299991607666,19.990318298339844
09-07-2019,19.799999237060547,19.950000762939453,263200,20.389999389648438,20.3799991607666,20.238584518432617
10-07-2019,20.510000228881836,20.65999984741211,240800,21.709999084472656,21.709999084472656,21.559354782104492
11-07-2019,21.420000076293945,21.81999969482422,295900,21.81999969482422,21.729999542236328,21.57921600341797
12-07-2019,21.520000457763672,21.780000686645508,152800,21.940000534057617,21.610000610351562,21.460050582885742
15-07-2019,21.15999984741211,21.719999313354492,181400,21.780000686645508,21.459999084472656,21.31109046936035
16-07-2019,21.0,21.43000030517578,192700,21.649999618530273,21.139999389648438,20.993310928344727
17-07-2019,20.149999618530273,21.09000015258789,175100,21.09000015258789,20.149999618530273,20.01017951965332
18-07-2019,19.959999084472656,19.959999084472656,152000,20.59000015258789,20.520000457763672,20.377613067626953
19-07-2019,20.3799991607666,20.520000457763672,135700,21.299999237060547,21.209999084472656,21.062824249267578
22-07-2019,21.079999923706055,21.280000686645508,127400,21.799999237060547,21.3700008392334,21.221715927124023
23-07-2019,21.15999984741211,21.559999465942383,152300,21.940000534057617,21.690000534057617,21.53949546813965
24-07-2019,21.649999618530273,21.649999618530273,157500,23.34000015258789,23.280000686645508,23.11846160888672
25-07-2019,22.350000381469727,23.3799991607666,146800,23.43000030517578,22.3799991607666,22.224706649780273
26-07-2019,21.899999618530273,22.43000030517578,123600,22.649999618530273,22.06999969482422,21.91685676574707
29-07-2019,21.3700008392334,22.110000610351562,179100,22.270000457763672,21.639999389648438,21.48984146118164
30-07-2019,20.920000076293945,21.510000228881836,312000,21.979999542236328,21.68000030517578,21.529563903808594
31-07-2019,21.6200008392334,21.68000030517578,196400,22.530000686645508,21.799999237060547,21.648731231689453
01-08-2019,20.200000762939453,21.3799991607666,272700,21.389999389648438,20.6299991607666,20.486848831176758
02-08-2019,20.260000228881836,20.729999542236328,152500,21.18000030517578,21.049999237060547,20.903934478759766
05-08-2019,19.790000915527344,20.420000076293945,243300,20.600000381469727,20.520000457763672,20.377613067626953
06-08-2019,19.8799991607666,20.690000534057617,172900,20.690000534057617,20.299999237060547,20.15913963317871
07-08-2019,19.600000381469727,19.809999465942383,275400,20.700000762939453,20.59000015258789,20.447128295898438
08-08-2019,20.59000015258789,21.0,260200,22.040000915527344,22.030000686645508,21.87713623046875
09-08-2019,21.239999771118164,22.09000015258789,179100,22.309999465942383,21.670000076293945,21.519634246826172
12-08-2019,21.520000457763672,21.59000015258789,198200,22.5,22.280000686645508,22.12540054321289
13-08-2019,22.030000686645508,22.270000457763672,186800,23.280000686645508,22.700000762939453,22.5424861907959
14-08-2019,21.530000686645508,22.100000381469727,243500,22.479999542236328,22.059999465942383,21.90692710876465
15-08-2019,20.920000076293945,22.09000015258789,269400,22.3700008392334,20.959999084472656,20.814559936523438
16-08-2019,21.059999465942383,21.059999465942383,163400,22.809999465942383,22.780000686645508,22.621931076049805
19-08-2019,20.920000076293945,23.239999771118164,231000,23.989999771118164,23.5,23.33693504333496
20-08-2019,22.780000686645508,23.290000915527344,259900,23.770000457763672,23.5,23.33693504333496
21-08-2019,22.18000030517578,23.729999542236328,278200,24.0,22.40999984741211,22.254497528076172
22-08-2019,22.540000915527344,22.610000610351562,210000,23.260000228881836,22.65999984741211,22.502763748168945
23-08-2019,21.43000030517578,22.1200008392334,189200,22.75,21.530000686645508,21.380605697631836
26-08-2019,21.309999465942383,21.81999969482422,206000,21.860000610351562,21.799999237060547,21.648731231689453
27-08-2019,21.030000686645508,21.979999542236328,167500,22.18000030517578,21.270000457763672,21.12240982055664
28-08-2019,21.299999237060547,21.440000534057617,145100,22.600000381469727,22.270000457763672,22.11547088623047
29-08-2019,22.299999237060547,22.639999389648438,225000,23.040000915527344,22.600000381469727,22.443180084228516
30-08-2019,22.219999313354492,22.809999465942383,125000,23.020000457763672,22.559999465942383,22.403457641601562
03-09-2019,21.079999923706055,22.149999618530273,252500,22.329999923706055,21.360000610351562,21.21178436279297
04-09-2019,21.90999984741211,22.09000015258789,198300,22.579999923706055,22.530000686645508,22.373666763305664
05-09-2019,22.68000030517578,22.899999618530273,216400,23.829999923706055,23.15999984741211,22.99929428100586
06-09-2019,22.649999618530273,22.920000076293945,96400,23.15999984741211,22.81999969482422,22.661653518676758
09-09-2019,23.059999465942383,23.139999389648438,195600,24.079999923706055,24.079999923706055,23.91291046142578
10-09-2019,24.15999984741211,24.25,186800,25.079999923706055,24.260000228881836,24.09166145324707
11-09-2019,24.0,24.200000762939453,127200,24.920000076293945,24.389999389648438,24.22075843811035
12-09-2019,23.610000610351562,23.90999984741211,143900,24.579999923706055,23.6299991607666,23.466032028198242
13-09-2019,23.420000076293945,24.010000228881836,197600,24.5,23.549999237060547,23.386587142944336
16-09-2019,24.5,25.600000381469727,438800,26.75,26.0,25.81958770751953
17-09-2019,25.06999969482422,26.0,324900,26.510000228881836,25.600000381469727,25.42236328125
18-09-2019,25.0,25.350000381469727,210300,25.760000228881836,25.020000457763672,24.84638786315918
19-09-2019,23.420000076293945,25.110000610351562,143500,25.25,23.889999389648438,23.724227905273438
20-09-2019,23.549999237060547,23.899999618530273,475700,24.389999389648438,24.139999389648438,23.97249412536621
23-09-2019,23.860000610351562,23.90999984741211,179200,24.75,24.5,24.32999610900879
24-09-2019,23.709999084472656,24.3799991607666,210800,24.59000015258789,23.889999389648438,23.724227905273438
25-09-2019,23.3700008392334,23.6299991607666,117900,24.020000457763672,23.489999771118164,23.327003479003906
26-09-2019,22.8700008392334,23.309999465942383,127700,23.56999969482422,23.360000610351562,23.197906494140625
27-09-2019,22.68000030517578,23.020000457763672,117100,23.780000686645508,22.780000686645508,22.621931076049805
30-09-2019,22.229999542236328,22.719999313354492,248400,22.719999313354492,22.389999389648438,22.234636306762695
01-10-2019,21.8799991607666,22.5,413500,22.940000534057617,22.170000076293945,22.016164779663086
02-10-2019,21.649999618530273,22.010000228881836,125400,22.489999771118164,21.760000228881836,21.6090087890625
03-10-2019,21.31999969482422,21.450000762939453,117100,21.940000534057617,21.90999984741211,21.757966995239258
04-10-2019,21.729999542236328,22.010000228881836,100900,22.420000076293945,22.40999984741211,22.254497528076172
07-10-2019,22.010000228881836,22.3799991607666,197400,22.969999313354492,22.239999771118164,22.085678100585938
08-10-2019,21.579999923706055,21.809999465942383,179900,22.40999984741211,21.670000076293945,21.519634246826172
09-10-2019,21.420000076293945,22.06999969482422,140000,22.260000228881836,21.56999969482422,21.420326232910156
10-10-2019,21.530000686645508,21.790000915527344,149300,22.299999237060547,22.040000915527344,21.887065887451172
11-10-2019,22.100000381469727,22.559999465942383,122400,23.0,22.200000762939453,22.045955657958984
14-10-2019,19.770000457763672,21.809999465942383,317100,21.860000610351562,20.0,19.861221313476562
15-10-2019,19.600000381469727,19.850000381469727,283300,20.989999771118164,20.489999771118164,20.347820281982422
16-10-2019,19.600000381469727,20.31999969482422,148700,20.6200008392334,19.6200008392334,19.483858108520508
17-10-2019,19.389999389648438,19.709999084472656,150700,19.959999084472656,19.579999923706055,19.444135665893555
18-10-2019,18.729999542236328,19.459999084472656,162300,19.950000762939453,18.760000228881836,18.629825592041016
21-10-2019,18.520000457763672,18.8799991607666,206200,19.190000534057617,18.84000015258789,18.709270477294922
22-10-2019,18.649999618530273,18.93000030517578,168300,19.40999984741211,19.059999465942383,18.927743911743164
23-10-2019,18.829999923706055,19.020000457763672,237300,19.3799991607666,19.09000015258789,18.957536697387695
24-10-2019,18.59000015258789,19.209999084472656,187500,19.239999771118164,18.649999618530273,18.520587921142578
25-10-2019,18.25,18.469999313354492,122100,18.770000457763672,18.579999923706055,18.451074600219727
28-10-2019,18.030000686645508,18.600000381469727,185200,19.0,18.200000762939453,18.073711395263672
29-10-2019,18.040000915527344,18.040000915527344,191400,18.709999084472656,18.399999618530273,18.272323608398438
30-10-2019,17.739999771118164,18.40999984741211,216700,18.600000381469727,17.809999465942383,17.686416625976562
31-10-2019,17.559999465942383,17.809999465942383,212000,18.0,17.81999969482422,17.696348190307617
01-11-2019,17.8799991607666,18.010000228881836,151200,18.3799991607666,18.350000381469727,18.222671508789062
04-11-2019,18.6200008392334,18.719999313354492,207900,19.81999969482422,19.450000762939453,19.315038681030273
05-11-2019,19.479999542236328,19.670000076293945,174300,20.190000534057617,19.549999237060547,19.414342880249023
06-11-2019,18.690000534057617,19.459999084472656,176000,19.829999923706055,18.770000457763672,18.63975715637207
07-11-2019,18.920000076293945,19.030000686645508,324400,19.709999084472656,19.450000762939453,19.315038681030273
08-11-2019,19.0,19.229999542236328,198800,19.579999923706055,19.530000686645508,19.39448356628418
11-11-2019,19.030000686645508,19.299999237060547,180100,19.68000030517578,19.469999313354492,19.334897994995117
12-11-2019,19.200000762939453,19.610000610351562,145000,19.6299991607666,19.299999237060547,19.166078567504883
13-11-2019,18.940000534057617,19.1200008392334,142800,19.280000686645508,19.06999969482422,18.937673568725586
14-11-2019,18.84000015258789,19.18000030517578,266500,19.399999618530273,19.010000228881836,18.87809181213379
15-11-2019,18.8799991607666,19.209999084472656,177300,19.5,19.010000228881836,18.87809181213379
18-11-2019,18.100000381469727,18.829999923706055,341600,18.829999923706055,18.149999618530273,18.024057388305664
19-11-2019,17.079999923706055,18.049999237060547,336400,18.049999237060547,17.43000030517578,17.30905532836914
20-11-2019,16.600000381469727,17.3799991607666,309500,17.5,17.049999237060547,16.931690216064453
21-11-2019,16.65999984741211,17.079999923706055,334000,17.1200008392334,17.06999969482422,16.95155143737793
22-11-2019,16.979999542236328,17.360000610351562,278500,17.559999465942383,17.239999771118164,17.120372772216797
25-11-2019,17.0,17.1200008392334,266500,17.959999084472656,17.81999969482422,17.696348190307617
26-11-2019,17.600000381469727,17.780000686645508,141500,17.969999313354492,17.739999771118164,17.61690330505371
27-11-2019,17.530000686645508,17.670000076293945,181000,18.049999237060547,17.940000534057617,17.815515518188477
29-11-2019,17.209999084472656,17.690000534057617,101800,17.690000534057617,17.459999084472656,17.33884620666504
02-12-2019,17.440000534057617,17.610000610351562,176900,17.860000610351562,17.56999969482422,17.448081970214844
03-12-2019,17.299999237060547,17.329999923706055,177100,18.06999969482422,17.799999237060547,17.67648696899414
04-12-2019,17.709999084472656,18.15999984741211,278700,18.479999542236328,18.1200008392334,17.994266510009766
05-12-2019,17.729999542236328,18.290000915527344,268700,18.40999984741211,17.84000015258789,17.716209411621094
06-12-2019,17.959999084472656,18.020000457763672,347800,18.93000030517578,18.809999465942383,18.67947769165039
09-12-2019,18.579999923706055,18.670000076293945,123400,19.270000457763672,19.06999969482422,18.937673568725586
10-12-2019,18.940000534057617,19.139999389648438,246100,19.68000030517578,19.65999984741211,19.52358055114746
11-12-2019,19.350000381469727,19.639999389648438,156700,19.739999771118164,19.40999984741211,19.275314331054688
12-12-2019,19.31999969482422,19.40999984741211,231600,19.809999465942383,19.6200008392334,19.483858108520508
13-12-2019,19.489999771118164,19.6299991607666,176100,20.18000030517578,19.559999465942383,19.424274444580078
16-12-2019,19.8700008392334,19.8700008392334,328300,20.5,20.1299991607666,19.990318298339844
17-12-2019,20.239999771118164,20.239999771118164,271600,20.969999313354492,20.969999313354492,20.82448959350586
18-12-2019,20.950000762939453,21.0,261300,21.549999237060547,21.270000457763672,21.12240982055664
19-12-2019,21.290000915527344,21.290000915527344,201900,21.969999313354492,21.889999389648438,21.73810577392578
20-12-2019,22.0,22.139999389648438,675300,22.829999923706055,22.639999389648438,22.48290252685547
23-12-2019,22.559999465942383,22.639999389648438,239800,23.350000381469727,23.209999084472656,23.048946380615234
24-12-2019,23.229999542236328,23.270000457763672,92800,23.81999969482422,23.389999389648438,23.227697372436523
26-12-2019,23.43000030517578,23.43000030517578,118500,24.059999465942383,23.850000381469727,23.684507369995117
27-12-2019,23.34000015258789,24.010000228881836,145400,24.049999237060547,23.399999618530273,23.237628936767578
30-12-2019,22.959999084472656,23.3700008392334,360700,23.6299991607666,23.0,22.840404510498047
31-12-2019,22.760000228881836,22.799999237060547,283500,23.440000534057617,23.34000015258789,23.17804527282715
02-01-2020,23.1299991607666,23.59000015258789,189300,23.739999771118164,23.190000534057617,23.02908706665039
03-01-2020,23.6299991607666,23.670000076293945,247000,24.3700008392334,24.229999542236328,24.06186866760254
06-01-2020,23.989999771118164,24.270000457763672,380000,25.559999465942383,25.440000534057617,25.263473510742188
07-01-2020,24.200000762939453,25.31999969482422,232200,25.31999969482422,24.389999389648438,24.22075843811035
08-01-2020,22.549999237060547,24.299999237060547,179400,24.299999237060547,22.780000686645508,22.621931076049805
09-01-2020,22.0,22.739999771118164,206000,22.959999084472656,22.6299991607666,22.472970962524414
10-01-2020,22.219999313354492,22.6299991607666,173500,22.690000534057617,22.520000457763672,22.36373519897461
13-01-2020,21.670000076293945,22.530000686645508,276100,22.530000686645508,21.850000381469727,21.69838523864746
14-01-2020,21.06999969482422,21.809999465942383,145100,21.809999465942383,21.110000610351562,20.963520050048828
15-01-2020,20.5,20.93000030517578,157100,20.93000030517578,20.75,20.60601806640625
16-01-2020,20.3700008392334,20.899999618530273,151500,20.989999771118164,20.3799991607666,20.238584518432617
17-01-2020,19.850000381469727,20.399999618530273,423000,20.479999542236328,19.989999771118164,19.851289749145508
21-01-2020,19.020000457763672,19.989999771118164,274900,19.989999771118164,19.030000686645508,18.897953033447266
22-01-2020,18.010000228881836,18.860000610351562,443600,18.889999389648438,18.040000915527344,17.91482162475586
23-01-2020,17.530000686645508,17.940000534057617,273500,17.940000534057617,17.760000228881836,17.636764526367188
24-01-2020,16.829999923706055,17.6200008392334,245400,17.719999313354492,17.020000457763672,16.901899337768555
27-01-2020,16.170000076293945,16.6200008392334,308900,16.8700008392334,16.540000915527344,16.425230026245117
28-01-2020,16.530000686645508,16.700000762939453,358400,17.270000457763672,17.1200008392334,17.001205444335938
29-01-2020,17.6200008392334,17.6200008392334,369600,18.610000610351562,18.299999237060547,18.173017501831055
30-01-2020,17.84000015258789,17.950000762939453,275600,18.579999923706055,18.5,18.37162971496582
31-01-2020,17.68000030517578,18.209999084472656,215400,18.25,18.190000534057617,18.06378173828125
03-02-2020,18.149999618530273,18.31999969482422,316200,18.719999313354492,18.299999237060547,18.173017501831055
04-02-2020,18.149999618530273,18.739999771118164,160700,18.770000457763672,18.280000686645508,18.153156280517578
05-02-2020,18.649999618530273,18.649999618530273,239900,19.43000030517578,19.350000381469727,19.21573257446289
06-02-2020,18.790000915527344,19.3799991607666,180700,19.3799991607666,19.200000762939453,19.0667724609375
07-02-2020,18.780000686645508,19.010000228881836,251900,19.15999984741211,19.049999237060547,18.91781234741211
10-02-2020,17.950000762939453,18.989999771118164,193200,18.989999771118164,18.149999618530273,18.024057388305664
11-02-2020,17.690000534057617,18.510000228881836,321300,18.639999389648438,17.709999084472656,17.58711051940918
12-02-2020,17.309999465942383,18.079999923706055,218500,18.440000534057617,17.479999542236328,17.358707427978516
13-02-2020,17.200000762939453,17.350000381469727,176000,17.770000457763672,17.670000076293945,17.54738998413086
14-02-2020,17.350000381469727,17.75,131400,17.84000015258789,17.540000915527344,17.418291091918945
18-02-2020,17.459999084472656,17.489999771118164,220700,17.899999618530273,17.770000457763672,17.646696090698242
19-02-2020,17.639999389648438,17.940000534057617,178300,18.469999313354492,18.360000610351562,18.232601165771484
20-02-2020,18.299999237060547,18.43000030517578,216800,19.09000015258789,18.959999084472656,18.82843780517578
21-02-2020,18.280000686645508,18.790000915527344,210400,18.899999618530273,18.729999542236328,18.600032806396484
24-02-2020,17.5,18.229999542236328,266600,18.350000381469727,17.610000610351562,17.48780632019043
25-02-2020,16.450000762939453,17.56999969482422,288400,17.649999618530273,16.600000381469727,16.484813690185547
26-02-2020,15.920000076293945,16.520000457763672,209100,16.760000228881836,15.989999771118164,15.879046440124512
27-02-2020,14.40999984741211,15.489999771118164,366600,15.489999771118164,14.420000076293945,14.319940567016602
28-02-2020,11.8100004196167,12.760000228881836,453300,16.3799991607666,16.290000915527344,16.176965713500977
02-03-2020,15.829999923706055,16.649999618530273,363800,19.200000762939453,19.09000015258789,18.957536697387695
03-03-2020,17.700000762939453,19.09000015258789,352400,19.09000015258789,18.25,18.123363494873047
04-03-2020,18.18000030517578,18.75,237400,18.989999771118164,18.90999984741211,18.778783798217773
05-03-2020,17.34000015258789,18.420000076293945,354800,18.75,17.639999389648438,17.517597198486328
06-03-2020,14.90999984741211,17.139999389648438,347500,17.40999984741211,15.520000457763672,15.412307739257812
09-03-2020,10.199999809265137,13.09000015258789,756900,13.199999809265137,10.399999618530273,10.327835083007812
10-03-2020,9.180000305175781,11.0600004196167,603800,11.739999771118164,11.739999771118164,11.658536911010742
11-03-2020,10.279999732971191,11.239999771118164,513200,11.739999771118164,10.8100004196167,10.734990119934082
12-03-2020,9.380000114440918,9.680000305175781,513600,11.359999656677246,10.390000343322754,10.317904472351074
13-03-2020,8.25,10.890000343322754,714900,11.239999771118164,10.84000015258789,10.764781951904297
16-03-2020,8.899999618530273,9.109999656677246,563500,11.850000381469727,11.229999542236328,11.15207576751709
17-03-2020,10.0,11.489999771118164,630900,11.619999885559082,11.5,11.420202255249023
18-03-2020,9.15999984741211,10.59000015258789,821600,11.34000015258789,9.460000038146973,9.394357681274414
19-03-2020,8.899999618530273,9.640000343322754,652400,11.720000267028809,10.8100004196167,10.734990119934082
20-03-2020,9.789999961853027,10.859999656677246,568000,11.640000343322754,10.5600004196167,10.486724853515625
23-03-2020,9.760000228881836,10.59000015258789,362200,11.279999732971191,10.609999656677246,10.536377906799316
24-03-2020,10.9399995803833,11.109999656677246,414000,12.640000343322754,12.640000343322754,12.552291870117188
25-03-2020,12.279999732971191,12.9399995803833,536500,14.539999961853027,13.09000015258789,12.99916934967041
26-03-2020,11.359999656677246,13.25,419900,13.350000381469727,11.779999732971191,11.698259353637695
27-03-2020,9.859999656677246,11.289999961853027,263000,11.680000305175781,10.039999961853027,9.970333099365234
30-03-2020,8.770000457763672,9.859999656677246,364500,9.859999656677246,9.149999618530273,9.086508750915527
31-03-2020,9.829999923706055,9.949999809265137,557800,11.539999961853027,11.25,11.171936988830566
01-04-2020,10.350000381469727,10.739999771118164,526000,11.9399995803833,11.550000190734863,11.469855308532715
02-04-2020,11.729999542236328,12.039999961853027,561400,14.539999961853027,13.619999885559082,13.525491714477539
03-04-2020,12.829999923706055,13.770000457763672,396000,14.270000457763672,14.039999961853027,13.942577362060547
06-04-2020,12.520000457763672,14.260000228881836,290600,14.329999923706055,13.579999923706055,13.485769271850586
07-04-2020,13.800000190734863,13.899999618530273,528000,14.699999809265137,13.829999923706055,13.734034538269043
08-04-2020,13.859999656677246,14.359999656677246,219900,15.029999732971191,14.989999771118164,14.885985374450684
09-04-2020,14.390000343322754,15.829999923706055,396900,16.719999313354492,15.600000381469727,15.491752624511719
13-04-2020,15.09000015258789,15.8100004196167,242300,16.239999771118164,15.399999618530273,15.293140411376953
14-04-2020,13.960000038146973,15.59000015258789,322900,15.680000305175781,14.069999694824219,13.972369194030762
15-04-2020,13.260000228881836,13.350000381469727,229900,14.170000076293945,14.020000457763672,13.92271614074707
16-04-2020,12.75,13.819999694824219,164900,14.220000267028809,12.90999984741211,12.820418357849121
17-04-2020,13.0,13.0,245200,14.220000267028809,14.09000015258789,13.992230415344238
20-04-2020,12.739999771118164,13.649999618530273,310600,14.050000190734863,13.229999542236328,13.138197898864746
21-04-2020,11.880000114440918,12.5600004196167,267800,12.699999809265137,12.300000190734863,12.214651107788086
22-04-2020,12.789999961853027,12.789999961853027,229600,14.489999771118164,14.329999923706055,14.230565071105957
23-04-2020,14.029999732971191,14.25,510400,15.369999885559082,14.539999961853027,14.439107894897461
24-04-2020,14.149999618530273,14.989999771118164,199900,15.539999961853027,14.890000343322754,14.7866792678833
27-04-2020,14.029999732971191,14.699999809265137,257200,14.760000228881836,14.640000343322754,14.538414001464844
28-04-2020,14.479999542236328,14.670000076293945,242800,15.149999618530273,14.949999809265137,14.84626293182373
29-04-2020,15.09000015258789,15.609999656677246,348400,16.329999923706055,16.290000915527344,16.176965713500977
30-04-2020,15.5,16.530000686645508,227000,17.540000915527344,17.459999084472656,17.33884620666504
01-05-2020,16.190000534057617,16.770000457763672,285200,17.030000686645508,16.889999389648438,16.77280044555664
04-05-2020,16.3799991607666,16.489999771118164,226800,17.56999969482422,17.520000457763672,17.39842987060547
05-05-2020,17.09000015258789,17.8700008392334,261300,18.5,17.25,17.13030242919922
06-05-2020,16.56999969482422,17.450000762939453,267200,17.899999618530273,16.600000381469727,16.484813690185547
07-05-2020,16.709999084472656,17.06999969482422,179700,17.809999465942383,17.1200008392334,17.001205444335938
08-05-2020,16.6200008392334,18.31999969482422,534800,18.31999969482422,17.229999542236328,17.110441207885742
11-05-2020,16.809999465942383,17.299999237060547,540400,17.40999984741211,16.809999465942383,16.693355560302734
12-05-2020,16.520000457763672,17.1299991607666,353600,18.139999389648438,16.579999923706055,16.46495246887207
13-05-2020,15.270000457763672,16.40999984741211,259400,16.68000030517578,15.520000457763672,15.412307739257812
14-05-2020,14.739999771118164,15.25,176000,16.170000076293945,15.65999984741211,15.551336288452148
15-05-2020,15.670000076293945,15.670000076293945,203200,16.75,16.020000457763672,15.908838272094727
18-05-2020,16.709999084472656,17.049999237060547,349700,17.6299991607666,17.43000030517578,17.30905532836914
19-05-2020,15.949999809265137,17.3799991607666,131100,17.479999542236328,15.960000038146973,15.849254608154297
20-05-2020,15.920000076293945,16.329999923706055,173600,16.920000076293945,16.239999771118164,16.12731170654297
21-05-2020,15.800000190734863,16.43000030517578,176800,16.520000457763672,15.850000381469727,15.740017890930176
22-05-2020,15.34000015258789,15.930000305175781,192800,16.290000915527344,16.270000457763672,16.1571044921875
26-05-2020,16.049999237060547,16.920000076293945,196200,17.0,16.5,16.385507583618164
27-05-2020,15.90999984741211,16.889999389648438,127100,16.889999389648438,16.729999542236328,16.613910675048828
28-05-2020,16.34000015258789,16.850000381469727,205200,17.34000015258789,16.40999984741211,16.296131134033203
29-05-2020,16.049999237060547,16.139999389648438,230400,17.229999542236328,16.899999618530273,16.782732009887695
01-06-2020,16.729999542236328,17.030000686645508,299800,18.959999084472656,18.75,18.619895935058594
02-06-2020,18.729999542236328,19.06999969482422,221100,19.799999237060547,18.889999389648438,18.758922576904297
03-06-2020,18.34000015258789,19.3700008392334,146600,19.450000762939453,18.809999465942383,18.67947769165039
04-06-2020,18.440000534057617,18.479999542236328,231400,19.25,18.940000534057617,18.808576583862305
05-06-2020,18.90999984741211,20.100000381469727,383600,20.360000610351562,19.5,19.36469078063965
08-06-2020,20.299999237060547,20.3799991607666,802100,22.1299991607666,21.850000381469727,21.69838523864746
09-06-2020,20.280000686645508,21.049999237060547,348800,21.200000762939453,20.6299991607666,20.486848831176758
10-06-2020,19.049999237060547,20.200000762939453,366200,20.979999542236328,20.579999923706055,20.437196731567383
11-06-2020,18.889999389648438,19.549999237060547,347200,20.610000610351562,19.190000534057617,19.056842803955078
12-06-2020,18.6299991607666,20.149999618530273,240700,20.3700008392334,19.43000030517578,19.295177459716797
15-06-2020,18.049999237060547,18.200000762939453,182000,19.90999984741211,19.520000457763672,19.384552001953125
16-06-2020,18.559999465942383,20.56999969482422,406600,20.56999969482422,18.889999389648438,18.758922576904297
17-06-2020,17.860000610351562,18.690000534057617,380500,18.790000915527344,17.93000030517578,17.805585861206055
18-06-2020,17.31999969482422,17.739999771118164,199700,18.06999969482422,17.549999237060547,17.428220748901367
19-06-2020,16.809999465942383,17.81999969482422,469400,17.950000762939453,17.030000686645508,16.91183090209961
22-06-2020,16.40999984741211,16.889999389648438,189900,17.079999923706055,16.530000686645508,16.415300369262695
23-06-2020,16.290000915527344,16.739999771118164,217700,17.239999771118164,16.31999969482422,16.206756591796875
24-06-2020,15.359999656677246,16.09000015258789,227400,16.3799991607666,15.390000343322754,15.283209800720215
25-06-2020,14.880000114440918,15.130000114440918,173700,15.949999809265137,15.420000076293945,15.31300163269043
26-06-2020,14.020000457763672,15.220000267028809,375200,15.329999923706055,14.050000190734863,13.952507972717285
29-06-2020,14.140000343322754,14.229999542236328,290300,15.420000076293945,14.850000381469727,14.746956825256348
30-06-2020,14.350000381469727,14.699999809265137,255000,14.9399995803833,14.819999694824219,14.717164993286133
01-07-2020,14.59000015258789,14.890000343322754,247800,15.760000228881836,15.149999618530273,15.044875144958496
02-07-2020,15.550000190734863,15.550000190734863,176900,16.170000076293945,15.8100004196167,15.700295448303223
06-07-2020,15.369999885559082,16.18000030517578,145700,16.239999771118164,15.460000038146973,15.352724075317383
07-07-2020,15.109999656677246,15.15999984741211,167300,15.779999732971191,15.180000305175781,15.074666976928711
08-07-2020,14.960000038146973,15.130000114440918,202200,15.420000076293945,15.289999961853027,15.183903694152832
09-07-2020,14.670000076293945,15.3100004196167,172300,15.390000343322754,14.710000038146973,14.607928276062012
10-07-2020,14.40999984741211,14.8100004196167,202500,15.25,15.25,15.144181251525879
13-07-2020,15.069999694824219,15.550000190734863,271000,15.829999923706055,15.130000114440918,15.02501392364502
14-07-2020,14.960000038146973,15.170000076293945,437700,15.789999961853027,15.789999961853027,15.680434226989746
15-07-2020,15.779999732971191,16.110000610351562,258900,16.700000762939453,16.459999084472656,16.34578514099121
16-07-2020,16.100000381469727,16.43000030517578,164500,17.1299991607666,16.8700008392334,16.752941131591797
17-07-2020,17.0,17.030000686645508,226300,17.68000030517578,17.329999923706055,17.209747314453125
20-07-2020,17.25,17.25,177100,18.100000381469727,17.5,17.378568649291992
21-07-2020,17.84000015258789,17.90999984741211,252000,19.020000457763672,18.950000762939453,18.81850814819336
22-07-2020,18.389999389648438,18.84000015258789,141200,19.09000015258789,18.920000076293945,18.788715362548828
23-07-2020,18.75,19.209999084472656,321900,19.8700008392334,19.030000686645508,18.897953033447266
24-07-2020,18.8700008392334,19.200000762939453,118700,19.760000228881836,19.06999969482422,18.937673568725586
27-07-2020,18.559999465942383,19.420000076293945,153000,19.56999969482422,18.770000457763672,18.63975715637207
28-07-2020,18.110000610351562,18.690000534057617,143200,19.100000381469727,18.149999618530273,18.024057388305664
29-07-2020,17.43000030517578,18.139999389648438,155100,18.280000686645508,18.280000686645508,18.153156280517578
30-07-2020,17.549999237060547,17.90999984741211,134800,18.15999984741211,18.0,17.875099182128906
31-07-2020,17.739999771118164,17.940000534057617,218800,18.209999084472656,18.190000534057617,18.06378173828125
03-08-2020,17.56999969482422,18.260000228881836,142700,18.3700008392334,18.170000076293945,18.043920516967773
04-08-2020,18.030000686645508,18.1200008392334,126200,19.040000915527344,18.600000381469727,18.470935821533203
05-08-2020,18.229999542236328,19.059999465942383,182800,19.059999465942383,18.899999618530273,18.76885414123535
06-08-2020,18.760000228881836,19.0,266200,19.90999984741211,19.81999969482422,19.682470321655273
07-08-2020,18.5,19.5,323400,19.84000015258789,19.799999237060547,19.662609100341797
10-08-2020,19.93000030517578,19.93000030517578,261200,21.75,21.540000915527344,21.390535354614258
11-08-2020,20.260000228881836,21.75,244000,22.389999389648438,20.43000030517578,20.288238525390625
12-08-2020,20.1200008392334,20.899999618530273,133300,21.049999237060547,20.34000015258789,20.198862075805664
13-08-2020,20.110000610351562,20.309999465942383,92600,20.68000030517578,20.200000762939453,20.059833526611328
14-08-2020,20.030000686645508,20.030000686645508,75600,20.739999771118164,20.719999313354492,20.57622528076172
17-08-2020,20.190000534057617,20.739999771118164,81000,20.739999771118164,20.600000381469727,20.45705795288086
18-08-2020,20.440000534057617,20.59000015258789,176200,21.260000228881836,21.18000030517578,21.03303337097168
19-08-2020,20.8799991607666,21.100000381469727,185800,21.420000076293945,20.969999313354492,20.82448959350586
20-08-2020,20.280000686645508,20.65999984741211,182500,20.93000030517578,20.5,20.357751846313477
21-08-2020,19.579999923706055,20.25,243400,20.43000030517578,19.809999465942383,19.67253875732422
24-08-2020,19.790000915527344,20.040000915527344,101000,21.030000686645508,20.8700008392334,20.72518539428711
25-08-2020,20.389999389648438,21.1299991607666,105300,21.1299991607666,20.959999084472656,20.814559936523438
26-08-2020,19.829999923706055,20.850000381469727,151600,20.850000381469727,19.93000030517578,19.79170799255371
27-08-2020,19.850000381469727,20.34000015258789,93700,20.489999771118164,20.280000686645508,20.139278411865234
28-08-2020,19.979999542236328,20.549999237060547,180700,20.760000228881836,20.31999969482422,20.179000854492188
31-08-2020,19.760000228881836,20.270000457763672,130500,20.350000381469727,20.040000915527344,19.900943756103516
01-09-2020,19.65999984741211,19.899999618530273,130100,20.15999984741211,19.780000686645508,19.64274787902832
02-09-2020,19.209999084472656,19.639999389648438,214300,19.81999969482422,19.25,19.116424560546875
03-09-2020,19.149999618530273,19.190000534057617,171300,19.68000030517578,19.329999923706055,19.19586944580078
04-09-2020,18.989999771118164,19.6299991607666,104500,19.829999923706055,19.25,19.116424560546875
08-09-2020,17.950000762939453,19.010000228881836,229300,19.010000228881836,18.350000381469727,18.222671508789062
09-09-2020,18.559999465942383,18.610000610351562,183000,19.420000076293945,19.059999465942383,18.927743911743164
10-09-2020,17.790000915527344,19.260000228881836,576500,19.260000228881836,18.06999969482422,17.944612503051758
11-09-2020,17.979999542236328,18.139999389648438,232500,18.520000457763672,18.479999542236328,18.351768493652344
14-09-2020,18.139999389648438,18.399999618530273,227700,19.139999389648438,19.1299991607666,18.997257232666016
15-09-2020,19.0,19.209999084472656,238200,19.770000457763672,19.309999465942383,19.176008224487305
16-09-2020,19.3799991607666,19.6299991607666,243600,20.899999618530273,20.389999389648438,20.24851417541504
17-09-2020,19.8700008392334,20.06999969482422,178900,20.739999771118164,20.350000381469727,20.20879364013672
18-09-2020,20.149999618530273,20.350000381469727,636600,20.959999084472656,20.329999923706055,20.18893051147461
21-09-2020,18.950000762939453,19.770000457763672,157100,20.020000457763672,19.459999084472656,19.324968338012695
22-09-2020,18.68000030517578,19.34000015258789,113300,19.610000610351562,18.719999313354492,18.590103149414062
23-09-2020,18.079999923706055,18.780000686645508,116500,19.09000015258789,18.09000015258789,17.964475631713867
24-09-2020,17.84000015258789,18.020000457763672,128000,18.81999969482422,18.18000030517578,18.053850173950195
25-09-2020,18.3700008392334,19.0,179400,19.209999084472656,18.8799991607666,18.748992919921875
28-09-2020,18.459999084472656,19.020000457763672,110600,19.81999969482422,19.600000381469727,19.46399688720703
29-09-2020,18.8700008392334,19.420000076293945,105500,19.709999084472656,19.56999969482422,19.4342041015625
30-09-2020,18.760000228881836,19.579999923706055,158000,19.709999084472656,18.799999237060547,18.66954803466797
01-10-2020,17.459999084472656,18.559999465942383,232200,18.59000015258789,18.260000228881836,18.1332950592041
02-10-2020,17.700000762939453,17.709999084472656,145000,18.81999969482422,18.6200008392334,18.49079704284668
05-10-2020,18.8799991607666,19.0,146900,19.75,19.670000076293945,19.533512115478516
06-10-2020,19.18000030517578,20.0,218100,20.450000762939453,19.18000030517578,19.046911239624023
07-10-2020,19.030000686645508,19.309999465942383,252700,20.06999969482422,19.690000534057617,19.553373336791992
08-10-2020,19.829999923706055,19.8799991607666,228400,20.770000457763672,20.649999618530273,20.506710052490234
09-10-2020,20.31999969482422,20.770000457763672,178700,20.770000457763672,20.5,20.357751846313477
12-10-2020,20.020000457763672,20.43000030517578,95400,20.639999389648438,20.510000228881836,20.36768341064453
13-10-2020,20.34000015258789,20.540000915527344,101100,20.989999771118164,20.510000228881836,20.36768341064453
14-10-2020,20.5,20.639999389648438,171500,21.420000076293945,20.530000686645508,20.387544631958008
15-10-2020,19.979999542236328,20.15999984741211,102000,21.049999237060547,20.920000076293945,20.774837493896484
16-10-2020,20.540000915527344,20.780000686645508,114600,21.1299991607666,20.639999389648438,20.496780395507812
19-10-2020,20.0,20.760000228881836,132500,20.940000534057617,20.020000457763672,19.88108253479004
20-10-2020,19.3799991607666,20.399999618530273,146700,20.399999618530273,19.959999084472656,19.82149887084961
21-10-2020,19.479999542236328,19.799999237060547,118100,20.31999969482422,19.540000915527344,19.4044132232666
22-10-2020,19.59000015258789,19.610000610351562,151800,20.469999313354492,20.270000457763672,20.129348754882812
23-10-2020,20.18000030517578,20.270000457763672,111800,20.920000076293945,20.239999771118164,20.09955596923828
26-10-2020,18.729999542236328,19.90999984741211,149200,20.1299991607666,19.520000457763672,19.384552001953125
27-10-2020,18.90999984741211,19.450000762939453,74600,19.450000762939453,19.190000534057617,19.056842803955078
28-10-2020,17.860000610351562,18.56999969482422,107800,18.850000381469727,17.8700008392334,17.746002197265625
29-10-2020,17.020000457763672,17.520000457763672,131900,18.09000015258789,18.030000686645508,17.904891967773438
30-10-2020,17.329999923706055,17.889999389648438,123400,17.889999389648438,17.709999084472656,17.58711051940918
02-11-2020,17.510000228881836,17.889999389648438,79800,18.350000381469727,18.139999389648438,18.014127731323242
03-11-2020,18.149999618530273,18.530000686645508,133300,18.770000457763672,18.170000076293945,18.043920516967773
04-11-2020,17.489999771118164,18.059999465942383,95000,18.100000381469727,17.610000610351562,17.48780632019043
05-11-2020,17.329999923706055,17.530000686645508,138500,18.09000015258789,17.389999389648438,17.269330978393555
06-11-2020,15.880000114440918,17.350000381469727,262700,18.030000686645508,16.079999923706055,15.968421936035156
09-11-2020,17.920000076293945,17.950000762939453,381000,20.489999771118164,19.709999084472656,19.573232650756836
10-11-2020,20.06999969482422,20.3700008392334,283200,21.690000534057617,21.670000076293945,21.519634246826172
11-11-2020,21.260000228881836,21.90999984741211,166700,22.049999237060547,21.729999542236328,21.57921600341797
12-11-2020,20.209999084472656,21.68000030517578,283100,21.780000686645508,20.520000457763672,20.377613067626953
13-11-2020,20.68000030517578,20.68000030517578,136800,22.40999984741211,22.190000534057617,22.036026000976562
16-11-2020,23.219999313354492,23.420000076293945,191400,24.219999313354492,24.18000030517578,24.012216567993164
17-11-2020,23.649999618530273,23.979999542236328,383500,25.229999542236328,24.950000762939453,24.776874542236328
18-11-2020,24.239999771118164,25.18000030517578,207900,25.799999237060547,24.280000686645508,24.111522674560547
19-11-2020,22.979999542236328,24.010000228881836,167600,24.270000457763672,24.0,23.833465576171875
20-11-2020,23.56999969482422,23.709999084472656,99500,24.25,23.860000610351562,23.69443702697754
23-11-2020,24.1200008392334,24.31999969482422,165400,25.040000915527344,24.760000228881836,24.588191986083984
24-11-2020,23.790000915527344,25.549999237060547,300200,25.68000030517578,24.3700008392334,24.200899124145508
25-11-2020,23.739999771118164,24.049999237060547,133700,25.170000076293945,25.0,24.826526641845703
27-11-2020,23.950000762939453,24.889999389648438,45100,24.889999389648438,24.209999084472656,24.042007446289062
30-11-2020,22.010000228881836,23.850000381469727,195600,24.260000228881836,22.06999969482422,21.91685676574707
01-12-2020,21.68000030517578,22.75,154400,22.8799991607666,22.139999389648438,21.986371994018555
02-12-2020,21.899999618530273,22.1299991607666,128800,23.299999237060547,22.299999237060547,22.145261764526367
03-12-2020,21.700000762939453,22.450000762939453,140300,23.290000915527344,22.8799991607666,22.721237182617188
04-12-2020,23.469999313354492,23.469999313354492,188100,24.920000076293945,24.889999389648438,24.717288970947266
07-12-2020,23.399999618530273,24.65999984741211,174200,24.65999984741211,23.5,23.33693504333496
08-12-2020,23.3799991607666,23.399999618530273,198700,24.5,24.100000381469727,23.932771682739258
09-12-2020,23.049999237060547,24.420000076293945,248900,24.559999465942383,23.559999465942383,23.39651870727539
10-12-2020,23.469999313354492,23.469999313354492,531300,24.90999984741211,24.399999618530273,24.230690002441406
11-12-2020,23.239999771118164,24.100000381469727,185100,24.520000457763672,23.350000381469727,23.187976837158203
14-12-2020,21.31999969482422,23.889999389648438,287100,23.889999389648438,21.809999465942383,21.658660888671875
15-12-2020,21.649999618530273,22.200000762939453,508300,22.280000686645508,22.25,22.09560775756836
16-12-2020,21.959999084472656,22.559999465942383,420000,22.700000762939453,22.1200008392334,21.966510772705078
17-12-2020,21.520000457763672,22.360000610351562,271900,22.56999969482422,21.68000030517578,21.529563903808594
18-12-2020,20.18000030517578,21.75,1184500,21.75,20.639999389648438,20.496780395507812
21-12-2020,18.90999984741211,19.59000015258789,909900,20.25,20.209999084472656,20.06976318359375
22-12-2020,19.489999771118164,20.170000076293945,368400,20.399999618530273,19.540000915527344,19.4044132232666
23-12-2020,19.329999923706055,19.739999771118164,812900,20.850000381469727,20.5,20.357751846313477
24-12-2020,19.780000686645508,20.5,118400,20.5,20.170000076293945,20.03004264831543
28-12-2020,19.34000015258789,20.209999084472656,301600,20.280000686645508,19.420000076293945,19.285245895385742
29-12-2020,19.110000610351562,19.59000015258789,186100,19.809999465942383,19.15999984741211,19.027050018310547
30-12-2020,19.079999923706055,19.200000762939453,360200,19.969999313354492,19.790000915527344,19.652679443359375
31-12-2020,19.030000686645508,19.709999084472656,181800,19.899999618530273,19.329999923706055,19.19586944580078
04-01-2021,19.389999389648438,19.690000534057617,519900,20.290000915527344,20.049999237060547,19.910873413085938
05-01-2021,20.290000915527344,20.389999389648438,583700,22.75,22.479999542236328,22.324012756347656
06-01-2021,22.729999542236328,22.799999237060547,330100,23.670000076293945,23.420000076293945,23.257490158081055
07-01-2021,23.700000762939453,23.889999389648438,314500,24.81999969482422,24.399999618530273,24.230690002441406
08-01-2021,23.290000915527344,24.719999313354492,162200,24.719999313354492,23.6200008392334,23.45610237121582
11-01-2021,22.709999084472656,22.729999542236328,207000,23.649999618530273,23.579999923706055,23.416379928588867
12-01-2021,24.030000686645508,24.030000686645508,163400,25.25,24.899999618530273,24.72722053527832
13-01-2021,23.329999923706055,24.899999618530273,134600,24.899999618530273,23.43000030517578,23.26742172241211
14-01-2021,22.770000457763672,23.43000030517578,279700,23.969999313354492,22.860000610351562,22.70137596130371
15-01-2021,21.31999969482422,22.3799991607666,262200,22.850000381469727,22.350000381469727,22.194915771484375
19-01-2021,22.190000534057617,22.860000610351562,347900,23.100000381469727,22.280000686645508,22.12540054321289
20-01-2021,22.260000228881836,22.510000228881836,297800,23.389999389648438,23.270000457763672,23.108531951904297
21-01-2021,22.18000030517578,23.270000457763672,148200,23.31999969482422,22.360000610351562,22.204845428466797
22-01-2021,21.260000228881836,21.56999969482422,258500,22.15999984741211,22.06999969482422,21.91685676574707
25-01-2021,20.90999984741211,21.829999923706055,292400,22.1299991607666,21.3799991607666,21.231645584106445
26-01-2021,20.110000610351562,21.739999771118164,490900,22.1200008392334,20.25,20.109485626220703
27-01-2021,19.56999969482422,19.709999084472656,461900,21.200000762939453,20.06999969482422,19.930734634399414
28-01-2021,20.0,20.719999313354492,430200,21.010000228881836,21.0,20.85428237915039
29-01-2021,20.31999969482422,20.850000381469727,242900,21.3799991607666,20.65999984741211,20.51664161682129
01-02-2021,20.860000610351562,20.989999771118164,391300,21.719999313354492,21.389999389648438,21.241575241088867
02-02-2021,21.549999237060547,21.989999771118164,242200,22.31999969482422,22.200000762939453,22.045955657958984
03-02-2021,22.110000610351562,22.110000610351562,334600,23.459999084472656,23.350000381469727,23.187976837158203
04-02-2021,22.899999618530273,23.5,232000,23.690000534057617,23.260000228881836,23.098600387573242
05-02-2021,22.889999389648438,23.770000457763672,213400,23.770000457763672,23.639999389648438,23.475963592529297
08-02-2021,23.739999771118164,23.950000762939453,196800,25.260000228881836,25.1200008392334,24.945693969726562
09-02-2021,24.6200008392334,24.940000534057617,161200,25.469999313354492,25.209999084472656,25.03506851196289
10-02-2021,24.3700008392334,25.399999618530273,241100,25.84000015258789,25.829999923706055,25.650766372680664
11-02-2021,24.479999542236328,26.030000686645508,213500,26.290000915527344,25.25,25.074790954589844
12-02-2021,25.049999237060547,25.049999237060547,134300,26.110000610351562,26.079999923706055,25.899032592773438
16-02-2021,26.510000228881836,26.729999542236328,242700,27.510000228881836,26.940000534057617,26.75306510925293
17-02-2021,26.149999618530273,27.229999542236328,158300,27.3700008392334,27.010000228881836,26.822580337524414
18-02-2021,26.600000381469727,28.8799991607666,497400,29.65999984741211,26.68000030517578,26.494869232177734
19-02-2021,26.549999237060547,27.010000228881836,283000,27.450000762939453,27.059999465942383,26.87223243713379
22-02-2021,27.239999771118164,27.31999969482422,331000,30.329999923706055,29.190000534057617,28.98745346069336
23-02-2021,27.8799991607666,29.450000762939453,266100,29.610000610351562,28.540000915527344,28.341962814331055
24-02-2021,28.540000915527344,29.040000915527344,336700,30.889999389648438,30.700000762939453,30.486974716186523
25-02-2021,31.059999465942383,31.059999465942383,457100,32.31999969482422,31.809999465942383,31.589271545410156
26-02-2021,30.440000534057617,31.389999389648438,406000,32.130001068115234,31.93000030517578,31.70844078063965
01-03-2021,31.40999984741211,32.720001220703125,395600,32.720001220703125,32.2599983215332,32.03614807128906
02-03-2021,32.029998779296875,32.349998474121094,290400,33.16999816894531,32.5,32.27448272705078
03-03-2021,33.0,33.0,345600,35.4900016784668,34.5,34.26060485839844
04-03-2021,34.5099983215332,34.7599983215332,510400,36.849998474121094,36.029998779296875,35.77998733520508
05-03-2021,36.88999938964844,37.5,549100,39.58000183105469,39.5,39.225914001464844
08-03-2021,37.36000061035156,40.0,488200,40.790000915527344,38.5,38.23284912109375
09-03-2021,35.470001220703125,38.04999923706055,400700,38.31999969482422,35.470001220703125,35.223876953125
10-03-2021,34.849998474121094,35.470001220703125,323600,36.65999984741211,35.63999938964844,35.392696380615234
11-03-2021,35.20000076293945,35.7400016784668,322700,37.04999923706055,36.47999954223633,36.22686767578125
12-03-2021,34.720001220703125,36.5099983215332,363400,36.84000015258789,34.88999938964844,34.64789962768555
15-03-2021,32.599998474121094,34.619998931884766,532700,34.75,33.650001525878906,33.416507720947266
16-03-2021,32.130001068115234,33.27000045776367,431500,33.7400016784668,33.54999923706055,33.31719970703125
17-03-2021,32.790000915527344,33.66999816894531,465700,34.5,33.189998626708984,32.959693908691406
18-03-2021,31.049999237060547,32.790000915527344,485300,33.88999938964844,31.329999923706055,31.11260223388672
19-03-2021,31.0,31.6200008392334,764400,32.869998931884766,32.38999938964844,32.16524887084961
22-03-2021,31.719999313354492,32.0099983215332,519200,33.209999084472656,32.65999984741211,32.433372497558594
23-03-2021,31.059999465942383,31.3700008392334,517800,33.70000076293945,31.100000381469727,30.884199142456055
24-03-2021,31.959999084472656,31.959999084472656,616500,34.369998931884766,33.939998626708984,33.704490661621094
25-03-2021,32.31999969482422,33.22999954223633,379500,34.7400016784668,34.540000915527344,34.300331115722656
26-03-2021,35.0099983215332,35.61000061035156,369400,36.54999923706055,36.38999938964844,36.13749313354492
29-03-2021,34.43000030517578,36.38999938964844,341500,36.86000061035156,34.43000030517578,34.19109344482422
30-03-2021,33.279998779296875,33.959999084472656,272400,35.40999984741211,34.70000076293945,34.45922088623047
31-03-2021,33.75,34.689998626708984,463800,36.18000030517578,35.72999954223633,35.48207092285156
01-04-2021,35.970001220703125,36.060001373291016,507300,38.56999969482422,38.25,37.98458480834961
05-04-2021,35.75,37.70000076293945,559800,37.959999084472656,37.0,36.74325942993164
06-04-2021,33.79999923706055,36.97999954223633,817600,37.75,34.130001068115234,33.8931770324707
07-04-2021,33.650001525878906,33.77000045776367,394000,35.68000030517578,34.790000915527344,34.5485954284668
08-04-2021,33.650001525878906,34.540000915527344,477200,35.22999954223633,34.91999816894531,34.67769241333008
09-04-2021,33.0099983215332,35.369998931884766,430000,35.41999816894531,33.25,33.01927947998047
12-04-2021,32.279998779296875,33.61000061035156,259700,34.16999816894531,32.63999938964844,32.41351318359375
13-04-2021,32.5099983215332,32.75,306400,33.31999969482422,32.939998626708984,32.711429595947266
14-04-2021,33.380001068115234,33.43000030517578,333400,35.029998779296875,33.869998931884766,33.63497543334961
15-04-2021,33.310001373291016,33.869998931884766,180400,34.189998626708984,33.59000015258789,33.3569221496582
16-04-2021,32.16999816894531,33.77000045776367,337900,33.77000045776367,32.31999969482422,32.095733642578125
19-04-2021,31.899999618530273,32.36000061035156,386100,33.34000015258789,32.25,32.02621841430664
20-04-2021,29.6200008392334,31.8799991607666,336300,31.8799991607666,29.940000534057617,29.732248306274414
21-04-2021,30.139999389648438,30.90999984741211,447600,31.399999618530273,30.420000076293945,30.20891761779785
22-04-2021,29.690000534057617,30.40999984741211,353900,30.56999969482422,29.969999313354492,29.762039184570312
23-04-2021,29.700000762939453,30.100000381469727,260300,30.979999542236328,30.510000228881836,30.298294067382812
26-04-2021,30.489999771118164,30.59000015258789,373800,31.579999923706055,31.280000686645508,31.062950134277344
27-04-2021,31.440000534057617,31.440000534057617,500600,32.7599983215332,32.47999954223633,32.25462341308594
28-04-2021,32.65999984741211,32.65999984741211,401500,34.099998474121094,33.75,33.515811920166016
29-04-2021,33.310001373291016,34.59000015258789,302800,34.880001068115234,34.130001068115234,33.8931770324707
30-04-2021,32.900001525878906,33.189998626708984,340500,34.2599983215332,33.09000015258789,32.860389709472656
03-05-2021,33.189998626708984,33.68000030517578,617300,34.529998779296875,33.779998779296875,33.54560089111328
04-05-2021,33.599998474121094,33.7599983215332,802600,36.4900016784668,36.439998626708984,36.1871452331543
05-05-2021,35.86000061035156,36.68000030517578,749300,39.34000015258789,38.849998474121094,38.580421447753906
06-05-2021,37.310001373291016,38.77000045776367,380100,39.099998474121094,37.939998626708984,37.676734924316406
07-05-2021,36.369998931884766,37.02000045776367,535500,37.869998931884766,37.439998626708984,37.180206298828125
10-05-2021,38.5,38.68000030517578,768100,40.529998779296875,40.0,39.722442626953125
11-05-2021,37.56999969482422,38.88999938964844,490200,39.97999954223633,39.91999816894531,39.64299774169922
12-05-2021,39.209999084472656,40.470001220703125,576600,41.470001220703125,39.56999969482422,39.29542541503906
13-05-2021,38.36000061035156,39.0,486800,40.0,39.349998474121094,39.07695007324219
14-05-2021,39.7599983215332,40.380001068115234,645100,41.70000076293945,40.880001068115234,40.596336364746094
17-05-2021,40.5099983215332,40.849998474121094,454500,42.439998626708984,42.310001373291016,42.016414642333984
18-05-2021,42.06999969482422,42.29999923706055,490300,43.56999969482422,42.459999084472656,42.16537094116211
19-05-2021,40.52000045776367,41.40999984741211,443500,43.400001525878906,43.119998931884766,42.82079315185547
20-05-2021,41.63999938964844,43.15999984741211,272600,43.27000045776367,42.84000015258789,42.5427360534668
21-05-2021,42.529998779296875,43.560001373291016,291400,43.77000045776367,42.56999969482422,42.27460861206055
24-05-2021,41.75,42.959999084472656,320700,43.150001525878906,42.9900016784668,42.69169616699219
25-05-2021,42.0,42.72999954223633,225000,43.33000183105469,42.11000061035156,41.81780242919922
26-05-2021,41.91999816894531,42.25,485900,43.75,43.599998474121094,43.297462463378906
27-05-2021,43.189998626708984,43.7599983215332,402000,44.11000061035156,43.29999923706055,42.999542236328125
28-05-2021,42.720001220703125,43.47999954223633,289200,43.599998474121094,42.959999084472656,42.661903381347656
01-06-2021,43.40999984741211,44.16999816894531,1034200,45.70000076293945,45.06999969482422,44.75726318359375
02-06-2021,44.91999816894531,45.65999984741211,591000,45.88999938964844,45.470001220703125,45.15448760986328
03-06-2021,44.970001220703125,45.41999816894531,267700,45.880001068115234,45.75,45.43254470825195
04-06-2021,45.5099983215332,46.31999969482422,433300,47.45000076293945,47.220001220703125,46.8923454284668
07-06-2021,47.34000015258789,47.599998474121094,529200,48.209999084472656,47.349998474121094,47.02143859863281
08-06-2021,45.869998931884766,47.06999969482422,476000,47.619998931884766,47.5,47.17040252685547
09-06-2021,47.0,47.939998626708984,421600,48.310001373291016,47.540000915527344,47.21012496948242
10-06-2021,47.400001525878906,48.369998931884766,338000,48.56999969482422,48.36000061035156,48.02443313598633
11-06-2021,48.54999923706055,49.06999969482422,488800,50.459999084472656,50.439998626708984,50.09000015258789
14-06-2021,47.79999923706055,50.369998931884766,755700,50.97999954223633,47.90999984741211,47.90999984741211
15-06-2021,47.93000030517578,48.209999084472656,491800,50.18000030517578,49.77000045776367,49.77000045776367
16-06-2021,48.150001525878906,49.4900016784668,523000,49.88999938964844,48.959999084472656,48.959999084472656
17-06-2021,45.33000183105469,48.84000015258789,590400,49.400001525878906,47.22999954223633,47.22999954223633
18-06-2021,45.81999969482422,46.2400016784668,1086100,48.02000045776367,46.95000076293945,46.95000076293945
21-06-2021,47.16999816894531,47.47999954223633,515400,48.5,48.470001220703125,48.470001220703125
22-06-2021,47.349998474121094,48.150001525878906,533600,48.68000030517578,48.4900016784668,48.4900016784668
23-06-2021,47.720001220703125,48.81999969482422,529300,49.56999969482422,47.939998626708984,47.939998626708984
24-06-2021,47.22999954223633,47.9900016784668,438700,48.970001220703125,48.959999084472656,48.959999084472656
25-06-2021,48.33000183105469,49.349998474121094,2352900,49.75,49.04999923706055,49.04999923706055
28-06-2021,45.720001220703125,48.58000183105469,524300,48.58000183105469,46.189998626708984,46.189998626708984
29-06-2021,46.349998474121094,46.63999938964844,342800,47.2400016784668,46.619998931884766,46.619998931884766
30-06-2021,46.380001068115234,46.619998931884766,441000,47.720001220703125,47.06999969482422,47.06999969482422
01-07-2021,48.0,48.0,411300,49.959999084472656,49.56999969482422,49.56999969482422
02-07-2021,48.869998931884766,49.16999816894531,467200,50.119998931884766,49.56999969482422,49.56999969482422
06-07-2021,46.72999954223633,49.40999984741211,434000,49.40999984741211,47.5099983215332,47.5099983215332
07-07-2021,45.88999938964844,47.61000061035156,409100,48.099998474121094,46.349998474121094,46.349998474121094
08-07-2021,45.22999954223633,45.52000045776367,349600,47.220001220703125,46.31999969482422,46.31999969482422
09-07-2021,46.16999816894531,46.849998474121094,357200,47.040000915527344,46.65999984741211,46.65999984741211
12-07-2021,45.2599983215332,46.16999816894531,333900,47.380001068115234,46.56999969482422,46.56999969482422
13-07-2021,45.43000030517578,46.540000915527344,376000,46.540000915527344,45.52000045776367,45.52000045776367
14-07-2021,42.95000076293945,45.709999084472656,472700,45.91999816894531,43.15999984741211,43.15999984741211
15-07-2021,40.52000045776367,42.5099983215332,788300,43.45000076293945,41.279998779296875,41.279998779296875
16-07-2021,39.540000915527344,41.81999969482422,505600,42.040000915527344,39.709999084472656,39.709999084472656
19-07-2021,36.779998779296875,38.27000045776367,822700,39.22999954223633,37.529998779296875,37.529998779296875
20-07-2021,37.0099983215332,37.70000076293945,533300,38.779998779296875,38.220001220703125,38.220001220703125
21-07-2021,38.79999923706055,39.279998779296875,379200,39.88999938964844,39.060001373291016,39.060001373291016
22-07-2021,37.34000015258789,38.97999954223633,395100,38.97999954223633,37.810001373291016,37.810001373291016
23-07-2021,36.75,38.0,263900,38.0,37.220001220703125,37.220001220703125
26-07-2021,37.27000045776367,37.27000045776367,481900,39.66999816894531,39.45000076293945,39.45000076293945
27-07-2021,37.189998626708984,39.0099983215332,403400,39.349998474121094,37.79999923706055,37.79999923706055
28-07-2021,37.810001373291016,38.040000915527344,416000,39.20000076293945,38.72999954223633,38.72999954223633
29-07-2021,38.31999969482422,39.31999969482422,411400,39.68000030517578,39.15999984741211,39.15999984741211
30-07-2021,37.75,38.88999938964844,433400,38.93000030517578,38.470001220703125,38.470001220703125
02-08-2021,37.349998474121094,38.59000015258789,416300,39.95000076293945,37.63999938964844,37.63999938964844
03-08-2021,36.77000045776367,37.29999923706055,356700,38.52000045776367,38.0099983215332,38.0099983215332
04-08-2021,35.869998931884766,37.08000183105469,603200,37.65999984741211,36.290000915527344,36.290000915527344
05-08-2021,36.63999938964844,36.63999938964844,343700,38.0,37.04999923706055,37.04999923706055
06-08-2021,37.16999816894531,37.7599983215332,276700,38.2400016784668,37.79999923706055,37.79999923706055
09-08-2021,36.380001068115234,36.97999954223633,462200,37.83000183105469,37.29999923706055,37.29999923706055
10-08-2021,35.380001068115234,36.369998931884766,810900,39.189998626708984,38.79999923706055,38.79999923706055
11-08-2021,36.400001525878906,38.209999084472656,721700,38.52000045776367,37.47999954223633,37.47999954223633
12-08-2021,36.939998626708984,37.34000015258789,362000,38.22999954223633,38.040000915527344,38.040000915527344
13-08-2021,36.43000030517578,37.93000030517578,556300,37.93000030517578,36.470001220703125,36.470001220703125
16-08-2021,34.720001220703125,35.849998474121094,617400,35.97999954223633,34.880001068115234,34.880001068115234
17-08-2021,34.54999923706055,34.58000183105469,425700,35.529998779296875,34.75,34.75
18-08-2021,32.939998626708984,34.5,472100,35.43000030517578,33.040000915527344,33.040000915527344
19-08-2021,31.739999771118164,32.20000076293945,553100,32.75,32.54999923706055,32.54999923706055
20-08-2021,31.959999084472656,32.119998931884766,453000,32.81999969482422,32.790000915527344,32.790000915527344
23-08-2021,33.810001373291016,34.08000183105469,428900,35.630001068115234,35.560001373291016,35.560001373291016
24-08-2021,35.959999084472656,36.209999084472656,458400,36.939998626708984,36.779998779296875,36.779998779296875
25-08-2021,36.47999954223633,36.939998626708984,401600,37.95000076293945,37.439998626708984,37.439998626708984
26-08-2021,36.45000076293945,36.970001220703125,390700,37.66999816894531,37.220001220703125,37.220001220703125
27-08-2021,37.9900016784668,37.9900016784668,489100,40.04999923706055,39.939998626708984,39.939998626708984
30-08-2021,38.36000061035156,40.31999969482422,413800,40.33000183105469,38.41999816894531,38.41999816894531
31-08-2021,37.619998931884766,38.0,453200,39.209999084472656,38.880001068115234,38.880001068115234
01-09-2021,38.119998931884766,38.630001068115234,409100,39.59000015258789,39.400001525878906,39.400001525878906
02-09-2021,40.119998931884766,40.119998931884766,398200,41.7599983215332,40.849998474121094,40.849998474121094
03-09-2021,40.52000045776367,40.900001525878906,308600,41.52000045776367,41.29999923706055,41.29999923706055
07-09-2021,40.9900016784668,41.0,755600,42.31999969482422,41.560001373291016,41.560001373291016
08-09-2021,41.97999954223633,42.209999084472656,898100,43.279998779296875,42.75,42.75
09-09-2021,42.40999984741211,42.75,943000,44.2599983215332,43.79999923706055,43.79999923706055
10-09-2021,43.58000183105469,44.459999084472656,505100,44.75,43.869998931884766,43.869998931884766
13-09-2021,43.81999969482422,44.849998474121094,607900,45.70000076293945,44.15999984741211,44.15999984741211
14-09-2021,42.689998626708984,44.310001373291016,609900,44.459999084472656,43.130001068115234,43.130001068115234
15-09-2021,44.22999954223633,44.349998474121094,921600,46.470001220703125,44.7400016784668,44.7400016784668
16-09-2021,43.790000915527344,44.459999084472656,390100,45.11000061035156,43.79999923706055,43.79999923706055
17-09-2021,42.88999938964844,43.970001220703125,3685600,44.54999923706055,43.52000045776367,43.52000045776367
20-09-2021,41.369998931884766,42.0,576600,43.369998931884766,43.36000061035156,43.36000061035156
21-09-2021,41.72999954223633,43.7599983215332,595000,44.2599983215332,43.849998474121094,43.849998474121094
22-09-2021,44.58000183105469,45.0,647100,45.84000015258789,44.95000076293945,44.95000076293945
23-09-2021,44.66999816894531,45.0,653400,46.060001373291016,45.470001220703125,45.470001220703125
24-09-2021,45.189998626708984,45.70000076293945,364400,46.5,45.93000030517578,45.93000030517578
27-09-2021,46.59000015258789,47.34000015258789,842500,47.86000061035156,47.43000030517578,47.43000030517578
28-09-2021,46.81999969482422,48.0,670300,48.29999923706055,46.95000076293945,46.95000076293945
29-09-2021,44.869998931884766,46.38999938964844,680400,47.93000030517578,47.81999969482422,47.81999969482422
30-09-2021,46.84000015258789,47.709999084472656,699600,49.06999969482422,47.900001525878906,47.900001525878906
01-10-2021,47.900001525878906,48.06999969482422,710200,49.529998779296875,49.040000915527344,49.040000915527344
04-10-2021,49.209999084472656,49.79999923706055,943800,51.02000045776367,49.79999923706055,49.79999923706055
05-10-2021,48.279998779296875,50.369998931884766,866400,51.619998931884766,49.310001373291016,49.310001373291016
06-10-2021,46.599998474121094,47.84000015258789,676300,48.58000183105469,47.5099983215332,47.5099983215332
07-10-2021,47.56999969482422,48.189998626708984,710200,50.29999923706055,50.15999984741211,50.15999984741211
08-10-2021,50.20000076293945,51.119998931884766,667100,52.099998474121094,50.650001525878906,50.650001525878906
11-10-2021,50.04999923706055,51.77000045776367,704900,51.939998626708984,50.09000015258789,50.09000015258789
12-10-2021,49.61000061035156,50.150001525878906,794300,52.25,51.040000915527344,51.040000915527344
13-10-2021,49.34000015258789,50.040000915527344,488900,50.900001525878906,50.84000015258789,50.84000015258789
14-10-2021,50.91999816894531,51.59000015258789,382700,51.9900016784668,51.849998474121094,51.849998474121094
15-10-2021,52.58000183105469,53.0,617500,53.86000061035156,53.56999969482422,53.56999969482422
18-10-2021,53.849998474121094,54.15999984741211,100916,55.0,54.60499954223633,54.60499954223633
