,Date,Low,Open,Volume,High,Close,Adjusted Close,SYMBOL
0,16-02-1990,0.07378499954938889,0.0,940636800,0.07986100018024445,0.07725699990987778,0.05696684122085571,CSCO
1,20-02-1990,0.07465299963951111,0.0,151862400,0.07986100018024445,0.07986100018024445,0.05888691172003746,CSCO
2,21-02-1990,0.07552099972963333,0.0,70531200,0.07899300009012222,0.078125,0.057606857270002365,CSCO
3,22-02-1990,0.07899300009012222,0.0,45216000,0.08159700036048889,0.07899300009012222,0.05824688822031021,CSCO
4,23-02-1990,0.078125,0.0,44697600,0.07986100018024445,0.07855899631977081,0.05792686715722084,CSCO
5,26-02-1990,0.07638899981975555,0.0,26928000,0.07986100018024445,0.07638899981975555,0.056326773017644875,CSCO
6,27-02-1990,0.07638899981975555,0.0,25574400,0.07942699640989304,0.078125,0.057606857270002365,CSCO
7,28-02-1990,0.078125,0.0,67968000,0.08246500045061111,0.08072900027036667,0.0595269724726677,CSCO
8,01-03-1990,0.07986100018024445,0.0,28425600,0.08159700036048889,0.07986100018024445,0.05888691172003746,CSCO
9,02-03-1990,0.07986100018024445,0.0,8438400,0.08159700036048889,0.08072900027036667,0.0595269724726677,CSCO
10,05-03-1990,0.07986100018024445,0.0,2419200,0.08159700036048889,0.07986100018024445,0.05888691172003746,CSCO
11,06-03-1990,0.07899300009012222,0.0,23904000,0.08159700036048889,0.07986100018024445,0.05888691172003746,CSCO
12,07-03-1990,0.07725699990987778,0.0,18172800,0.07986100018024445,0.078125,0.057606857270002365,CSCO
13,08-03-1990,0.07725699990987778,0.0,33523200,0.07899300009012222,0.07725699990987778,0.05696684122085571,CSCO
14,09-03-1990,0.07725699990987778,0.0,11145600,0.078125,0.07725699990987778,0.05696684122085571,CSCO
15,12-03-1990,0.07725699990987778,0.0,20304000,0.07986100018024445,0.07899300009012222,0.05824688822031021,CSCO
16,13-03-1990,0.07899300009012222,0.0,53020800,0.08333300054073334,0.08159700036048889,0.06016698479652405,CSCO
17,14-03-1990,0.08159700036048889,0.0,87350400,0.09114599972963333,0.09027799963951112,0.06656809896230698,CSCO
18,15-03-1990,0.08506900072097777,0.0,38620800,0.09027799963951112,0.0859379991889,0.06336794048547745,CSCO
19,16-03-1990,0.0859379991889,0.0,19929600,0.08767399936914444,0.08767399936914444,0.06464796513319017,CSCO
20,19-03-1990,0.08506900072097777,0.0,43027200,0.09114599972963333,0.09027799963951112,0.06656809896230698,CSCO
21,20-03-1990,0.08246500045061111,0.0,43228800,0.09114599972963333,0.08246500045061111,0.060807041823863976,CSCO
22,21-03-1990,0.08246500045061111,0.0,19900800,0.08506900072097777,0.08333300054073334,0.06144704669713974,CSCO
23,22-03-1990,0.07725699990987778,0.0,43776000,0.08506900072097777,0.078125,0.057606857270002365,CSCO
24,23-03-1990,0.078125,0.0,16905600,0.08246500045061111,0.08072900027036667,0.0595269724726677,CSCO
25,26-03-1990,0.08159700036048889,0.08246500045061111,41702400,0.08420100063085556,0.08420100063085556,0.062087088823318475,CSCO
26,27-03-1990,0.08246500045061111,0.08333300054073334,15926400,0.0859379991889,0.0859379991889,0.06336794048547745,CSCO
27,28-03-1990,0.08506900072097777,0.0859379991889,9792000,0.0859379991889,0.08506900072097777,0.06272713840007782,CSCO
28,29-03-1990,0.08333300054073334,0.08506900072097777,16272000,0.08506900072097777,0.08506900072097777,0.06272713840007782,CSCO
29,30-03-1990,0.07986100018024445,0.08333300054073334,28742400,0.08333300054073334,0.08159700036048889,0.06016698479652405,CSCO
30,02-04-1990,0.07725699990987778,0.07899300009012222,15868800,0.08072900027036667,0.07986100018024445,0.05888691172003746,CSCO
31,03-04-1990,0.07899300009012222,0.07899300009012222,8352000,0.08159700036048889,0.08072900027036667,0.0595269724726677,CSCO
32,04-04-1990,0.08072900027036667,0.08072900027036667,14284800,0.08159700036048889,0.08072900027036667,0.0595269724726677,CSCO
33,05-04-1990,0.07986100018024445,0.08159700036048889,8323200,0.08159700036048889,0.08029499650001526,0.05920694023370743,CSCO
34,06-04-1990,0.07899300009012222,0.07986100018024445,10771200,0.08072900027036667,0.07899300009012222,0.05824688822031021,CSCO
35,09-04-1990,0.078125,0.07986100018024445,6681600,0.07986100018024445,0.078125,0.057606857270002365,CSCO
36,10-04-1990,0.07465299963951111,0.078125,34790400,0.07986100018024445,0.07638899981975555,0.056326773017644875,CSCO
37,11-04-1990,0.07552099972963333,0.07638899981975555,24796800,0.07725699990987778,0.07638899981975555,0.056326773017644875,CSCO
38,12-04-1990,0.07552099972963333,0.07725699990987778,13161600,0.07725699990987778,0.07725699990987778,0.05696684122085571,CSCO
39,16-04-1990,0.07638899981975555,0.07725699990987778,5616000,0.078125,0.07725699990987778,0.05696684122085571,CSCO
40,17-04-1990,0.07552099972963333,0.07638899981975555,6566400,0.078125,0.078125,0.057606857270002365,CSCO
41,18-04-1990,0.07725699990987778,0.078125,24480000,0.07986100018024445,0.07899300009012222,0.05824688822031021,CSCO
42,19-04-1990,0.078125,0.078125,25142400,0.07986100018024445,0.07986100018024445,0.05888691172003746,CSCO
43,20-04-1990,0.07725699990987778,0.07986100018024445,8755200,0.07986100018024445,0.07725699990987778,0.05696684122085571,CSCO
44,23-04-1990,0.07638899981975555,0.07725699990987778,5356800,0.07899300009012222,0.078125,0.057606857270002365,CSCO
45,24-04-1990,0.07899300009012222,0.07986100018024445,10281600,0.07986100018024445,0.07942699640989304,0.05856691300868987,CSCO
46,25-04-1990,0.07986100018024445,0.07986100018024445,6768000,0.08072900027036667,0.07986100018024445,0.05888691172003746,CSCO
47,26-04-1990,0.07986100018024445,0.07986100018024445,10713600,0.08159700036048889,0.07986100018024445,0.05888691172003746,CSCO
48,27-04-1990,0.07899300009012222,0.07986100018024445,4204800,0.08072900027036667,0.07899300009012222,0.05824688822031021,CSCO
49,30-04-1990,0.07986100018024445,0.08072900027036667,34329600,0.08420100063085556,0.08246500045061111,0.060807041823863976,CSCO
50,01-05-1990,0.08246500045061111,0.08420100063085556,28771200,0.08420100063085556,0.08376699686050415,0.0617670863866806,CSCO
51,02-05-1990,0.08246500045061111,0.08333300054073334,3139200,0.08420100063085556,0.08246500045061111,0.060807041823863976,CSCO
52,03-05-1990,0.08333300054073334,0.08420100063085556,7228800,0.08506900072097777,0.08506900072097777,0.06272713840007782,CSCO
53,04-05-1990,0.08420100063085556,0.08420100063085556,5702400,0.0859379991889,0.0859379991889,0.06336794048547745,CSCO
54,07-05-1990,0.0859379991889,0.0859379991889,13536000,0.08854199945926666,0.08680599927902223,0.0640079453587532,CSCO
55,08-05-1990,0.0859379991889,0.08854199945926666,14486400,0.08854199945926666,0.08767399936914444,0.06464796513319017,CSCO
56,09-05-1990,0.08506900072097777,0.08767399936914444,9676800,0.08767399936914444,0.0859379991889,0.06336794048547745,CSCO
57,10-05-1990,0.08506900072097777,0.08680599927902223,2793600,0.08680599927902223,0.08506900072097777,0.06272713840007782,CSCO
58,11-05-1990,0.08506900072097777,0.08854199945926666,29923200,0.08940999954938889,0.0859379991889,0.06336794048547745,CSCO
59,14-05-1990,0.0859379991889,0.08767399936914444,15235200,0.08767399936914444,0.0859379991889,0.06336794048547745,CSCO
60,15-05-1990,0.0859379991889,0.08767399936914444,24134400,0.08767399936914444,0.0863720029592514,0.06368794292211533,CSCO
61,16-05-1990,0.08506900072097777,0.08767399936914444,18720000,0.08767399936914444,0.0859379991889,0.06336794048547745,CSCO
62,17-05-1990,0.0859379991889,0.08680599927902223,6595200,0.08680599927902223,0.08680599927902223,0.0640079453587532,CSCO
63,18-05-1990,0.08420100063085556,0.0859379991889,45417600,0.08680599927902223,0.08506900072097777,0.06272713840007782,CSCO
64,21-05-1990,0.08420100063085556,0.08420100063085556,4032000,0.08680599927902223,0.08506900072097777,0.06272713840007782,CSCO
65,22-05-1990,0.08506900072097777,0.08506900072097777,22982400,0.0859379991889,0.08506900072097777,0.06272713840007782,CSCO
66,23-05-1990,0.08420100063085556,0.08506900072097777,39715200,0.0859379991889,0.08420100063085556,0.062087088823318475,CSCO
67,24-05-1990,0.08420100063085556,0.0859379991889,8121600,0.0859379991889,0.0859379991889,0.06336794048547745,CSCO
68,25-05-1990,0.08246500045061111,0.08333300054073334,4003200,0.08506900072097777,0.08333300054073334,0.06144704669713974,CSCO
69,29-05-1990,0.08159700036048889,0.08333300054073334,20707200,0.08506900072097777,0.08246500045061111,0.060807041823863976,CSCO
70,30-05-1990,0.08072900027036667,0.08333300054073334,96278400,0.08333300054073334,0.08159700036048889,0.06016698479652405,CSCO
71,31-05-1990,0.08072900027036667,0.08072900027036667,102988800,0.08680599927902223,0.0859379991889,0.06336794048547745,CSCO
72,01-06-1990,0.08506900072097777,0.0859379991889,103132800,0.08854199945926666,0.08680599927902223,0.0640079453587532,CSCO
73,04-06-1990,0.0859379991889,0.08767399936914444,48499200,0.08940999954938889,0.08940999954938889,0.06592805683612822,CSCO
74,05-06-1990,0.08854199945926666,0.08854199945926666,56131200,0.09375,0.09288199990987778,0.06848818063735962,CSCO
75,06-06-1990,0.09027799963951112,0.09288199990987778,23241600,0.09288199990987778,0.09201399981975557,0.06784812361001967,CSCO
76,07-06-1990,0.08854199945926666,0.09288199990987778,18144000,0.09288199990987778,0.08940999954938889,0.06592805683612822,CSCO
77,08-06-1990,0.08680599927902223,0.09027799963951112,6566400,0.09027799963951112,0.08767399936914444,0.06464796513319017,CSCO
78,11-06-1990,0.08506900072097777,0.08506900072097777,3686400,0.08767399936914444,0.08724000304937363,0.06432794034481049,CSCO
79,12-06-1990,0.08680599927902223,0.08767399936914444,133401600,0.09722200036048888,0.09548600018024443,0.07040828466415405,CSCO
80,13-06-1990,0.09635400027036667,0.09722200036048888,52099200,0.09722200036048888,0.09635400027036667,0.07104833424091339,CSCO
81,14-06-1990,0.09548600018024443,0.09722200036048888,54374400,0.09809000045061113,0.09722200036048888,0.07168837636709212,CSCO
82,15-06-1990,0.09548600018024443,0.09548600018024443,6537600,0.09722200036048888,0.09548600018024443,0.07040828466415405,CSCO
83,18-06-1990,0.09201399981975557,0.09722200036048888,11923200,0.09722200036048888,0.09375,0.06912823021411896,CSCO
84,19-06-1990,0.09027799963951112,0.09027799963951112,20851200,0.09288199990987778,0.09288199990987778,0.06848818063735962,CSCO
85,20-06-1990,0.09201399981975557,0.09288199990987778,30124800,0.09461800009012222,0.09375,0.06912823021411896,CSCO
86,21-06-1990,0.09201399981975557,0.09288199990987778,9936000,0.09461800009012222,0.09461800009012222,0.06976824998855591,CSCO
87,22-06-1990,0.09288199990987778,0.09461800009012222,806400,0.09461800009012222,0.09461800009012222,0.06976824998855591,CSCO
88,25-06-1990,0.09288199990987778,0.09461800009012222,3600000,0.09461800009012222,0.0933160036802292,0.06880822032690047,CSCO
89,26-06-1990,0.09027799963951112,0.09288199990987778,4665600,0.09375,0.09201399981975557,0.06784812361001967,CSCO
90,27-06-1990,0.09027799963951112,0.09288199990987778,3801600,0.09288199990987778,0.09201399981975557,0.06784812361001967,CSCO
91,28-06-1990,0.08680599927902223,0.09027799963951112,153648000,0.09201399981975557,0.09114599972963333,0.06720809638500214,CSCO
92,29-06-1990,0.09027799963951112,0.09114599972963333,48268800,0.09201399981975557,0.09201399981975557,0.06784812361001967,CSCO
93,02-07-1990,0.09027799963951112,0.09201399981975557,38131200,0.09375,0.09288199990987778,0.06848818063735962,CSCO
94,03-07-1990,0.09201399981975557,0.09201399981975557,2851200,0.09375,0.09288199990987778,0.06848818063735962,CSCO
95,05-07-1990,0.09027799963951112,0.09201399981975557,6508800,0.09201399981975557,0.09158000349998474,0.0675281509757042,CSCO
96,06-07-1990,0.09027799963951112,0.09027799963951112,2476800,0.09158000349998474,0.09158000349998474,0.0675281509757042,CSCO
97,09-07-1990,0.09027799963951112,0.09158000349998474,14630400,0.09201399981975557,0.09114599972963333,0.06720809638500214,CSCO
98,10-07-1990,0.09114599972963333,0.09288199990987778,41529600,0.09375,0.09375,0.06912823021411896,CSCO
99,11-07-1990,0.09288199990987778,0.09375,32515200,0.09635400027036667,0.09548600018024443,0.07040828466415405,CSCO
100,12-07-1990,0.09548600018024443,0.09635400027036667,16617600,0.09982600063085556,0.09982600063085556,0.07360848784446716,CSCO
101,13-07-1990,0.09809000045061113,0.09809000045061113,46627200,0.10503499954938887,0.10503499954938887,0.07744940370321274,CSCO
102,16-07-1990,0.10069400072097777,0.10416699945926666,79977600,0.10503499954938887,0.10243099927902223,0.0755293145775795,CSCO
103,17-07-1990,0.09461800009012222,0.1015629991889,42019200,0.10243099927902223,0.09722200036048888,0.07168837636709212,CSCO
104,18-07-1990,0.09461800009012222,0.09461800009012222,23529600,0.09982600063085556,0.09895800054073334,0.07296843826770782,CSCO
105,19-07-1990,0.09722200036048888,0.09809000045061113,25804800,0.09982600063085556,0.09722200036048888,0.07168837636709212,CSCO
106,20-07-1990,0.09635400027036667,0.09809000045061113,60192000,0.09809000045061113,0.09722200036048888,0.07168837636709212,CSCO
107,23-07-1990,0.09114599972963333,0.09722200036048888,35913600,0.09722200036048888,0.09114599972963333,0.06720809638500214,CSCO
108,24-07-1990,0.08246500045061111,0.09201399981975557,51264000,0.09201399981975557,0.0859379991889,0.06336794048547745,CSCO
109,25-07-1990,0.08420100063085556,0.08420100063085556,43718400,0.08940999954938889,0.08854199945926666,0.0652880147099495,CSCO
110,26-07-1990,0.08854199945926666,0.08854199945926666,17740800,0.09114599972963333,0.09027799963951112,0.06656809896230698,CSCO
111,27-07-1990,0.08940999954938889,0.09114599972963333,8841600,0.09114599972963333,0.08940999954938889,0.06592805683612822,CSCO
112,30-07-1990,0.08767399936914444,0.08940999954938889,17856000,0.09027799963951112,0.09027799963951112,0.06656809896230698,CSCO
113,31-07-1990,0.08854199945926666,0.09027799963951112,9331200,0.09027799963951112,0.08854199945926666,0.0652880147099495,CSCO
114,01-08-1990,0.08680599927902223,0.08854199945926666,8409600,0.08854199945926666,0.08854199945926666,0.0652880147099495,CSCO
115,02-08-1990,0.08420100063085556,0.08767399936914444,6163200,0.08767399936914444,0.08680599927902223,0.0640079453587532,CSCO
116,03-08-1990,0.07986100018024445,0.0859379991889,54460800,0.0859379991889,0.08420100063085556,0.062087088823318475,CSCO
117,06-08-1990,0.07899300009012222,0.08420100063085556,62150400,0.08506900072097777,0.08333300054073334,0.06144704669713974,CSCO
118,07-08-1990,0.08333300054073334,0.08506900072097777,36115200,0.08680599927902223,0.08463499695062637,0.06240712106227875,CSCO
119,08-08-1990,0.08333300054073334,0.08506900072097777,21916800,0.0859379991889,0.08333300054073334,0.06144704669713974,CSCO
120,09-08-1990,0.08333300054073334,0.08420100063085556,50803200,0.08854199945926666,0.08767399936914444,0.06464796513319017,CSCO
121,10-08-1990,0.08246500045061111,0.08680599927902223,35193600,0.08854199945926666,0.08333300054073334,0.06144704669713974,CSCO
122,13-08-1990,0.07986100018024445,0.08159700036048889,12931200,0.08246500045061111,0.0820309966802597,0.060487009584903724,CSCO
123,14-08-1990,0.08072900027036667,0.08072900027036667,21945600,0.08246500045061111,0.08072900027036667,0.0595269724726677,CSCO
124,15-08-1990,0.08072900027036667,0.08246500045061111,35856000,0.08246500045061111,0.08246500045061111,0.060807041823863976,CSCO
125,16-08-1990,0.08072900027036667,0.08116299659013748,21744000,0.08246500045061111,0.08072900027036667,0.0595269724726677,CSCO
126,17-08-1990,0.07986100018024445,0.08159700036048889,88185600,0.0859379991889,0.0859379991889,0.06336794048547745,CSCO
127,20-08-1990,0.08506900072097777,0.0859379991889,45417600,0.08854199945926666,0.0859379991889,0.06336794048547745,CSCO
128,21-08-1990,0.08072900027036667,0.08420100063085556,36720000,0.08506900072097777,0.08159700036048889,0.06016698479652405,CSCO
129,22-08-1990,0.08333300054073334,0.08420100063085556,26409600,0.08506900072097777,0.08420100063085556,0.062087088823318475,CSCO
130,23-08-1990,0.07638899981975555,0.07986100018024445,56678400,0.08159700036048889,0.078125,0.057606857270002365,CSCO
131,24-08-1990,0.07899300009012222,0.07986100018024445,59011200,0.08333300054073334,0.08246500045061111,0.060807041823863976,CSCO
132,27-08-1990,0.08506900072097777,0.08506900072097777,36720000,0.08854199945926666,0.08767399936914444,0.06464796513319017,CSCO
133,28-08-1990,0.0859379991889,0.08680599927902223,19843200,0.08767399936914444,0.08680599927902223,0.0640079453587532,CSCO
134,29-08-1990,0.08333300054073334,0.0859379991889,49737600,0.08680599927902223,0.0859379991889,0.06336794048547745,CSCO
135,30-08-1990,0.08420100063085556,0.0859379991889,45590400,0.08724000304937363,0.0859379991889,0.06336794048547745,CSCO
136,31-08-1990,0.0859379991889,0.0859379991889,12182400,0.08767399936914444,0.0859379991889,0.06336794048547745,CSCO
137,04-09-1990,0.08506900072097777,0.0859379991889,26236800,0.08767399936914444,0.0859379991889,0.06336794048547745,CSCO
138,05-09-1990,0.0859379991889,0.08767399936914444,36720000,0.08767399936914444,0.08680599927902223,0.0640079453587532,CSCO
139,06-09-1990,0.08333300054073334,0.0859379991889,37209600,0.08680599927902223,0.08420100063085556,0.062087088823318475,CSCO
140,07-09-1990,0.08420100063085556,0.08506900072097777,16300800,0.08680599927902223,0.08680599927902223,0.0640079453587532,CSCO
141,10-09-1990,0.08506900072097777,0.08680599927902223,40204800,0.08767399936914444,0.0859379991889,0.06336794048547745,CSCO
142,11-09-1990,0.0859379991889,0.0859379991889,11894400,0.08767399936914444,0.0859379991889,0.06336794048547745,CSCO
143,12-09-1990,0.0859379991889,0.0859379991889,13305600,0.08680599927902223,0.08680599927902223,0.0640079453587532,CSCO
144,13-09-1990,0.0859379991889,0.08767399936914444,20966400,0.08767399936914444,0.0859379991889,0.06336794048547745,CSCO
145,14-09-1990,0.0859379991889,0.0859379991889,16819200,0.08767399936914444,0.0859379991889,0.06336794048547745,CSCO
146,17-09-1990,0.0859379991889,0.08680599927902223,89712000,0.09027799963951112,0.09027799963951112,0.06656809896230698,CSCO
147,18-09-1990,0.08854199945926666,0.09027799963951112,33667200,0.09375,0.09288199990987778,0.06848818063735962,CSCO
148,19-09-1990,0.08767399936914444,0.09375,74073600,0.09375,0.08854199945926666,0.0652880147099495,CSCO
149,20-09-1990,0.08767399936914444,0.08767399936914444,75571200,0.0898440033197403,0.08854199945926666,0.0652880147099495,CSCO
150,21-09-1990,0.08506900072097777,0.08854199945926666,60969600,0.08854199945926666,0.0859379991889,0.06336794048547745,CSCO
151,24-09-1990,0.08246500045061111,0.08420100063085556,96278400,0.08506900072097777,0.08420100063085556,0.062087088823318475,CSCO
152,25-09-1990,0.08246500045061111,0.08246500045061111,115718400,0.0859379991889,0.08506900072097777,0.06272713840007782,CSCO
153,26-09-1990,0.08246500045061111,0.0859379991889,64512000,0.0859379991889,0.08246500045061111,0.060807041823863976,CSCO
154,27-09-1990,0.07725699990987778,0.08333300054073334,74073600,0.08420100063085556,0.07855899631977081,0.05792686715722084,CSCO
155,28-09-1990,0.07552099972963333,0.07725699990987778,155030400,0.078125,0.078125,0.057606857270002365,CSCO
156,01-10-1990,0.078125,0.078125,89596800,0.08506900072097777,0.08420100063085556,0.062087088823318475,CSCO
157,02-10-1990,0.08246500045061111,0.08680599927902223,48441600,0.08767399936914444,0.08333300054073334,0.06144704669713974,CSCO
158,03-10-1990,0.08072900027036667,0.08246500045061111,61459200,0.08420100063085556,0.08072900027036667,0.0595269724726677,CSCO
159,04-10-1990,0.08072900027036667,0.08072900027036667,23385600,0.08333300054073334,0.08333300054073334,0.06144704669713974,CSCO
160,05-10-1990,0.07986100018024445,0.07986100018024445,43401600,0.08420100063085556,0.08159700036048889,0.06016698479652405,CSCO
161,08-10-1990,0.08246500045061111,0.08506900072097777,10598400,0.08506900072097777,0.08289899677038193,0.061127051711082465,CSCO
162,09-10-1990,0.07552099972963333,0.08246500045061111,115027200,0.08333300054073334,0.07725699990987778,0.05696684122085571,CSCO
163,10-10-1990,0.06857600063085556,0.07291699945926666,113241600,0.07378499954938889,0.07118099927902223,0.052486579865217216,CSCO
164,11-10-1990,0.06944400072097777,0.0703129991889,70041600,0.07291699945926666,0.07118099927902223,0.052486579865217216,CSCO
165,12-10-1990,0.07204899936914444,0.07378499954938889,41241600,0.07769100368022919,0.07552099972963333,0.05568675696849823,CSCO
166,15-10-1990,0.07465299963951111,0.078125,59270400,0.07986100018024445,0.07508700340986252,0.055366739630699165,CSCO
167,16-10-1990,0.07725699990987778,0.07725699990987778,61632000,0.08246500045061111,0.07986100018024445,0.05888691172003746,CSCO
168,17-10-1990,0.07986100018024445,0.08159700036048889,50515200,0.08680599927902223,0.08420100063085556,0.062087088823318475,CSCO
169,18-10-1990,0.08506900072097777,0.0859379991889,121305600,0.09201399981975557,0.09201399981975557,0.06784812361001967,CSCO
170,19-10-1990,0.09722200036048888,0.09809000045061113,241171200,0.1011279970407486,0.09982600063085556,0.07360848784446716,CSCO
171,22-10-1990,0.09982600063085556,0.10069400072097777,127843200,0.10329899936914444,0.10329899936914444,0.07616935670375824,CSCO
172,23-10-1990,0.1015629991889,0.10329899936914444,102326400,0.10677099972963333,0.1054690033197403,0.0777694582939148,CSCO
173,24-10-1990,0.1015629991889,0.10329899936914444,66297600,0.109375,0.10850699990987778,0.08000954985618591,CSCO
174,25-10-1990,0.10763899981975557,0.109375,83088000,0.11111100018024443,0.10850699990987778,0.08000954985618591,CSCO
175,26-10-1990,0.10069400072097777,0.10763899981975557,94003200,0.10763899981975557,0.10069400072097777,0.07424850761890411,CSCO
176,29-10-1990,0.09635400027036667,0.10069400072097777,37785600,0.1015629991889,0.09722200036048888,0.07168837636709212,CSCO
177,30-10-1990,0.09201399981975557,0.09722200036048888,90633600,0.10069400072097777,0.09895800054073334,0.07296843826770782,CSCO
178,31-10-1990,0.10069400072097777,0.1015629991889,81244800,0.10503499954938887,0.10243099927902223,0.0755293145775795,CSCO
179,01-11-1990,0.09982600063085556,0.10069400072097777,35971200,0.10243099927902223,0.10243099927902223,0.0755293145775795,CSCO
180,02-11-1990,0.1015629991889,0.10243099927902223,27648000,0.10503499954938887,0.10503499954938887,0.07744940370321274,CSCO
181,05-11-1990,0.10329899936914444,0.10503499954938887,37324800,0.109375,0.10850699990987778,0.08000954985618591,CSCO
182,06-11-1990,0.10850699990987778,0.109375,35827200,0.11197900027036667,0.11024300009012222,0.08128964900970459,CSCO
183,07-11-1990,0.10416699945926666,0.11067699640989304,118022400,0.11067699640989304,0.10416699945926666,0.07680937647819519,CSCO
184,08-11-1990,0.11111100018024443,0.11197900027036667,701654400,0.12586799263954165,0.1176220029592514,0.08673067390918733,CSCO
185,09-11-1990,0.11979199945926665,0.11979199945926665,141033600,0.12326399981975555,0.12239599972963333,0.09025086462497713,CSCO
186,12-11-1990,0.12065999954938887,0.12152799963951112,111801600,0.12239599972963333,0.12152799963951112,0.08961081504821777,CSCO
187,13-11-1990,0.11979199945926665,0.12152799963951112,66412800,0.12326399981975555,0.12326399981975555,0.09089091420173644,CSCO
188,14-11-1990,0.12152799963951112,0.12239599972963333,180259200,0.125,0.1245660036802292,0.09185094386339188,CSCO
189,15-11-1990,0.12326399981975555,0.125,96883200,0.1284720003604889,0.12673600018024445,0.09345104545354843,CSCO
190,16-11-1990,0.12586799263954165,0.12673600018024445,179280000,0.1284720003604889,0.12673600018024445,0.09345104545354843,CSCO
191,19-11-1990,0.12760399281978607,0.1284720003604889,45043200,0.12933999300003052,0.12933999300003052,0.09537114948034286,CSCO
192,20-11-1990,0.12760399281978607,0.12933999300003052,47289600,0.12933999300003052,0.12760399281978607,0.09409107267856598,CSCO
193,21-11-1990,0.12239599972963333,0.12760399281978607,71596800,0.12760399281978607,0.12673600018024445,0.09345104545354843,CSCO
194,23-11-1990,0.12673600018024445,0.12760399281978607,7862400,0.1284720003604889,0.12760399281978607,0.09409107267856598,CSCO
195,26-11-1990,0.125,0.12586799263954165,41702400,0.12760399281978607,0.12716999650001526,0.09377104789018632,CSCO
196,27-11-1990,0.12673600018024445,0.12716999650001526,128188800,0.13802100718021393,0.1371529996395111,0.10113219171762466,CSCO
197,28-11-1990,0.13541699945926666,0.1371529996395111,126777600,0.13888899981975555,0.13628500699996948,0.10049217194318773,CSCO
198,29-11-1990,0.13107599318027496,0.13628500699996948,84960000,0.1371529996395111,0.1328130066394806,0.09793199598789216,CSCO
199,30-11-1990,0.13107599318027496,0.13194400072097778,102297600,0.1371529996395111,0.1371529996395111,0.10113219171762466,CSCO
200,03-12-1990,0.1371529996395111,0.13888899981975555,125942400,0.1445309966802597,0.14149299263954165,0.1043323576450348,CSCO
201,04-12-1990,0.14149299263954165,0.14236100018024445,66931200,0.1440970003604889,0.14366300404071808,0.10593245923519136,CSCO
202,05-12-1990,0.140625,0.1440970003604889,95356800,0.14583300054073334,0.1440970003604889,0.10625247657299043,CSCO
203,06-12-1990,0.14322899281978607,0.14583300054073334,151488000,0.1488720029592514,0.14496499300003052,0.10689254105091096,CSCO
204,07-12-1990,0.14322899281978607,0.14496499300003052,36115200,0.14496499300003052,0.14322899281978607,0.10561243444681168,CSCO
205,10-12-1990,0.14236100018024445,0.14236100018024445,5126400,0.1440970003604889,0.14236100018024445,0.10497239232063292,CSCO
206,11-12-1990,0.13888899981975555,0.14322899281978607,58147200,0.14322899281978607,0.1401910036802292,0.10337232053279877,CSCO
207,12-12-1990,0.13802100718021393,0.13888899981975555,67305600,0.14496499300003052,0.1440970003604889,0.10625247657299043,CSCO
208,13-12-1990,0.14322899281978607,0.14496499300003052,131904000,0.1527779996395111,0.15017400681972504,0.11073347926139833,CSCO
209,14-12-1990,0.14756900072097778,0.15017400681972504,125625600,0.15711799263954165,0.15625,0.11521371454000473,CSCO
210,17-12-1990,0.15191000699996948,0.15451399981975555,105120000,0.15711799263954165,0.15451399981975555,0.11393368244171145,CSCO
211,18-12-1990,0.14756900072097778,0.15451399981975555,83260800,0.15451399981975555,0.15104199945926666,0.11137351393699646,CSCO
212,19-12-1990,0.15017400681972504,0.1527779996395111,93427200,0.15625,0.15538200736045835,0.11457369476556778,CSCO
213,20-12-1990,0.15191000699996948,0.15364600718021393,111974400,0.15711799263954165,0.1527779996395111,0.11265354603528975,CSCO
214,21-12-1990,0.14930599927902222,0.15364600718021393,48384000,0.15364600718021393,0.1527779996395111,0.11265354603528975,CSCO
215,24-12-1990,0.15017400681972504,0.15191000699996948,14889600,0.15191000699996948,0.15104199945926666,0.11137351393699646,CSCO
216,26-12-1990,0.14583300054073334,0.15017400681972504,58147200,0.15191000699996948,0.14583300054073334,0.10753253102302553,CSCO
217,27-12-1990,0.14496499300003052,0.14583300054073334,56736000,0.15017400681972504,0.14930599927902222,0.1100933849811554,CSCO
218,28-12-1990,0.14930599927902222,0.14930599927902222,63043200,0.15321199595928192,0.15321199595928192,0.11297360062599182,CSCO
219,31-12-1990,0.1527779996395111,0.15364600718021393,29664000,0.1566839963197708,0.1558160036802292,0.11489368975162505,CSCO
220,02-01-1991,0.15191000699996948,0.15538200736045835,63561600,0.15538200736045835,0.15191000699996948,0.1120135262608528,CSCO
221,03-01-1991,0.14583300054073334,0.15191000699996948,104716800,0.1527779996395111,0.14583300054073334,0.10753253102302553,CSCO
222,04-01-1991,0.13975700736045835,0.14496499300003052,194803200,0.14756900072097778,0.14149299263954165,0.1043323576450348,CSCO
223,07-01-1991,0.13628500699996948,0.140625,89971200,0.140625,0.13802100718021393,0.1017722338438034,CSCO
224,08-01-1991,0.13802100718021393,0.13802100718021393,64108800,0.1440970003604889,0.14322899281978607,0.10561243444681168,CSCO
225,09-01-1991,0.14149299263954165,0.14670099318027496,89942400,0.14670099318027496,0.14236100018024445,0.10497239232063292,CSCO
226,10-01-1991,0.14149299263954165,0.1440970003604889,49363200,0.1440970003604889,0.1440970003604889,0.10625247657299043,CSCO
227,11-01-1991,0.14149299263954165,0.1440970003604889,33580800,0.1440970003604889,0.14236100018024445,0.10497239232063292,CSCO
228,14-01-1991,0.140625,0.140625,59328000,0.14583300054073334,0.1440970003604889,0.10625247657299043,CSCO
229,15-01-1991,0.1440970003604889,0.1440970003604889,85248000,0.15538200736045835,0.15494799613952634,0.11425361037254332,CSCO
230,16-01-1991,0.15451399981975555,0.15538200736045835,105724800,0.16666699945926666,0.16232599318027496,0.11969391256570815,CSCO
231,17-01-1991,0.16493099927902222,0.17013899981975555,178502400,0.17447899281978607,0.17013899981975555,0.12545500695705414,CSCO
232,18-01-1991,0.16579900681972504,0.1684029996395111,110448000,0.17274299263954165,0.17274299263954165,0.12737514078617096,CSCO
233,21-01-1991,0.17100700736045835,0.171875,85795200,0.18316000699996948,0.18316000699996948,0.1350563019514084,CSCO
234,22-01-1991,0.17795099318027496,0.18316000699996948,145036800,0.18576399981975555,0.1792529970407486,0.13217538595199585,CSCO
235,23-01-1991,0.1753470003604889,0.17881900072097778,108691200,0.1796880066394806,0.17708300054073334,0.1305752843618393,CSCO
236,24-01-1991,0.17621499300003052,0.17795099318027496,68083200,0.1796880066394806,0.17621499300003052,0.12993527948856354,CSCO
237,25-01-1991,0.17621499300003052,0.17621499300003052,107596800,0.1875,0.1866320073604584,0.13761644065380094,CSCO
238,28-01-1991,0.18446199595928192,0.18489600718021396,148867200,0.19444400072097776,0.19270800054073334,0.14209666848182678,CSCO
239,29-01-1991,0.18576399981975555,0.19270800054073334,171216000,0.19314199686050412,0.1909720003604889,0.1408165693283081,CSCO
240,30-01-1991,0.1909720003604889,0.19183999300003046,157852800,0.20052100718021396,0.19878500699996948,0.1465776264667511,CSCO
241,31-01-1991,0.19835099577903748,0.1996529996395111,138441600,0.2065970003604889,0.203125,0.1497778296470642,CSCO
242,01-02-1991,0.20052100718021396,0.203125,118886400,0.20833300054073334,0.2022570073604584,0.14913783967494965,CSCO
243,04-02-1991,0.19791699945926666,0.2022570073604584,134064000,0.203125,0.20052100718021396,0.14785771071910858,CSCO
244,05-02-1991,0.20138899981975555,0.20399299263954165,94550400,0.20746499300003046,0.2022570073604584,0.14913783967494965,CSCO
245,06-02-1991,0.19704900681972504,0.20052100718021396,113155200,0.2065970003604889,0.20399299263954165,0.15041786432266235,CSCO
246,07-02-1991,0.19704900681972504,0.20572899281978607,144921600,0.20920099318027496,0.19748300313949585,0.14561761915683746,CSCO
247,08-02-1991,0.1953130066394806,0.20399299263954165,503251200,0.20746499300003046,0.20486100018024445,0.1510578691959381,CSCO
248,11-02-1991,0.1996529996395111,0.20486100018024445,272822400,0.2109380066394806,0.20008699595928192,0.1475377231836319,CSCO
249,12-02-1991,0.1996529996395111,0.20052100718021396,513072000,0.20572899281978607,0.20572899281978607,0.15169790387153625,CSCO
250,13-02-1991,0.20486100018024445,0.20486100018024445,166550400,0.20920099318027496,0.20920099318027496,0.1542580872774124,CSCO
251,14-02-1991,0.2022570073604584,0.20833300054073334,171964800,0.20920099318027496,0.203125,0.1497778296470642,CSCO
252,15-02-1991,0.20138899981975555,0.2022570073604584,195811200,0.20399299263954165,0.203125,0.1497778296470642,CSCO
253,19-02-1991,0.1996529996395111,0.203125,157996800,0.20399299263954165,0.20138899981975555,0.14849774539470673,CSCO
254,20-02-1991,0.20052100718021396,0.20052100718021396,60739200,0.203125,0.20052100718021396,0.14785771071910858,CSCO
255,21-02-1991,0.19791699945926666,0.20138899981975555,75225600,0.20138899981975555,0.19791699945926666,0.14593757688999176,CSCO
256,22-02-1991,0.19183999300003046,0.19704900681972504,299664000,0.1996529996395111,0.19704900681972504,0.1452975869178772,CSCO
257,25-02-1991,0.1953130066394806,0.19791699945926666,97660800,0.20052100718021396,0.19704900681972504,0.1452975869178772,CSCO
258,26-02-1991,0.19010399281978607,0.19704900681972504,111974400,0.19704900681972504,0.19270800054073334,0.14209666848182678,CSCO
259,27-02-1991,0.18316000699996948,0.1909720003604889,195811200,0.19270800054073334,0.1870660036802292,0.13793642818927765,CSCO
260,28-02-1991,0.1875,0.18836799263954165,132624000,0.1957470029592514,0.19444400072097776,0.14337675273418427,CSCO
261,01-03-1991,0.19357599318027496,0.1953130066394806,91641600,0.1996529996395111,0.19791699945926666,0.14593757688999176,CSCO
262,04-03-1991,0.19878500699996948,0.20052100718021396,60019200,0.20138899981975555,0.20052100718021396,0.14785771071910858,CSCO
263,05-03-1991,0.1996529996395111,0.20138899981975555,138124800,0.20746499300003046,0.20746499300003046,0.15297795832157135,CSCO
264,06-03-1991,0.19791699945926666,0.20920099318027496,164505600,0.2109380066394806,0.19791699945926666,0.14593757688999176,CSCO
265,07-03-1991,0.1840279996395111,0.19791699945926666,379987200,0.19835099577903748,0.19010399281978607,0.14017654955387115,CSCO
266,08-03-1991,0.1909720003604889,0.19270800054073334,132969600,0.19791699945926666,0.19270800054073334,0.14209666848182678,CSCO
267,11-03-1991,0.1796880066394806,0.19183999300003046,154742400,0.19183999300003046,0.1840279996395111,0.13569624722003934,CSCO
268,12-03-1991,0.171875,0.18229199945926666,223430400,0.18229199945926666,0.171875,0.12673504650592804,CSCO
269,13-03-1991,0.17274299263954165,0.17361100018024445,231984000,0.18229199945926666,0.18142400681972504,0.1337762475013733,CSCO
270,14-03-1991,0.1684029996395111,0.18489600718021396,365299200,0.1870660036802292,0.171875,0.12673504650592804,CSCO
271,15-03-1991,0.16319400072097778,0.17447899281978607,219081600,0.1753470003604889,0.16666699945926666,0.12289489060640335,CSCO
272,18-03-1991,0.16493099927902222,0.1684029996395111,120052800,0.1840279996395111,0.17708300054073334,0.1305752843618393,CSCO
273,19-03-1991,0.17013899981975555,0.17361100018024445,83707200,0.1840279996395111,0.18055599927902224,0.13313619792461395,CSCO
274,20-03-1991,0.18229199945926666,0.18576399981975555,200649600,0.1996529996395111,0.19618099927902224,0.14465750753879547,CSCO
275,21-03-1991,0.18055599927902224,0.1996529996395111,163929600,0.203125,0.1840279996395111,0.13569624722003934,CSCO
276,22-03-1991,0.17708300054073334,0.18055599927902224,72259200,0.18923600018024445,0.17881900072097778,0.1318553388118744,CSCO
277,25-03-1991,0.1684029996395111,0.18055599927902224,87148800,0.18055599927902224,0.17100700736045835,0.12609505653381348,CSCO
278,26-03-1991,0.1684029996395111,0.1684029996395111,185673600,0.17621499300003052,0.17361100018024445,0.12801514565944672,CSCO
279,27-03-1991,0.16493099927902222,0.17361100018024445,478137600,0.18576399981975555,0.1840279996395111,0.13569624722003934,CSCO
280,28-03-1991,0.16666699945926666,0.1840279996395111,301708800,0.1840279996395111,0.16927100718021393,0.1248149648308754,CSCO
281,01-04-1991,0.14583300054073334,0.16666699945926666,326966400,0.16666699945926666,0.15451399981975555,0.11393368244171145,CSCO
282,02-04-1991,0.1597220003604889,0.16145800054073334,350582400,0.18229199945926666,0.18055599927902224,0.13313619792461395,CSCO
283,03-04-1991,0.1753470003604889,0.18229199945926666,188913600,0.1840279996395111,0.18229199945926666,0.13441619277000427,CSCO
284,04-04-1991,0.1753470003604889,0.17881900072097778,147859200,0.18576399981975555,0.17708300054073334,0.1305752843618393,CSCO
285,05-04-1991,0.1597220003604889,0.17708300054073334,168753600,0.17881900072097778,0.17447899281978607,0.12865522503852844,CSCO
286,08-04-1991,0.17013899981975555,0.171875,40939200,0.18229199945926666,0.18055599927902224,0.13313619792461395,CSCO
287,09-04-1991,0.1753470003604889,0.18055599927902224,45403200,0.18055599927902224,0.17708300054073334,0.1305752843618393,CSCO
288,10-04-1991,0.1753470003604889,0.17708300054073334,56433600,0.18055599927902224,0.17621499300003052,0.12993527948856354,CSCO
289,11-04-1991,0.17708300054073334,0.17881900072097778,111038400,0.1909720003604889,0.18923600018024445,0.13953649997711182,CSCO
290,12-04-1991,0.1875,0.1875,141537600,0.20138899981975555,0.19791699945926666,0.14593757688999176,CSCO
291,15-04-1991,0.18576399981975555,0.19791699945926666,46483200,0.19791699945926666,0.19270800054073334,0.14209666848182678,CSCO
292,16-04-1991,0.1875,0.19270800054073334,177422400,0.20833300054073334,0.2065970003604889,0.1523379534482956,CSCO
293,17-04-1991,0.2065970003604889,0.20833300054073334,298425600,0.22743099927902224,0.22569400072097776,0.16641944646835327,CSCO
294,18-04-1991,0.21701399981975555,0.22395800054073334,144489600,0.22569400072097776,0.22395800054073334,0.16513943672180176,CSCO
295,19-04-1991,0.2152779996395111,0.2222220003604889,126100800,0.2222220003604889,0.22048600018024445,0.16257929801940918,CSCO
296,22-04-1991,0.203125,0.21701399981975555,66081600,0.21875,0.21180599927902224,0.15617887675762174,CSCO
297,23-04-1991,0.21354199945926666,0.21354199945926666,46440000,0.22048600018024445,0.2152779996395111,0.15873906016349792,CSCO
298,24-04-1991,0.2152779996395111,0.21701399981975555,90417600,0.22395800054073334,0.22395800054073334,0.16513943672180176,CSCO
299,25-04-1991,0.21180599927902224,0.2222220003604889,73281600,0.22395800054073334,0.21701399981975555,0.16001909971237185,CSCO
300,26-04-1991,0.21180599927902224,0.21180599927902224,54619200,0.2152779996395111,0.21180599927902224,0.15617887675762174,CSCO
301,29-04-1991,0.19791699945926666,0.21180599927902224,55468800,0.2152779996395111,0.1996529996395111,0.14721769094467166,CSCO
302,30-04-1991,0.19618099927902224,0.19791699945926666,77976000,0.2065970003604889,0.2065970003604889,0.1523379534482956,CSCO
303,01-05-1991,0.19791699945926666,0.20138899981975555,47980800,0.21180599927902224,0.20833300054073334,0.15361803770065308,CSCO
304,02-05-1991,0.21006900072097776,0.21180599927902224,25977600,0.2152779996395111,0.21354199945926666,0.15745900571346286,CSCO
305,03-05-1991,0.20833300054073334,0.21354199945926666,34387200,0.21354199945926666,0.21354199945926666,0.15745900571346286,CSCO
306,06-05-1991,0.20833300054073334,0.21006900072097776,59601600,0.22048600018024445,0.21875,0.1612991988658905,CSCO
307,07-05-1991,0.2065970003604889,0.22048600018024445,111945600,0.2222220003604889,0.21875,0.1612991988658905,CSCO
308,08-05-1991,0.2065970003604889,0.22048600018024445,109123200,0.2222220003604889,0.21701399981975555,0.16001909971237185,CSCO
309,09-05-1991,0.21354199945926666,0.22048600018024445,90489600,0.2222220003604889,0.22048600018024445,0.16257929801940918,CSCO
310,10-05-1991,0.21006900072097776,0.22916699945926666,276739200,0.23263899981975555,0.21354199945926666,0.15745900571346286,CSCO
311,13-05-1991,0.21354199945926666,0.21354199945926666,99460800,0.22048600018024445,0.22048600018024445,0.16257929801940918,CSCO
312,14-05-1991,0.21180599927902224,0.21875,88790400,0.21875,0.21267400681972504,0.15681898593902588,CSCO
313,15-05-1991,0.19270800054073334,0.20486100018024445,180158400,0.21006900072097776,0.19618099927902224,0.14465750753879547,CSCO
314,16-05-1991,0.19618099927902224,0.19791699945926666,95299200,0.203125,0.20138899981975555,0.14849774539470673,CSCO
315,17-05-1991,0.19444400072097776,0.19618099927902224,42566400,0.1996529996395111,0.19791699945926666,0.14593757688999176,CSCO
316,20-05-1991,0.19444400072097776,0.19791699945926666,37252800,0.1996529996395111,0.19618099927902224,0.14465750753879547,CSCO
317,21-05-1991,0.19791699945926666,0.1996529996395111,74764800,0.20833300054073334,0.203125,0.1497778296470642,CSCO
318,22-05-1991,0.20486100018024445,0.20486100018024445,102585600,0.2152779996395111,0.21180599927902224,0.15617887675762174,CSCO
319,23-05-1991,0.21354199945926666,0.21354199945926666,79286400,0.21701399981975555,0.2152779996395111,0.15873906016349792,CSCO
320,24-05-1991,0.21354199945926666,0.21701399981975555,57254400,0.22048600018024445,0.22048600018024445,0.16257929801940918,CSCO
321,28-05-1991,0.21875,0.22048600018024445,107985600,0.23263899981975555,0.2309029996395111,0.17026041448116302,CSCO
322,29-05-1991,0.22048600018024445,0.2309029996395111,66945600,0.234375,0.22395800054073334,0.16513943672180176,CSCO
323,30-05-1991,0.22048600018024445,0.22743099927902224,67046400,0.22916699945926666,0.2265630066394806,0.16706028580665588,CSCO
324,31-05-1991,0.22048600018024445,0.22916699945926666,61300800,0.22916699945926666,0.22395800054073334,0.16513943672180176,CSCO
325,03-06-1991,0.21875,0.22395800054073334,66988800,0.22569400072097776,0.22569400072097776,0.16641944646835327,CSCO
326,04-06-1991,0.2222220003604889,0.22395800054073334,83433600,0.2309029996395111,0.22916699945926666,0.16898038983345032,CSCO
327,05-06-1991,0.22569400072097776,0.2309029996395111,49564800,0.2309029996395111,0.2309029996395111,0.17026041448116302,CSCO
328,06-06-1991,0.22569400072097776,0.2309029996395111,50371200,0.2309029996395111,0.22829900681972504,0.1683403253555298,CSCO
329,07-06-1991,0.22395800054073334,0.22395800054073334,66542400,0.2309029996395111,0.22743099927902224,0.16770026087760925,CSCO
330,10-06-1991,0.22743099927902224,0.22916699945926666,24580800,0.23263899981975555,0.22743099927902224,0.16770026087760925,CSCO
331,11-06-1991,0.22743099927902224,0.22916699945926666,37094400,0.23263899981975555,0.2309029996395111,0.17026041448116302,CSCO
332,12-06-1991,0.2222220003604889,0.2309029996395111,71712000,0.2309029996395111,0.22569400072097776,0.16641944646835327,CSCO
333,13-06-1991,0.22395800054073334,0.22569400072097776,51091200,0.23263899981975555,0.2309029996395111,0.17026041448116302,CSCO
334,14-06-1991,0.22916699945926666,0.2309029996395111,118598400,0.24305599927902224,0.23611100018024445,0.17410063743591309,CSCO
335,17-06-1991,0.23611100018024445,0.23611100018024445,98409600,0.25173598527908325,0.2465279996395111,0.1817818284034729,CSCO
336,18-06-1991,0.24131900072097776,0.24826399981975555,76348800,0.25173598527908325,0.24305599927902224,0.17922163009643555,CSCO
337,19-06-1991,0.22916699945926666,0.24479199945926666,82152000,0.2465279996395111,0.23611100018024445,0.17410063743591309,CSCO
338,20-06-1991,0.22916699945926666,0.23263899981975555,47808000,0.2378470003604889,0.23524299263954165,0.17346055805683136,CSCO
339,21-06-1991,0.22916699945926666,0.2395830005407333,53395200,0.24131900072097776,0.2309029996395111,0.17026041448116302,CSCO
340,24-06-1991,0.2152779996395111,0.22916699945926666,109872000,0.23263899981975555,0.21701399981975555,0.16001909971237185,CSCO
341,25-06-1991,0.21006900072097776,0.21875,65980800,0.2222220003604889,0.21354199945926666,0.15745900571346286,CSCO
342,26-06-1991,0.203125,0.21180599927902224,55238400,0.2152779996395111,0.21180599927902224,0.15617887675762174,CSCO
343,27-06-1991,0.21180599927902224,0.2152779996395111,84326400,0.21875,0.2152779996395111,0.15873906016349792,CSCO
344,28-06-1991,0.20486100018024445,0.21701399981975555,71208000,0.21701399981975555,0.21180599927902224,0.15617887675762174,CSCO
345,01-07-1991,0.21354199945926666,0.21701399981975555,37252800,0.22395800054073334,0.22395800054073334,0.16513943672180176,CSCO
346,02-07-1991,0.21701399981975555,0.2222220003604889,34804800,0.2222220003604889,0.22048600018024445,0.16257929801940918,CSCO
347,03-07-1991,0.21875,0.21875,75700800,0.22395800054073334,0.2222220003604889,0.16385939717292786,CSCO
348,05-07-1991,0.21701399981975555,0.2222220003604889,7934400,0.2222220003604889,0.22048600018024445,0.16257929801940918,CSCO
349,08-07-1991,0.21354199945926666,0.21875,49723200,0.22743099927902224,0.2265630066394806,0.16706028580665588,CSCO
350,09-07-1991,0.22916699945926666,0.23263899981975555,121953600,0.24305599927902224,0.2369789928197861,0.17474067211151126,CSCO
351,10-07-1991,0.22916699945926666,0.2395830005407333,52171200,0.24479199945926666,0.2378470003604889,0.17538075149059296,CSCO
352,11-07-1991,0.234375,0.2395830005407333,10713600,0.2395830005407333,0.2378470003604889,0.17538075149059296,CSCO
353,12-07-1991,0.23611100018024445,0.2395830005407333,44582400,0.24479199945926666,0.24305599927902224,0.17922163009643555,CSCO
354,15-07-1991,0.24131900072097776,0.24479199945926666,29433600,0.2465279996395111,0.24305599927902224,0.17922163009643555,CSCO
355,16-07-1991,0.24305599927902224,0.24479199945926666,85881600,0.2534720003604889,0.24479199945926666,0.18050172924995425,CSCO
356,17-07-1991,0.24305599927902224,0.24479199945926666,28814400,0.2526040077209473,0.24826399981975555,0.183061882853508,CSCO
357,18-07-1991,0.24826399981975555,0.24826399981975555,58363200,0.25173598527908325,0.25173598527908325,0.18562199175357816,CSCO
358,19-07-1991,0.25,0.25,78278400,0.26736098527908325,0.26041701436042786,0.1920231133699417,CSCO
359,22-07-1991,0.2569440007209778,0.2621529996395111,61977600,0.26736098527908325,0.26041701436042786,0.1920231133699417,CSCO
360,23-07-1991,0.2534720003604889,0.26041701436042786,94219200,0.26041701436042786,0.2534720003604889,0.18690209090709686,CSCO
361,24-07-1991,0.24479199945926666,0.2552079856395721,70732800,0.2552079856395721,0.2465279996395111,0.1817818284034729,CSCO
362,25-07-1991,0.24479199945926666,0.24826399981975555,53928000,0.25,0.2491320073604584,0.18370188772678372,CSCO
363,26-07-1991,0.24826399981975555,0.25,95630400,0.25607600808143616,0.2543399930000305,0.18754209578037265,CSCO
364,29-07-1991,0.2534720003604889,0.2534720003604889,60364800,0.26736098527908325,0.26388901472091675,0.1945832371711731,CSCO
365,30-07-1991,0.26388901472091675,0.26736098527908325,65635200,0.2690970003604889,0.2690970003604889,0.1984234303236008,CSCO
366,31-07-1991,0.2586809992790222,0.2690970003604889,115977600,0.2743059992790222,0.2725690007209778,0.2009835839271545,CSCO
367,01-08-1991,0.26736098527908325,0.2725690007209778,95097600,0.27604201436042786,0.2734380066394806,0.201624408364296,CSCO
368,02-08-1991,0.2743059992790222,0.2777779996395111,109699200,0.2864579856395721,0.28298598527908325,0.2086647152900696,CSCO
369,05-08-1991,0.28125,0.28298598527908325,85132800,0.29166701436042786,0.2864579856395721,0.21122486889362332,CSCO
370,06-08-1991,0.27951401472091675,0.2899309992790222,108590400,0.2899309992790222,0.28298598527908325,0.2086647152900696,CSCO
371,07-08-1991,0.2743059992790222,0.2864579856395721,145123200,0.29166701436042786,0.27604201436042786,0.2035444676876068,CSCO
372,08-08-1991,0.26736098527908325,0.2777779996395111,51177600,0.2777779996395111,0.2699649930000305,0.1990635097026825,CSCO
373,09-08-1991,0.26736098527908325,0.2699649930000305,78105600,0.27604201436042786,0.2708329856395721,0.19970346987247467,CSCO
374,12-08-1991,0.2690970003604889,0.2708329856395721,120124800,0.27951401472091675,0.27951401472091675,0.2061046063899994,CSCO
375,13-08-1991,0.28125,0.28298598527908325,61689600,0.2934029996395111,0.2881940007209778,0.21250495314598086,CSCO
376,14-08-1991,0.29166701436042786,0.2934029996395111,156326400,0.3003470003604889,0.29861098527908325,0.22018611431121826,CSCO
377,15-08-1991,0.2847220003604889,0.3003470003604889,147312000,0.3055559992790222,0.2881940007209778,0.21250495314598086,CSCO
378,16-08-1991,0.2881940007209778,0.2934029996395111,129672000,0.296875,0.296875,0.21890608966350555,CSCO
379,19-08-1991,0.2777779996395111,0.28125,115041600,0.296875,0.2899309992790222,0.2137857675552368,CSCO
380,20-08-1991,0.2847220003604889,0.2934029996395111,107323200,0.296875,0.28732600808143616,0.2118649184703827,CSCO
381,21-08-1991,0.2890630066394806,0.2899309992790222,194616000,0.3090279996395111,0.30729201436042786,0.2265871912240982,CSCO
382,22-08-1991,0.3090279996395111,0.3090279996395111,89150400,0.31423598527908325,0.3133679926395416,0.23106749355793,CSCO
383,23-08-1991,0.3090279996395111,0.31076401472091675,101217600,0.3211809992790222,0.3177079856395721,0.2342676520347595,CSCO
384,26-08-1991,0.3125,0.3177079856395721,37886400,0.32291701436042786,0.3177079856395721,0.2342676520347595,CSCO
385,27-08-1991,0.3090279996395111,0.3177079856395721,42969600,0.3194440007209778,0.3159720003604889,0.23298755288124084,CSCO
386,28-08-1991,0.3125,0.3159720003604889,28051200,0.3211809992790222,0.3194440007209778,0.23554764688014984,CSCO
387,29-08-1991,0.31423598527908325,0.3194440007209778,38764800,0.32204899191856384,0.3177079856395721,0.2342676520347595,CSCO
388,30-08-1991,0.3125,0.31423598527908325,25675200,0.3177079856395721,0.3151040077209473,0.2323475331068039,CSCO
389,03-09-1991,0.30729201436042786,0.31076401472091675,14140800,0.3159720003604889,0.31076401472091675,0.2291473895311356,CSCO
390,04-09-1991,0.29513901472091675,0.31076401472091675,58478400,0.31076401472091675,0.29861098527908325,0.22018611431121826,CSCO
391,05-09-1991,0.2847220003604889,0.2934029996395111,83476800,0.296875,0.2934029996395111,0.21634596586227414,CSCO
392,06-09-1991,0.2899309992790222,0.2934029996395111,52372800,0.296875,0.2934029996395111,0.21634596586227414,CSCO
393,09-09-1991,0.2934029996395111,0.2934029996395111,33292800,0.3038190007209778,0.30295100808143616,0.22338630259037015,CSCO
394,10-09-1991,0.3003470003604889,0.3038190007209778,81489600,0.3090279996395111,0.3020829856395721,0.22274622321128845,CSCO
395,11-09-1991,0.29861098527908325,0.3038190007209778,37396800,0.3055559992790222,0.3055559992790222,0.22530709207057956,CSCO
396,12-09-1991,0.30729201436042786,0.30729201436042786,76190400,0.3159720003604889,0.3125,0.23042742908000946,CSCO
397,13-09-1991,0.3038190007209778,0.31423598527908325,64152000,0.31423598527908325,0.3055559992790222,0.22530709207057956,CSCO
398,16-09-1991,0.2934029996395111,0.3055559992790222,30283200,0.30729201436042786,0.29861098527908325,0.22018611431121826,CSCO
399,17-09-1991,0.2934029996395111,0.296875,33220800,0.3003470003604889,0.29861098527908325,0.22018611431121826,CSCO
400,18-09-1991,0.2934029996395111,0.2934029996395111,29865600,0.30729201436042786,0.3055559992790222,0.22530709207057956,CSCO
401,19-09-1991,0.3038190007209778,0.3038190007209778,63820800,0.3125,0.31076401472091675,0.2291473895311356,CSCO
402,20-09-1991,0.31076401472091675,0.3125,78379200,0.3177079856395721,0.3133679926395416,0.23106749355793,CSCO
403,23-09-1991,0.3090279996395111,0.31423598527908325,84931200,0.31423598527908325,0.3125,0.23042742908000946,CSCO
404,24-09-1991,0.3090279996395111,0.3125,97977600,0.3159720003604889,0.3116320073604584,0.2297873795032501,CSCO
405,25-09-1991,0.3003470003604889,0.3125,55497600,0.3125,0.3003470003604889,0.22146619856357572,CSCO
406,26-09-1991,0.27951401472091675,0.2881940007209778,206366400,0.2881940007209778,0.27951401472091675,0.2061046063899994,CSCO
407,27-09-1991,0.2743059992790222,0.2777779996395111,152308800,0.2881940007209778,0.2777779996395111,0.2048245519399643,CSCO
408,30-09-1991,0.2725690007209778,0.27604201436042786,77169600,0.2864579856395721,0.2847220003604889,0.20994478464126587,CSCO
409,01-10-1991,0.2838540077209473,0.2881940007209778,80798400,0.29861098527908325,0.2934029996395111,0.21634596586227414,CSCO
410,02-10-1991,0.2821179926395416,0.2934029996395111,114984000,0.2934029996395111,0.2864579856395721,0.21122486889362332,CSCO
411,03-10-1991,0.27951401472091675,0.2864579856395721,53208000,0.2899309992790222,0.27951401472091675,0.2061046063899994,CSCO
412,04-10-1991,0.27951401472091675,0.28298598527908325,44568000,0.2881940007209778,0.2864579856395721,0.21122486889362332,CSCO
413,07-10-1991,0.2847220003604889,0.2847220003604889,50400000,0.29166701436042786,0.2890630066394806,0.21314574778079987,CSCO
414,08-10-1991,0.28298598527908325,0.2881940007209778,78883200,0.2899309992790222,0.2899309992790222,0.2137857675552368,CSCO
415,09-10-1991,0.2708329856395721,0.2864579856395721,118166400,0.2899309992790222,0.2725690007209778,0.2009835839271545,CSCO
416,10-10-1991,0.2586809992790222,0.2743059992790222,162345600,0.2777779996395111,0.2699649930000305,0.1990635097026825,CSCO
417,11-10-1991,0.2690970003604889,0.2690970003604889,130147200,0.2864579856395721,0.2821179926395416,0.20802472531795504,CSCO
418,14-10-1991,0.28125,0.28298598527908325,66096000,0.29861098527908325,0.29513901472091675,0.2176259607076645,CSCO
419,15-10-1991,0.296875,0.296875,112593600,0.3055559992790222,0.3055559992790222,0.22530709207057956,CSCO
420,16-10-1991,0.3038190007209778,0.3055559992790222,150825600,0.3159720003604889,0.3125,0.23042742908000946,CSCO
421,17-10-1991,0.30729201436042786,0.31076401472091675,150595200,0.3194440007209778,0.3125,0.23042742908000946,CSCO
422,18-10-1991,0.31076401472091675,0.31423598527908325,64540800,0.3177079856395721,0.3116320073604584,0.2297873795032501,CSCO
423,21-10-1991,0.3055559992790222,0.3116320073604584,60883200,0.3177079856395721,0.30729201436042786,0.2265871912240982,CSCO
424,22-10-1991,0.3090279996395111,0.3090279996395111,45777600,0.3159720003604889,0.31423598527908325,0.23170746862888336,CSCO
425,23-10-1991,0.31076401472091675,0.3151040077209473,30384000,0.3177079856395721,0.3159720003604889,0.23298755288124084,CSCO
426,24-10-1991,0.3003470003604889,0.3177079856395721,113961600,0.3194440007209778,0.30642399191856384,0.22594720125198364,CSCO
427,25-10-1991,0.296875,0.3038190007209778,84772800,0.3055559992790222,0.3020829856395721,0.22274622321128845,CSCO
428,28-10-1991,0.3038190007209778,0.30729201436042786,61545600,0.3177079856395721,0.31423598527908325,0.23170746862888336,CSCO
429,29-10-1991,0.3090279996395111,0.3159720003604889,53208000,0.3177079856395721,0.3151040077209473,0.2323475331068039,CSCO
430,30-10-1991,0.3159720003604889,0.3177079856395721,166032000,0.3333329856395721,0.32986098527908325,0.2432289123535156,CSCO
431,31-10-1991,0.328125,0.32986098527908325,131472000,0.34375,0.33854201436042786,0.2496299296617508,CSCO
432,01-11-1991,0.32638901472091675,0.33854201436042786,96595200,0.33854201436042786,0.328125,0.24194875359535215,CSCO
433,04-11-1991,0.3246529996395111,0.328125,41385600,0.3315970003604889,0.3289929926395416,0.2425888180732727,CSCO
434,05-11-1991,0.3289929926395416,0.3315970003604889,117590400,0.3402779996395111,0.3368059992790222,0.2483499199151993,CSCO
435,06-11-1991,0.3333329856395721,0.33854201436042786,59486400,0.34201401472091675,0.33854201436042786,0.2496299296617508,CSCO
436,07-11-1991,0.35416701436042786,0.3611109852790833,230428800,0.36458298563957214,0.3628470003604889,0.2675516903400421,CSCO
437,08-11-1991,0.36458298563957214,0.3663190007209778,133243200,0.3767359852790833,0.3697920143604279,0.2726727724075317,CSCO
438,11-11-1991,0.36458298563957214,0.3715279996395111,24912000,0.3715279996395111,0.3663190007209778,0.27011173963546753,CSCO
439,12-11-1991,0.3680559992790222,0.36892399191856384,90777600,0.3732640147209168,0.3706600069999695,0.2733128070831299,CSCO
440,13-11-1991,0.3680559992790222,0.3680559992790222,95860800,0.3819440007209778,0.38020798563957214,0.2803530991077423,CSCO
441,14-11-1991,0.3767359852790833,0.3819440007209778,35726400,0.3836809992790222,0.3767359852790833,0.2777929306030273,CSCO
442,15-11-1991,0.3559029996395111,0.375,93297600,0.3819440007209778,0.3559029996395111,0.2624314427375793,CSCO
443,18-11-1991,0.3472220003604889,0.35677099227905273,96681600,0.3611109852790833,0.359375,0.2649914026260376,CSCO
444,19-11-1991,0.3368059992790222,0.35416701436042786,117950400,0.35416701436042786,0.3489579856395721,0.2573104500770569,CSCO
445,20-11-1991,0.34375,0.3506940007209778,41976000,0.35416701436042786,0.34548598527908325,0.2547502815723419,CSCO
446,21-11-1991,0.34548598527908325,0.34548598527908325,38462400,0.3524309992790222,0.3489579856395721,0.2573104500770569,CSCO
447,22-11-1991,0.3333329856395721,0.3472220003604889,70257600,0.3489579856395721,0.34201401472091675,0.2521901130676269,CSCO
448,25-11-1991,0.3350690007209778,0.34375,52977600,0.3472220003604889,0.33854201436042786,0.2496299296617508,CSCO
449,26-11-1991,0.3368059992790222,0.34375,45100800,0.34375,0.34114599227905273,0.2515500783920288,CSCO
450,27-11-1991,0.3402779996395111,0.34201401472091675,32832000,0.3489579856395721,0.34375,0.2534700930118561,CSCO
451,29-11-1991,0.3402779996395111,0.34375,24264000,0.3472220003604889,0.34375,0.2534700930118561,CSCO
452,02-12-1991,0.3368059992790222,0.3402779996395111,63518400,0.36458298563957214,0.359375,0.2649914026260376,CSCO
453,03-12-1991,0.35763901472091675,0.3611109852790833,55310400,0.3715279996395111,0.3680559992790222,0.27139249444007874,CSCO
454,04-12-1991,0.3680559992790222,0.3715279996395111,93542400,0.3871529996395111,0.3819440007209778,0.2816331386566162,CSCO
455,05-12-1991,0.3732640147209168,0.38020798563957214,85406400,0.3940970003604889,0.375,0.27651292085647583,CSCO
456,06-12-1991,0.3680559992790222,0.375,58420800,0.38020798563957214,0.3723959922790527,0.2745927572250366,CSCO
457,09-12-1991,0.3732640147209168,0.375,82382400,0.3819440007209778,0.3784720003604889,0.27907299995422363,CSCO
458,10-12-1991,0.3732640147209168,0.3784720003604889,37915200,0.3819440007209778,0.375,0.27651292085647583,CSCO
459,11-12-1991,0.3680559992790222,0.3784720003604889,47563200,0.38020798563957214,0.375,0.27651292085647583,CSCO
460,12-12-1991,0.3732640147209168,0.375,47592000,0.3819440007209778,0.3784720003604889,0.27907299995422363,CSCO
461,13-12-1991,0.38020798563957214,0.3819440007209778,81475200,0.3871529996395111,0.38107600808143616,0.28099313378334045,CSCO
462,16-12-1991,0.38020798563957214,0.3836809992790222,76233600,0.3923609852790833,0.3888890147209168,0.2867542505264282,CSCO
463,17-12-1991,0.3888890147209168,0.3923609852790833,44553600,0.3923609852790833,0.3888890147209168,0.2867542505264282,CSCO
464,18-12-1991,0.3871529996395111,0.3871529996395111,110203200,0.3993059992790222,0.3949649930000305,0.2912344336509705,CSCO
465,19-12-1991,0.3871529996395111,0.3940970003604889,56808000,0.3940970003604889,0.3888890147209168,0.2867542505264282,CSCO
466,20-12-1991,0.38020798563957214,0.3940970003604889,67334400,0.3940970003604889,0.3819440007209778,0.2816331386566162,CSCO
467,23-12-1991,0.38020798563957214,0.3819440007209778,159868800,0.3940970003604889,0.3923609852790833,0.289314329624176,CSCO
468,24-12-1991,0.3923609852790833,0.3940970003604889,84873600,0.4149309992790222,0.41145798563957214,0.3033958077430725,CSCO
469,26-12-1991,0.4149309992790222,0.4149309992790222,123105600,0.4479170143604279,0.44270798563957214,0.3264385461807251,CSCO
470,27-12-1991,0.4357640147209168,0.4444440007209778,74577600,0.4496529996395111,0.4461809992790222,0.32899942994117737,CSCO
471,30-12-1991,0.4496529996395111,0.4548609852790833,74620800,0.46875,0.4652779996395111,0.34308096766471863,CSCO
472,31-12-1991,0.453125,0.4722220003604889,106272000,0.4739579856395722,0.4600690007209778,0.3392399549484253,CSCO
473,02-01-1992,0.4479170143604279,0.4548609852790833,76334400,0.4600690007209778,0.4565970003604889,0.3366799354553223,CSCO
474,03-01-1992,0.4496529996395111,0.4565970003604889,65059200,0.4652779996395111,0.4652779996395111,0.34308096766471863,CSCO
475,06-01-1992,0.4548609852790833,0.4635420143604279,47577600,0.4670140147209168,0.4670140147209168,0.3443610072135925,CSCO
476,07-01-1992,0.4618059992790222,0.4652779996395111,112651200,0.4895829856395722,0.4861109852790833,0.3584425151348114,CSCO
477,08-01-1992,0.4809029996395111,0.484375,158097600,0.515625,0.5086809992790222,0.3750849664211273,CSCO
478,09-01-1992,0.5104169845581055,0.5138890147209167,116467200,0.5225690007209778,0.5112850069999695,0.37700507044792175,CSCO
479,10-01-1992,0.4826390147209168,0.5121530294418335,129456000,0.5121530294418335,0.5017359852790833,0.3699639141559601,CSCO
480,13-01-1992,0.5034719705581665,0.5069440007209778,68688000,0.5138890147209167,0.5069440007209778,0.3738041818141937,CSCO
481,14-01-1992,0.4913190007209778,0.5052080154418945,107510400,0.5104169845581055,0.5052080154418945,0.37252411246299744,CSCO
482,15-01-1992,0.5,0.5052080154418945,110908800,0.5243059992790222,0.5190969705581665,0.38276541233062733,CSCO
483,16-01-1992,0.515625,0.5190969705581665,148075200,0.5381940007209778,0.5269100069999695,0.3885264992713928,CSCO
484,17-01-1992,0.515625,0.5329859852790833,94233600,0.5347219705581665,0.5208330154418945,0.3840454816818237,CSCO
485,20-01-1992,0.484375,0.5208330154418945,107798400,0.5225690007209778,0.4878470003604889,0.35972267389297485,CSCO
486,21-01-1992,0.4618059992790222,0.4809029996395111,213494400,0.484375,0.4652779996395111,0.34308096766471863,CSCO
487,22-01-1992,0.4704859852790833,0.4722220003604889,201902400,0.5069440007209778,0.5034719705581665,0.3712439835071564,CSCO
488,23-01-1992,0.5034719705581665,0.5086809992790222,166924800,0.5190969705581665,0.5121530294418335,0.3776451945304871,CSCO
489,24-01-1992,0.5069440007209778,0.5121530294418335,96480000,0.5208330154418945,0.5138890147209167,0.3789252042770386,CSCO
490,27-01-1992,0.5121530294418335,0.515625,59529600,0.5243059992790222,0.5173609852790833,0.3814852237701416,CSCO
491,28-01-1992,0.515625,0.5208330154418945,62438400,0.5260419845581055,0.5182290077209473,0.3821254074573517,CSCO
492,29-01-1992,0.5052080154418945,0.5173609852790833,124113600,0.5260419845581055,0.5069440007209778,0.3738041818141937,CSCO
493,30-01-1992,0.5069440007209778,0.5086809992790222,48470400,0.5190969705581665,0.5173609852790833,0.3814852237701416,CSCO
494,31-01-1992,0.5121530294418335,0.5173609852790833,89971200,0.53125,0.5217009782791138,0.3846854269504547,CSCO
495,03-02-1992,0.5225690007209778,0.5243059992790222,129744000,0.5520830154418945,0.547743022441864,0.4038879871368408,CSCO
496,04-02-1992,0.5434030294418335,0.5503469705581665,113328000,0.5607640147209167,0.5590280294418335,0.4122092127799988,CSCO
497,05-02-1992,0.5590280294418335,0.5607640147209167,128822400,0.5798609852790833,0.5755209922790527,0.4243706464767456,CSCO
498,06-02-1992,0.5763890147209167,0.5763890147209167,148046400,0.6024309992790222,0.5850690007209778,0.4314109086990357,CSCO
499,07-02-1992,0.5833330154418945,0.6024309992790222,184075200,0.6059030294418335,0.59375,0.4378121793270111,CSCO
500,10-02-1992,0.5763890147209167,0.59375,90921600,0.59375,0.5833330154418945,0.4301309287548065,CSCO
501,11-02-1992,0.5642359852790833,0.5833330154418945,96595200,0.5833330154418945,0.5763890147209167,0.425010621547699,CSCO
502,12-02-1992,0.5746530294418335,0.5798609852790833,90720000,0.5972219705581665,0.59375,0.4378121793270111,CSCO
503,13-02-1992,0.5850690007209778,0.59375,104083200,0.6041669845581055,0.5920140147209167,0.4365319609642029,CSCO
504,14-02-1992,0.5833330154418945,0.5902780294418335,63950400,0.5920140147209167,0.5850690007209778,0.4314109086990357,CSCO
505,18-02-1992,0.5711809992790222,0.59375,105235200,0.5989580154418945,0.5720490217208862,0.4218105673789978,CSCO
506,19-02-1992,0.5590280294418335,0.5711809992790222,173419200,0.5763890147209167,0.5677080154418945,0.41860949993133545,CSCO
507,20-02-1992,0.5642359852790833,0.5694440007209778,79430400,0.5850690007209778,0.5807290077209473,0.4282109439373016,CSCO
508,21-02-1992,0.5659719705581665,0.5815969705581665,59961600,0.5815969705581665,0.5659719705581665,0.4173294305801392,CSCO
509,24-02-1992,0.5538190007209778,0.5659719705581665,120384000,0.5677080154418945,0.5555559992790222,0.4096491038799286,CSCO
510,25-02-1992,0.5399309992790222,0.5555559992790222,121392000,0.5572919845581055,0.5512149930000305,0.4064480662345886,CSCO
511,26-02-1992,0.5520830154418945,0.5520830154418945,100814400,0.5833330154418945,0.577256977558136,0.4256505966186523,CSCO
512,27-02-1992,0.5711809992790222,0.5798609852790833,31420800,0.5815969705581665,0.5729169845581055,0.422450453042984,CSCO
513,28-02-1992,0.5625,0.5711809992790222,41328000,0.577256977558136,0.5659719705581665,0.4173294305801392,CSCO
514,02-03-1992,0.5538190007209778,0.5659719705581665,43300800,0.5659719705581665,0.5625,0.4147694408893585,CSCO
515,03-03-1992,0.5581600069999695,0.5625,73800000,0.5729169845581055,0.5590280294418335,0.4122092127799988,CSCO
516,04-03-1992,0.5520830154418945,0.5572919845581055,61171200,0.5625,0.5555559992790222,0.4096491038799286,CSCO
517,05-03-1992,0.5364580154418945,0.5520830154418945,66052800,0.5520830154418945,0.5486109852790833,0.4045281410217285,CSCO
518,06-03-1992,0.5364580154418945,0.5451390147209167,80712000,0.5538190007209778,0.5416669845581055,0.3994077146053314,CSCO
519,09-03-1992,0.5416669845581055,0.546875,75715200,0.5529509782791138,0.546875,0.40324804186820973,CSCO
520,10-03-1992,0.5451390147209167,0.5486109852790833,60206400,0.5642359852790833,0.5590280294418335,0.4122092127799988,CSCO
521,11-03-1992,0.5434030294418335,0.5590280294418335,57801600,0.5625,0.546875,0.40324804186820973,CSCO
522,12-03-1992,0.5364580154418945,0.546875,94795200,0.5520830154418945,0.5494790077209473,0.4051680564880371,CSCO
523,13-03-1992,0.5503469705581665,0.5555559992790222,56073600,0.5590280294418335,0.5503469705581665,0.40580815076828,CSCO
524,16-03-1992,0.5434030294418335,0.5503469705581665,38923200,0.5520830154418945,0.5494790077209473,0.4051680564880371,CSCO
525,17-03-1992,0.5520830154418945,0.5538190007209778,98179200,0.5746530294418335,0.5711809992790222,0.4211704432964325,CSCO
526,18-03-1992,0.5694440007209778,0.5729169845581055,79012800,0.5850690007209778,0.5815969705581665,0.4288507997989655,CSCO
527,19-03-1992,0.5746530294418335,0.5798609852790833,34588800,0.5833330154418945,0.5755209922790527,0.4243706464767456,CSCO
528,20-03-1992,0.5711809992790222,0.5763890147209167,58536000,0.5798609852790833,0.5755209922790527,0.4243706464767456,CSCO
529,23-03-1992,0.5555559992790222,0.5798609852790833,49644000,0.5902780294418335,0.5625,0.4147694408893585,CSCO
530,24-03-1992,0.5590280294418335,0.5625,46339200,0.5694440007209778,0.5694440007209778,0.4198895692825317,CSCO
531,25-03-1992,0.5659719705581665,0.5729169845581055,53560800,0.5972219705581665,0.59375,0.4378121793270111,CSCO
532,26-03-1992,0.5694440007209778,0.5972219705581665,51681600,0.5972219705581665,0.5868059992790222,0.4326919317245483,CSCO
533,27-03-1992,0.5416669845581055,0.5798609852790833,85572000,0.5868059992790222,0.5416669845581055,0.3994077146053314,CSCO
534,30-03-1992,0.5416669845581055,0.5486109852790833,54424800,0.5625,0.5416669845581055,0.3994077146053314,CSCO
535,31-03-1992,0.5416669845581055,0.5416669845581055,56397600,0.5659719705581665,0.5486109852790833,0.4045281410217285,CSCO
536,01-04-1992,0.5381940007209778,0.5381940007209778,55425600,0.5625,0.5625,0.4147694408893585,CSCO
537,02-04-1992,0.5520830154418945,0.5625,55749600,0.5798609852790833,0.5538190007209778,0.408368319272995,CSCO
538,03-04-1992,0.5451390147209167,0.5520830154418945,36259200,0.5659719705581665,0.5555559992790222,0.4096491038799286,CSCO
539,06-04-1992,0.5625,0.5659719705581665,42660000,0.5833330154418945,0.5729169845581055,0.422450453042984,CSCO
540,07-04-1992,0.5277780294418335,0.5763890147209167,90756000,0.5798609852790833,0.53125,0.3917266726493835,CSCO
541,08-04-1992,0.4861109852790833,0.5277780294418335,141242400,0.5381940007209778,0.53125,0.3917266726493835,CSCO
542,09-04-1992,0.5208330154418945,0.5347219705581665,114775200,0.5659719705581665,0.5538190007209778,0.408368319272995,CSCO
543,10-04-1992,0.5173609852790833,0.5590280294418335,96076800,0.5694440007209778,0.5208330154418945,0.3840454816818237,CSCO
544,13-04-1992,0.5173609852790833,0.5208330154418945,49010400,0.5381940007209778,0.5277780294418335,0.3891664743423462,CSCO
545,14-04-1992,0.5277780294418335,0.5347219705581665,64663200,0.5659719705581665,0.5520830154418945,0.4070881605148315,CSCO
546,15-04-1992,0.5486109852790833,0.5555559992790222,51566400,0.5659719705581665,0.5520830154418945,0.4070881605148315,CSCO
547,16-04-1992,0.53125,0.5486109852790833,64353600,0.5555559992790222,0.5364580154418945,0.39556685090065,CSCO
548,20-04-1992,0.5034719705581665,0.53125,62920800,0.53125,0.5173609852790833,0.3814852237701416,CSCO
549,21-04-1992,0.4965279996395111,0.5138890147209167,57009600,0.5173609852790833,0.5034719705581665,0.3712439835071564,CSCO
550,22-04-1992,0.5,0.5069440007209778,77464800,0.5277780294418335,0.5173609852790833,0.3814852237701416,CSCO
551,23-04-1992,0.5,0.5208330154418945,78055200,0.5243059992790222,0.5052080154418945,0.37252411246299744,CSCO
552,24-04-1992,0.4930559992790222,0.5069440007209778,52934400,0.5069440007209778,0.5069440007209778,0.3738041818141937,CSCO
553,27-04-1992,0.4930559992790222,0.5,58831200,0.5173609852790833,0.4930559992790222,0.3635636568069458,CSCO
554,28-04-1992,0.4583329856395722,0.4722220003604889,128721600,0.4965279996395111,0.4739579856395722,0.3494813442230225,CSCO
555,29-04-1992,0.4722220003604889,0.4722220003604889,85183200,0.4930559992790222,0.4930559992790222,0.3635636568069458,CSCO
556,30-04-1992,0.4895829856395722,0.4965279996395111,75031200,0.5243059992790222,0.5069440007209778,0.3738041818141937,CSCO
557,01-05-1992,0.5069440007209778,0.5104169845581055,62236800,0.5208330154418945,0.5121530294418335,0.3776451945304871,CSCO
558,04-05-1992,0.5138890147209167,0.5208330154418945,40219200,0.5416669845581055,0.5243059992790222,0.3866063058376312,CSCO
559,05-05-1992,0.5243059992790222,0.5277780294418335,55900800,0.5520830154418945,0.5399309992790222,0.3981277048587799,CSCO
560,06-05-1992,0.5381940007209778,0.5451390147209167,44424000,0.5486109852790833,0.5399309992790222,0.3981277048587799,CSCO
561,07-05-1992,0.5243059992790222,0.5451390147209167,42098400,0.5486109852790833,0.53125,0.3917266726493835,CSCO
562,08-05-1992,0.5243059992790222,0.5347219705581665,56138400,0.5451390147209167,0.5381940007209778,0.3968468606472016,CSCO
563,11-05-1992,0.5416669845581055,0.5486109852790833,53841600,0.5625,0.5503469705581665,0.40580815076828,CSCO
564,12-05-1992,0.5347219705581665,0.5555559992790222,103795200,0.5555559992790222,0.5451390147209167,0.401968002319336,CSCO
565,13-05-1992,0.5243059992790222,0.5451390147209167,84384000,0.5451390147209167,0.53125,0.3917266726493835,CSCO
566,14-05-1992,0.5416669845581055,0.5520830154418945,284904000,0.5625,0.5590280294418335,0.4122092127799988,CSCO
567,15-05-1992,0.5486109852790833,0.5520830154418945,118036800,0.5729169845581055,0.5677080154418945,0.41860949993133545,CSCO
568,18-05-1992,0.5694440007209778,0.5694440007209778,72410400,0.5868059992790222,0.5798609852790833,0.4275708496570587,CSCO
569,19-05-1992,0.5694440007209778,0.5763890147209167,49881600,0.5902780294418335,0.5833330154418945,0.4301309287548065,CSCO
570,20-05-1992,0.5763890147209167,0.5868059992790222,67104000,0.5868059992790222,0.5868059992790222,0.4326919317245483,CSCO
571,21-05-1992,0.5694440007209778,0.5868059992790222,74700000,0.5868059992790222,0.5763890147209167,0.425010621547699,CSCO
572,22-05-1992,0.5729169845581055,0.5729169845581055,31327200,0.5798609852790833,0.5729169845581055,0.422450453042984,CSCO
573,26-05-1992,0.5555559992790222,0.5763890147209167,52048800,0.5763890147209167,0.5694440007209778,0.4198895692825317,CSCO
574,27-05-1992,0.5659719705581665,0.5694440007209778,47080800,0.5763890147209167,0.5694440007209778,0.4198895692825317,CSCO
575,28-05-1992,0.5694440007209778,0.5729169845581055,83044800,0.59375,0.5902780294418335,0.435251921415329,CSCO
576,29-05-1992,0.5833330154418945,0.5833330154418945,158443200,0.6354169845581055,0.6354169845581055,0.468535989522934,CSCO
577,01-06-1992,0.6215280294418335,0.6284719705581665,133718400,0.6736109852790833,0.6736109852790833,0.4966990649700165,CSCO
578,02-06-1992,0.6527780294418335,0.6736109852790833,71604000,0.6736109852790833,0.65625,0.4838975071907044,CSCO
579,03-06-1992,0.6423609852790833,0.6597219705581665,52732800,0.6597219705581665,0.6493059992790222,0.4787771999835968,CSCO
580,04-06-1992,0.6388890147209167,0.6423609852790833,57535200,0.6597219705581665,0.6527780294418335,0.4813375473022461,CSCO
581,05-06-1992,0.6371530294418335,0.6666669845581055,43884000,0.6666669845581055,0.6423609852790833,0.4736562669277191,CSCO
582,08-06-1992,0.6388890147209167,0.6388890147209167,39254400,0.6493059992790222,0.6458330154418945,0.4762165546417236,CSCO
583,09-06-1992,0.6319440007209778,0.6493059992790222,73648800,0.6493059992790222,0.6388890147209167,0.4710961580276489,CSCO
584,10-06-1992,0.6354169845581055,0.6354169845581055,74541600,0.6458330154418945,0.6354169845581055,0.468535989522934,CSCO
585,11-06-1992,0.6180559992790222,0.6354169845581055,97912800,0.6493059992790222,0.6423609852790833,0.4736562669277191,CSCO
586,12-06-1992,0.6388890147209167,0.6388890147209167,37742400,0.6631940007209778,0.6527780294418335,0.4813375473022461,CSCO
587,15-06-1992,0.6458330154418945,0.6493059992790222,35964000,0.6597219705581665,0.6545140147209167,0.4826174974441528,CSCO
588,16-06-1992,0.6388890147209167,0.6527780294418335,59724000,0.6597219705581665,0.640625,0.4723762571811676,CSCO
589,17-06-1992,0.6076390147209167,0.6388890147209167,120312000,0.6423609852790833,0.6145830154418945,0.4531736075878143,CSCO
590,18-06-1992,0.5972219705581665,0.6111109852790833,93780000,0.6180559992790222,0.5972219705581665,0.4403722286224365,CSCO
591,19-06-1992,0.5972219705581665,0.6076390147209167,65080800,0.6215280294418335,0.6111109852790833,0.4506136476993561,CSCO
592,22-06-1992,0.59375,0.6111109852790833,53719200,0.6145830154418945,0.6076390147209167,0.448053389787674,CSCO
593,23-06-1992,0.6145830154418945,0.6180559992790222,74628000,0.6423609852790833,0.6319440007209778,0.4659751057624817,CSCO
594,24-06-1992,0.6284719705581665,0.6319440007209778,57009600,0.6458330154418945,0.6371530294418335,0.4698162078857422,CSCO
595,25-06-1992,0.6180559992790222,0.6493059992790222,81914400,0.65625,0.6267359852790833,0.46213498711586,CSCO
596,26-06-1992,0.6145830154418945,0.625,39988800,0.6336809992790222,0.6232640147209167,0.4595747590065002,CSCO
597,29-06-1992,0.6215280294418335,0.6215280294418335,60984000,0.65625,0.65625,0.4838975071907044,CSCO
598,30-06-1992,0.6423609852790833,0.65625,67824000,0.6579859852790833,0.6527780294418335,0.4813375473022461,CSCO
599,01-07-1992,0.6423609852790833,0.6527780294418335,91735200,0.6805559992790222,0.6770830154418945,0.4992590546607971,CSCO
600,02-07-1992,0.65625,0.6805559992790222,103564800,0.6840280294418335,0.6631940007209778,0.4890177547931671,CSCO
601,06-07-1992,0.6527780294418335,0.6597219705581665,36648000,0.6736109852790833,0.6736109852790833,0.4966990649700165,CSCO
602,07-07-1992,0.6319440007209778,0.6736109852790833,115768800,0.6736109852790833,0.6336809992790222,0.4672559499740601,CSCO
603,08-07-1992,0.6145830154418945,0.6319440007209778,137376000,0.6423609852790833,0.6354169845581055,0.468535989522934,CSCO
604,09-07-1992,0.6284719705581665,0.6284719705581665,52855200,0.6527780294418335,0.6527780294418335,0.4813375473022461,CSCO
605,10-07-1992,0.6423609852790833,0.6527780294418335,30765600,0.6614580154418945,0.6493059992790222,0.4787771999835968,CSCO
606,13-07-1992,0.6458330154418945,0.6493059992790222,43819200,0.6666669845581055,0.6527780294418335,0.4813375473022461,CSCO
607,14-07-1992,0.6527780294418335,0.6527780294418335,39132000,0.6770830154418945,0.6736109852790833,0.4966990649700165,CSCO
608,15-07-1992,0.6666669845581055,0.6736109852790833,69912000,0.6944440007209778,0.6892359852790833,0.5082202553749084,CSCO
609,16-07-1992,0.6805559992790222,0.6875,76593600,0.7083330154418945,0.6909719705581665,0.5095005631446838,CSCO
610,17-07-1992,0.6631940007209778,0.6840280294418335,58644000,0.6909719705581665,0.6840280294418335,0.5043802261352539,CSCO
611,20-07-1992,0.6666669845581055,0.6701390147209167,32263200,0.6979169845581055,0.6909719705581665,0.5095005631446838,CSCO
612,21-07-1992,0.6909719705581665,0.6944440007209778,46396800,0.7118059992790222,0.7048609852790833,0.5197418928146362,CSCO
613,22-07-1992,0.6805559992790222,0.7013890147209167,105890400,0.7222219705581665,0.6805559992790222,0.5018200278282166,CSCO
614,23-07-1992,0.6805559992790222,0.6805559992790222,54064800,0.7013890147209167,0.6979169845581055,0.5146214962005615,CSCO
615,24-07-1992,0.6909719705581665,0.6944440007209778,54136800,0.7256940007209778,0.71875,0.5299828052520752,CSCO
616,27-07-1992,0.6979169845581055,0.7152780294418335,39808800,0.7222219705581665,0.7048609852790833,0.5197418928146362,CSCO
617,28-07-1992,0.6979169845581055,0.7048609852790833,35920800,0.7256940007209778,0.7222219705581665,0.5325432419776917,CSCO
618,29-07-1992,0.7222219705581665,0.7256940007209778,71179200,0.7430559992790222,0.7291669845581055,0.5376642346382141,CSCO
619,30-07-1992,0.71875,0.7222219705581665,29649600,0.7326390147209167,0.7309030294418335,0.5389442443847656,CSCO
620,31-07-1992,0.7222219705581665,0.7326390147209167,45273600,0.7465280294418335,0.7413190007209778,0.5466248393058777,CSCO
621,03-08-1992,0.7326390147209167,0.7395830154418945,32522400,0.7465280294418335,0.7395830154418945,0.5453448295593262,CSCO
622,04-08-1992,0.7291669845581055,0.7361109852790833,37836000,0.7430559992790222,0.7395830154418945,0.5453448295593262,CSCO
623,05-08-1992,0.7152780294418335,0.7361109852790833,65203200,0.7430559992790222,0.7222219705581665,0.5325432419776917,CSCO
624,06-08-1992,0.6944440007209778,0.7152780294418335,69170400,0.71875,0.6961809992790222,0.5133413672447205,CSCO
625,07-08-1992,0.6840280294418335,0.6909719705581665,64180800,0.7118059992790222,0.6961809992790222,0.5133413672447205,CSCO
626,10-08-1992,0.6875,0.6875,63345600,0.71875,0.7100690007209778,0.5235819816589355,CSCO
627,11-08-1992,0.6944440007209778,0.7083330154418945,49903200,0.7152780294418335,0.7152780294418335,0.5274229645729065,CSCO
628,12-08-1992,0.6979169845581055,0.7152780294418335,35467200,0.71875,0.6979169845581055,0.5146214962005615,CSCO
629,13-08-1992,0.6840280294418335,0.6979169845581055,147067200,0.7048609852790833,0.6892359852790833,0.5082202553749084,CSCO
630,14-08-1992,0.65625,0.7013890147209167,229356000,0.703125,0.6805559992790222,0.5018200278282166,CSCO
631,17-08-1992,0.6736109852790833,0.6805559992790222,66787200,0.6875,0.6822919845581055,0.5031001567840576,CSCO
632,18-08-1992,0.6701390147209167,0.6770830154418945,60595200,0.6840280294418335,0.6805559992790222,0.5018200278282166,CSCO
633,19-08-1992,0.6770830154418945,0.6805559992790222,61185600,0.6979169845581055,0.6805559992790222,0.5018200278282166,CSCO
634,20-08-1992,0.6631940007209778,0.6770830154418945,71877600,0.6840280294418335,0.6805559992790222,0.5018200278282166,CSCO
635,21-08-1992,0.6527780294418335,0.6805559992790222,85428000,0.6875,0.65625,0.4838975071907044,CSCO
636,24-08-1992,0.6215280294418335,0.6527780294418335,81547200,0.65625,0.625,0.4608548581600189,CSCO
637,25-08-1992,0.6145830154418945,0.625,91375200,0.6493059992790222,0.6475690007209778,0.4774964153766632,CSCO
638,26-08-1992,0.6423609852790833,0.6493059992790222,63684000,0.6597219705581665,0.6527780294418335,0.4813375473022461,CSCO
639,27-08-1992,0.6458330154418945,0.65625,62776800,0.6631940007209778,0.6458330154418945,0.4762165546417236,CSCO
640,28-08-1992,0.6388890147209167,0.6458330154418945,20052000,0.6527780294418335,0.6440969705581665,0.4749362468719482,CSCO
641,31-08-1992,0.6284719705581665,0.6458330154418945,45252000,0.6527780294418335,0.6510419845581055,0.4800573289394378,CSCO
642,01-09-1992,0.6493059992790222,0.6493059992790222,52862400,0.6770830154418945,0.6701390147209167,0.494138777256012,CSCO
643,02-09-1992,0.6701390147209167,0.6736109852790833,144914400,0.6979169845581055,0.6944440007209778,0.5120605826377869,CSCO
644,03-09-1992,0.6909719705581665,0.6944440007209778,104061600,0.7083330154418945,0.6979169845581055,0.5146214962005615,CSCO
645,04-09-1992,0.6944440007209778,0.6979169845581055,45756000,0.7048609852790833,0.6979169845581055,0.5146214962005615,CSCO
646,08-09-1992,0.6944440007209778,0.6944440007209778,54597600,0.7083330154418945,0.6996530294418335,0.5159014463424683,CSCO
647,09-09-1992,0.6944440007209778,0.6944440007209778,75060000,0.7256940007209778,0.7222219705581665,0.5325432419776917,CSCO
648,10-09-1992,0.7222219705581665,0.7222219705581665,89899200,0.75,0.7430559992790222,0.5479054450988771,CSCO
649,11-09-1992,0.7395830154418945,0.7430559992790222,44359200,0.7604169845581055,0.7413190007209778,0.5466248393058777,CSCO
650,14-09-1992,0.7465280294418335,0.7534719705581665,79696800,0.7673609852790833,0.7569440007209778,0.5581459999084473,CSCO
651,15-09-1992,0.7378469705581665,0.7534719705581665,62712000,0.7604169845581055,0.7395830154418945,0.5453448295593262,CSCO
652,16-09-1992,0.7256940007209778,0.7361109852790833,81741600,0.7534719705581665,0.7291669845581055,0.5376642346382141,CSCO
653,17-09-1992,0.7256940007209778,0.7326390147209167,52452000,0.7534719705581665,0.7430559992790222,0.5479054450988771,CSCO
654,18-09-1992,0.7361109852790833,0.7430559992790222,36964800,0.7569440007209778,0.7569440007209778,0.5581459999084473,CSCO
655,21-09-1992,0.75,0.7569440007209778,52272000,0.7743059992790222,0.7743059992790222,0.5709482431411743,CSCO
656,22-09-1992,0.7569440007209778,0.7777780294418335,62884800,0.78125,0.7638890147209167,0.5632672309875488,CSCO
657,23-09-1992,0.7430559992790222,0.7604169845581055,46555200,0.7638890147209167,0.7534719705581665,0.5555858612060547,CSCO
658,24-09-1992,0.7534719705581665,0.7604169845581055,64281600,0.7777780294418335,0.7725690007209778,0.5696673393249512,CSCO
659,25-09-1992,0.7326390147209167,0.7777780294418335,82749600,0.78125,0.7395830154418945,0.5453448295593262,CSCO
660,28-09-1992,0.7048609852790833,0.7395830154418945,120650400,0.7395830154418945,0.7152780294418335,0.5274229645729065,CSCO
661,29-09-1992,0.7083330154418945,0.7152780294418335,71798400,0.7430559992790222,0.7361109852790833,0.5427842736244202,CSCO
662,30-09-1992,0.7256940007209778,0.7395830154418945,20181600,0.7395830154418945,0.734375,0.5415043830871582,CSCO
663,01-10-1992,0.7256940007209778,0.7361109852790833,55612800,0.7430559992790222,0.7395830154418945,0.5453448295593262,CSCO
664,02-10-1992,0.7083330154418945,0.7395830154418945,70034400,0.7430559992790222,0.7118059992790222,0.5248628854751587,CSCO
665,05-10-1992,0.6666669845581055,0.7048609852790833,133761600,0.7118059992790222,0.7100690007209778,0.5235819816589355,CSCO
666,06-10-1992,0.7048609852790833,0.7152780294418335,89244000,0.7361109852790833,0.7291669845581055,0.5376642346382141,CSCO
667,07-10-1992,0.7256940007209778,0.7326390147209167,67219200,0.7534719705581665,0.7361109852790833,0.5427842736244202,CSCO
668,08-10-1992,0.7465280294418335,0.7534719705581665,91087200,0.7604169845581055,0.7586809992790222,0.5594269037246704,CSCO
669,09-10-1992,0.7430559992790222,0.7569440007209778,53042400,0.7604169845581055,0.75,0.5530258417129517,CSCO
670,12-10-1992,0.7465280294418335,0.7534719705581665,32752800,0.7673609852790833,0.7604169845581055,0.5607070326805115,CSCO
671,13-10-1992,0.7534719705581665,0.7569440007209778,39384000,0.7673609852790833,0.7621530294418335,0.5619869828224182,CSCO
672,14-10-1992,0.7604169845581055,0.7638890147209167,47728800,0.7743059992790222,0.7638890147209167,0.5632672309875488,CSCO
673,15-10-1992,0.7569440007209778,0.7569440007209778,52207200,0.7708330154418945,0.7708330154418945,0.5683874487876892,CSCO
674,16-10-1992,0.7673609852790833,0.7708330154418945,114040800,0.8020830154418945,0.7899309992790222,0.5824697017669678,CSCO
675,19-10-1992,0.7881940007209778,0.7951390147209167,82814400,0.8159719705581665,0.8020830154418945,0.5914300084114075,CSCO
676,20-10-1992,0.7916669845581055,0.8055559992790222,87537600,0.8159719705581665,0.8055559992790222,0.5939909815788269,CSCO
677,21-10-1992,0.7951390147209167,0.8055559992790222,37173600,0.8159719705581665,0.8107640147209167,0.5978311896324158,CSCO
678,22-10-1992,0.8090280294418335,0.8159719705581665,55857600,0.8263890147209167,0.8211809992790222,0.6055124402046204,CSCO
679,23-10-1992,0.8125,0.8229169845581055,36057600,0.8298609852790833,0.8125,0.5991113185882568,CSCO
680,26-10-1992,0.8072919845581055,0.8125,45770400,0.8263890147209167,0.8263890147209167,0.6093525290489197,CSCO
681,27-10-1992,0.8020830154418945,0.8298609852790833,81367200,0.8298609852790833,0.8125,0.5991113185882568,CSCO
682,28-10-1992,0.8020830154418945,0.8090280294418335,53985600,0.8333330154418945,0.8333330154418945,0.6144729256629944,CSCO
683,29-10-1992,0.8333330154418945,0.8368059992790222,63576000,0.8541669845581055,0.8472219705581665,0.6247142553329468,CSCO
684,30-10-1992,0.8229169845581055,0.8506940007209778,56865600,0.8506940007209778,0.8333330154418945,0.6144729256629944,CSCO
685,02-11-1992,0.8333330154418945,0.8402780294418335,43545600,0.8506940007209778,0.8506940007209778,0.6272743344306946,CSCO
686,03-11-1992,0.8402780294418335,0.8506940007209778,48693600,0.8576390147209167,0.8506940007209778,0.6272743344306946,CSCO
687,04-11-1992,0.84375,0.8472219705581665,50817600,0.8680559992790222,0.8541669845581055,0.6298352479934692,CSCO
688,05-11-1992,0.8576390147209167,0.8576390147209167,111441600,0.8923609852790833,0.8923609852790833,0.6579981446266174,CSCO
689,06-11-1992,0.8819440007209778,0.8923609852790833,107071200,0.9166669845581056,0.9131940007209778,0.6733598709106445,CSCO
690,09-11-1992,0.9097219705581664,0.9131940007209778,187488000,0.9444440007209778,0.921875,0.6797608733177185,CSCO
691,10-11-1992,0.9097219705581664,0.9236109852790833,247557600,0.9756940007209778,0.9722219705581664,0.7168850302696228,CSCO
692,11-11-1992,0.96875,0.9722219705581664,170517600,1.0104169845581057,0.9791669845581056,0.7220060229301453,CSCO
693,12-11-1992,0.9444440007209778,0.9791669845581056,154087200,0.9965280294418336,0.9913190007209778,0.7309666872024536,CSCO
694,13-11-1992,0.96875,0.9895830154418944,98884800,0.9930559992790222,0.9791669845581056,0.7220060229301453,CSCO
695,16-11-1992,0.9583330154418944,0.9756940007209778,56880000,0.9791669845581056,0.9670140147209167,0.7130450010299683,CSCO
696,17-11-1992,0.9409719705581664,0.9652780294418336,103010400,0.96875,0.9513890147209167,0.7015237212181091,CSCO
697,18-11-1992,0.9444440007209778,0.9479169845581056,61250400,0.9895830154418944,0.9861109852790833,0.7271266579627991,CSCO
698,19-11-1992,0.9861109852790833,0.9895830154418944,89625600,1.0208330154418943,1.0,0.7373677492141724,CSCO
699,20-11-1992,0.9965280294418336,0.9965280294418336,79804800,1.0416669845581057,1.0277780294418335,0.7578504085540771,CSCO
700,23-11-1992,1.0,1.017361044883728,86860800,1.0208330154418943,1.013888955116272,0.7476089596748352,CSCO
701,24-11-1992,1.013888955116272,1.017361044883728,74620800,1.0520830154418943,1.0520830154418943,0.7757720351219177,CSCO
702,25-11-1992,1.03125,1.0520830154418943,55224000,1.0625,1.038193941116333,0.7655308246612549,CSCO
703,27-11-1992,1.03125,1.038193941116333,22384800,1.0520830154418943,1.038193941116333,0.7655308246612549,CSCO
704,30-11-1992,1.0104169845581057,1.038193941116333,120830400,1.0416669845581057,1.038193941116333,0.7655308246612549,CSCO
705,01-12-1992,1.017361044883728,1.032986044883728,75837600,1.038193941116333,1.029513955116272,0.7591304183006287,CSCO
706,02-12-1992,0.9895830154418944,1.029513955116272,101066400,1.03125,1.006943941116333,0.7424879670143127,CSCO
707,03-12-1992,0.9826390147209167,1.0034719705581665,96256800,1.0208330154418943,1.0208330154418943,0.7527292370796204,CSCO
708,04-12-1992,1.017361044883728,1.0208330154418943,67680000,1.038193941116333,1.0347219705581665,0.7629704475402832,CSCO
709,07-12-1992,1.0347219705581665,1.0416669845581057,59925600,1.048611044883728,1.0416669845581057,0.7680915594100952,CSCO
710,08-12-1992,1.024306058883667,1.0416669845581057,56556000,1.0416669845581057,1.03125,0.7604106068611145,CSCO
711,09-12-1992,1.0104169845581057,1.03125,84463200,1.0416669845581057,1.024306058883667,0.7552903890609741,CSCO
712,10-12-1992,0.9930559992790222,1.017361044883728,56008800,1.0260419845581057,1.017361044883728,0.7501690983772278,CSCO
713,11-12-1992,0.9826390147209167,1.013888955116272,69429600,1.013888955116272,0.9965280294418336,0.734807550907135,CSCO
714,14-12-1992,0.984375,0.9895830154418944,50882400,1.017361044883728,0.9861109852790833,0.7271266579627991,CSCO
715,15-12-1992,0.9548609852790833,0.9861109852790833,115797600,0.9861109852790833,0.9756940007209778,0.7194453477859497,CSCO
716,16-12-1992,0.9583330154418944,0.9791669845581056,104464800,0.9861109852790833,0.9652780294418336,0.7117648720741272,CSCO
717,17-12-1992,0.9652780294418336,0.96875,145706400,1.006943941116333,1.0052080154418943,0.7412079572677612,CSCO
718,18-12-1992,0.9965280294418336,1.006943941116333,103024800,1.0347219705581665,1.013888955116272,0.7476089596748352,CSCO
719,21-12-1992,0.9965280294418336,1.0104169845581057,80128800,1.0277780294418335,1.013888955116272,0.7476089596748352,CSCO
720,22-12-1992,1.0034719705581665,1.0208330154418943,74080800,1.0277780294418335,1.017361044883728,0.7501690983772278,CSCO
721,23-12-1992,1.0208330154418943,1.024306058883667,68277600,1.0416669845581057,1.03125,0.7604106068611145,CSCO
722,24-12-1992,1.024306058883667,1.03125,49989600,1.055556058883667,1.045138955116272,0.7706518769264221,CSCO
723,28-12-1992,1.045138955116272,1.048611044883728,80956800,1.111111044883728,1.111111044883728,0.8192973732948303,CSCO
724,29-12-1992,1.069443941116333,1.1145830154418943,108230400,1.1215280294418335,1.076388955116272,0.7936944365501404,CSCO
725,30-12-1992,1.069443941116333,1.069443941116333,63626400,1.100693941116333,1.092013955116272,0.8052157163619995,CSCO
726,31-12-1992,1.086806058883667,1.09375,43308000,1.1145830154418943,1.092013955116272,0.8052157163619995,CSCO
727,04-01-1993,1.0590280294418335,1.09375,66960000,1.09375,1.0833330154418943,0.7988146543502808,CSCO
728,05-01-1993,1.079861044883728,1.0833330154418943,61070400,1.1145830154418943,1.1128469705581665,0.8205775022506714,CSCO
729,06-01-1993,1.118056058883667,1.1215280294418335,71200800,1.142361044883728,1.140625,0.8410601615905762,CSCO
730,07-01-1993,1.1059030294418335,1.1527780294418335,101548800,1.1527780294418335,1.118056058883667,0.8244184255599976,CSCO
731,08-01-1993,1.100693941116333,1.1145830154418943,107676000,1.1284719705581665,1.1284719705581665,0.8320989012718201,CSCO
732,11-01-1993,1.125,1.1284719705581665,67824000,1.1666669845581057,1.15625,0.8525815606117249,CSCO
733,12-01-1993,1.1458330154418943,1.15625,90230400,1.180556058883667,1.164931058883667,0.8589826226234436,CSCO
734,13-01-1993,1.1597219705581665,1.163193941116333,129830400,1.21875,1.196181058883667,0.8820255398750305,CSCO
735,14-01-1993,1.201388955116272,1.204861044883728,153280800,1.2465280294418335,1.243056058883667,0.9165895581245422,CSCO
736,15-01-1993,1.204861044883728,1.2291669845581057,119858400,1.2395830154418943,1.2065969705581665,0.8897055387496948,CSCO
737,18-01-1993,1.194443941116333,1.201388955116272,75765600,1.243056058883667,1.2378469705581665,0.9127483367919922,CSCO
738,19-01-1993,1.2152780294418335,1.236111044883728,98013600,1.25,1.225693941116333,0.9037871956825256,CSCO
739,20-01-1993,1.204861044883728,1.2291669845581057,83304000,1.243056058883667,1.232638955116272,0.908908188343048,CSCO
740,21-01-1993,1.225693941116333,1.232638955116272,116438400,1.2916669845581057,1.2847219705581665,0.9473125338554382,CSCO
741,22-01-1993,1.274306058883667,1.288193941116333,80704800,1.3020830154418943,1.279513955116272,0.9434722661972046,CSCO
742,25-01-1993,1.263888955116272,1.28125,73173600,1.305556058883667,1.295138955116272,0.9549937844276428,CSCO
743,26-01-1993,1.2708330154418943,1.305556058883667,73360800,1.3159719705581665,1.2760419845581057,0.940912127494812,CSCO
744,27-01-1993,1.2291669845581057,1.2777780294418335,124588800,1.28125,1.2395830154418943,0.9140282273292542,CSCO
745,28-01-1993,1.2083330154418943,1.232638955116272,160876800,1.2395830154418943,1.217013955116272,0.8973866701126099,CSCO
746,29-01-1993,1.211806058883667,1.225693941116333,42429600,1.232638955116272,1.2291669845581057,0.9063477516174316,CSCO
747,01-02-1993,1.236111044883728,1.2395830154418943,73872000,1.2708330154418943,1.2604169845581057,0.9293909668922424,CSCO
748,02-02-1993,1.263888955116272,1.263888955116272,97473600,1.295138955116272,1.2864580154418943,0.9485926628112792,CSCO
749,03-02-1993,1.256943941116333,1.295138955116272,77529600,1.3090280294418335,1.28125,0.9447525143623352,CSCO
750,04-02-1993,1.2395830154418943,1.2847219705581665,83253600,1.2847219705581665,1.2690969705581665,0.9357908368110656,CSCO
751,05-02-1993,1.2152780294418335,1.25,205603200,1.2847219705581665,1.232638955116272,0.908908188343048,CSCO
752,08-02-1993,1.2152780294418335,1.232638955116272,131868000,1.2465280294418335,1.2222219705581665,0.9012272953987122,CSCO
753,09-02-1993,1.1770830154418943,1.236111044883728,150444000,1.243056058883667,1.1909719705581665,0.8781843781471252,CSCO
754,10-02-1993,1.194443941116333,1.1979169845581057,131364000,1.232638955116272,1.2222219705581665,0.9012272953987122,CSCO
755,11-02-1993,1.2152780294418335,1.2291669845581057,46310400,1.236111044883728,1.2152780294418335,0.8961067795753479,CSCO
756,12-02-1993,1.1909719705581665,1.21875,75916800,1.2222219705581665,1.1996530294418335,0.8845852613449097,CSCO
757,16-02-1993,1.1215280294418335,1.1909719705581665,228103200,1.1909719705581665,1.1354169845581057,0.837219774723053,CSCO
758,17-02-1993,1.069443941116333,1.1354169845581057,309650400,1.142361044883728,1.138888955116272,0.8397799134254456,CSCO
759,18-02-1993,1.1284719705581665,1.15625,216511200,1.1979169845581057,1.1909719705581665,0.8781843781471252,CSCO
760,19-02-1993,1.1597219705581665,1.1979169845581057,82569600,1.201388955116272,1.180556058883667,0.870503842830658,CSCO
761,22-02-1993,1.142361044883728,1.180556058883667,97041600,1.1979169845581057,1.142361044883728,0.8423401713371277,CSCO
762,23-02-1993,1.0972219705581665,1.15625,141307200,1.15625,1.123263955116272,0.8282585740089417,CSCO
763,24-02-1993,1.100693941116333,1.118056058883667,118555200,1.1875,1.1840280294418335,0.8730639219284058,CSCO
764,25-02-1993,1.180556058883667,1.180556058883667,85680000,1.2222219705581665,1.204861044883728,0.8884259462356567,CSCO
765,26-02-1993,1.201388955116272,1.2083330154418943,68911200,1.232638955116272,1.21875,0.8986668586730957,CSCO
766,01-03-1993,1.1840280294418335,1.2152780294418335,56433600,1.2222219705581665,1.1909719705581665,0.8781843781471252,CSCO
767,02-03-1993,1.1770830154418943,1.1875,92714400,1.232638955116272,1.2309030294418335,0.907628297805786,CSCO
768,03-03-1993,1.2291669845581057,1.2291669845581057,113997600,1.2708330154418943,1.256943941116333,0.9268298745155334,CSCO
769,04-03-1993,1.2222219705581665,1.256943941116333,115754400,1.28125,1.28125,0.9447525143623352,CSCO
770,05-03-1993,1.263888955116272,1.28125,88603200,1.3020830154418943,1.2777780294418335,0.942192316055298,CSCO
771,08-03-1993,1.232638955116272,1.243056058883667,157291200,1.28125,1.256943941116333,0.9268298745155334,CSCO
772,09-03-1993,1.243056058883667,1.256943941116333,79732800,1.2847219705581665,1.2690969705581665,0.9357908368110656,CSCO
773,10-03-1993,1.2534719705581665,1.267361044883728,70603200,1.2847219705581665,1.279513955116272,0.9434722661972046,CSCO
774,11-03-1993,1.274306058883667,1.28125,83109600,1.3125,1.305556058883667,0.9626750946044922,CSCO
775,12-03-1993,1.2777780294418335,1.2916669845581057,69249600,1.3090280294418335,1.3090280294418335,0.9652349948883056,CSCO
776,15-03-1993,1.3125,1.3159719705581665,75823200,1.3402780294418335,1.329861044883728,0.980596363544464,CSCO
777,16-03-1993,1.298611044883728,1.326388955116272,84412800,1.3333330154418943,1.319443941116333,0.9729156494140624,CSCO
778,17-03-1993,1.274306058883667,1.3159719705581665,116388000,1.326388955116272,1.28125,0.9447525143623352,CSCO
779,18-03-1993,1.2534719705581665,1.28125,121888800,1.298611044883728,1.263888955116272,0.9319511651992798,CSCO
780,19-03-1993,1.2291669845581057,1.263888955116272,91605600,1.267361044883728,1.241318941116333,0.9153086543083192,CSCO
781,22-03-1993,1.1875,1.2222219705581665,72392400,1.2291669845581057,1.194443941116333,0.8807444572448729,CSCO
782,23-03-1993,1.1597219705581665,1.201388955116272,88588800,1.2291669845581057,1.1597219705581665,0.8551416993141174,CSCO
783,24-03-1993,1.125,1.1527780294418335,114548400,1.1875,1.1527780294418335,0.850021243095398,CSCO
784,25-03-1993,1.163193941116333,1.1666669845581057,87624000,1.256943941116333,1.25,0.9217097163200378,CSCO
785,26-03-1993,1.236111044883728,1.263888955116272,59227200,1.2777780294418335,1.256943941116333,0.9268298745155334,CSCO
786,29-03-1993,1.2222219705581665,1.256943941116333,47390400,1.2847219705581665,1.2222219705581665,0.9012272953987122,CSCO
787,30-03-1993,1.1666669845581057,1.236111044883728,86796000,1.236111044883728,1.2152780294418335,0.8961067795753479,CSCO
788,31-03-1993,1.2152780294418335,1.2291669845581057,51433200,1.2777780294418335,1.243056058883667,0.9165895581245422,CSCO
789,01-04-1993,1.2222219705581665,1.25,55605600,1.2777780294418335,1.2291669845581057,0.9063477516174316,CSCO
790,02-04-1993,1.173611044883728,1.2083330154418943,67179600,1.2222219705581665,1.1770830154418943,0.8679431676864624,CSCO
791,05-04-1993,1.173611044883728,1.180556058883667,56084400,1.201388955116272,1.1909719705581665,0.8781843781471252,CSCO
792,06-04-1993,1.180556058883667,1.2083330154418943,44049600,1.2152780294418335,1.194443941116333,0.8807444572448729,CSCO
793,07-04-1993,1.180556058883667,1.1875,49255200,1.25,1.243056058883667,0.9165895581245422,CSCO
794,08-04-1993,1.2083330154418943,1.25,24512400,1.263888955116272,1.211806058883667,0.8935465216636658,CSCO
795,12-04-1993,1.194443941116333,1.2291669845581057,42454800,1.256943941116333,1.2152780294418335,0.8961067795753479,CSCO
796,13-04-1993,1.2152780294418335,1.2222219705581665,73267200,1.2916669845581057,1.2604169845581057,0.9293909668922424,CSCO
797,14-04-1993,1.236111044883728,1.256943941116333,38314800,1.2777780294418335,1.2708330154418943,0.9370713829994202,CSCO
798,15-04-1993,1.25,1.2708330154418943,33681600,1.2708330154418943,1.256943941116333,0.9268298745155334,CSCO
799,16-04-1993,1.2152780294418335,1.263888955116272,58737600,1.2708330154418943,1.236111044883728,0.911468744277954,CSCO
800,19-04-1993,1.173611044883728,1.2291669845581057,65084400,1.243056058883667,1.194443941116333,0.8807444572448729,CSCO
801,20-04-1993,1.125,1.201388955116272,75974400,1.201388955116272,1.1597219705581665,0.8551416993141174,CSCO
802,21-04-1993,1.1458330154418943,1.1597219705581665,55789200,1.2152780294418335,1.201388955116272,0.8858653903007507,CSCO
803,22-04-1993,1.180556058883667,1.194443941116333,52808400,1.243056058883667,1.194443941116333,0.8807444572448729,CSCO
804,23-04-1993,1.1458330154418943,1.1875,44276400,1.194443941116333,1.1770830154418943,0.8679431676864624,CSCO
805,26-04-1993,1.118056058883667,1.1597219705581665,64735200,1.173611044883728,1.1284719705581665,0.8320989012718201,CSCO
806,27-04-1993,1.076388955116272,1.125,97128000,1.138888955116272,1.1215280294418335,0.8269785642623901,CSCO
807,28-04-1993,1.118056058883667,1.125,65253600,1.1875,1.1840280294418335,0.8730639219284058,CSCO
808,29-04-1993,1.1527780294418335,1.1666669845581057,41976000,1.2222219705581665,1.2152780294418335,0.8961067795753479,CSCO
809,30-04-1993,1.138888955116272,1.2152780294418335,89344800,1.236111044883728,1.1458330154418943,0.8449001312255859,CSCO
810,03-05-1993,1.111111044883728,1.138888955116272,71434800,1.201388955116272,1.201388955116272,0.8858653903007507,CSCO
811,04-05-1993,1.201388955116272,1.2083330154418943,93103200,1.263888955116272,1.2395830154418943,0.9140282273292542,CSCO
812,05-05-1993,1.2222219705581665,1.236111044883728,122274000,1.2847219705581665,1.2777780294418335,0.942192316055298,CSCO
813,06-05-1993,1.236111044883728,1.2777780294418335,95428800,1.305556058883667,1.256943941116333,0.9268298745155334,CSCO
814,07-05-1993,1.2708330154418943,1.2847219705581665,229140000,1.368056058883667,1.3541669845581057,0.998519003391266,CSCO
815,10-05-1993,1.3333330154418943,1.375,124218000,1.3958330154418943,1.375,1.0138803720474243,CSCO
816,11-05-1993,1.3541669845581057,1.368056058883667,64170000,1.3854169845581057,1.381943941116333,1.0190011262893677,CSCO
817,12-05-1993,1.3541669845581057,1.368056058883667,57798000,1.381943941116333,1.361111044883728,1.0036393404006958,CSCO
818,13-05-1993,1.319443941116333,1.361111044883728,62449200,1.368056058883667,1.350693941116333,0.9959580302238464,CSCO
819,14-05-1993,1.3402780294418335,1.3402780294418335,74239200,1.4027780294418335,1.392361044883728,1.026681900024414,CSCO
820,17-05-1993,1.381943941116333,1.381943941116333,88088400,1.4583330154418943,1.4479169845581057,1.0676473379135132,CSCO
821,18-05-1993,1.4409719705581665,1.4583330154418943,105742800,1.486111044883728,1.4791669845581057,1.0906903743743896,CSCO
822,19-05-1993,1.444443941116333,1.4791669845581057,104853600,1.5416669845581057,1.538193941116333,1.1342145204544067,CSCO
823,20-05-1993,1.5,1.548611044883728,67759200,1.5625,1.517361044883728,1.118852972984314,CSCO
824,21-05-1993,1.4652780294418335,1.5208330154418943,60832800,1.5208330154418943,1.5,1.106051683425903,CSCO
825,24-05-1993,1.4791669845581057,1.493056058883667,35834400,1.5208330154418943,1.506943941116333,1.1111717224121094,CSCO
826,25-05-1993,1.4652780294418335,1.5,55720800,1.5208330154418943,1.486111044883728,1.0958104133605957,CSCO
827,26-05-1993,1.4652780294418335,1.486111044883728,83818800,1.5625,1.5625,1.152137041091919,CSCO
828,27-05-1993,1.5,1.555556058883667,49330800,1.5625,1.5277780294418335,1.1265344619750977,CSCO
829,28-05-1993,1.4375,1.513888955116272,85590000,1.513888955116272,1.5,1.106051683425903,CSCO
830,01-06-1993,1.4652780294418335,1.506943941116333,51840000,1.5208330154418943,1.4652780294418335,1.0804486274719238,CSCO
831,02-06-1993,1.423611044883728,1.4791669845581057,64425600,1.4791669845581057,1.46875,1.0830087661743164,CSCO
832,03-06-1993,1.4375,1.4791669845581057,54392400,1.5208330154418943,1.506943941116333,1.1111717224121094,CSCO
833,04-06-1993,1.4166669845581057,1.4791669845581057,81201600,1.4791669845581057,1.4479169845581057,1.0676473379135132,CSCO
834,07-06-1993,1.375,1.444443941116333,68709600,1.451388955116272,1.4166669845581057,1.0446046590805054,CSCO
835,08-06-1993,1.361111044883728,1.4097219705581665,62557200,1.423611044883728,1.4027780294418335,1.0343631505966189,CSCO
836,09-06-1993,1.388888955116272,1.4027780294418335,50727600,1.444443941116333,1.413193941116333,1.0420435667037964,CSCO
837,10-06-1993,1.3958330154418943,1.4097219705581665,53420400,1.4652780294418335,1.4375,1.0599656105041504,CSCO
838,11-06-1993,1.444443941116333,1.4583330154418943,37422000,1.4791669845581057,1.4652780294418335,1.0804486274719238,CSCO
839,14-06-1993,1.4583330154418943,1.4722219705581665,47664000,1.506943941116333,1.5,1.106051683425903,CSCO
840,15-06-1993,1.444443941116333,1.5208330154418943,64310400,1.5208330154418943,1.5,1.106051683425903,CSCO
841,16-06-1993,1.444443941116333,1.506943941116333,45820800,1.513888955116272,1.482638955116272,1.0932501554489136,CSCO
842,17-06-1993,1.4583330154418943,1.4791669845581057,31352400,1.5,1.475693941116333,1.0881290435791016,CSCO
843,18-06-1993,1.4166669845581057,1.4791669845581057,39081600,1.493056058883667,1.430556058883667,1.054845929145813,CSCO
844,21-06-1993,1.381943941116333,1.430556058883667,54939600,1.430556058883667,1.413193941116333,1.0420435667037964,CSCO
845,22-06-1993,1.388888955116272,1.4166669845581057,34034400,1.4166669845581057,1.4097219705581665,1.0394837856292725,CSCO
846,23-06-1993,1.3958330154418943,1.4166669845581057,44668800,1.451388955116272,1.4027780294418335,1.0343631505966189,CSCO
847,24-06-1993,1.388888955116272,1.4027780294418335,37087200,1.4375,1.4270830154418943,1.0522851943969729,CSCO
848,25-06-1993,1.430556058883667,1.444443941116333,52686000,1.506943941116333,1.482638955116272,1.0932501554489136,CSCO
849,28-06-1993,1.486111044883728,1.486111044883728,88236000,1.5625,1.5625,1.152137041091919,CSCO
850,29-06-1993,1.5277780294418335,1.5625,77792400,1.5902780294418335,1.545138955116272,1.1393355131149292,CSCO
851,30-06-1993,1.5,1.548611044883728,54558000,1.576388955116272,1.5208330154418943,1.1214132308959959,CSCO
852,01-07-1993,1.4722219705581665,1.506943941116333,48268800,1.5416669845581057,1.5416669845581057,1.1367754936218262,CSCO
853,02-07-1993,1.513888955116272,1.5416669845581057,23756400,1.555556058883667,1.5416669845581057,1.1367754936218262,CSCO
854,06-07-1993,1.5,1.5277780294418335,29278800,1.5416669845581057,1.5208330154418943,1.1214132308959959,CSCO
855,07-07-1993,1.4583330154418943,1.506943941116333,39272400,1.513888955116272,1.4722219705581665,1.0855685472488403,CSCO
856,08-07-1993,1.4583330154418943,1.4791669845581057,41659200,1.513888955116272,1.4895830154418943,1.0983703136444092,CSCO
857,09-07-1993,1.493056058883667,1.493056058883667,29757600,1.5277780294418335,1.5208330154418943,1.1214132308959959,CSCO
858,12-07-1993,1.5208330154418943,1.5277780294418335,32443200,1.555556058883667,1.5347219705581665,1.1316543817520142,CSCO
859,13-07-1993,1.5416669845581057,1.5416669845581057,45759600,1.576388955116272,1.5590280294418335,1.149577260017395,CSCO
860,14-07-1993,1.555556058883667,1.5625,40374000,1.5833330154418943,1.5625,1.152137041091919,CSCO
861,15-07-1993,1.430556058883667,1.5277780294418335,130500000,1.5416669845581057,1.451388955116272,1.070207595825195,CSCO
862,16-07-1993,1.361111044883728,1.423611044883728,139633200,1.444443941116333,1.388888955116272,1.0241217613220217,CSCO
863,19-07-1993,1.3125,1.381943941116333,109753200,1.3958330154418943,1.375,1.0138803720474243,CSCO
864,20-07-1993,1.381943941116333,1.3958330154418943,97426800,1.4652780294418335,1.451388955116272,1.070207595825195,CSCO
865,21-07-1993,1.4027780294418335,1.451388955116272,59331600,1.451388955116272,1.423611044883728,1.0497249364852903,CSCO
866,22-07-1993,1.388888955116272,1.423611044883728,46015200,1.444443941116333,1.4097219705581665,1.0394837856292725,CSCO
867,23-07-1993,1.4097219705581665,1.4166669845581057,61426800,1.486111044883728,1.46875,1.0830087661743164,CSCO
868,26-07-1993,1.4652780294418335,1.4652780294418335,72968400,1.555556058883667,1.5416669845581057,1.1367754936218262,CSCO
869,27-07-1993,1.4583330154418943,1.5347219705581665,72270000,1.5347219705581665,1.4652780294418335,1.0804486274719238,CSCO
870,28-07-1993,1.444443941116333,1.4583330154418943,28357200,1.5,1.4895830154418943,1.0983703136444092,CSCO
871,29-07-1993,1.4583330154418943,1.5,40428000,1.513888955116272,1.4722219705581665,1.0855685472488403,CSCO
872,30-07-1993,1.423611044883728,1.451388955116272,45601200,1.4583330154418943,1.4409719705581665,1.0625263452529907,CSCO
873,02-08-1993,1.4375,1.4375,35737200,1.4791669845581057,1.4583330154418943,1.0753275156021118,CSCO
874,03-08-1993,1.4652780294418335,1.4652780294418335,36432000,1.506943941116333,1.486111044883728,1.0958104133605957,CSCO
875,04-08-1993,1.4791669845581057,1.493056058883667,49539600,1.5347219705581665,1.5104169845581057,1.1137324571609497,CSCO
876,05-08-1993,1.5208330154418943,1.5277780294418335,59209200,1.548611044883728,1.53125,1.129094481468201,CSCO
877,06-08-1993,1.5208330154418943,1.5208330154418943,67226400,1.5902780294418335,1.576388955116272,1.162378430366516,CSCO
878,09-08-1993,1.5833330154418943,1.5902780294418335,71254800,1.638888955116272,1.631943941116333,1.2033429145812988,CSCO
879,10-08-1993,1.625,1.625,45298800,1.6458330154418943,1.631943941116333,1.2033429145812988,CSCO
880,11-08-1993,1.5833330154418943,1.631943941116333,53787600,1.6458330154418943,1.5972219705581665,1.1777399778366089,CSCO
881,12-08-1993,1.555556058883667,1.5902780294418335,73940400,1.631943941116333,1.5833330154418943,1.1674984693527222,CSCO
882,13-08-1993,1.4409719705581665,1.5,235915200,1.506943941116333,1.475693941116333,1.0881290435791016,CSCO
883,16-08-1993,1.451388955116272,1.4791669845581057,146750400,1.5347219705581665,1.5277780294418335,1.1265344619750977,CSCO
884,17-08-1993,1.5,1.524306058883667,90806400,1.6041669845581057,1.5902780294418335,1.1726198196411133,CSCO
885,18-08-1993,1.5625,1.6041669845581057,99723600,1.625,1.576388955116272,1.162378430366516,CSCO
886,19-08-1993,1.517361044883728,1.576388955116272,88063200,1.576388955116272,1.5208330154418943,1.1214132308959959,CSCO
887,20-08-1993,1.4652780294418335,1.5208330154418943,120790800,1.5208330154418943,1.475693941116333,1.0881290435791016,CSCO
888,23-08-1993,1.4652780294418335,1.4652780294418335,75909600,1.5104169845581057,1.5,1.106051683425903,CSCO
889,24-08-1993,1.493056058883667,1.506943941116333,58964400,1.5347219705581665,1.53125,1.129094481468201,CSCO
890,25-08-1993,1.4583330154418943,1.5347219705581665,87595200,1.5347219705581665,1.4722219705581665,1.0855685472488403,CSCO
891,26-08-1993,1.381943941116333,1.4722219705581665,208609200,1.4722219705581665,1.399306058883667,1.0318028926849363,CSCO
892,27-08-1993,1.388888955116272,1.4027780294418335,142131600,1.4652780294418335,1.461806058883667,1.0778884887695312,CSCO
893,30-08-1993,1.3784719705581665,1.4652780294418335,103903200,1.4791669845581057,1.381943941116333,1.0190011262893677,CSCO
894,31-08-1993,1.3125,1.4027780294418335,264686400,1.4166669845581057,1.326388955116272,0.9780364632606506,CSCO
895,01-09-1993,1.3125,1.3125,168674400,1.368056058883667,1.3402780294418335,0.988277554512024,CSCO
896,02-09-1993,1.3333330154418943,1.3333330154418943,83754000,1.361111044883728,1.3541669845581057,0.998519003391266,CSCO
897,03-09-1993,1.305556058883667,1.3541669845581057,73584000,1.361111044883728,1.3159719705581665,0.9703552722930908,CSCO
898,07-09-1993,1.201388955116272,1.305556058883667,215586000,1.3333330154418943,1.204861044883728,0.8884259462356567,CSCO
899,08-09-1993,1.138888955116272,1.173611044883728,328111200,1.232638955116272,1.2152780294418335,0.8961067795753479,CSCO
900,09-09-1993,1.25,1.263888955116272,158457600,1.305556058883667,1.295138955116272,0.9549937844276428,CSCO
901,10-09-1993,1.243056058883667,1.298611044883728,111193200,1.319443941116333,1.243056058883667,0.9165895581245422,CSCO
902,13-09-1993,1.1597219705581665,1.25,152913600,1.25,1.1597219705581665,0.8551416993141174,CSCO
903,14-09-1993,1.118056058883667,1.1597219705581665,191181600,1.1875,1.173611044883728,0.8653830289840698,CSCO
904,15-09-1993,1.1666669845581057,1.180556058883667,131421600,1.2222219705581665,1.201388955116272,0.8858653903007507,CSCO
905,16-09-1993,1.2083330154418943,1.2152780294418335,138758400,1.2777780294418335,1.2708330154418943,0.9370713829994202,CSCO
906,17-09-1993,1.256943941116333,1.256943941116333,133286400,1.2916669845581057,1.2708330154418943,0.9370713829994202,CSCO
907,20-09-1993,1.236111044883728,1.263888955116272,68644800,1.305556058883667,1.236111044883728,0.911468744277954,CSCO
908,21-09-1993,1.2152780294418335,1.2708330154418943,160405200,1.2847219705581665,1.25,0.9217097163200378,CSCO
909,22-09-1993,1.263888955116272,1.2708330154418943,129052800,1.3333330154418943,1.3125,0.9677950143814088,CSCO
910,23-09-1993,1.305556058883667,1.3125,87087600,1.3541669845581057,1.3125,0.9677950143814088,CSCO
911,24-09-1993,1.2777780294418335,1.298611044883728,106768800,1.3541669845581057,1.3472219705581665,0.993398129940033,CSCO
912,27-09-1993,1.361111044883728,1.381943941116333,104832000,1.423611044883728,1.413193941116333,1.0420435667037964,CSCO
913,28-09-1993,1.381943941116333,1.4166669845581057,79606800,1.451388955116272,1.444443941116333,1.0650864839553833,CSCO
914,29-09-1993,1.423611044883728,1.4652780294418335,162756000,1.506943941116333,1.430556058883667,1.054845929145813,CSCO
915,30-09-1993,1.381943941116333,1.4375,87483600,1.444443941116333,1.388888955116272,1.0241217613220217,CSCO
916,01-10-1993,1.3333330154418943,1.381943941116333,100119600,1.3958330154418943,1.3715280294418335,1.01132071018219,CSCO
917,04-10-1993,1.3541669845581057,1.361111044883728,56746800,1.4027780294418335,1.375,1.0138803720474243,CSCO
918,05-10-1993,1.305556058883667,1.381943941116333,123865200,1.381943941116333,1.329861044883728,0.980596363544464,CSCO
919,06-10-1993,1.263888955116272,1.3402780294418335,133365600,1.361111044883728,1.28125,0.9447525143623352,CSCO
920,07-10-1993,1.236111044883728,1.298611044883728,76125600,1.298611044883728,1.25,0.9217097163200378,CSCO
921,08-10-1993,1.256943941116333,1.2916669845581057,83750400,1.319443941116333,1.319443941116333,0.9729156494140624,CSCO
922,11-10-1993,1.2708330154418943,1.319443941116333,54997200,1.3472219705581665,1.2777780294418335,0.942192316055298,CSCO
923,12-10-1993,1.3333330154418943,1.368056058883667,176990400,1.451388955116272,1.413193941116333,1.0420435667037964,CSCO
924,13-10-1993,1.3541669845581057,1.4097219705581665,75880800,1.430556058883667,1.3958330154418943,1.0292423963546753,CSCO
925,14-10-1993,1.3541669845581057,1.3958330154418943,42134400,1.4027780294418335,1.375,1.0138803720474243,CSCO
926,15-10-1993,1.3541669845581057,1.388888955116272,39664800,1.3958330154418943,1.361111044883728,1.0036393404006958,CSCO
927,18-10-1993,1.319443941116333,1.3645830154418943,55706400,1.3958330154418943,1.3229169845581057,0.9754761457443236,CSCO
928,19-10-1993,1.2777780294418335,1.326388955116272,53694000,1.3402780294418335,1.319443941116333,0.9729156494140624,CSCO
929,20-10-1993,1.2777780294418335,1.3333330154418943,80686800,1.3472219705581665,1.2916669845581057,0.9524338245391846,CSCO
930,21-10-1993,1.2777780294418335,1.2777780294418335,104115600,1.361111044883728,1.3541669845581057,0.998519003391266,CSCO
931,22-10-1993,1.3472219705581665,1.361111044883728,104295600,1.3958330154418943,1.375,1.0138803720474243,CSCO
932,25-10-1993,1.3402780294418335,1.388888955116272,72939600,1.4027780294418335,1.381943941116333,1.0190011262893677,CSCO
933,26-10-1993,1.3402780294418335,1.375,54453600,1.388888955116272,1.375,1.0138803720474243,CSCO
934,27-10-1993,1.361111044883728,1.375,48092400,1.4097219705581665,1.4027780294418335,1.0343631505966189,CSCO
935,28-10-1993,1.375,1.4097219705581665,57074400,1.4340280294418335,1.381943941116333,1.0190011262893677,CSCO
936,29-10-1993,1.381943941116333,1.388888955116272,66970800,1.444443941116333,1.423611044883728,1.0497249364852903,CSCO
937,01-11-1993,1.4027780294418335,1.430556058883667,97686000,1.486111044883728,1.486111044883728,1.0958104133605957,CSCO
938,02-11-1993,1.444443941116333,1.4791669845581057,49212000,1.493056058883667,1.46875,1.0830087661743164,CSCO
939,03-11-1993,1.4097219705581665,1.493056058883667,86364000,1.5034719705581665,1.4166669845581057,1.0446046590805054,CSCO
940,04-11-1993,1.357638955116272,1.4166669845581057,126565200,1.430556058883667,1.381943941116333,1.0190011262893677,CSCO
941,05-11-1993,1.3958330154418943,1.430556058883667,223545600,1.5,1.486111044883728,1.0958104133605957,CSCO
942,08-11-1993,1.4583330154418943,1.486111044883728,109591200,1.5277780294418335,1.5034719705581665,1.1086117029190063,CSCO
943,09-11-1993,1.4895830154418943,1.5277780294418335,93834000,1.5347219705581665,1.5,1.106051683425903,CSCO
944,10-11-1993,1.4791669845581057,1.506943941116333,69840000,1.5208330154418943,1.5104169845581057,1.1137324571609497,CSCO
945,11-11-1993,1.513888955116272,1.513888955116272,137412000,1.576388955116272,1.548611044883728,1.141895771026611,CSCO
946,12-11-1993,1.5208330154418943,1.548611044883728,53038800,1.576388955116272,1.548611044883728,1.141895771026611,CSCO
947,15-11-1993,1.5347219705581665,1.555556058883667,72180000,1.5902780294418335,1.5833330154418943,1.1674984693527222,CSCO
948,16-11-1993,1.548611044883728,1.569443941116333,49554000,1.5902780294418335,1.586806058883667,1.1700598001480105,CSCO
949,17-11-1993,1.5277780294418335,1.5833330154418943,53067600,1.5902780294418335,1.548611044883728,1.141895771026611,CSCO
950,18-11-1993,1.5208330154418943,1.5416669845581057,69462000,1.5625,1.5590280294418335,1.149577260017395,CSCO
951,19-11-1993,1.506943941116333,1.5416669845581057,112082400,1.5972219705581665,1.5833330154418943,1.1674984693527222,CSCO
952,22-11-1993,1.5277780294418335,1.569443941116333,82436400,1.569443941116333,1.548611044883728,1.141895771026611,CSCO
953,23-11-1993,1.5416669845581057,1.569443941116333,64584000,1.5902780294418335,1.576388955116272,1.162378430366516,CSCO
954,24-11-1993,1.576388955116272,1.5833330154418943,65757600,1.618056058883667,1.5972219705581665,1.1777399778366089,CSCO
955,26-11-1993,1.5833330154418943,1.6041669845581057,20206800,1.611111044883728,1.59375,1.1751798391342163,CSCO
956,29-11-1993,1.548611044883728,1.5902780294418335,75272400,1.611111044883728,1.5520830154418943,1.1444560289382937,CSCO
957,30-11-1993,1.5347219705581665,1.548611044883728,51861600,1.5833330154418943,1.5625,1.152137041091919,CSCO
958,01-12-1993,1.569443941116333,1.569443941116333,55278000,1.6041669845581057,1.600693941116333,1.1803001165390017,CSCO
959,02-12-1993,1.5625,1.6041669845581057,121460400,1.673611044883728,1.649306058883667,1.2161448001861572,CSCO
960,03-12-1993,1.6666669845581057,1.694443941116333,184226400,1.7083330154418943,1.701388955116272,1.254549264907837,CSCO
961,06-12-1993,1.6597219705581665,1.680556058883667,78084000,1.7152780294418335,1.7152780294418335,1.264790654182434,CSCO
962,07-12-1993,1.6875,1.7083330154418943,68119200,1.7291669845581057,1.7222219705581665,1.2699108123779297,CSCO
963,08-12-1993,1.673611044883728,1.7083330154418943,30693600,1.7152780294418335,1.680556058883667,1.239187717437744,CSCO
964,09-12-1993,1.6458330154418943,1.673611044883728,52192800,1.6840280294418335,1.65625,1.2212655544281006,CSCO
965,10-12-1993,1.631943941116333,1.6597219705581665,40474800,1.673611044883728,1.6597219705581665,1.2238253355026243,CSCO
966,13-12-1993,1.631943941116333,1.6527780294418335,46108800,1.680556058883667,1.663193941116333,1.2263857126235962,CSCO
967,14-12-1993,1.631943941116333,1.6527780294418335,35506800,1.673611044883728,1.6458330154418943,1.213584303855896,CSCO
968,15-12-1993,1.618056058883667,1.6458330154418943,43192800,1.6597219705581665,1.649306058883667,1.2161448001861572,CSCO
969,16-12-1993,1.6458330154418943,1.6527780294418335,62449200,1.6875,1.670138955116272,1.2315064668655396,CSCO
970,17-12-1993,1.6597219705581665,1.673611044883728,30639600,1.6875,1.680556058883667,1.239187717437744,CSCO
971,20-12-1993,1.673611044883728,1.673611044883728,38044800,1.7152780294418335,1.7152780294418335,1.264790654182434,CSCO
972,21-12-1993,1.694443941116333,1.7083330154418943,28879200,1.7222219705581665,1.694443941116333,1.2494285106658936,CSCO
973,22-12-1993,1.638888955116272,1.6597219705581665,61603200,1.6875,1.6875,1.2443081140518188,CSCO
974,23-12-1993,1.7152780294418335,1.743056058883667,77353200,1.75,1.725693941116333,1.2724708318710327,CSCO
975,27-12-1993,1.7222219705581665,1.736111044883728,35668800,1.743056058883667,1.7222219705581665,1.2699108123779297,CSCO
976,28-12-1993,1.7222219705581665,1.7291669845581057,56210400,1.756943941116333,1.75,1.290393590927124,CSCO
977,29-12-1993,1.736111044883728,1.75,61480800,1.7708330154418943,1.763888955116272,1.3006349802017212,CSCO
978,30-12-1993,1.7708330154418943,1.7777780294418335,331099200,1.826388955116272,1.826388955116272,1.3467204570770264,CSCO
979,31-12-1993,1.7916669845581057,1.819443941116333,95508000,1.826388955116272,1.795138955116272,1.323677659034729,CSCO
980,03-01-1994,1.756943941116333,1.7916669845581057,67878000,1.798611044883728,1.7847219705581665,1.3159962892532349,CSCO
981,04-01-1994,1.7708330154418943,1.7847219705581665,66319200,1.8125,1.805556058883667,1.3313584327697754,CSCO
982,05-01-1994,1.7847219705581665,1.8125,146595600,1.868056058883667,1.8472219705581665,1.36208176612854,CSCO
983,06-01-1994,1.8125,1.8541669845581052,63460800,1.861111044883728,1.8333330154418943,1.351840615272522,CSCO
984,07-01-1994,1.8125,1.826388955116272,66193200,1.875,1.850693941116333,1.3646419048309326,CSCO
985,10-01-1994,1.8402780294418333,1.861111044883728,67395600,1.9166669845581052,1.9027780294418333,1.4030474424362185,CSCO
986,11-01-1994,1.875,1.8958330154418943,36745200,1.9027780294418333,1.888888955116272,1.3928056955337524,CSCO
987,12-01-1994,1.8541669845581052,1.888888955116272,52660800,1.8958330154418943,1.888888955116272,1.3928056955337524,CSCO
988,13-01-1994,1.861111044883728,1.881943941116333,48315600,1.881943941116333,1.868056058883667,1.37744402885437,CSCO
989,14-01-1994,1.888888955116272,1.888888955116272,60242400,1.930556058883667,1.9166669845581052,1.4132885932922363,CSCO
990,17-01-1994,1.9027780294418333,1.923611044883728,55602000,1.944443941116333,1.9270830154418943,1.4209686517715454,CSCO
991,18-01-1994,1.923611044883728,1.930556058883667,60991200,1.9652780294418333,1.9652780294418333,1.449132800102234,CSCO
992,19-01-1994,1.9097219705581665,1.944443941116333,52243200,1.951388955116272,1.923611044883728,1.418408989906311,CSCO
993,20-01-1994,1.888888955116272,1.9166669845581052,40942800,1.9375,1.90625,1.4056072235107422,CSCO
994,21-01-1994,1.888888955116272,1.9166669845581052,31809600,1.951388955116272,1.9479169845581052,1.436331033706665,CSCO
995,24-01-1994,1.923611044883728,1.9375,49730400,1.9791669845581052,1.951388955116272,1.4388916492462158,CSCO
996,25-01-1994,1.875,1.951388955116272,92444400,1.9583330154418943,1.9027780294418333,1.4030474424362185,CSCO
997,26-01-1994,1.881943941116333,1.9097219705581665,40719600,1.930556058883667,1.8958330154418943,1.3979260921478271,CSCO
998,27-01-1994,1.881943941116333,1.8958330154418943,96022800,1.9097219705581665,1.90625,1.4056072235107422,CSCO
999,28-01-1994,1.9097219705581665,1.9166669845581052,60426000,1.9722219705581665,1.9583330154418943,1.4440115690231323,CSCO
1000,31-01-1994,1.9583330154418943,1.9583330154418943,102322800,2.013889074325561,2.013889074325561,1.484976887702942,CSCO
1001,01-02-1994,1.986111044883728,2.013889074325561,55227600,2.013889074325561,1.986111044883728,1.4644943475723269,CSCO
1002,02-02-1994,1.986111044883728,1.993056058883667,50320800,2.034722089767456,2.027777910232544,1.4952179193496704,CSCO
1003,03-02-1994,2.013889074325561,2.027777910232544,52981200,2.0833330154418945,2.076389074325561,1.5310623645782468,CSCO
1004,04-02-1994,1.993056058883667,2.0833330154418945,93168000,2.0833330154418945,1.993056058883667,1.46961510181427,CSCO
1005,07-02-1994,1.944443941116333,1.9722219705581665,114955200,2.0208330154418945,2.013889074325561,1.484976887702942,CSCO
1006,08-02-1994,1.986111044883728,2.0,68673600,2.0625,2.055556058883667,1.5157008171081543,CSCO
1007,09-02-1994,2.055556058883667,2.0625,59608800,2.090277910232544,2.0625,1.520821213722229,CSCO
1008,10-02-1994,1.993056058883667,2.076389074325561,115387200,2.076389074325561,2.0,1.4747354984283447,CSCO
1009,11-02-1994,1.986111044883728,1.986111044883728,125920800,2.069443941116333,2.065972089767456,1.5233809947967532,CSCO
1010,14-02-1994,2.055556058883667,2.069443941116333,68770800,2.104166984558105,2.076389074325561,1.5310623645782468,CSCO
1011,15-02-1994,2.0486109256744385,2.076389074325561,62996400,2.107639074325561,2.0486109256744385,1.5105797052383425,CSCO
1012,16-02-1994,2.013889074325561,2.0625,51400800,2.0625,2.03125,1.4977782964706419,CSCO
1013,17-02-1994,2.013889074325561,2.041666984558105,43459200,2.0486109256744385,2.038193941116333,1.5028988122940063,CSCO
1014,18-02-1994,1.993056058883667,2.041666984558105,57582000,2.041666984558105,2.027777910232544,1.4952179193496704,CSCO
1015,22-02-1994,2.0,2.027777910232544,39279600,2.055556058883667,2.055556058883667,1.5157008171081543,CSCO
1016,23-02-1994,2.0,2.0625,132652800,2.0625,2.027777910232544,1.4952179193496704,CSCO
1017,24-02-1994,1.9722219705581665,2.006943941116333,58510800,2.0208330154418945,1.993056058883667,1.46961510181427,CSCO
1018,25-02-1994,1.986111044883728,2.006943941116333,59554800,2.041666984558105,2.03125,1.4977782964706419,CSCO
1019,28-02-1994,2.034722089767456,2.0486109256744385,61894800,2.0833330154418945,2.0486109256744385,1.5105797052383425,CSCO
1020,01-03-1994,2.041666984558105,2.069443941116333,69584400,2.0833330154418945,2.059027910232544,1.518260836601257,CSCO
1021,02-03-1994,2.013889074325561,2.027777910232544,130122000,2.097222089767456,2.090277910232544,1.5413037538528442,CSCO
1022,03-03-1994,2.0833330154418945,2.097222089767456,102776400,2.152777910232544,2.131943941116333,1.5720268487930298,CSCO
1023,04-03-1994,2.121527910232544,2.138889074325561,99234000,2.194443941116333,2.194443941116333,1.618112564086914,CSCO
1024,07-03-1994,2.1875,2.194443941116333,84261600,2.25,2.232639074325561,1.6462759971618652,CSCO
1025,08-03-1994,2.1736109256744385,2.2361109256744385,82375200,2.243056058883667,2.222222089767456,1.6385947465896606,CSCO
1026,09-03-1994,2.1875,2.229166984558105,78465600,2.256943941116333,2.243056058883667,1.6539571285247805,CSCO
1027,10-03-1994,2.194443941116333,2.256943941116333,66859200,2.263889074325561,2.222222089767456,1.6385947465896606,CSCO
1028,11-03-1994,2.184027910232544,2.215277910232544,34610400,2.229166984558105,2.215277910232544,1.633474826812744,CSCO
1029,14-03-1994,2.201389074325561,2.2083330154418945,28965600,2.229166984558105,2.222222089767456,1.6385947465896606,CSCO
1030,15-03-1994,2.159722089767456,2.180556058883667,76388400,2.215277910232544,2.1875,1.6129921674728394,CSCO
1031,16-03-1994,2.166666984558105,2.2083330154418945,44614800,2.2083330154418945,2.190972089767456,1.6155519485473633,CSCO
1032,17-03-1994,2.180556058883667,2.194443941116333,47498400,2.2083330154418945,2.2083330154418945,1.628353476524353,CSCO
1033,18-03-1994,2.1736109256744385,2.201389074325561,37890000,2.2083330154418945,2.194443941116333,1.618112564086914,CSCO
1034,21-03-1994,2.152777910232544,2.222222089767456,33606000,2.222222089767456,2.152777910232544,1.5873888731002808,CSCO
1035,22-03-1994,2.055556058883667,2.166666984558105,49998600,2.180556058883667,2.097222089767456,1.5464237928390503,CSCO
1036,23-03-1994,2.0,2.1111109256744385,80406000,2.1111109256744385,2.069443941116333,1.5259408950805664,CSCO
1037,24-03-1994,1.7916669845581057,2.055556058883667,209957400,2.069443941116333,1.9166669845581052,1.4132885932922363,CSCO
1038,25-03-1994,1.819443941116333,1.9722219705581665,127873800,1.986111044883728,1.8333330154418943,1.351840615272522,CSCO
1039,28-03-1994,1.75,1.875,103341600,1.888888955116272,1.8333330154418943,1.351840615272522,CSCO
1040,29-03-1994,1.763888955116272,1.8472219705581665,59675400,1.8472219705581665,1.7777780294418335,1.3108763694763184,CSCO
1041,30-03-1994,1.7222219705581665,1.7777780294418335,106014600,1.9166669845581052,1.805556058883667,1.3313584327697754,CSCO
1042,31-03-1994,1.7777780294418335,1.819443941116333,91359000,1.9166669845581052,1.9027780294418333,1.4030474424362185,CSCO
1043,04-04-1994,1.7916669845581057,1.8333330154418943,92761200,1.861111044883728,1.8402780294418333,1.3569614887237549,CSCO
1044,05-04-1994,1.861111044883728,1.9027780294418333,90900000,1.9722219705581665,1.944443941116333,1.4337700605392456,CSCO
1045,06-04-1994,1.930556058883667,1.986111044883728,65696400,1.986111044883728,1.9791669845581052,1.4593735933303833,CSCO
1046,07-04-1994,1.944443941116333,2.0,44231400,2.0,1.9791669845581052,1.4593735933303833,CSCO
1047,08-04-1994,1.875,1.986111044883728,43293600,1.986111044883728,1.930556058883667,1.4235297441482544,CSCO
1048,11-04-1994,1.819443941116333,1.9166669845581052,84348000,1.930556058883667,1.8541669845581052,1.3672025203704834,CSCO
1049,12-04-1994,1.680556058883667,1.8333330154418943,157356000,1.8333330154418943,1.7222219705581665,1.2699108123779297,CSCO
1050,13-04-1994,1.555556058883667,1.75,146379600,1.763888955116272,1.6597219705581665,1.2238253355026243,CSCO
1051,14-04-1994,1.611111044883728,1.638888955116272,119557800,1.7708330154418943,1.680556058883667,1.239187717437744,CSCO
1052,15-04-1994,1.680556058883667,1.694443941116333,110471400,1.75,1.680556058883667,1.239187717437744,CSCO
1053,18-04-1994,1.625,1.7083330154418943,58276800,1.7083330154418943,1.6597219705581665,1.2238253355026243,CSCO
1054,19-04-1994,1.5972219705581665,1.694443941116333,69094800,1.7083330154418943,1.638888955116272,1.2084639072418213,CSCO
1055,20-04-1994,1.569443941116333,1.6527780294418335,87161400,1.680556058883667,1.611111044883728,1.1879812479019165,CSCO
1056,21-04-1994,1.611111044883728,1.638888955116272,88592400,1.7777780294418335,1.7708330154418943,1.3057548999786377,CSCO
1057,22-04-1994,1.694443941116333,1.7916669845581057,67318200,1.819443941116333,1.736111044883728,1.2801522016525269,CSCO
1058,25-04-1994,1.7083330154418943,1.736111044883728,37888200,1.7777780294418335,1.763888955116272,1.3006349802017212,CSCO
1059,26-04-1994,1.75,1.7916669845581057,45828000,1.819443941116333,1.7777780294418335,1.3108763694763184,CSCO
1060,28-04-1994,1.7152780294418335,1.7777780294418335,41981400,1.805556058883667,1.7369790077209473,1.280792236328125,CSCO
1061,29-04-1994,1.680556058883667,1.736111044883728,68036400,1.75,1.6840280294418335,1.2417478561401367,CSCO
1062,02-05-1994,1.6527780294418335,1.704861044883728,65057400,1.819443941116333,1.805556058883667,1.3313584327697754,CSCO
1063,03-05-1994,1.7083330154418943,1.8472219705581665,145060200,1.888888955116272,1.743056058883667,1.2852733135223389,CSCO
1064,04-05-1994,1.694443941116333,1.75,70099200,1.763888955116272,1.7083330154418943,1.259669542312622,CSCO
1065,05-05-1994,1.7222219705581665,1.736111044883728,90651600,1.819443941116333,1.75,1.290393590927124,CSCO
1066,06-05-1994,1.680556058883667,1.7083330154418943,78512400,1.763888955116272,1.75,1.290393590927124,CSCO
1067,09-05-1994,1.6527780294418335,1.736111044883728,70509600,1.75,1.6666669845581057,1.2289465665817259,CSCO
1068,10-05-1994,1.5833330154418943,1.7083330154418943,104520600,1.7222219705581665,1.5833330154418943,1.1674984693527222,CSCO
1069,11-05-1994,1.569443941116333,1.625,112181400,1.6666669845581057,1.611111044883728,1.1879812479019165,CSCO
1070,12-05-1994,1.5416669845581057,1.625,119806200,1.6527780294418335,1.611111044883728,1.1879812479019165,CSCO
1071,13-05-1994,1.2222219705581665,1.4027780294418335,806733000,1.423611044883728,1.2916669845581057,0.9524338245391846,CSCO
1072,16-05-1994,1.2222219705581665,1.305556058883667,235625400,1.3472219705581665,1.25,0.9217097163200378,CSCO
1073,17-05-1994,1.201388955116272,1.2777780294418335,225916200,1.2777780294418335,1.2291669845581057,0.9063477516174316,CSCO
1074,18-05-1994,1.263888955116272,1.274306058883667,179710200,1.3472219705581665,1.326388955116272,0.9780364632606506,CSCO
1075,19-05-1994,1.3125,1.3333330154418943,100566000,1.361111044883728,1.329861044883728,0.980596363544464,CSCO
1076,20-05-1994,1.2708330154418943,1.3333330154418943,63802800,1.3333330154418943,1.2916669845581057,0.9524338245391846,CSCO
1077,23-05-1994,1.2777780294418335,1.2916669845581057,55225800,1.361111044883728,1.361111044883728,1.0036393404006958,CSCO
1078,24-05-1994,1.361111044883728,1.375,76260600,1.4166669845581057,1.4027780294418335,1.0343631505966189,CSCO
1079,25-05-1994,1.375,1.4027780294418335,54093600,1.444443941116333,1.430556058883667,1.054845929145813,CSCO
1080,26-05-1994,1.375,1.4166669845581057,90585000,1.5,1.388888955116272,1.0241217613220217,CSCO
1081,27-05-1994,1.3472219705581665,1.4027780294418335,47118600,1.4166669845581057,1.4097219705581665,1.0394837856292725,CSCO
1082,31-05-1994,1.368056058883667,1.4097219705581665,39598200,1.4166669845581057,1.375,1.0138803720474243,CSCO
1083,01-06-1994,1.3541669845581057,1.381943941116333,39357000,1.388888955116272,1.375,1.0138803720474243,CSCO
1084,02-06-1994,1.3333330154418943,1.388888955116272,41522400,1.388888955116272,1.3402780294418335,0.988277554512024,CSCO
1085,03-06-1994,1.305556058883667,1.3402780294418335,51375600,1.361111044883728,1.361111044883728,1.0036393404006958,CSCO
1086,06-06-1994,1.361111044883728,1.368056058883667,39225600,1.4027780294418335,1.388888955116272,1.0241217613220217,CSCO
1087,07-06-1994,1.3125,1.388888955116272,36054000,1.388888955116272,1.3333330154418943,0.9831566214561462,CSCO
1088,08-06-1994,1.2465280294418335,1.3541669845581057,71766000,1.3541669845581057,1.256943941116333,0.9268298745155334,CSCO
1089,09-06-1994,1.263888955116272,1.2708330154418943,55427400,1.3020830154418943,1.28125,0.9447525143623352,CSCO
1090,10-06-1994,1.2847219705581665,1.2916669845581057,37425600,1.326388955116272,1.305556058883667,0.9626750946044922,CSCO
1091,13-06-1994,1.263888955116272,1.298611044883728,34812000,1.305556058883667,1.2708330154418943,0.9370713829994202,CSCO
1092,14-06-1994,1.298611044883728,1.319443941116333,100677600,1.3854169845581057,1.3784719705581665,1.0164405107498171,CSCO
1093,15-06-1994,1.375,1.3958330154418943,71602200,1.423611044883728,1.381943941116333,1.0190011262893677,CSCO
1094,16-06-1994,1.361111044883728,1.388888955116272,31316400,1.388888955116272,1.3715280294418335,1.01132071018219,CSCO
1095,17-06-1994,1.3333330154418943,1.3402780294418335,48096000,1.361111044883728,1.3541669845581057,0.998519003391266,CSCO
1096,20-06-1994,1.3125,1.3333330154418943,25797600,1.4166669845581057,1.3472219705581665,0.993398129940033,CSCO
1097,21-06-1994,1.2916669845581057,1.3402780294418335,31989600,1.3472219705581665,1.3125,0.9677950143814088,CSCO
1098,22-06-1994,1.2847219705581665,1.326388955116272,46351800,1.3333330154418943,1.305556058883667,0.9626750946044922,CSCO
1099,23-06-1994,1.131943941116333,1.263888955116272,262564200,1.2777780294418335,1.1666669845581057,0.8602627515792847,CSCO
1100,24-06-1994,1.1666669845581057,1.173611044883728,97957800,1.2647570371627808,1.2291669845581057,0.9063477516174316,CSCO
1101,27-06-1994,1.2152780294418335,1.2222219705581665,40401000,1.2916669845581057,1.2847219705581665,0.9473125338554382,CSCO
1102,28-06-1994,1.2708330154418943,1.305556058883667,69143400,1.3333330154418943,1.2777780294418335,0.942192316055298,CSCO
1103,29-06-1994,1.2864580154418943,1.298611044883728,67554000,1.3402780294418335,1.326388955116272,0.9780364632606506,CSCO
1104,30-06-1994,1.2847219705581665,1.3333330154418943,35253000,1.357638955116272,1.298611044883728,0.9575535655021667,CSCO
1105,01-07-1994,1.298611044883728,1.319443941116333,41574600,1.3402780294418335,1.3090280294418335,0.9652349948883056,CSCO
1106,05-07-1994,1.256943941116333,1.305556058883667,48310200,1.3125,1.274306058883667,0.9396324157714844,CSCO
1107,06-07-1994,1.243056058883667,1.263888955116272,55108800,1.2777780294418335,1.2777780294418335,0.942192316055298,CSCO
1108,07-07-1994,1.2708330154418943,1.2777780294418335,43704000,1.305556058883667,1.298611044883728,0.9575535655021667,CSCO
1109,08-07-1994,1.263888955116272,1.2847219705581665,84592800,1.3125,1.2708330154418943,0.9370713829994202,CSCO
1110,11-07-1994,1.263888955116272,1.2708330154418943,53586000,1.326388955116272,1.319443941116333,0.9729156494140624,CSCO
1111,12-07-1994,1.243056058883667,1.2777780294418335,94786200,1.2847219705581665,1.263888955116272,0.9319511651992798,CSCO
1112,13-07-1994,1.2777780294418335,1.2847219705581665,126093600,1.3541669845581057,1.3333330154418943,0.9831566214561462,CSCO
1113,14-07-1994,1.0833330154418943,1.361111044883728,437725800,1.381943941116333,1.0972219705581665,0.809056282043457,CSCO
1114,15-07-1994,1.0416669845581057,1.0972219705581665,300461400,1.118056058883667,1.0902780294418335,0.8039360046386719,CSCO
1115,18-07-1994,1.0972219705581665,1.111111044883728,85426200,1.1597219705581665,1.1597219705581665,0.8551416993141174,CSCO
1116,19-07-1994,1.118056058883667,1.1666669845581057,66738600,1.173611044883728,1.118056058883667,0.8244184255599976,CSCO
1117,20-07-1994,1.0972219705581665,1.138888955116272,71253000,1.138888955116272,1.1215280294418335,0.8269785642623901,CSCO
1118,21-07-1994,1.1041669845581057,1.131943941116333,38293200,1.1458330154418943,1.138888955116272,0.8397799134254456,CSCO
1119,22-07-1994,1.131943941116333,1.1527780294418335,59218200,1.1597219705581665,1.138888955116272,0.8397799134254456,CSCO
1120,25-07-1994,1.1041669845581057,1.138888955116272,36214200,1.1458330154418943,1.118056058883667,0.8244184255599976,CSCO
1121,26-07-1994,1.0833330154418943,1.125,54115200,1.125,1.0972219705581665,0.809056282043457,CSCO
1122,27-07-1994,1.076388955116272,1.0902780294418335,44078400,1.0972219705581665,1.0902780294418335,0.8039360046386719,CSCO
1123,28-07-1994,1.0902780294418335,1.0972219705581665,54959400,1.125,1.1041669845581057,0.8141772150993347,CSCO
1124,29-07-1994,1.118056058883667,1.125,154884600,1.180556058883667,1.1666669845581057,0.8602627515792847,CSCO
1125,01-08-1994,1.138888955116272,1.194443941116333,131774400,1.236111044883728,1.21875,0.8986668586730957,CSCO
1126,02-08-1994,1.1597219705581665,1.2291669845581057,65790000,1.236111044883728,1.180556058883667,0.870503842830658,CSCO
1127,03-08-1994,1.1666669845581057,1.180556058883667,35818200,1.201388955116272,1.173611044883728,0.8653830289840698,CSCO
1128,04-08-1994,1.1519099473953247,1.1770830154418943,48861000,1.194443941116333,1.1597219705581665,0.8551416993141174,CSCO
1129,05-08-1994,1.131943941116333,1.131943941116333,45804600,1.1666669845581057,1.1597219705581665,0.8551416993141174,CSCO
1130,08-08-1994,1.1458330154418943,1.1527780294418335,61291800,1.2152780294418335,1.201388955116272,0.8858653903007507,CSCO
1131,09-08-1994,1.201388955116272,1.2083330154418943,60823800,1.2291669845581057,1.21875,0.8986668586730957,CSCO
1132,10-08-1994,1.194443941116333,1.2222219705581665,66261600,1.2291669845581057,1.201388955116272,0.8858653903007507,CSCO
1133,11-08-1994,1.1597219705581665,1.201388955116272,40716000,1.2083330154418943,1.1875,0.8756243586540222,CSCO
1134,12-08-1994,1.170138955116272,1.194443941116333,44073000,1.201388955116272,1.1875,0.8756243586540222,CSCO
1135,15-08-1994,1.1875,1.194443941116333,116773200,1.236111044883728,1.2152780294418335,0.8961067795753479,CSCO
1136,16-08-1994,1.2083330154418943,1.236111044883728,110802600,1.256943941116333,1.25,0.9217097163200378,CSCO
1137,17-08-1994,1.243056058883667,1.2847219705581665,148662000,1.3472219705581665,1.3333330154418943,0.9831566214561462,CSCO
1138,18-08-1994,1.2847219705581665,1.326388955116272,130676400,1.3541669845581057,1.305556058883667,0.9626750946044922,CSCO
1139,19-08-1994,1.2083330154418943,1.2916669845581057,195822000,1.3333330154418943,1.256943941116333,0.9268298745155334,CSCO
1140,22-08-1994,1.2291669845581057,1.243056058883667,65975400,1.3125,1.2777780294418335,0.942192316055298,CSCO
1141,23-08-1994,1.2777780294418335,1.2847219705581665,60773400,1.319443941116333,1.305556058883667,0.9626750946044922,CSCO
1142,24-08-1994,1.2916669845581057,1.305556058883667,58725000,1.3125,1.305556058883667,0.9626750946044922,CSCO
1143,25-08-1994,1.298611044883728,1.298611044883728,77423400,1.3402780294418335,1.3333330154418943,0.9831566214561462,CSCO
1144,26-08-1994,1.3333330154418943,1.3402780294418335,128061000,1.423611044883728,1.423611044883728,1.0497249364852903,CSCO
1145,29-08-1994,1.430556058883667,1.444443941116333,128246400,1.4791669845581057,1.4583330154418943,1.0753275156021118,CSCO
1146,30-08-1994,1.430556058883667,1.4652780294418335,74226600,1.4652780294418335,1.451388955116272,1.070207595825195,CSCO
1147,31-08-1994,1.375,1.444443941116333,61792200,1.451388955116272,1.3784719705581665,1.0164405107498171,CSCO
1148,01-09-1994,1.3402780294418335,1.361111044883728,90516600,1.381943941116333,1.361111044883728,1.0036393404006958,CSCO
1149,02-09-1994,1.3472219705581665,1.361111044883728,35519400,1.381943941116333,1.368056058883667,1.0087604522705078,CSCO
1150,06-09-1994,1.361111044883728,1.375,65505600,1.4027780294418335,1.3784719705581665,1.0164405107498171,CSCO
1151,07-09-1994,1.381943941116333,1.388888955116272,85948200,1.451388955116272,1.4375,1.0599656105041504,CSCO
1152,08-09-1994,1.4375,1.451388955116272,56149200,1.4722219705581665,1.444443941116333,1.0650864839553833,CSCO
1153,09-09-1994,1.3958330154418943,1.4375,46960200,1.4375,1.413193941116333,1.0420435667037964,CSCO
1154,12-09-1994,1.375,1.4166669845581057,27943200,1.4166669845581057,1.3854169845581057,1.021561861038208,CSCO
1155,13-09-1994,1.3958330154418943,1.4027780294418335,67626000,1.430556058883667,1.423611044883728,1.0497249364852903,CSCO
1156,14-09-1994,1.4097219705581665,1.4375,76874400,1.4652780294418335,1.4652780294418335,1.0804486274719238,CSCO
1157,15-09-1994,1.40625,1.4583330154418943,78418800,1.506943941116333,1.5,1.106051683425903,CSCO
1158,16-09-1994,1.4375,1.493056058883667,62911800,1.5,1.4722219705581665,1.0855685472488403,CSCO
1159,19-09-1994,1.444443941116333,1.4791669845581057,32583600,1.486111044883728,1.451388955116272,1.070207595825195,CSCO
1160,20-09-1994,1.423611044883728,1.444443941116333,50205600,1.451388955116272,1.4270830154418943,1.0522851943969729,CSCO
1161,21-09-1994,1.361111044883728,1.430556058883667,95796000,1.430556058883667,1.375,1.0138803720474243,CSCO
1162,22-09-1994,1.361111044883728,1.388888955116272,54126000,1.388888955116272,1.381943941116333,1.0190011262893677,CSCO
1163,23-09-1994,1.3472219705581665,1.375,39578400,1.381943941116333,1.361111044883728,1.0036393404006958,CSCO
1164,26-09-1994,1.326388955116272,1.3472219705581665,32324400,1.361111044883728,1.3541669845581057,0.998519003391266,CSCO
1165,27-09-1994,1.3333330154418943,1.3472219705581665,34680600,1.368056058883667,1.3541669845581057,0.998519003391266,CSCO
1166,28-09-1994,1.326388955116272,1.3541669845581057,46915200,1.368056058883667,1.3402780294418335,0.988277554512024,CSCO
1167,29-09-1994,1.3125,1.3402780294418335,98715600,1.430556058883667,1.423611044883728,1.0497249364852903,CSCO
1168,30-09-1994,1.444443941116333,1.451388955116272,210115800,1.5347219705581665,1.5208330154418943,1.1214132308959959,CSCO
1169,03-10-1994,1.5208330154418943,1.5208330154418943,93589200,1.548611044883728,1.5277780294418335,1.1265344619750977,CSCO
1170,04-10-1994,1.4722219705581665,1.5277780294418335,90736200,1.5347219705581665,1.475693941116333,1.0881290435791016,CSCO
1171,05-10-1994,1.4166669845581057,1.4791669845581057,123291000,1.486111044883728,1.4583330154418943,1.0753275156021118,CSCO
1172,06-10-1994,1.4722219705581665,1.4791669845581057,90768600,1.513888955116272,1.5034719705581665,1.1086117029190063,CSCO
1173,07-10-1994,1.4791669845581057,1.506943941116333,79304400,1.5347219705581665,1.5347219705581665,1.1316543817520142,CSCO
1174,10-10-1994,1.5277780294418335,1.5347219705581665,91350000,1.5625,1.5416669845581057,1.1367754936218262,CSCO
1175,11-10-1994,1.5416669845581057,1.555556058883667,101019600,1.6284719705581665,1.5625,1.152137041091919,CSCO
1176,12-10-1994,1.5,1.548611044883728,105899400,1.569443941116333,1.506943941116333,1.1111717224121094,CSCO
1177,13-10-1994,1.506943941116333,1.5416669845581057,59178600,1.555556058883667,1.5277780294418335,1.1265344619750977,CSCO
1178,14-10-1994,1.513888955116272,1.5208330154418943,47440800,1.5625,1.5347219705581665,1.1316543817520142,CSCO
1179,17-10-1994,1.5,1.5416669845581057,43302600,1.5416669845581057,1.5,1.106051683425903,CSCO
1180,18-10-1994,1.4791669845581057,1.506943941116333,36597600,1.506943941116333,1.493056058883667,1.1009315252304075,CSCO
1181,19-10-1994,1.4791669845581057,1.486111044883728,33651000,1.5347219705581665,1.5208330154418943,1.1214132308959959,CSCO
1182,20-10-1994,1.513888955116272,1.5208330154418943,53733600,1.5416669845581057,1.5277780294418335,1.1265344619750977,CSCO
1183,21-10-1994,1.506943941116333,1.513888955116272,39794400,1.5277780294418335,1.513888955116272,1.116292953491211,CSCO
1184,24-10-1994,1.5,1.506943941116333,47941200,1.5520830154418943,1.5347219705581665,1.1316543817520142,CSCO
1185,25-10-1994,1.5,1.5277780294418335,35137800,1.545138955116272,1.5416669845581057,1.1367754936218262,CSCO
1186,26-10-1994,1.5416669845581057,1.548611044883728,100099800,1.618056058883667,1.611111044883728,1.1879812479019165,CSCO
1187,27-10-1994,1.5972219705581665,1.618056058883667,127051200,1.6666669845581057,1.6666669845581057,1.2289465665817259,CSCO
1188,28-10-1994,1.65625,1.6666669845581057,138040200,1.694443941116333,1.6666669845581057,1.2289465665817259,CSCO
1189,31-10-1994,1.6597219705581665,1.6666669845581057,69809400,1.6875,1.673611044883728,1.2340668439865112,CSCO
1190,01-11-1994,1.6527780294418335,1.6666669845581057,79407000,1.701388955116272,1.701388955116272,1.254549264907837,CSCO
1191,02-11-1994,1.701388955116272,1.7083330154418943,119253600,1.805556058883667,1.756943941116333,1.2955137491226196,CSCO
1192,03-11-1994,1.75,1.763888955116272,104666400,1.7916669845581057,1.7916669845581057,1.3211177587509155,CSCO
1193,04-11-1994,1.743056058883667,1.7916669845581057,77578200,1.798611044883728,1.75,1.290393590927124,CSCO
1194,07-11-1994,1.680556058883667,1.736111044883728,72898200,1.743056058883667,1.701388955116272,1.254549264907837,CSCO
1195,08-11-1994,1.6527780294418335,1.694443941116333,83880000,1.7291669845581057,1.7152780294418335,1.264790654182434,CSCO
1196,09-11-1994,1.7083330154418943,1.736111044883728,71517600,1.7777780294418335,1.743056058883667,1.2852733135223389,CSCO
1197,10-11-1994,1.673611044883728,1.7222219705581665,55555200,1.763888955116272,1.701388955116272,1.254549264907837,CSCO
1198,11-11-1994,1.743056058883667,1.763888955116272,202203000,1.861111044883728,1.8333330154418943,1.351840615272522,CSCO
1199,14-11-1994,1.826388955116272,1.8541669845581052,111214800,1.9027780294418333,1.875,1.3825644254684448,CSCO
1200,15-11-1994,1.8333330154418943,1.881943941116333,76825800,1.923611044883728,1.84375,1.359521746635437,CSCO
1201,16-11-1994,1.8402780294418333,1.8472219705581665,34329600,1.888888955116272,1.881943941116333,1.3876844644546509,CSCO
1202,17-11-1994,1.8333330154418943,1.888888955116272,43219800,1.9166669845581052,1.861111044883728,1.3723232746124268,CSCO
1203,18-11-1994,1.8472219705581665,1.8541669845581052,33049800,1.9027780294418333,1.899306058883667,1.4004868268966677,CSCO
1204,21-11-1994,1.788193941116333,1.9027780294418333,54390600,1.9166669845581052,1.829861044883728,1.3492807149887085,CSCO
1205,22-11-1994,1.6979169845581057,1.8125,124228800,1.8289929628372192,1.701388955116272,1.254549264907837,CSCO
1206,23-11-1994,1.6527780294418335,1.673611044883728,127503000,1.7604169845581057,1.756943941116333,1.2955137491226196,CSCO
1207,25-11-1994,1.756943941116333,1.763888955116272,36597600,1.8125,1.798611044883728,1.3262375593185425,CSCO
1208,28-11-1994,1.7847219705581665,1.7916669845581057,84519000,1.8333330154418943,1.8229169845581052,1.3441603183746338,CSCO
1209,29-11-1994,1.8125,1.826388955116272,72534600,1.8402780294418333,1.8333330154418943,1.351840615272522,CSCO
1210,30-11-1994,1.7916669845581057,1.8333330154418943,57394800,1.8541669845581052,1.7916669845581057,1.3211177587509155,CSCO
1211,01-12-1994,1.763888955116272,1.7777780294418335,42156000,1.805556058883667,1.7916669845581057,1.3211177587509155,CSCO
1212,02-12-1994,1.7708330154418943,1.7847219705581665,38170800,1.826388955116272,1.819443941116333,1.3415991067886353,CSCO
1213,05-12-1994,1.819443941116333,1.819443941116333,44586000,1.8472219705581665,1.8333330154418943,1.351840615272522,CSCO
1214,06-12-1994,1.819443941116333,1.826388955116272,54043200,1.861111044883728,1.8472219705581665,1.36208176612854,CSCO
1215,07-12-1994,1.7708330154418943,1.8402780294418333,42328800,1.84375,1.7847219705581665,1.3159962892532349,CSCO
1216,08-12-1994,1.7083330154418943,1.7916669845581057,64589400,1.805556058883667,1.7152780294418335,1.264790654182434,CSCO
1217,09-12-1994,1.6458330154418943,1.7222219705581665,104103000,1.7916669845581057,1.7777780294418335,1.3108763694763184,CSCO
1218,12-12-1994,1.75,1.7916669845581057,59522400,1.8246530294418333,1.8125,1.33647882938385,CSCO
1219,13-12-1994,1.7847219705581665,1.8125,40647600,1.819443941116333,1.7916669845581057,1.3211177587509155,CSCO
1220,14-12-1994,1.743056058883667,1.7916669845581057,37666800,1.805556058883667,1.763888955116272,1.3006349802017212,CSCO
1221,15-12-1994,1.819443941116333,1.8333330154418943,125344800,1.881943941116333,1.857638955116272,1.3697630167007446,CSCO
1222,16-12-1994,1.8333330154418943,1.861111044883728,52335000,1.888888955116272,1.8472219705581665,1.36208176612854,CSCO
1223,19-12-1994,1.826388955116272,1.8402780294418333,44704800,1.8541669845581052,1.836806058883667,1.354401707649231,CSCO
1224,20-12-1994,1.8125,1.8472219705581665,30214800,1.8541669845581052,1.826388955116272,1.3467204570770264,CSCO
1225,21-12-1994,1.826388955116272,1.826388955116272,55107000,1.8958330154418943,1.888888955116272,1.3928056955337524,CSCO
1226,22-12-1994,1.881943941116333,1.888888955116272,73081800,1.944443941116333,1.9375,1.4286502599716189,CSCO
1227,23-12-1994,1.9375,1.944443941116333,59421600,1.986111044883728,1.9583330154418943,1.4440115690231323,CSCO
1228,27-12-1994,1.9583330154418943,1.9791669845581052,31003200,2.010416984558105,1.993056058883667,1.46961510181427,CSCO
1229,28-12-1994,1.930556058883667,1.993056058883667,37636200,1.993056058883667,1.944443941116333,1.4337700605392456,CSCO
1230,29-12-1994,1.9166669845581052,1.944443941116333,34689600,1.9652780294418333,1.951388955116272,1.4388916492462158,CSCO
1231,30-12-1994,1.9166669845581052,1.944443941116333,30414600,1.9583330154418943,1.951388955116272,1.4388916492462158,CSCO
1232,03-01-1995,1.892361044883728,1.944443941116333,41986800,1.951388955116272,1.8958330154418943,1.3979260921478271,CSCO
1233,04-01-1995,1.881943941116333,1.9097219705581665,54977400,1.930556058883667,1.9097219705581665,1.4081673622131348,CSCO
1234,05-01-1995,1.888888955116272,1.923611044883728,47637000,1.944443941116333,1.8958330154418943,1.3979260921478271,CSCO
1235,06-01-1995,1.868056058883667,1.888888955116272,36253800,1.9166669845581052,1.8958330154418943,1.3979260921478271,CSCO
1236,09-01-1995,1.888888955116272,1.888888955116272,56772000,1.9583330154418943,1.9375,1.4286502599716189,CSCO
1237,10-01-1995,1.944443941116333,1.951388955116272,79871400,2.0,1.9652780294418333,1.449132800102234,CSCO
1238,11-01-1995,1.9375,1.9722219705581665,39054600,1.986111044883728,1.9791669845581052,1.4593735933303833,CSCO
1239,12-01-1995,1.9652780294418333,1.9791669845581052,41499000,2.0,1.9791669845581052,1.4593735933303833,CSCO
1240,13-01-1995,1.9652780294418333,1.986111044883728,38547000,2.0,1.993056058883667,1.46961510181427,CSCO
1241,16-01-1995,1.993056058883667,1.993056058883667,43995600,2.055556058883667,2.034722089767456,1.5003381967544556,CSCO
1242,17-01-1995,2.006943941116333,2.034722089767456,33339600,2.0486109256744385,2.027777910232544,1.4952179193496704,CSCO
1243,18-01-1995,2.006943941116333,2.034722089767456,46076400,2.0833330154418945,2.0208330154418945,1.4900969266891482,CSCO
1244,19-01-1995,1.986111044883728,2.0208330154418945,39724200,2.027777910232544,1.986111044883728,1.4644943475723269,CSCO
1245,20-01-1995,1.930556058883667,1.986111044883728,61133400,1.993056058883667,1.944443941116333,1.4337700605392456,CSCO
1246,23-01-1995,1.861111044883728,1.9097219705581665,64157400,1.944443941116333,1.9409719705581665,1.431210160255432,CSCO
1247,24-01-1995,1.923611044883728,1.9375,70263000,2.006943941116333,1.993056058883667,1.46961510181427,CSCO
1248,25-01-1995,1.930556058883667,1.993056058883667,74385000,1.993056058883667,1.9409719705581665,1.431210160255432,CSCO
1249,26-01-1995,1.875,1.944443941116333,61646400,1.944443941116333,1.881943941116333,1.3876844644546509,CSCO
1250,27-01-1995,1.8541669845581052,1.8958330154418943,51667200,1.8958330154418943,1.881943941116333,1.3876844644546509,CSCO
1251,30-01-1995,1.798611044883728,1.875,83066400,1.888888955116272,1.8090280294418333,1.3339190483093262,CSCO
1252,31-01-1995,1.805556058883667,1.819443941116333,65617200,1.881943941116333,1.8541669845581052,1.3672025203704834,CSCO
1253,01-02-1995,1.868056058883667,1.868056058883667,72684000,1.944443941116333,1.9027780294418333,1.4030474424362185,CSCO
1254,02-02-1995,1.8958330154418943,1.8958330154418943,49543200,1.9791669845581052,1.9722219705581665,1.454253315925598,CSCO
1255,03-02-1995,1.9722219705581665,2.0,66373200,2.034722089767456,1.9791669845581052,1.4593735933303833,CSCO
1256,06-02-1995,1.9791669845581052,1.9791669845581052,55333800,2.055556058883667,2.034722089767456,1.5003381967544556,CSCO
1257,07-02-1995,1.993056058883667,2.041666984558105,41340600,2.0486109256744385,2.0486109256744385,1.5105797052383425,CSCO
1258,08-02-1995,2.013889074325561,2.0486109256744385,46488600,2.055556058883667,2.027777910232544,1.4952179193496704,CSCO
1259,09-02-1995,2.013889074325561,2.034722089767456,85609800,2.107639074325561,2.0208330154418945,1.4900969266891482,CSCO
1260,10-02-1995,1.944443941116333,2.034722089767456,163787400,2.0486109256744385,1.9479169845581052,1.436331033706665,CSCO
1261,13-02-1995,1.8958330154418943,1.930556058883667,117383400,1.9583330154418943,1.9027780294418333,1.4030474424362185,CSCO
1262,14-02-1995,1.8958330154418943,1.9027780294418333,76197600,1.9722219705581665,1.9166669845581052,1.4132885932922363,CSCO
1263,15-02-1995,1.8958330154418943,1.9375,65197800,1.9583330154418943,1.9166669845581052,1.4132885932922363,CSCO
1264,16-02-1995,1.888888955116272,1.923611044883728,82236600,1.9375,1.9027780294418333,1.4030474424362185,CSCO
1265,17-02-1995,1.861111044883728,1.8958330154418943,49010400,1.8958330154418943,1.875,1.3825644254684448,CSCO
1266,21-02-1995,1.819443941116333,1.8541669845581052,73769400,1.868056058883667,1.8402780294418333,1.3569614887237549,CSCO
1267,22-02-1995,1.819443941116333,1.826388955116272,68263200,1.8958330154418943,1.8854169845581052,1.39024555683136,CSCO
1268,23-02-1995,1.881943941116333,1.8958330154418943,91218600,1.923611044883728,1.9097219705581665,1.4081673622131348,CSCO
1269,24-02-1995,1.8472219705581665,1.888888955116272,69784200,1.9027780294418333,1.868056058883667,1.37744402885437,CSCO
1270,27-02-1995,1.8125,1.8541669845581052,82679400,1.8958330154418943,1.836806058883667,1.354401707649231,CSCO
1271,28-02-1995,1.8394099473953247,1.875,60537600,1.888888955116272,1.875,1.3825644254684448,CSCO
1272,01-03-1995,1.826388955116272,1.861111044883728,70790400,1.881943941116333,1.829861044883728,1.3492807149887085,CSCO
1273,02-03-1995,1.826388955116272,1.829861044883728,48956400,1.888888955116272,1.881943941116333,1.3876844644546509,CSCO
1274,03-03-1995,1.868056058883667,1.875,50562000,1.930556058883667,1.9097219705581665,1.4081673622131348,CSCO
1275,06-03-1995,1.868056058883667,1.9027780294418333,36034200,1.9166669845581052,1.9027780294418333,1.4030474424362185,CSCO
1276,07-03-1995,1.881943941116333,1.9097219705581665,51096600,1.930556058883667,1.9097219705581665,1.4081673622131348,CSCO
1277,08-03-1995,1.9097219705581665,1.9097219705581665,60739200,1.9791669845581052,1.951388955116272,1.4388916492462158,CSCO
1278,09-03-1995,1.9027780294418333,1.944443941116333,48924000,1.9652780294418333,1.923611044883728,1.418408989906311,CSCO
1279,10-03-1995,1.9166669845581052,1.923611044883728,43983000,1.951388955116272,1.930556058883667,1.4235297441482544,CSCO
1280,13-03-1995,1.888888955116272,1.930556058883667,28551600,1.9375,1.892361044883728,1.3953659534454346,CSCO
1281,14-03-1995,1.8958330154418943,1.9097219705581665,39015000,1.944443941116333,1.90625,1.4056072235107422,CSCO
1282,15-03-1995,1.888888955116272,1.9027780294418333,81869400,1.951388955116272,1.944443941116333,1.4337700605392456,CSCO
1283,16-03-1995,1.944443941116333,1.951388955116272,88036200,1.9791669845581052,1.9583330154418943,1.4440115690231323,CSCO
1284,17-03-1995,1.930556058883667,1.9791669845581052,41711400,1.9791669845581052,1.9409719705581665,1.431210160255432,CSCO
1285,20-03-1995,1.9097219705581665,1.944443941116333,43050600,1.944443941116333,1.930556058883667,1.4235297441482544,CSCO
1286,21-03-1995,1.9027780294418333,1.930556058883667,91911600,1.9652780294418333,1.923611044883728,1.418408989906311,CSCO
1287,22-03-1995,1.881943941116333,1.9097219705581665,49687200,1.923611044883728,1.8958330154418943,1.3979260921478271,CSCO
1288,23-03-1995,1.888888955116272,1.8958330154418943,42674400,1.9375,1.930556058883667,1.4235297441482544,CSCO
1289,24-03-1995,1.944443941116333,1.951388955116272,137743200,2.0486109256744385,2.0208330154418945,1.4900969266891482,CSCO
1290,27-03-1995,2.0208330154418945,2.034722089767456,108478800,2.118056058883667,2.1111109256744385,1.5566650629043581,CSCO
1291,28-03-1995,2.1111109256744385,2.118056058883667,98953200,2.180556058883667,2.1736109256744385,1.6027507781982422,CSCO
1292,29-03-1995,2.041666984558105,2.180556058883667,125359200,2.215277910232544,2.069443941116333,1.5259408950805664,CSCO
1293,30-03-1995,1.951388955116272,2.069443941116333,117111600,2.0833330154418945,2.041666984558105,1.5054594278335571,CSCO
1294,31-03-1995,1.9652780294418333,2.006943941116333,108208800,2.125,2.118056058883667,1.5617862939834597,CSCO
1295,03-04-1995,2.097222089767456,2.104166984558105,118423800,2.2083330154418945,2.201389074325561,1.6232335567474363,CSCO
1296,04-04-1995,2.131943941116333,2.194443941116333,115441200,2.222222089767456,2.152777910232544,1.5873888731002808,CSCO
1297,05-04-1995,2.118056058883667,2.152777910232544,118432800,2.180556058883667,2.1736109256744385,1.6027507781982422,CSCO
1298,06-04-1995,2.131943941116333,2.159722089767456,56395800,2.1736109256744385,2.166666984558105,1.5976301431655884,CSCO
1299,07-04-1995,2.1423609256744385,2.166666984558105,67356000,2.2083330154418945,2.180556058883667,1.6078720092773438,CSCO
1300,10-04-1995,2.1458330154418945,2.180556058883667,54775800,2.1875,2.159722089767456,1.592509388923645,CSCO
1301,11-04-1995,2.166666984558105,2.1736109256744385,80593200,2.222222089767456,2.215277910232544,1.633474826812744,CSCO
1302,12-04-1995,2.180556058883667,2.222222089767456,61065000,2.229166984558105,2.225693941116333,1.6411550045013428,CSCO
1303,13-04-1995,2.215277910232544,2.222222089767456,46753200,2.256943941116333,2.222222089767456,1.6385947465896606,CSCO
1304,17-04-1995,2.2361109256744385,2.243056058883667,80112600,2.284722089767456,2.25,1.659077763557434,CSCO
1305,18-04-1995,2.166666984558105,2.263889074325561,63477000,2.263889074325561,2.1875,1.6129921674728394,CSCO
1306,19-04-1995,2.0486109256744385,2.125,118823400,2.159722089767456,2.1458330154418945,1.582267999649048,CSCO
1307,20-04-1995,2.1111109256744385,2.1458330154418945,40197600,2.215277910232544,2.170139074325561,1.6001906394958496,CSCO
1308,21-04-1995,2.1458330154418945,2.180556058883667,35251200,2.201389074325561,2.166666984558105,1.5976301431655884,CSCO
1309,24-04-1995,2.125,2.152777910232544,29368800,2.1736109256744385,2.152777910232544,1.5873888731002808,CSCO
1310,25-04-1995,2.152777910232544,2.152777910232544,61664400,2.229166984558105,2.222222089767456,1.6385947465896606,CSCO
1311,26-04-1995,2.215277910232544,2.215277910232544,60633000,2.277777910232544,2.263889074325561,1.669318675994873,CSCO
1312,27-04-1995,2.1875,2.256943941116333,37785600,2.263889074325561,2.194443941116333,1.618112564086914,CSCO
1313,28-04-1995,2.138889074325561,2.194443941116333,48749400,2.229166984558105,2.215277910232544,1.633474826812744,CSCO
1314,01-05-1995,2.180556058883667,2.2083330154418945,25718400,2.222222089767456,2.1875,1.6129921674728394,CSCO
1315,02-05-1995,2.166666984558105,2.1875,52164000,2.284722089767456,2.277777910232544,1.6795598268508911,CSCO
1316,03-05-1995,2.291666984558105,2.2986109256744385,162291600,2.4375,2.416666984558105,1.7819722890853882,CSCO
1317,04-05-1995,2.354166984558105,2.4375,79623000,2.472222089767456,2.368056058883667,1.7461278438568115,CSCO
1318,05-05-1995,2.2986109256744385,2.381943941116333,73762200,2.3958330154418945,2.3125,1.7051631212234497,CSCO
1319,08-05-1995,2.2986109256744385,2.3125,51969600,2.409722089767456,2.388889074325561,1.7614899873733518,CSCO
1320,09-05-1995,2.326389074325561,2.388889074325561,55674000,2.402777910232544,2.3958330154418945,1.7666101455688477,CSCO
1321,10-05-1995,2.340277910232544,2.409722089767456,53127000,2.416666984558105,2.388889074325561,1.7614899873733518,CSCO
1322,11-05-1995,2.368056058883667,2.388889074325561,83926800,2.440972089767456,2.430556058883667,1.7922135591506958,CSCO
1323,12-05-1995,2.402777910232544,2.451389074325561,122729400,2.513889074325561,2.5,1.843419432640076,CSCO
1324,15-05-1995,2.479166984558105,2.493056058883667,77889600,2.527777910232544,2.513889074325561,1.8536609411239624,CSCO
1325,16-05-1995,2.4861109256744385,2.5208330154418945,54441000,2.534722089767456,2.524306058883667,1.8613414764404297,CSCO
1326,17-05-1995,2.5,2.5208330154418945,56676600,2.527777910232544,2.5208330154418945,1.8587809801101685,CSCO
1327,18-05-1995,2.4375,2.513889074325561,66331800,2.5625,2.444443941116333,1.8024545907974243,CSCO
1328,19-05-1995,2.3958330154418945,2.4236109256744385,51566400,2.479166984558105,2.475693941116333,1.8254966735839844,CSCO
1329,22-05-1995,2.444443941116333,2.479166984558105,43320600,2.493056058883667,2.444443941116333,1.8024545907974243,CSCO
1330,23-05-1995,2.451389074325561,2.4583330154418945,134636400,2.659722089767456,2.6458330154418945,1.9509518146514893,CSCO
1331,24-05-1995,2.576389074325561,2.666666984558105,96859800,2.6736109256744385,2.604166984558105,1.9202288389205933,CSCO
1332,25-05-1995,2.555556058883667,2.597222089767456,55119600,2.604166984558105,2.597222089767456,1.9151071310043333,CSCO
1333,26-05-1995,2.541666984558105,2.5486109256744385,43209000,2.5833330154418945,2.5486109256744385,1.879263997077942,CSCO
1334,30-05-1995,2.409722089767456,2.5486109256744385,67845600,2.555556058883667,2.430556058883667,1.7922135591506958,CSCO
1335,31-05-1995,2.347222089767456,2.430556058883667,105800400,2.4375,2.430556058883667,1.7922135591506958,CSCO
1336,01-06-1995,2.430556058883667,2.444443941116333,60739200,2.541666984558105,2.496527910232544,1.840859055519104,CSCO
1337,02-06-1995,2.4583330154418945,2.479166984558105,50659200,2.5625,2.506943941116333,1.84853994846344,CSCO
1338,05-06-1995,2.527777910232544,2.534722089767456,57726000,2.590277910232544,2.534722089767456,1.869022011756897,CSCO
1339,06-06-1995,2.4861109256744385,2.527777910232544,71470800,2.569443941116333,2.4861109256744385,1.8331784009933472,CSCO
1340,07-06-1995,2.451389074325561,2.479166984558105,49568400,2.5,2.472222089767456,1.822937488555908,CSCO
1341,08-06-1995,2.4583330154418945,2.465277910232544,35825400,2.5486109256744385,2.5208330154418945,1.8587809801101685,CSCO
1342,09-06-1995,2.513889074325561,2.513889074325561,48643200,2.576389074325561,2.541666984558105,1.874143123626709,CSCO
1343,12-06-1995,2.555556058883667,2.555556058883667,40267800,2.597222089767456,2.576389074325561,1.8997459411621092,CSCO
1344,13-06-1995,2.576389074325561,2.5833330154418945,66385800,2.6744790077209477,2.6736109256744385,1.9714347124099727,CSCO
1345,14-06-1995,2.625,2.6458330154418945,45628200,2.694443941116333,2.663193941116333,1.963753342628479,CSCO
1346,15-06-1995,2.652777910232544,2.666666984558105,48461400,2.715277910232544,2.690972089767456,1.9842363595962524,CSCO
1347,16-06-1995,2.680556058883667,2.701389074325561,38941200,2.722222089767456,2.715277910232544,2.002158641815185,CSCO
1348,19-06-1995,2.7083330154418945,2.7083330154418945,40179600,2.777777910232544,2.756943941116333,2.0328810214996342,CSCO
1349,20-06-1995,2.722222089767456,2.756943941116333,78431400,2.791666984558105,2.784722089767456,2.053363800048828,CSCO
1350,21-06-1995,2.722222089767456,2.777777910232544,45174600,2.7986109256744385,2.722222089767456,2.007278680801392,CSCO
1351,22-06-1995,2.75,2.756943941116333,60249600,2.8333330154418945,2.8125,2.0738465785980225,CSCO
1352,23-06-1995,2.777777910232544,2.7986109256744385,50277600,2.881943941116333,2.881943941116333,2.125052690505981,CSCO
1353,26-06-1995,2.805556058883667,2.868056058883667,59212800,2.9236109256744385,2.8298609256744385,2.0866479873657227,CSCO
1354,27-06-1995,2.784722089767456,2.819443941116333,56131200,2.888889074325561,2.791666984558105,2.0584850311279297,CSCO
1355,28-06-1995,2.715277910232544,2.777777910232544,62544600,2.7986109256744385,2.743056058883667,2.02264142036438,CSCO
1356,29-06-1995,2.75,2.756943941116333,42341400,2.847222089767456,2.840277910232544,2.094329357147217,CSCO
1357,30-06-1995,2.7986109256744385,2.840277910232544,38995200,2.8611109256744385,2.809027910232544,2.07128643989563,CSCO
1358,03-07-1995,2.777777910232544,2.8125,14263200,2.8125,2.7986109256744385,2.063604593276977,CSCO
1359,05-07-1995,2.78125,2.8125,64576800,2.902777910232544,2.894097089767456,2.1340129375457764,CSCO
1360,06-07-1995,2.8958330154418945,2.909722089767456,59810400,2.972222089767456,2.9583330154418945,2.1813797950744633,CSCO
1361,07-07-1995,2.9583330154418945,2.965277910232544,81711000,3.0833330154418945,3.069443941116333,2.2633087635040283,CSCO
1362,10-07-1995,3.0,3.076389074325561,66632400,3.076389074325561,3.0486109256744385,2.2479472160339355,CSCO
1363,11-07-1995,2.965277910232544,3.027777910232544,88117200,3.034722089767456,2.993056058883667,2.2069828510284424,CSCO
1364,12-07-1995,2.979166984558105,3.006943941116333,50765400,3.0625,3.059027910232544,2.2556285858154297,CSCO
1365,13-07-1995,3.055556058883667,3.0625,59668200,3.194443941116333,3.166666984558105,2.3349974155426025,CSCO
1366,14-07-1995,3.1111109256744385,3.125,66675600,3.243056058883667,3.215277910232544,2.3708415031433105,CSCO
1367,17-07-1995,3.180556058883667,3.222222089767456,50389200,3.2361109256744385,3.201389074325561,2.3606014251708984,CSCO
1368,18-07-1995,3.076389074325561,3.201389074325561,69818400,3.201389074325561,3.090277910232544,2.2786710262298584,CSCO
1369,19-07-1995,2.652777910232544,2.9861109256744385,188251200,3.069443941116333,2.875,2.1199312210083012,CSCO
1370,20-07-1995,2.826389074325561,2.888889074325561,95214600,2.9236109256744385,2.850693941116333,2.1020097732543945,CSCO
1371,21-07-1995,2.819443941116333,2.8333330154418945,81149400,3.013889074325561,2.9583330154418945,2.1813797950744633,CSCO
1372,24-07-1995,2.916666984558105,2.9583330154418945,81633600,3.076389074325561,3.069443941116333,2.2633087635040283,CSCO
1373,25-07-1995,3.104166984558105,3.104166984558105,72763200,3.1875,3.1458330154418945,2.319635391235352,CSCO
1374,26-07-1995,3.1458330154418945,3.152777910232544,53908200,3.222222089767456,3.2083330154418945,2.3657207489013667,CSCO
1375,27-07-1995,3.222222089767456,3.229166984558105,48387600,3.263889074325561,3.256943941116333,2.4015650749206543,CSCO
1376,28-07-1995,3.097222089767456,3.256943941116333,44438400,3.263889074325561,3.1145830154418945,2.296593189239502,CSCO
1377,31-07-1995,3.041666984558105,3.138889074325561,49611600,3.152777910232544,3.097222089767456,2.2837915420532227,CSCO
1378,01-08-1995,2.979166984558105,3.1111109256744385,60062400,3.1111109256744385,3.041666984558105,2.2428274154663086,CSCO
1379,02-08-1995,2.9375,3.055556058883667,96012000,3.138889074325561,2.9583330154418945,2.1813797950744633,CSCO
1380,03-08-1995,2.847222089767456,2.881943941116333,101089800,2.930556058883667,2.902777910232544,2.14041519165039,CSCO
1381,04-08-1995,2.930556058883667,2.930556058883667,49966200,3.055556058883667,3.013889074325561,2.2223446369171143,CSCO
1382,07-08-1995,3.0208330154418945,3.027777910232544,51534000,3.104166984558105,3.090277910232544,2.2786710262298584,CSCO
1383,08-08-1995,3.069443941116333,3.104166984558105,38498400,3.118056058883667,3.090277910232544,2.2786710262298584,CSCO
1384,09-08-1995,3.118056058883667,3.118056058883667,77592600,3.194443941116333,3.170139074325561,2.337557554244995,CSCO
1385,10-08-1995,3.166666984558105,3.166666984558105,66528000,3.25,3.2361109256744385,2.386204719543457,CSCO
1386,11-08-1995,3.229166984558105,3.263889074325561,83068200,3.3333330154418945,3.25,2.396445274353028,CSCO
1387,14-08-1995,3.243056058883667,3.263889074325561,57425400,3.3125,3.2708330154418945,2.4118072986602783,CSCO
1388,15-08-1995,3.25,3.277777910232544,80821800,3.3125,3.263889074325561,2.406686544418335,CSCO
1389,16-08-1995,3.277777910232544,3.277777910232544,127222200,3.472222089767456,3.451389074325561,2.544942617416382,CSCO
1390,17-08-1995,3.354166984558105,3.451389074325561,115275600,3.472222089767456,3.381943941116333,2.4937365055084233,CSCO
1391,18-08-1995,3.500868082046509,3.527777910232544,213526800,3.6875,3.672743082046509,2.708162546157837,CSCO
1392,21-08-1995,3.513889074325561,3.6736109256744394,87089400,3.680556058883667,3.513889074325561,2.591028451919556,CSCO
1393,22-08-1995,3.465277910232544,3.527777910232544,106225200,3.680556058883667,3.6666669845581055,2.7036817073822017,CSCO
1394,23-08-1995,3.659722089767456,3.6666669845581055,78076800,3.722222089767456,3.680556058883667,2.7139229774475098,CSCO
1395,24-08-1995,3.597222089767456,3.680556058883667,74590200,3.7083330154418954,3.694443941116333,2.72416353225708,CSCO
1396,25-08-1995,3.5486109256744385,3.694443941116333,65682000,3.7083330154418954,3.5625,2.6268727779388428,CSCO
1397,28-08-1995,3.416666984558105,3.569443941116333,89424000,3.569443941116333,3.479166984558105,2.5654256343841557,CSCO
1398,29-08-1995,3.305556058883667,3.4583330154418945,169023600,3.493056058883667,3.493056058883667,2.575666904449463,CSCO
1399,30-08-1995,3.5,3.513889074325561,107731800,3.6111109256744394,3.569443941116333,2.6319925785064697,CSCO
1400,31-08-1995,3.569443941116333,3.590277910232544,88002000,3.694443941116333,3.6458330154418954,2.6883199214935303,CSCO
1401,01-09-1995,3.618056058883667,3.631943941116333,41205600,3.694443941116333,3.631943941116333,2.6780779361724854,CSCO
1402,05-09-1995,3.631943941116333,3.6388890743255615,68740200,3.784722089767456,3.784722089767456,2.790731906890869,CSCO
1403,06-09-1995,3.7986109256744394,3.805556058883667,85811400,3.902777910232544,3.8611109256744394,2.8470585346221924,CSCO
1404,07-09-1995,3.8611109256744394,3.881943941116333,72837000,3.9166669845581055,3.902777910232544,2.877783298492432,CSCO
1405,08-09-1995,3.815972089767456,3.9236109256744394,53834400,3.930556058883667,3.909722089767456,2.8829026222229004,CSCO
1406,11-09-1995,3.902777910232544,3.9166669845581055,55375200,4.020833015441895,3.9861109256744394,2.939229249954224,CSCO
1407,12-09-1995,3.9166669845581055,4.006944179534912,60379200,4.020833015441895,3.965277910232544,2.9238681793212886,CSCO
1408,13-09-1995,3.909722089767456,3.9513890743255615,59259600,4.006944179534912,3.972222089767456,2.9289886951446533,CSCO
1409,14-09-1995,3.930556058883667,3.9861109256744394,43869600,4.034721851348877,4.006944179534912,2.9545910358428955,CSCO
1410,15-09-1995,3.847222089767456,3.9861109256744394,85521600,4.006944179534912,3.847222089767456,2.836817979812622,CSCO
1411,18-09-1995,3.7638890743255615,3.8541669845581055,78346800,3.8541669845581055,3.7986109256744394,2.8009729385375977,CSCO
1412,19-09-1995,3.7916669845581055,3.805556058883667,102153600,4.0138888359069815,4.006944179534912,2.9545910358428955,CSCO
1413,20-09-1995,3.993056058883667,4.055555820465088,82429200,4.1041669845581055,4.006944179534912,2.9545910358428955,CSCO
1414,21-09-1995,3.8888890743255615,3.9861109256744394,51084000,4.0138888359069815,3.9236109256744394,2.893144369125366,CSCO
1415,22-09-1995,3.840277910232544,3.881943941116333,56413800,3.965277910232544,3.9513890743255615,2.9136257171630864,CSCO
1416,25-09-1995,3.8263890743255615,3.9583330154418954,61291800,3.9895830154418954,3.8923609256744394,2.870100975036621,CSCO
1417,26-09-1995,3.847222089767456,3.8958330154418954,51481800,3.972222089767456,3.868056058883667,2.852180004119873,CSCO
1418,27-09-1995,3.590277910232544,3.819443941116333,142772400,3.8333330154418954,3.777777910232544,2.785611391067505,CSCO
1419,28-09-1995,3.777777910232544,3.805556058883667,100661400,3.9375,3.9375,2.903385877609253,CSCO
1420,29-09-1995,3.7916669845581055,3.9513890743255615,85156200,3.9661459922790527,3.8333330154418954,2.826576232910156,CSCO
1421,02-10-1995,3.6666669845581055,3.8333330154418954,96894000,3.8958330154418954,3.6666669845581055,2.7036817073822017,CSCO
1422,03-10-1995,3.652777910232544,3.6666669845581055,100715400,3.7916669845581055,3.777777910232544,2.785611391067505,CSCO
1423,04-10-1995,3.6736109256744394,3.7361109256744394,69229800,3.7638890743255615,3.7048609256744394,2.7318451404571533,CSCO
1424,05-10-1995,3.6736109256744394,3.7013890743255615,98805600,3.881943941116333,3.875,2.8573005199432373,CSCO
1425,06-10-1995,3.715277910232544,3.8958330154418954,108603000,3.965277910232544,3.725693941116333,2.747206687927246,CSCO
1426,09-10-1995,3.506943941116333,3.6736109256744394,115506000,3.6736109256744394,3.5798609256744385,2.6396734714508057,CSCO
1427,10-10-1995,3.388889074325561,3.4583330154418945,200107800,3.659722089767456,3.6111109256744394,2.6627159118652344,CSCO
1428,11-10-1995,3.618056058883667,3.694443941116333,100897200,3.7986109256744394,3.7916669845581055,2.7958531379699707,CSCO
1429,12-10-1995,3.7986109256744394,3.805556058883667,98620200,3.952256917953491,3.9479169845581055,2.911067008972168,CSCO
1430,13-10-1995,3.902777910232544,4.0,77796000,4.0138888359069815,3.9166669845581055,2.8880236148834233,CSCO
1431,16-10-1995,3.840277910232544,3.8888890743255615,43684200,3.913193941116333,3.847222089767456,2.836817979812622,CSCO
1432,17-10-1995,3.8611109256744394,3.875,71947800,4.0763888359069815,4.069444179534912,3.000676393508911,CSCO
1433,18-10-1995,4.1111111640930185,4.131944179534912,118002600,4.284721851348877,4.208333015441895,3.1030886173248287,CSCO
1434,19-10-1995,4.118055820465088,4.180555820465088,105859800,4.2986111640930185,4.2916669845581055,3.164536952972412,CSCO
1435,20-10-1995,4.215278148651123,4.277778148651123,83730600,4.3611111640930185,4.243055820465088,3.128692150115967,CSCO
1436,23-10-1995,4.159721851348877,4.194444179534912,72860400,4.243055820465088,4.1875,3.0877277851104736,CSCO
1437,24-10-1995,4.1736111640930185,4.215278148651123,56923200,4.284721851348877,4.1875,3.0877277851104736,CSCO
1438,25-10-1995,4.1041669845581055,4.152778148651123,58255200,4.194444179534912,4.131944179534912,3.0467619895935063,CSCO
1439,26-10-1995,4.0416669845581055,4.1388888359069815,91818000,4.243055820465088,4.149305820465088,3.059564113616944,CSCO
1440,27-10-1995,4.131944179534912,4.1388888359069815,57375000,4.25,4.243055820465088,3.128692150115967,CSCO
1441,30-10-1995,4.2638888359069815,4.284721851348877,89449200,4.444444179534912,4.430555820465088,3.2669496536254883,CSCO
1442,31-10-1995,4.305555820465088,4.5138888359069815,83694600,4.520833015441895,4.305555820465088,3.174777746200561,CSCO
1443,01-11-1995,4.2638888359069815,4.2986111640930185,77632200,4.465278148651123,4.458333015441895,3.287431001663208,CSCO
1444,02-11-1995,4.381944179534912,4.4791669845581055,81669600,4.520833015441895,4.5138888359069815,3.3283960819244385,CSCO
1445,03-11-1995,4.5138888359069815,4.527778148651123,109521000,4.694444179534912,4.680555820465088,3.4512898921966557,CSCO
1446,06-11-1995,4.6111111640930185,4.645833015441895,78199200,4.7638888359069815,4.649305820465088,3.428248643875122,CSCO
1447,07-11-1995,4.4375,4.618055820465088,114705000,4.649305820465088,4.631944179534912,3.4154469966888428,CSCO
1448,08-11-1995,4.597221851348877,4.6666669845581055,83431800,4.722221851348877,4.6666669845581055,3.4410500526428223,CSCO
1449,09-11-1995,4.708333015441895,4.722221851348877,90444600,4.833333015441895,4.8125,3.5485827922821045,CSCO
1450,10-11-1995,4.722221851348877,4.722221851348877,197380800,4.965278148651123,4.881944179534912,3.5997884273529053,CSCO
1451,13-11-1995,4.743055820465088,4.8611111640930185,87589800,4.902778148651123,4.743055820465088,3.4973769187927246,CSCO
1452,14-11-1995,4.4861111640930185,4.708333015441895,115776000,4.708333015441895,4.5,3.318155527114868,CSCO
1453,15-11-1995,4.3125,4.527778148651123,158531400,4.5625,4.4375,3.2720694541931152,CSCO
1454,16-11-1995,4.4236111640930185,4.430555820465088,128300400,4.6111111640930185,4.527778148651123,3.338637351989746,CSCO
1455,17-11-1995,4.430555820465088,4.534721851348877,76438800,4.5763888359069815,4.444444179534912,3.2771894931793213,CSCO
1456,20-11-1995,4.34375,4.472221851348877,102452400,4.583333015441895,4.402778148651123,3.246467113494873,CSCO
1457,21-11-1995,4.194444179534912,4.402778148651123,128356200,4.4861111640930185,4.381944179534912,3.2311038970947266,CSCO
1458,22-11-1995,4.208333015441895,4.409721851348877,85557600,4.465278148651123,4.208333015441895,3.1030886173248287,CSCO
1459,24-11-1995,4.2013888359069815,4.215278148651123,33019200,4.375,4.375,3.2259843349456787,CSCO
1460,27-11-1995,4.333333015441895,4.4236111640930185,80699400,4.5138888359069815,4.333333015441895,3.1952595710754395,CSCO
1461,28-11-1995,4.333333015441895,4.340278148651123,90514800,4.6666669845581055,4.6666669845581055,3.4410500526428223,CSCO
1462,29-11-1995,4.652778148651123,4.6875,124893000,4.7986111640930185,4.7361111640930185,3.4922549724578857,CSCO
1463,30-11-1995,4.618055820465088,4.7291669845581055,96620400,4.743055820465088,4.6736111640930185,3.4461698532104488,CSCO
1464,01-12-1995,4.5,4.756944179534912,101660400,4.756944179534912,4.555555820465088,3.3591196537017822,CSCO
1465,04-12-1995,4.527778148651123,4.569444179534912,107447400,4.7638888359069815,4.7361111640930185,3.4922549724578857,CSCO
1466,05-12-1995,4.475694179534912,4.7361111640930185,104324400,4.7638888359069815,4.5625,3.3642406463623047,CSCO
1467,06-12-1995,4.333333015441895,4.590278148651123,123152400,4.645833015441895,4.434028148651123,3.2695088386535645,CSCO
1468,07-12-1995,4.256944179534912,4.458333015441895,107105400,4.458333015441895,4.409721851348877,3.2515861988067627,CSCO
1469,08-12-1995,4.3263888359069815,4.4236111640930185,89983800,4.493055820465088,4.4375,3.2720694541931152,CSCO
1470,11-12-1995,4.402778148651123,4.458333015441895,60426000,4.4861111640930185,4.4375,3.2720694541931152,CSCO
1471,12-12-1995,4.305555820465088,4.458333015441895,85159800,4.4861111640930185,4.305555820465088,3.174777746200561,CSCO
1472,13-12-1995,4.25,4.333333015441895,101739600,4.375867843627931,4.284721851348877,3.1594157218933105,CSCO
1473,14-12-1995,4.028645992279054,4.284721851348877,187308000,4.3125,4.0486111640930185,2.985315322875977,CSCO
1474,15-12-1995,3.9548609256744394,4.055555820465088,173307600,4.1666669845581055,4.1111111640930185,3.0314006805419917,CSCO
1475,18-12-1995,3.8611109256744394,4.097221851348877,183751200,4.097221851348877,3.9375,2.903385877609253,CSCO
1476,19-12-1995,3.965277910232544,3.9861109256744394,147870000,4.375,4.347221851348877,3.2055015563964844,CSCO
1477,20-12-1995,4.097221851348877,4.4166669845581055,145337400,4.430555820465088,4.1111111640930185,3.0314006805419917,CSCO
1478,21-12-1995,4.1111111640930185,4.180555820465088,122274000,4.208333015441895,4.1875,3.0877277851104736,CSCO
1479,22-12-1995,4.131944179534912,4.180555820465088,80848800,4.2638888359069815,4.256944179534912,3.1389334201812744,CSCO
1480,26-12-1995,4.1736111640930185,4.256944179534912,58204800,4.3611111640930185,4.2986111640930185,3.1696577072143555,CSCO
1481,27-12-1995,4.243055820465088,4.2986111640930185,66178800,4.347221851348877,4.2638888359069815,3.144054412841797,CSCO
1482,28-12-1995,4.159721851348877,4.208333015441895,69967800,4.2291669845581055,4.1875,3.0877277851104736,CSCO
1483,29-12-1995,4.131944179534912,4.180555820465088,65304000,4.208333015441895,4.145833015441895,3.0570039749145512,CSCO
1484,02-01-1996,4.069444179534912,4.1388888359069815,88333200,4.2638888359069815,4.243055820465088,3.128692150115967,CSCO
1485,03-01-1996,4.0138888359069815,4.2013888359069815,100152000,4.2291669845581055,4.0763888359069815,3.0057981014251713,CSCO
1486,04-01-1996,3.784722089767456,4.0763888359069815,213451200,4.083333015441895,3.9236109256744394,2.893144369125366,CSCO
1487,05-01-1996,3.7986109256744394,3.8541669845581055,157420800,4.020833015441895,3.972222089767456,2.9289886951446533,CSCO
1488,08-01-1996,3.9166669845581055,3.9791669845581055,26875800,3.993056058883667,3.934027910232544,2.900825023651123,CSCO
1489,09-01-1996,3.625,3.9166669845581055,172508400,3.9236109256744394,3.631943941116333,2.6780779361724854,CSCO
1490,10-01-1996,3.5486109256744385,3.555556058883667,219997800,3.8333330154418954,3.7083330154418954,2.734405040740967,CSCO
1491,11-01-1996,3.8125,3.8263890743255615,116902800,3.930556058883667,3.9236109256744394,2.893144369125366,CSCO
1492,12-01-1996,3.805556058883667,3.9791669845581055,140331600,4.034721851348877,3.9236109256744394,2.893144369125366,CSCO
1493,15-01-1996,3.618056058883667,3.930556058883667,128728800,3.944443941116333,3.7361109256744394,2.754887104034424,CSCO
1494,16-01-1996,3.6111109256744394,3.784722089767456,173880000,3.8333330154418954,3.805556058883667,2.8060948848724365,CSCO
1495,17-01-1996,3.715277910232544,3.75,169282800,4.0,3.875,2.8573005199432373,CSCO
1496,18-01-1996,3.881943941116333,3.944443941116333,98676000,4.0,3.9375,2.903385877609253,CSCO
1497,19-01-1996,3.909722089767456,3.965277910232544,142225200,4.222221851348877,4.208333015441895,3.1030886173248287,CSCO
1498,22-01-1996,4.1388888359069815,4.208333015441895,109879200,4.3541669845581055,4.3229169845581055,3.1875791549682617,CSCO
1499,23-01-1996,4.277778148651123,4.2986111640930185,81111600,4.368055820465088,4.3263888359069815,3.190140008926392,CSCO
1500,24-01-1996,4.2916669845581055,4.3263888359069815,103264200,4.493055820465088,4.4861111640930185,3.3079135417938232,CSCO
1501,25-01-1996,4.375,4.5486111640930185,126628200,4.586805820465088,4.402778148651123,3.246467113494873,CSCO
1502,26-01-1996,4.319444179534912,4.381944179534912,85789800,4.506944179534912,4.506944179534912,3.323275327682495,CSCO
1503,29-01-1996,4.465278148651123,4.520833015441895,50391000,4.555555820465088,4.506944179534912,3.323275327682495,CSCO
1504,30-01-1996,4.5138888359069815,4.5416669845581055,64378800,4.6041669845581055,4.569444179534912,3.3693606853485107,CSCO
1505,31-01-1996,4.520833015441895,4.5763888359069815,95049000,4.680555820465088,4.625,3.4103262424468994,CSCO
1506,01-02-1996,4.6111111640930185,4.625,79887600,4.770833015441895,4.7638888359069815,3.5127384662628174,CSCO
1507,02-02-1996,4.680555820465088,4.770833015441895,80098200,4.777778148651123,4.694444179534912,3.4615321159362797,CSCO
1508,05-02-1996,4.694444179534912,4.7013888359069815,111420000,4.875,4.875,3.5946674346923833,CSCO
1509,06-02-1996,4.8611111640930185,4.8888888359069815,98733600,4.972221851348877,4.972221851348877,3.6663568019866943,CSCO
1510,07-02-1996,4.8611111640930185,4.972221851348877,84555000,4.9861111640930185,4.927083015441895,3.6330726146698,CSCO
1511,08-02-1996,4.881944179534912,4.9513888359069815,88594200,5.006944179534912,4.9375,3.64075231552124,CSCO
1512,09-02-1996,5.0,5.055555820465088,182057400,5.208333015441895,5.069444179534912,3.738044023513794,CSCO
1513,12-02-1996,4.9861111640930185,5.1041669845581055,85701600,5.145833015441895,5.0,3.686838865280152,CSCO
1514,13-02-1996,4.875,4.9236111640930185,120457800,5.0416669845581055,5.0138888359069815,3.697080135345459,CSCO
1515,14-02-1996,4.8125,5.020833015441895,126838800,5.027778148651123,4.9166669845581055,3.62539005279541,CSCO
1516,15-02-1996,4.875,4.902778148651123,82531800,5.0,4.940971851348877,3.6433119773864746,CSCO
1517,16-02-1996,4.902778148651123,4.944444179534912,62105400,5.007812976837158,4.944444179534912,3.645874977111816,CSCO
1518,20-02-1996,4.847221851348877,4.847221851348877,54397800,5.1111111640930185,5.069444179534912,3.738044023513794,CSCO
1519,21-02-1996,5.0416669845581055,5.180555820465088,70398000,5.2638888359069815,5.243055820465088,3.866060972213745,CSCO
1520,22-02-1996,5.25,5.347221851348877,95496300,5.5416669845581055,5.493055820465088,4.0504021644592285,CSCO
1521,23-02-1996,5.3611111640930185,5.597221851348877,105448500,5.6666669845581055,5.5138888359069815,4.065762996673584,CSCO
1522,26-02-1996,5.3888888359069815,5.4861111640930185,56470500,5.6111111640930185,5.555555820465088,4.096487045288087,CSCO
1523,27-02-1996,5.375,5.597221851348877,55198800,5.6111111640930185,5.4166669845581055,3.994075059890747,CSCO
1524,28-02-1996,5.277778148651123,5.4861111640930185,57553200,5.555555820465088,5.305555820465088,3.9121458530426025,CSCO
1525,29-02-1996,5.125,5.2361111640930185,73582200,5.3888888359069815,5.277778148651123,3.8916640281677246,CSCO
1526,01-03-1996,4.680555820465088,5.222221851348877,169594200,5.2638888359069815,5.055555820465088,3.7278046607971187,CSCO
1527,04-03-1996,4.7916669845581055,5.1111111640930185,92493900,5.125,4.902778148651123,3.615150451660156,CSCO
1528,05-03-1996,4.8611111640930185,4.875,78426900,5.222221851348877,5.222221851348877,3.8506984710693364,CSCO
1529,06-03-1996,5.097221851348877,5.2638888359069815,50992200,5.305555820465088,5.1111111640930185,3.768768310546875,CSCO
1530,07-03-1996,4.930555820465088,5.125,47701800,5.1388888359069815,5.055555820465088,3.7278046607971187,CSCO
1531,08-03-1996,4.652778148651123,4.777778148651123,116209800,5.0,4.8888888359069815,3.604909420013428,CSCO
1532,11-03-1996,4.902778148651123,4.958333015441895,62648100,5.1111111640930185,5.097221851348877,3.758527994155884,CSCO
1533,12-03-1996,4.902778148651123,5.0416669845581055,62693100,5.125,5.0416669845581055,3.717562913894653,CSCO
1534,13-03-1996,5.055555820465088,5.125,59913900,5.222221851348877,5.125,3.7790100574493413,CSCO
1535,14-03-1996,5.069444179534912,5.152778148651123,61593300,5.277778148651123,5.1041669845581055,3.763648509979248,CSCO
1536,15-03-1996,5.083333015441895,5.125,64646100,5.2916669845581055,5.277778148651123,3.8916640281677246,CSCO
1537,18-03-1996,5.319444179534912,5.402778148651123,40056300,5.430555820465088,5.402778148651123,3.9838340282440186,CSCO
1538,19-03-1996,5.222221851348877,5.472221851348877,54537300,5.472221851348877,5.3888888359069815,3.97359299659729,CSCO
1539,20-03-1996,4.930555820465088,5.3611111640930185,87156000,5.375,5.1111111640930185,3.768768310546875,CSCO
1540,21-03-1996,4.9166669845581055,5.090278148651123,98397000,5.1111111640930185,4.972221851348877,3.6663568019866943,CSCO
1541,22-03-1996,4.875,5.027778148651123,54128700,5.083333015441895,4.972221851348877,3.6663568019866943,CSCO
1542,25-03-1996,4.7638888359069815,5.0416669845581055,77742000,5.097221851348877,4.805555820465088,3.543461561203003,CSCO
1543,26-03-1996,4.5,4.708333015441895,146252700,4.777778148651123,4.770833015441895,3.5178582668304443,CSCO
1544,27-03-1996,4.7916669845581055,4.8611111640930185,81568800,5.006944179534912,4.993055820465088,3.681718111038208,CSCO
1545,28-03-1996,4.9166669845581055,4.958333015441895,67271400,5.180555820465088,5.125,3.7790100574493413,CSCO
1546,29-03-1996,5.1388888359069815,5.1388888359069815,53283600,5.253471851348877,5.152778148651123,3.7994918823242183,CSCO
1547,01-04-1996,5.1666669845581055,5.180555820465088,46024200,5.2916669845581055,5.25,3.8711800575256343,CSCO
1548,02-04-1996,5.277778148651123,5.305555820465088,46604700,5.347221851348877,5.319444179534912,3.922385454177856,CSCO
1549,03-04-1996,5.208333015441895,5.305555820465088,51848100,5.444444179534912,5.430555820465088,4.004317283630371,CSCO
1550,04-04-1996,5.347221851348877,5.402778148651123,52729200,5.5138888359069815,5.3888888359069815,3.97359299659729,CSCO
1551,08-04-1996,5.069444179534912,5.097221851348877,85417200,5.305555820465088,5.152778148651123,3.7994918823242183,CSCO
1552,09-04-1996,5.027778148651123,5.2361111640930185,53234100,5.2361111640930185,5.083333015441895,3.74828577041626,CSCO
1553,10-04-1996,5.055555820465088,5.055555820465088,58110300,5.2916669845581055,5.1388888359069815,3.789251089096069,CSCO
1554,11-04-1996,4.958333015441895,5.0763888359069815,65956500,5.2916669845581055,5.2916669845581055,3.9019041061401367,CSCO
1555,12-04-1996,5.055555820465088,5.2361111640930185,61629300,5.270833015441895,5.083333015441895,3.74828577041626,CSCO
1556,15-04-1996,4.8611111640930185,5.0416669845581055,96246900,5.083333015441895,4.9236111640930185,3.6305124759674072,CSCO
1557,16-04-1996,4.9166669845581055,4.944444179534912,81981000,5.208333015441895,5.125,3.7790100574493413,CSCO
1558,17-04-1996,5.034721851348877,5.083333015441895,50190300,5.152778148651123,5.097221851348877,3.758527994155884,CSCO
1559,18-04-1996,5.090278148651123,5.1111111640930185,44187300,5.2361111640930185,5.125,3.7790100574493413,CSCO
1560,19-04-1996,5.083333015441895,5.1388888359069815,78776100,5.333333015441895,5.305555820465088,3.9121458530426025,CSCO
1561,22-04-1996,5.1666669845581055,5.277778148651123,132106500,5.3888888359069815,5.208333015441895,3.84045672416687,CSCO
1562,23-04-1996,5.208333015441895,5.2361111640930185,107806500,5.444444179534912,5.402778148651123,3.9838340282440186,CSCO
1563,24-04-1996,5.402778148651123,5.472221851348877,130923000,5.736111164093018,5.715278148651122,4.214262008666991,CSCO
1564,25-04-1996,5.6111111640930185,5.75,83741400,5.763888835906982,5.694444179534912,4.198899745941162,CSCO
1565,26-04-1996,5.652778148651122,5.680555820465088,54455400,5.833333015441895,5.819444179534912,4.291070461273193,CSCO
1566,29-04-1996,5.736111164093018,5.7916669845581055,42867900,5.805555820465088,5.777778148651122,4.260347366333009,CSCO
1567,30-04-1996,5.708333015441895,5.75,29516400,5.7916669845581055,5.763888835906982,4.250106334686278,CSCO
1568,01-05-1996,5.722221851348878,5.763888835906982,48959100,5.833333015441895,5.805555820465088,4.280830383300781,CSCO
1569,02-05-1996,5.555555820465088,5.805555820465088,55278000,5.805555820465088,5.583333015441895,4.1169700622558585,CSCO
1570,03-05-1996,5.569444179534912,5.6666669845581055,51748200,5.7916669845581055,5.625,4.147693157196045,CSCO
1571,06-05-1996,5.569444179534912,5.708333015441895,54355500,5.722221851348878,5.708333015441895,4.209141254425049,CSCO
1572,07-05-1996,5.680555820465088,5.75,59258700,5.833333015441895,5.805555820465088,4.280830383300781,CSCO
1573,08-05-1996,5.6111111640930185,5.777778148651122,68562000,5.861111164093018,5.861111164093018,4.321793556213379,CSCO
1574,09-05-1996,5.805555820465088,5.944444179534912,100045800,6.013888835906982,5.861111164093018,4.321793556213379,CSCO
1575,10-05-1996,6.0,6.083333015441895,126325800,6.126736164093018,6.111111164093018,4.506136894226074,CSCO
1576,13-05-1996,6.0416669845581055,6.111111164093018,56826000,6.1666669845581055,6.097221851348878,4.495894432067871,CSCO
1577,14-05-1996,6.069444179534912,6.152778148651122,81181800,6.25,6.236111164093018,4.598308563232422,CSCO
1578,15-05-1996,6.138888835906982,6.208333015441895,72589500,6.347221851348878,6.152778148651122,4.536859035491943,CSCO
1579,16-05-1996,6.055555820465088,6.125,55481400,6.236111164093018,6.208333015441895,4.57782506942749,CSCO
1580,17-05-1996,6.180555820465088,6.277778148651122,47204100,6.2916669845581055,6.222221851348878,4.588066577911377,CSCO
1581,20-05-1996,6.208333015441895,6.277778148651122,44971200,6.277778148651122,6.25,4.608548164367676,CSCO
1582,21-05-1996,6.111111164093018,6.25,43886700,6.263888835906982,6.125,4.516377925872803,CSCO
1583,22-05-1996,6.069444179534912,6.097221851348878,41186700,6.208333015441895,6.194444179534912,4.567583084106445,CSCO
1584,23-05-1996,6.194444179534912,6.236111164093018,53501400,6.375,6.361111164093018,4.690478324890137,CSCO
1585,24-05-1996,6.333333015441895,6.4166669845581055,38832300,6.430555820465088,6.333333015441895,4.669994831085205,CSCO
1586,28-05-1996,6.196180820465088,6.361111164093018,45069300,6.388888835906982,6.208333015441895,4.57782506942749,CSCO
1587,29-05-1996,6.0416669845581055,6.222221851348878,54611100,6.236111164093018,6.069444179534912,4.475411891937256,CSCO
1588,30-05-1996,6.027778148651122,6.069444179534912,45036000,6.125,6.0416669845581055,4.4549293518066415,CSCO
1589,31-05-1996,6.0416669845581055,6.069444179534912,38554200,6.138888835906982,6.083333015441895,4.485653877258301,CSCO
1590,03-06-1996,6.0260419845581055,6.083333015441895,46866600,6.206596851348878,6.194444179534912,4.567583084106445,CSCO
1591,04-06-1996,6.138888835906982,6.194444179534912,38531700,6.222221851348878,6.194444179534912,4.567583084106445,CSCO
1592,05-06-1996,6.111111164093018,6.208333015441895,42633900,6.347221851348878,6.347221851348878,4.680237293243408,CSCO
1593,06-06-1996,6.180555820465088,6.388888835906982,52195500,6.402778148651122,6.180555820465088,4.557342052459717,CSCO
1594,07-06-1996,6.0,6.027778148651122,47823300,6.222221851348878,6.208333015441895,4.57782506942749,CSCO
1595,10-06-1996,6.194444179534912,6.222221851348878,23925600,6.263888835906982,6.222221851348878,4.588066577911377,CSCO
1596,11-06-1996,6.194444179534912,6.222221851348878,34408800,6.333333015441895,6.326388835906982,4.664875030517578,CSCO
1597,12-06-1996,6.2916669845581055,6.347221851348878,36498600,6.402778148651122,6.319444179534912,4.659754753112793,CSCO
1598,13-06-1996,6.194444179534912,6.347221851348878,32416200,6.361111164093018,6.208333015441895,4.57782506942749,CSCO
1599,14-06-1996,6.083333015441895,6.194444179534912,45841500,6.208333015441895,6.138888835906982,4.526618003845215,CSCO
1600,17-06-1996,6.0416669845581055,6.152778148651122,34146000,6.1666669845581055,6.0416669845581055,4.4549293518066415,CSCO
1601,18-06-1996,5.819444179534912,6.055555820465088,60992100,6.111111164093018,5.875,4.3320350646972665,CSCO
1602,19-06-1996,5.833333015441895,5.902778148651122,70388100,6.0,5.930555820465088,4.373000621795653,CSCO
1603,20-06-1996,5.527778148651123,5.972221851348878,111562200,5.972221851348878,5.819444179534912,4.291070461273193,CSCO
1604,21-06-1996,5.7916669845581055,5.902778148651122,67581900,6.111111164093018,6.097221851348878,4.495894432067871,CSCO
1605,24-06-1996,5.986111164093018,6.097221851348878,41436000,6.130208015441895,6.0,4.424206733703613,CSCO
1606,25-06-1996,5.9375,6.006944179534912,56159100,6.083333015441895,6.0416669845581055,4.4549293518066415,CSCO
1607,26-06-1996,5.805555820465088,6.055555820465088,63302400,6.083333015441895,5.930555820465088,4.373000621795653,CSCO
1608,27-06-1996,5.902778148651122,5.944444179534912,58834800,6.138888835906982,6.097221851348878,4.495894432067871,CSCO
1609,28-06-1996,6.125,6.138888835906982,58209300,6.347221851348878,6.2916669845581055,4.63927173614502,CSCO
1610,01-07-1996,6.2916669845581055,6.305555820465088,59900400,6.569444179534912,6.486111164093018,4.78264856338501,CSCO
1611,02-07-1996,6.444444179534912,6.5416669845581055,54066600,6.569444179534912,6.527778148651122,4.81337308883667,CSCO
1612,03-07-1996,6.361111164093018,6.5416669845581055,44220600,6.5416669845581055,6.375,4.700719356536865,CSCO
1613,05-07-1996,6.1666669845581055,6.305555820465088,35375400,6.333333015441895,6.222221851348878,4.588066577911377,CSCO
1614,08-07-1996,6.222221851348878,6.25,51425100,6.347221851348878,6.319444179534912,4.659754753112793,CSCO
1615,09-07-1996,6.3541669845581055,6.472221851348878,87405300,6.513888835906982,6.388888835906982,4.710960388183594,CSCO
1616,10-07-1996,6.277778148651122,6.388888835906982,73458900,6.486111164093018,6.430555820465088,4.741683006286621,CSCO
1617,11-07-1996,5.833333015441895,6.333333015441895,154605600,6.388888835906982,6.083333015441895,4.485653877258301,CSCO
1618,12-07-1996,5.847221851348878,6.194444179534912,122734800,6.208333015441895,6.152778148651122,4.536859035491943,CSCO
1619,15-07-1996,5.6111111640930185,6.083333015441895,113103000,6.138888835906982,5.763888835906982,4.250106334686278,CSCO
1620,16-07-1996,5.1666669845581055,5.722221851348878,204732900,5.819444179534912,5.75,4.2398624420166025,CSCO
1621,17-07-1996,5.777778148651122,5.944444179534912,107568900,6.027778148651122,5.944444179534912,4.383241653442384,CSCO
1622,18-07-1996,5.833333015441895,5.958333015441895,77853600,6.069444179534912,5.986111164093018,4.413965225219727,CSCO
1623,19-07-1996,5.6666669845581055,5.930555820465088,75823200,5.986111164093018,5.75,4.2398624420166025,CSCO
1624,22-07-1996,5.527778148651123,5.736111164093018,67159800,5.736111164093018,5.625,4.147693157196045,CSCO
1625,23-07-1996,5.194444179534912,5.680555820465088,117464400,5.680555820465088,5.2361111640930185,3.860939502716065,CSCO
1626,24-07-1996,4.972221851348877,4.9861111640930185,153629100,5.555555820465088,5.458333015441895,4.024799346923828,CSCO
1627,25-07-1996,5.444444179534912,5.581596851348877,87380100,5.652778148651122,5.493055820465088,4.0504021644592285,CSCO
1628,26-07-1996,5.5416669845581055,5.569444179534912,67193100,5.736111164093018,5.708333015441895,4.209141254425049,CSCO
1629,29-07-1996,5.5416669845581055,5.722221851348878,61980300,5.861111164093018,5.555555820465088,4.096487045288087,CSCO
1630,30-07-1996,5.555555820465088,5.6666669845581055,63706500,5.694444179534912,5.680555820465088,4.188658714294434,CSCO
1631,31-07-1996,5.597221851348877,5.722221851348878,53019900,5.7916669845581055,5.75,4.2398624420166025,CSCO
1632,01-08-1996,5.777778148651122,5.805555820465088,69657300,6.055555820465088,5.972221851348878,4.403724670410156,CSCO
1633,02-08-1996,6.027778148651122,6.097221851348878,80790300,6.277778148651122,6.208333015441895,4.57782506942749,CSCO
1634,05-08-1996,6.138888835906982,6.277778148651122,42917400,6.333333015441895,6.173611164093018,4.552220821380615,CSCO
1635,06-08-1996,6.055555820465088,6.111111164093018,53190000,6.361111164093018,6.361111164093018,4.690478324890137,CSCO
1636,07-08-1996,6.263888835906982,6.430555820465088,63046800,6.444444179534912,6.375,4.700719356536865,CSCO
1637,08-08-1996,6.263888835906982,6.361111164093018,77878800,6.527778148651122,6.513888835906982,4.803131103515625,CSCO
1638,09-08-1996,6.388888835906982,6.444444179534912,44862300,6.597221851348878,6.486111164093018,4.78264856338501,CSCO
1639,12-08-1996,6.430555820465088,6.472221851348878,42203700,6.569444179534912,6.5,4.792890548706055,CSCO
1640,13-08-1996,6.236111164093018,6.444444179534912,72036900,6.473958015441895,6.319444179534912,4.659754753112793,CSCO
1641,14-08-1996,6.236111164093018,6.333333015441895,51336000,6.361111164093018,6.2916669845581055,4.63927173614502,CSCO
1642,15-08-1996,6.305555820465088,6.319444179534912,89188200,6.5,6.4166669845581055,4.731442451477051,CSCO
1643,16-08-1996,6.194444179534912,6.402778148651122,109000800,6.590278148651122,6.222221851348878,4.588066577911377,CSCO
1644,19-08-1996,6.180555820465088,6.263888835906982,40266900,6.333333015441895,6.222221851348878,4.588066577911377,CSCO
1645,20-08-1996,6.083333015441895,6.263888835906982,52268400,6.263888835906982,6.111111164093018,4.506136894226074,CSCO
1646,21-08-1996,6.027778148651122,6.069444179534912,55157400,6.263888835906982,6.25,4.608548164367676,CSCO
1647,22-08-1996,6.243055820465088,6.319444179534912,46675800,6.430555820465088,6.402778148651122,4.721202850341797,CSCO
1648,23-08-1996,6.263888835906982,6.402778148651122,38758500,6.486111164093018,6.319444179534912,4.659754753112793,CSCO
1649,26-08-1996,6.097221851348878,6.305555820465088,44099100,6.305555820465088,6.125,4.516377925872803,CSCO
1650,27-08-1996,6.0416669845581055,6.1666669845581055,41435100,6.236111164093018,6.111111164093018,4.506136894226074,CSCO
1651,28-08-1996,6.013888835906982,6.138888835906982,49484700,6.222221851348878,6.055555820465088,4.465171813964844,CSCO
1652,29-08-1996,5.958333015441895,6.013888835906982,51148800,6.125,6.0,4.424206733703613,CSCO
1653,30-08-1996,5.819444179534912,6.013888835906982,41520600,6.027778148651122,5.861111164093018,4.321793556213379,CSCO
1654,03-09-1996,5.6666669845581055,5.777778148651122,63783000,6.0,5.972221851348878,4.403724670410156,CSCO
1655,04-09-1996,5.986111164093018,6.013888835906982,42063300,6.069444179534912,6.0416669845581055,4.4549293518066415,CSCO
1656,05-09-1996,5.75,5.986111164093018,52979400,6.027778148651122,5.763888835906982,4.250106334686278,CSCO
1657,06-09-1996,5.763888835906982,5.847221851348878,76297500,6.027778148651122,5.930555820465088,4.373000621795653,CSCO
1658,09-09-1996,5.944444179534912,5.958333015441895,33679800,6.069444179534912,6.0416669845581055,4.4549293518066415,CSCO
1659,10-09-1996,5.902778148651122,6.027778148651122,49743000,6.138888835906982,6.0416669845581055,4.4549293518066415,CSCO
1660,11-09-1996,5.902778148651122,5.944444179534912,46509300,6.069444179534912,6.0416669845581055,4.4549293518066415,CSCO
1661,12-09-1996,6.013888835906982,6.097221851348878,61961400,6.347221851348878,6.243055820465088,4.603426933288574,CSCO
1662,13-09-1996,6.347221851348878,6.388888835906982,94146300,6.569444179534912,6.555555820465088,4.833855628967285,CSCO
1663,16-09-1996,6.5416669845581055,6.555555820465088,84052800,6.75,6.638888835906982,4.895301818847656,CSCO
1664,17-09-1996,6.555555820465088,6.763888835906982,82590300,6.777778148651122,6.625,4.885062217712402,CSCO
1665,18-09-1996,6.555555820465088,6.611111164093018,60391800,6.7916669845581055,6.652778148651122,4.9055447578430185,CSCO
1666,19-09-1996,6.598958015441895,6.625,47973600,6.75,6.6666669845581055,4.915785312652588,CSCO
1667,20-09-1996,6.638888835906982,6.680555820465088,70929000,6.7916669845581055,6.75,4.977232456207275,CSCO
1668,23-09-1996,6.638888835906982,6.722221851348878,40231800,6.751736164093018,6.743055820465088,4.97211217880249,CSCO
1669,24-09-1996,6.611111164093018,6.680555820465088,61106400,6.777778148651122,6.722221851348878,4.956749439239502,CSCO
1670,25-09-1996,6.847221851348878,6.861111164093018,86429700,7.055555820465088,7.020833015441895,5.17693567276001,CSCO
1671,26-09-1996,6.930555820465088,7.0416669845581055,78279300,7.222221851348878,7.0416669845581055,5.192298412322998,CSCO
1672,27-09-1996,6.958333015441895,7.055555820465088,39957300,7.097221851348878,7.0,5.161574363708496,CSCO
1673,30-09-1996,6.888888835906982,7.0,39687300,7.083333015441895,6.895833015441895,5.084765911102295,CSCO
1674,01-10-1996,6.708333015441895,6.875,49250700,6.958333015441895,6.902778148651122,5.089885234832764,CSCO
1675,02-10-1996,6.888888835906982,6.944444179534912,75239100,7.1666669845581055,7.097221851348878,5.23326301574707,CSCO
1676,03-10-1996,7.095486164093018,7.097221851348878,74070000,7.277778148651122,7.180555820465088,5.294710636138916,CSCO
1677,04-10-1996,7.236111164093018,7.25,48928500,7.444444179534912,7.444444179534912,5.489293098449707,CSCO
1678,07-10-1996,7.2916669845581055,7.375,60885900,7.430555820465088,7.3333330154418945,5.407362937927246,CSCO
1679,08-10-1996,7.111111164093018,7.4166669845581055,64857600,7.430555820465088,7.138888835906982,5.263985633850098,CSCO
1680,09-10-1996,7.111111164093018,7.222221851348878,48204900,7.25,7.152778148651122,5.274229049682617,CSCO
1681,10-10-1996,7.138888835906982,7.138888835906982,37547100,7.3333330154418945,7.222221851348878,5.325431823730469,CSCO
1682,11-10-1996,7.201388835906982,7.2916669845581055,33294600,7.3333330154418945,7.305555820465088,5.3868818283081055,CSCO
1683,14-10-1996,7.236111164093018,7.359375,27783900,7.361111164093018,7.25,5.3459153175354,CSCO
1684,15-10-1996,7.25,7.361111164093018,61940700,7.388888835906982,7.319444179534912,5.397122859954834,CSCO
1685,16-10-1996,7.222221851348878,7.305555820465088,42397200,7.319444179534912,7.263888835906982,5.356156349182129,CSCO
1686,17-10-1996,7.111111164093018,7.305555820465088,47932200,7.3333330154418945,7.125,5.2537455558776855,CSCO
1687,18-10-1996,7.0,7.152778148651122,61594200,7.152778148651122,7.0416669845581055,5.192298412322998,CSCO
1688,21-10-1996,6.527778148651122,7.0416669845581055,105988500,7.0416669845581055,6.743055820465088,4.97211217880249,CSCO
1689,22-10-1996,6.638888835906982,6.736111164093018,114825600,6.833333015441895,6.805555820465088,5.018197059631348,CSCO
1690,23-10-1996,6.652778148651122,6.763888835906982,71862300,7.0,6.986111164093018,5.1513328552246085,CSCO
1691,24-10-1996,6.652778148651122,7.027778148651122,91938600,7.055555820465088,6.6666669845581055,4.915785312652588,CSCO
1692,25-10-1996,6.569444179534912,6.708333015441895,71169300,6.736111164093018,6.583333015441895,4.8543381690979,CSCO
1693,28-10-1996,6.409721851348878,6.638888835906982,82887300,6.652778148651122,6.430555820465088,4.741683006286621,CSCO
1694,29-10-1996,6.375,6.527778148651122,70162200,6.555555820465088,6.402778148651122,4.721202850341797,CSCO
1695,30-10-1996,6.375,6.458333015441895,82447200,6.498263835906982,6.458333015441895,4.7621660232543945,CSCO
1696,31-10-1996,6.472221851348878,6.472221851348878,78299100,6.875,6.875,5.06940221786499,CSCO
1697,01-11-1996,6.583333015441895,6.944444179534912,72919800,6.958333015441895,6.694444179534912,4.936267375946045,CSCO
1698,04-11-1996,6.611111164093018,6.694444179534912,50563800,6.779513835906982,6.736111164093018,4.966990470886231,CSCO
1699,05-11-1996,6.743055820465088,6.805555820465088,75245400,7.027778148651122,6.861111164093018,5.05916166305542,CSCO
1700,06-11-1996,6.694444179534912,6.777778148651122,130768200,6.944444179534912,6.805555820465088,5.018197059631348,CSCO
1701,07-11-1996,6.819444179534912,6.833333015441895,98931600,7.222221851348878,7.1666669845581055,5.284470558166504,CSCO
1702,08-11-1996,7.0,7.194444179534912,65126700,7.2083330154418945,7.194444179534912,5.30495023727417,CSCO
1703,11-11-1996,7.180555820465088,7.180555820465088,49072500,7.402778148651122,7.388888835906982,5.448327541351318,CSCO
1704,12-11-1996,7.194444179534912,7.430555820465088,64980000,7.444444179534912,7.222221851348878,5.325431823730469,CSCO
1705,13-11-1996,7.152778148651122,7.236111164093018,51010200,7.347221851348878,7.347221851348878,5.417604923248291,CSCO
1706,14-11-1996,7.222221851348878,7.319444179534912,55894500,7.388888835906982,7.25,5.3459153175354,CSCO
1707,15-11-1996,7.0416669845581055,7.305555820465088,70366500,7.347221851348878,7.194444179534912,5.30495023727417,CSCO
1708,18-11-1996,6.958333015441895,7.180555820465088,53246700,7.194444179534912,7.0416669845581055,5.192298412322998,CSCO
1709,19-11-1996,7.013888835906982,7.0416669845581055,55745100,7.25,7.222221851348878,5.325431823730469,CSCO
1710,20-11-1996,7.152778148651122,7.25,51251400,7.388888835906982,7.388888835906982,5.448327541351318,CSCO
1711,21-11-1996,7.277778148651122,7.402778148651122,47608200,7.4166669845581055,7.3333330154418945,5.407362937927246,CSCO
1712,22-11-1996,7.319444179534912,7.347221851348878,62998200,7.597221851348878,7.513888835906982,5.540498733520508,CSCO
1713,25-11-1996,7.375,7.5416669845581055,42967800,7.5416669845581055,7.486111164093018,5.520017623901367,CSCO
1714,26-11-1996,7.263888835906982,7.5,60537600,7.5416669845581055,7.472221851348878,5.509774208068848,CSCO
1715,27-11-1996,7.361111164093018,7.486111164093018,46224900,7.611111164093018,7.555555820465088,5.57122278213501,CSCO
1716,29-11-1996,7.513888835906982,7.569444179534912,10527300,7.5833330154418945,7.5416669845581055,5.560981750488281,CSCO
1717,02-12-1996,7.430555820465088,7.555555820465088,46579500,7.652778148651122,7.625,5.622428894042969,CSCO
1718,03-12-1996,7.25,7.638888835906982,57721500,7.652778148651122,7.277778148651122,5.366398334503174,CSCO
1719,04-12-1996,7.0,7.319444179534912,104238900,7.319444179534912,7.027778148651122,5.182056903839111,CSCO
1720,05-12-1996,7.027778148651122,7.0416669845581055,77749200,7.256944179534912,7.152778148651122,5.274229049682617,CSCO
1721,06-12-1996,6.888888835906982,6.888888835906982,84043800,7.388888835906982,7.222221851348878,5.325431823730469,CSCO
1722,09-12-1996,7.25,7.263888835906982,50112900,7.5416669845581055,7.527778148651122,5.550739765167236,CSCO
1723,10-12-1996,7.4583330154418945,7.625,41574600,7.638888835906982,7.486111164093018,5.520017623901367,CSCO
1724,11-12-1996,7.263888835906982,7.319444179534912,70680600,7.5833330154418945,7.555555820465088,5.57122278213501,CSCO
1725,12-12-1996,7.25,7.652778148651122,46829700,7.680555820465088,7.305555820465088,5.3868818283081055,CSCO
1726,13-12-1996,7.111111164093018,7.222221851348878,54043200,7.361111164093018,7.194444179534912,5.30495023727417,CSCO
1727,16-12-1996,7.0,7.263888835906982,41433300,7.319444179534912,7.0416669845581055,5.192298412322998,CSCO
1728,17-12-1996,6.930555820465088,7.0,77564700,7.111111164093018,6.972221851348878,5.141091346740723,CSCO
1729,18-12-1996,7.027778148651122,7.0416669845581055,57981600,7.2083330154418945,7.111111164093018,5.243505477905273,CSCO
1730,19-12-1996,7.125,7.222221851348878,57612600,7.2916669845581055,7.222221851348878,5.325431823730469,CSCO
1731,20-12-1996,7.1666669845581055,7.361111164093018,73972800,7.361111164093018,7.222221851348878,5.325431823730469,CSCO
1732,23-12-1996,7.125,7.236111164093018,29162700,7.25,7.152778148651122,5.274229049682617,CSCO
1733,24-12-1996,7.055555820465088,7.1666669845581055,16137000,7.222221851348878,7.222221851348878,5.325431823730469,CSCO
1734,26-12-1996,7.263888835906982,7.277778148651122,25933500,7.4166669845581055,7.402778148651122,5.4585700035095215,CSCO
1735,27-12-1996,7.2916669845581055,7.4166669845581055,21191400,7.444444179534912,7.2916669845581055,5.376640796661377,CSCO
1736,30-12-1996,7.2083330154418945,7.3333330154418945,25242300,7.388888835906982,7.2083330154418945,5.315192699432373,CSCO
1737,31-12-1996,7.0625,7.222221851348878,24205500,7.236111164093018,7.069444179534912,5.2127790451049805,CSCO
1738,02-01-1997,6.9166669845581055,7.069444179534912,54883800,7.097221851348878,6.986111164093018,5.1513328552246085,CSCO
1739,03-01-1997,7.0416669845581055,7.055555820465088,45387000,7.305555820465088,7.2916669845581055,5.376640796661377,CSCO
1740,06-01-1997,7.3333330154418945,7.347221851348878,60080400,7.527778148651122,7.5,5.530257701873778,CSCO
1741,07-01-1997,7.402778148651122,7.486111164093018,49252500,7.5833330154418945,7.5833330154418945,5.591705322265625,CSCO
1742,08-01-1997,7.361111164093018,7.638888835906982,50837400,7.638888835906982,7.361111164093018,5.427845478057861,CSCO
1743,09-01-1997,7.340278148651122,7.444444179534912,40568400,7.527778148651122,7.444444179534912,5.489293098449707,CSCO
1744,10-01-1997,7.361111164093018,7.361111164093018,61881300,7.652778148651122,7.625,5.622428894042969,CSCO
1745,13-01-1997,7.555555820465088,7.638888835906982,75290400,7.696180820465088,7.680555820465088,5.663393974304199,CSCO
1746,14-01-1997,7.722221851348878,7.75,78270300,8.069443702697754,8.013889312744139,5.909182548522949,CSCO
1747,15-01-1997,7.819444179534912,7.986111164093018,65558700,8.041666984558105,7.819444179534912,5.765805244445801,CSCO
1748,16-01-1997,7.736111164093018,7.875,43832700,7.888888835906982,7.819444179534912,5.765805244445801,CSCO
1749,17-01-1997,7.805555820465088,7.819444179534912,46701000,8.097222328186035,8.069443702697754,5.9501471519470215,CSCO
1750,20-01-1997,8.083333015441895,8.111110687255861,46481400,8.333333015441895,8.305556297302246,6.124249458312987,CSCO
1751,21-01-1997,8.222222328186035,8.291666984558105,43734600,8.416666984558105,8.319443702697754,6.134488582611084,CSCO
1752,22-01-1997,8.166666984558105,8.333333015441895,46845900,8.388889312744139,8.1875,6.037199020385742,CSCO
1753,23-01-1997,7.9583330154418945,8.236110687255861,53573400,8.263889312744139,7.972221851348878,5.878458499908447,CSCO
1754,24-01-1997,7.5416669845581055,7.875,121515300,7.9166669845581055,7.625,5.622428894042969,CSCO
1755,27-01-1997,7.527778148651122,7.680555820465088,54059400,7.777778148651122,7.597221851348878,5.601945877075195,CSCO
1756,28-01-1997,7.555555820465088,7.75,81343800,7.944444179534912,7.652778148651122,5.642912864685059,CSCO
1757,29-01-1997,7.277778148651122,7.7083330154418945,147229200,7.763888835906982,7.3333330154418945,5.407362937927246,CSCO
1758,30-01-1997,7.305555820465088,7.444444179534912,165497400,7.5208330154418945,7.5,5.530257701873778,CSCO
1759,31-01-1997,7.5416669845581055,7.5416669845581055,115404300,7.763888835906982,7.75,5.714601039886475,CSCO
1760,03-02-1997,7.513888835906982,7.847221851348878,79377300,7.944444179534912,7.5833330154418945,5.591705322265625,CSCO
1761,04-02-1997,7.2083330154418945,7.486111164093018,158326200,7.5416669845581055,7.4583330154418945,5.499534606933594,CSCO
1762,05-02-1997,6.680555820465088,7.277778148651122,292629600,7.277778148651122,6.972221851348878,5.141091346740723,CSCO
1763,06-02-1997,7.0,7.083333015441895,126946800,7.222221851348878,7.097221851348878,5.23326301574707,CSCO
1764,07-02-1997,6.777778148651122,7.222221851348878,156105000,7.236111164093018,7.013888835906982,5.171816349029541,CSCO
1765,10-02-1997,6.444444179534912,6.861111164093018,298277100,6.958333015441895,6.444444179534912,4.751924991607666,CSCO
1766,11-02-1997,6.527778148651122,6.611111164093018,201881700,6.763888835906982,6.7291669845581055,4.961871147155762,CSCO
1767,12-02-1997,6.763888835906982,6.777778148651122,114453000,7.194444179534912,7.180555820465088,5.294710636138916,CSCO
1768,13-02-1997,6.944444179534912,7.236111164093018,109661400,7.263888835906982,6.951388835906982,5.125729560852051,CSCO
1769,14-02-1997,6.875,6.944444179534912,72760500,7.0,6.958333015441895,5.130850315093994,CSCO
1770,18-02-1997,6.958333015441895,7.0,64241100,7.152778148651122,7.083333015441895,5.223020553588867,CSCO
1771,19-02-1997,7.083333015441895,7.097221851348878,55054800,7.25,7.2083330154418945,5.315192699432373,CSCO
1772,20-02-1997,6.958333015441895,7.180555820465088,65496600,7.194444179534912,7.0,5.161574363708496,CSCO
1773,21-02-1997,6.430555820465088,6.972221851348878,214328700,6.972221851348878,6.486111164093018,4.78264856338501,CSCO
1774,24-02-1997,6.1666669845581055,6.25,212261400,6.569444179534912,6.555555820465088,4.833855628967285,CSCO
1775,25-02-1997,6.194444179534912,6.708333015441895,258530400,6.875,6.277778148651122,4.629031181335449,CSCO
1776,26-02-1997,6.277778148651122,6.388888835906982,122900400,6.513888835906982,6.458333015441895,4.7621660232543945,CSCO
1777,27-02-1997,6.111111164093018,6.4166669845581055,113255100,6.460069179534912,6.118055820465088,4.5112571716308585,CSCO
1778,28-02-1997,5.986111164093018,6.138888835906982,130448700,6.368055820465088,6.180555820465088,4.557342052459717,CSCO
1779,03-03-1997,5.986111164093018,6.097221851348878,112053600,6.180555820465088,6.027778148651122,4.4446892738342285,CSCO
1780,04-03-1997,6.083333015441895,6.111111164093018,121943700,6.25,6.194444179534912,4.567583084106445,CSCO
1781,05-03-1997,6.236111164093018,6.319444179534912,94077000,6.361111164093018,6.319444179534912,4.659754753112793,CSCO
1782,06-03-1997,6.0416669845581055,6.388888835906982,113434200,6.402778148651122,6.069444179534912,4.475411891937256,CSCO
1783,07-03-1997,5.652778148651122,6.097221851348878,218188800,6.125,5.708333015441895,4.209141254425049,CSCO
1784,10-03-1997,5.3611111640930185,5.458333015441895,273512700,5.930555820465088,5.930555820465088,4.373000621795653,CSCO
1785,11-03-1997,5.710069179534912,5.888888835906982,122526000,5.972221851348878,5.861111164093018,4.321793556213379,CSCO
1786,12-03-1997,5.583333015441895,5.7916669845581055,122814900,5.833333015441895,5.652778148651122,4.168176174163818,CSCO
1787,13-03-1997,5.597221851348877,5.652778148651122,111025800,5.944444179534912,5.777778148651122,4.260347366333009,CSCO
1788,14-03-1997,5.5416669845581055,5.763888835906982,129303900,5.777778148651122,5.618055820465088,4.14257287979126,CSCO
1789,17-03-1997,5.305555820465088,5.6666669845581055,161420400,5.680555820465088,5.458333015441895,4.024799346923828,CSCO
1790,18-03-1997,5.430555820465088,5.5416669845581055,93579300,5.6111111640930185,5.597221851348877,4.127209186553955,CSCO
1791,19-03-1997,5.208333015441895,5.347221851348877,198211500,5.6041669845581055,5.555555820465088,4.096487045288087,CSCO
1792,20-03-1997,5.227430820465088,5.597221851348877,114648300,5.777778148651122,5.680555820465088,4.188658714294434,CSCO
1793,21-03-1997,5.402778148651123,5.7916669845581055,140990400,5.902778148651122,5.472221851348877,4.03503942489624,CSCO
1794,24-03-1997,5.1041669845581055,5.402778148651123,205107300,5.444444179534912,5.2361111640930185,3.860939502716065,CSCO
1795,25-03-1997,5.25,5.3611111640930185,148890600,5.430555820465088,5.319444179534912,3.922385454177856,CSCO
1796,26-03-1997,5.430555820465088,5.5,162160200,5.833333015441895,5.819444179534912,4.291070461273193,CSCO
1797,27-03-1997,5.555555820465088,5.888888835906982,141010200,5.930555820465088,5.6666669845581055,4.178418159484863,CSCO
1798,31-03-1997,5.347221851348877,5.597221851348877,125262000,5.652778148651122,5.347221851348877,3.9428694248199454,CSCO
1799,01-04-1997,5.152778148651123,5.1666669845581055,113168700,5.458333015441895,5.375,3.9633514881134033,CSCO
1800,02-04-1997,5.222221851348877,5.430555820465088,99843300,5.472221851348877,5.277778148651123,3.8916640281677246,CSCO
1801,03-04-1997,5.2361111640930185,5.25,124735500,5.430555820465088,5.375,3.9633514881134033,CSCO
1802,04-04-1997,5.333333015441895,5.347221851348877,138881700,5.75,5.652778148651122,4.168176174163818,CSCO
1803,07-04-1997,5.8541669845581055,5.9166669845581055,146371500,6.083333015441895,6.048611164093018,4.460052013397217,CSCO
1804,08-04-1997,5.9166669845581055,6.083333015441895,109752300,6.194444179534912,6.152778148651122,4.536859035491943,CSCO
1805,09-04-1997,6.0,6.222221851348878,97308000,6.25,6.006944179534912,4.429327487945557,CSCO
1806,10-04-1997,5.805555820465088,5.986111164093018,85676400,6.027778148651122,5.847221851348878,4.311551570892334,CSCO
1807,11-04-1997,5.652778148651122,5.6666669845581055,77760000,5.826388835906982,5.694444179534912,4.198899745941162,CSCO
1808,14-04-1997,5.583333015441895,5.722221851348878,80044200,5.9166669845581055,5.9166669845581055,4.362760543823241,CSCO
1809,15-04-1997,5.472221851348877,5.9166669845581055,173831400,5.944444179534912,5.569444179534912,4.106727600097656,CSCO
1810,16-04-1997,5.2361111640930185,5.4166669845581055,215808300,5.5,5.277778148651123,3.8916640281677246,CSCO
1811,17-04-1997,5.277778148651123,5.3888888359069815,110210400,5.5416669845581055,5.5,4.055521488189696,CSCO
1812,18-04-1997,5.2916669845581055,5.638888835906982,97686000,5.638888835906982,5.375,3.9633514881134033,CSCO
1813,21-04-1997,5.208333015441895,5.3611111640930185,104471100,5.375,5.256944179534912,3.8762998580932617,CSCO
1814,22-04-1997,5.027778148651123,5.2361111640930185,151152300,5.3611111640930185,5.277778148651123,3.8916640281677246,CSCO
1815,23-04-1997,5.25,5.2916669845581055,105604200,5.458333015441895,5.402778148651123,3.9838340282440186,CSCO
1816,24-04-1997,5.3611111640930185,5.444444179534912,124620300,5.597221851348877,5.368055820465088,3.958231687545776,CSCO
1817,25-04-1997,5.152778148651123,5.319444179534912,87183000,5.402778148651123,5.152778148651123,3.7994918823242183,CSCO
1818,28-04-1997,5.097221851348877,5.222221851348877,117769500,5.2916669845581055,5.1666669845581055,3.8097350597381587,CSCO
1819,29-04-1997,5.277778148651123,5.347221851348877,112164300,5.5625,5.555555820465088,4.096487045288087,CSCO
1820,30-04-1997,5.5138888359069815,5.527778148651123,169065000,5.902778148651122,5.75,4.2398624420166025,CSCO
1821,01-05-1997,5.722221851348878,5.777778148651122,120894300,5.972221851348878,5.930555820465088,4.373000621795653,CSCO
1822,02-05-1997,6.1666669845581055,6.180555820465088,218214900,6.388888835906982,6.361111164093018,4.690478324890137,CSCO
1823,05-05-1997,6.333333015441895,6.611111164093018,190603800,6.6666669845581055,6.5416669845581055,4.823615074157715,CSCO
1824,06-05-1997,6.222221851348878,6.555555820465088,189690300,6.583333015441895,6.4166669845581055,4.731442451477051,CSCO
1825,07-05-1997,6.25,6.2916669845581055,253231200,6.673611164093018,6.527778148651122,4.81337308883667,CSCO
1826,08-05-1997,6.5416669845581055,6.5416669845581055,188520300,6.888888835906982,6.819444179534912,5.0284385681152335,CSCO
1827,09-05-1997,6.638888835906982,6.888888835906982,121214700,6.9166669845581055,6.847221851348878,5.048921585083008,CSCO
1828,12-05-1997,6.847221851348878,6.861111164093018,105665400,7.013888835906982,6.993055820465088,5.1564531326293945,CSCO
1829,13-05-1997,6.923611164093018,6.958333015441895,117579600,7.111111164093018,6.930555820465088,5.110368251800537,CSCO
1830,14-05-1997,6.736111164093018,6.944444179534912,104007600,6.958333015441895,6.888888835906982,5.079644203186035,CSCO
1831,15-05-1997,6.777778148651122,6.847221851348878,84802500,6.986111164093018,6.972221851348878,5.141091346740723,CSCO
1832,16-05-1997,6.833333015441895,6.861111164093018,89848800,7.0,6.833333015441895,5.038679122924805,CSCO
1833,19-05-1997,6.680555820465088,6.847221851348878,65119500,6.861111164093018,6.770833015441895,4.992593288421631,CSCO
1834,20-05-1997,6.722221851348878,6.75,89322300,7.194444179534912,7.152778148651122,5.274229049682617,CSCO
1835,21-05-1997,7.180555820465088,7.236111164093018,140703300,7.430555820465088,7.305555820465088,5.3868818283081055,CSCO
1836,22-05-1997,7.1666669845581055,7.305555820465088,67027500,7.402778148651122,7.277778148651122,5.366398334503174,CSCO
1837,23-05-1997,7.3333330154418945,7.430555820465088,84825000,7.513888835906982,7.486111164093018,5.520017623901367,CSCO
1838,27-05-1997,7.402778148651122,7.4166669845581055,108334800,7.736111164093018,7.638888835906982,5.632669925689697,CSCO
1839,28-05-1997,7.569444179534912,7.652778148651122,102305700,7.7916669845581055,7.673611164093018,5.65827226638794,CSCO
1840,29-05-1997,7.402778148651122,7.638888835906982,78137100,7.652778148651122,7.4166669845581055,5.468810081481934,CSCO
1841,30-05-1997,6.944444179534912,7.055555820465088,143462700,7.555555820465088,7.527778148651122,5.550739765167236,CSCO
1842,02-06-1997,7.375,7.597221851348878,70484400,7.625,7.534721851348878,5.555860996246338,CSCO
1843,03-06-1997,7.138888835906982,7.305555820465088,111807000,7.375,7.194444179534912,5.30495023727417,CSCO
1844,04-06-1997,7.069444179534912,7.180555820465088,87584400,7.4166669845581055,7.118055820465088,5.248625755310059,CSCO
1845,05-06-1997,7.138888835906982,7.138888835906982,73395000,7.236111164093018,7.194444179534912,5.30495023727417,CSCO
1846,06-06-1997,7.069444179534912,7.152778148651122,59508900,7.2916669845581055,7.215278148651122,5.320312976837158,CSCO
1847,09-06-1997,7.236111164093018,7.256944179534912,58608900,7.486111164093018,7.388888835906982,5.448327541351318,CSCO
1848,10-06-1997,7.194444179534912,7.319444179534912,73611900,7.444444179534912,7.222221851348878,5.325431823730469,CSCO
1849,11-06-1997,6.972221851348878,7.180555820465088,94788900,7.2916669845581055,7.076388835906982,5.21790075302124,CSCO
1850,12-06-1997,6.944444179534912,7.027778148651122,77466600,7.1666669845581055,7.086805820465088,5.225581645965576,CSCO
1851,13-06-1997,7.083333015441895,7.090278148651122,101756700,7.444444179534912,7.409721851348878,5.463690280914307,CSCO
1852,16-06-1997,7.361111164093018,7.4166669845581055,63250200,7.569444179534912,7.506944179534912,5.535377502441406,CSCO
1853,17-06-1997,7.4166669845581055,7.4583330154418945,81881100,7.659721851348878,7.638888835906982,5.632669925689697,CSCO
1854,18-06-1997,7.430555820465088,7.513888835906982,66360600,7.597221851348878,7.444444179534912,5.489293098449707,CSCO
1855,19-06-1997,7.4375,7.4375,73839600,7.694444179534912,7.6666669845581055,5.653153419494629,CSCO
1856,20-06-1997,7.611111164093018,7.673611164093018,74142900,7.763888835906982,7.7083330154418945,5.683875560760497,CSCO
1857,23-06-1997,7.673611164093018,7.701388835906982,103593600,7.902778148651122,7.756944179534912,5.719719886779785,CSCO
1858,24-06-1997,7.694444179534912,7.8333330154418945,97482600,7.888888835906982,7.8541669845581055,5.791409492492676,CSCO
1859,25-06-1997,7.597221851348878,7.8333330154418945,72214200,7.972221851348878,7.638888835906982,5.632669925689697,CSCO
1860,26-06-1997,7.444444179534912,7.611111164093018,70911000,7.680555820465088,7.513888835906982,5.540498733520508,CSCO
1861,27-06-1997,7.375,7.5416669845581055,66302100,7.652778148651122,7.388888835906982,5.448327541351318,CSCO
1862,30-06-1997,7.222221851348878,7.381944179534912,70218900,7.576388835906982,7.4583330154418945,5.499534606933594,CSCO
1863,01-07-1997,7.5,7.5,55438200,7.6770830154418945,7.590278148651122,5.596826553344727,CSCO
1864,02-07-1997,7.611111164093018,7.694444179534912,60516900,7.847221851348878,7.840278148651122,5.7811689376831055,CSCO
1865,03-07-1997,7.902778148651122,7.9166669845581055,39153600,8.0,7.951388835906982,5.863097190856934,CSCO
1866,07-07-1997,8.0,8.013889312744139,91147500,8.25,8.208333015441895,6.052558898925781,CSCO
1867,08-07-1997,8.154514312744139,8.166666984558105,73672200,8.361110687255861,8.298610687255861,6.11912727355957,CSCO
1868,09-07-1997,8.333333015441895,8.347222328186035,97002000,8.583333015441895,8.479166984558105,6.252263069152832,CSCO
1869,10-07-1997,8.256943702697754,8.423610687255861,84265200,8.506943702697754,8.479166984558105,6.252263069152832,CSCO
1870,11-07-1997,8.291666984558105,8.440972328186035,44998200,8.458333015441895,8.388889312744139,6.185696125030518,CSCO
1871,14-07-1997,8.388889312744139,8.395833015441895,45450000,8.569443702697754,8.506943702697754,6.2727460861206055,CSCO
1872,15-07-1997,8.569443702697754,8.569443702697754,67102200,8.722222328186035,8.663193702697754,6.387959957122803,CSCO
1873,16-07-1997,8.777777671813965,8.805556297302246,61377300,8.88888931274414,8.8125,6.498053550720215,CSCO
1874,17-07-1997,8.597222328186035,8.777777671813965,65728800,8.86111068725586,8.743056297302246,6.44684648513794,CSCO
1875,18-07-1997,8.402777671813965,8.666666984558105,74917800,8.722222328186035,8.489583015441895,6.259944438934326,CSCO
1876,21-07-1997,8.444443702697754,8.715277671813965,60524100,8.722222328186035,8.527777671813965,6.288108825683594,CSCO
1877,22-07-1997,8.555556297302246,8.555556297302246,46543500,8.777777671813965,8.777777671813965,6.472451686859131,CSCO
1878,23-07-1997,8.763889312744139,8.847222328186035,75820500,8.993056297302246,8.930556297302246,6.585103988647461,CSCO
1879,24-07-1997,8.763889312744139,8.902777671813965,49617900,8.930556297302246,8.875,6.544138908386231,CSCO
1880,25-07-1997,8.743056297302246,8.875,50112000,8.88888931274414,8.854166984558105,6.528778076171875,CSCO
1881,28-07-1997,8.583333015441895,8.88888931274414,69614100,8.902777671813965,8.597222328186035,6.339315414428711,CSCO
1882,29-07-1997,8.5,8.527777671813965,61157700,8.833333015441895,8.805556297302246,6.492934226989746,CSCO
1883,30-07-1997,8.638889312744139,8.75,68949900,8.92361068725586,8.833333015441895,6.5134148597717285,CSCO
1884,31-07-1997,8.75,8.86111068725586,39197700,8.902777671813965,8.840277671813965,6.518535137176514,CSCO
1885,01-08-1997,8.722222328186035,8.840277671813965,49222800,8.944443702697754,8.868056297302246,6.539017677307129,CSCO
1886,04-08-1997,8.909722328186035,8.909722328186035,63159300,9.11111068725586,9.069443702697754,6.687516689300537,CSCO
1887,05-08-1997,9.104166984558104,9.166666984558104,85293000,9.25,9.104166984558104,6.713119983673097,CSCO
1888,06-08-1997,8.791666984558105,8.958333015441895,139983300,8.972222328186035,8.930556297302246,6.585103988647461,CSCO
1889,07-08-1997,8.75,8.98611068725586,67068000,8.98611068725586,8.756943702697754,6.4570865631103525,CSCO
1890,08-08-1997,8.458333015441895,8.680556297302246,74758500,8.6875,8.569443702697754,6.318831443786621,CSCO
1891,11-08-1997,8.305556297302246,8.541666984558105,61700400,8.555556297302246,8.381943702697754,6.180574893951416,CSCO
1892,12-08-1997,8.25,8.4375,63548100,8.555556297302246,8.25,6.083284854888916,CSCO
1893,13-08-1997,8.208333015441895,8.395833015441895,67988700,8.430556297302246,8.347222328186035,6.1549720764160165,CSCO
1894,14-08-1997,8.361110687255861,8.375,57993300,8.5625,8.555556297302246,6.3085899353027335,CSCO
1895,15-08-1997,8.305556297302246,8.520833015441895,55755900,8.597222328186035,8.305556297302246,6.124249458312987,CSCO
1896,18-08-1997,8.118056297302246,8.305556297302246,65782800,8.458333015441895,8.451389312744139,6.231781482696532,CSCO
1897,19-08-1997,8.347222328186035,8.527777671813965,67572900,8.541666984558105,8.416666984558105,6.206178188323975,CSCO
1898,20-08-1997,8.416666984558105,8.444443702697754,63830700,8.729166984558105,8.708333015441895,6.421244621276856,CSCO
1899,21-08-1997,8.555556297302246,8.680556297302246,72177300,8.805556297302246,8.604166984558105,6.344435214996338,CSCO
1900,22-08-1997,8.326389312744139,8.388889312744139,63619200,8.583333015441895,8.527777671813965,6.288108825683594,CSCO
1901,25-08-1997,8.506943702697754,8.555556297302246,46105200,8.770833015441895,8.6875,6.405882835388184,CSCO
1902,26-08-1997,8.583333015441895,8.604166984558105,43660800,8.748264312744139,8.618056297302246,6.354677200317383,CSCO
1903,27-08-1997,8.430556297302246,8.638889312744139,51393600,8.645833015441895,8.569443702697754,6.318831443786621,CSCO
1904,28-08-1997,8.111110687255861,8.388889312744139,109241100,8.486110687255861,8.333333015441895,6.144730567932129,CSCO
1905,29-08-1997,8.263889312744139,8.291666984558105,41084100,8.465277671813965,8.375,6.175455570220947,CSCO
1906,02-09-1997,8.444443702697754,8.444443702697754,42856200,8.597222328186035,8.583333015441895,6.329072952270508,CSCO
1907,03-09-1997,8.625,8.666666984558105,53486100,8.75,8.645833015441895,6.375157833099365,CSCO
1908,04-09-1997,8.569443702697754,8.597222328186035,39959100,8.722222328186035,8.604166984558105,6.344435214996338,CSCO
1909,05-09-1997,8.611110687255861,8.638889312744139,34557300,8.75,8.701389312744139,6.4161224365234375,CSCO
1910,08-09-1997,8.416666984558105,8.722222328186035,47169900,8.777777671813965,8.430556297302246,6.216421604156494,CSCO
1911,09-09-1997,8.340277671813965,8.395833015441895,46252800,8.506943702697754,8.444443702697754,6.2266602516174325,CSCO
1912,10-09-1997,8.041666984558105,8.402777671813965,129093300,8.430556297302246,8.055556297302246,5.939907550811768,CSCO
1913,11-09-1997,7.784721851348878,7.847221851348878,97270200,8.048610687255861,8.020833015441895,5.914305210113525,CSCO
1914,12-09-1997,7.826388835906982,8.097222328186035,66121200,8.097222328186035,8.027777671813965,5.919424057006836,CSCO
1915,15-09-1997,7.722221851348878,8.069443702697754,78796800,8.069443702697754,7.75,5.714601039886475,CSCO
1916,16-09-1997,7.777778148651122,7.7916669845581055,98324100,8.291666984558105,8.277777671813965,6.103764533996582,CSCO
1917,17-09-1997,8.1875,8.340277671813965,62742600,8.388889312744139,8.25,6.083284854888916,CSCO
1918,18-09-1997,8.138889312744139,8.277777671813965,39763800,8.333333015441895,8.229166984558105,6.067923545837402,CSCO
1919,19-09-1997,8.083333015441895,8.194443702697754,63534600,8.222222328186035,8.138889312744139,6.001353740692139,CSCO
1920,22-09-1997,8.145833015441895,8.152777671813965,77814900,8.472222328186035,8.354166984558105,6.160092830657959,CSCO
1921,23-09-1997,8.361110687255861,8.375,76294800,8.541666984558105,8.444443702697754,6.2266602516174325,CSCO
1922,24-09-1997,8.166666984558105,8.486110687255861,66800700,8.486110687255861,8.284722328186035,6.108889102935791,CSCO
1923,25-09-1997,8.069443702697754,8.270833015441895,48997800,8.291666984558105,8.097222328186035,5.970630645751952,CSCO
1924,26-09-1997,8.027777671813965,8.152777671813965,44867700,8.25,8.180556297302246,6.0320777893066415,CSCO
1925,29-09-1997,8.0625,8.208333015441895,42418800,8.270833015441895,8.236110687255861,6.073042869567871,CSCO
1926,30-09-1997,8.111110687255861,8.138889312744139,63009000,8.291666984558105,8.118056297302246,5.9859938621521,CSCO
1927,01-10-1997,8.034722328186035,8.166666984558105,50458500,8.25,8.090277671813965,5.9655089378356925,CSCO
1928,02-10-1997,8.055556297302246,8.083333015441895,62412300,8.458333015441895,8.451389312744139,6.231781482696532,CSCO
1929,03-10-1997,8.555556297302246,8.652777671813965,125300700,8.776041984558105,8.722222328186035,6.431486129760742,CSCO
1930,06-10-1997,8.722222328186035,8.763889312744139,74083500,8.895833015441895,8.840277671813965,6.518535137176514,CSCO
1931,07-10-1997,8.88888931274414,8.92361068725586,87268500,9.125,9.07638931274414,6.692635536193848,CSCO
1932,08-10-1997,8.902777671813965,9.041666984558104,58596300,9.055556297302246,8.979166984558105,6.6209492683410645,CSCO
1933,09-10-1997,8.86111068725586,8.916666984558105,74754900,9.23611068725586,9.097222328186037,6.707999229431152,CSCO
1934,10-10-1997,9.0,9.041666984558104,31862700,9.13888931274414,9.04861068725586,6.6721534729003915,CSCO
1935,13-10-1997,8.979166984558105,9.097222328186037,29376900,9.13888931274414,9.083333015441896,6.697756290435791,CSCO
1936,14-10-1997,8.944443702697754,9.090277671813963,40245300,9.104166984558104,8.993056297302246,6.631190299987793,CSCO
1937,15-10-1997,8.875,8.88888931274414,84862800,9.277777671813963,9.23611068725586,6.810409069061278,CSCO
1938,16-10-1997,8.88888931274414,9.25,71765100,9.25,9.07638931274414,6.692635536193848,CSCO
1939,17-10-1997,8.722222328186035,9.01388931274414,90790200,9.069443702697754,8.88888931274414,6.554379463195801,CSCO
1940,20-10-1997,8.722222328186035,8.88888931274414,60944400,9.04861068725586,9.04861068725586,6.6721534729003915,CSCO
1941,21-10-1997,9.097222328186037,9.13888931274414,76772700,9.38888931274414,9.368056297302246,6.9077019691467285,CSCO
1942,22-10-1997,9.222222328186037,9.319443702697754,63243000,9.472222328186037,9.32638931274414,6.87697696685791,CSCO
1943,23-10-1997,9.01388931274414,9.041666984558104,79596000,9.305556297302246,9.055556297302246,6.677274703979492,CSCO
1944,24-10-1997,8.763889312744139,9.13888931274414,101171700,9.194443702697754,8.916666984558105,6.574862957000732,CSCO
1945,27-10-1997,8.069443702697754,8.777777671813965,122003100,8.88888931274414,8.097222328186035,5.970630645751952,CSCO
1946,28-10-1997,7.569444179534912,8.6875,175880700,8.98611068725586,8.88888931274414,6.554379463195801,CSCO
1947,29-10-1997,8.659722328186035,8.854166984558105,117472500,9.069443702697754,8.944443702697754,6.595343589782715,CSCO
1948,30-10-1997,8.583333015441895,8.597222328186035,150912900,9.055556297302246,8.881943702697754,6.549258232116699,CSCO
1949,31-10-1997,8.82638931274414,9.0,110457900,9.13888931274414,9.114583015441896,6.720799446105957,CSCO
1950,03-11-1997,9.208333015441896,9.215277671813963,80046000,9.430556297302246,9.416666984558104,6.94354772567749,CSCO
1951,04-11-1997,9.25,9.381943702697754,126705600,9.583333015441896,9.270833015441896,6.8360137939453125,CSCO
1952,05-11-1997,9.409722328186037,9.625,121095000,9.625,9.493056297302246,6.999873638153076,CSCO
1953,06-11-1997,9.333333015441896,9.527777671813963,52224300,9.541666984558104,9.409722328186037,6.938426494598389,CSCO
1954,07-11-1997,9.097222328186037,9.13888931274414,75590100,9.38888931274414,9.284722328186037,6.846253871917725,CSCO
1955,10-11-1997,9.083333015441896,9.277777671813963,51723900,9.36111068725586,9.090277671813963,6.702876091003418,CSCO
1956,11-11-1997,8.916666984558105,9.083333015441896,59340600,9.097222328186037,8.958333015441895,6.6055850982666025,CSCO
1957,12-11-1997,8.5,8.82638931274414,84016800,8.875,8.5,6.267626762390138,CSCO
1958,13-11-1997,8.486110687255861,8.611110687255861,98708400,8.847222328186035,8.840277671813965,6.518535137176514,CSCO
1959,14-11-1997,8.743056297302246,8.86111068725586,83467800,9.069443702697754,9.041666984558104,6.667032718658447,CSCO
1960,17-11-1997,9.097222328186037,9.222222328186037,54179100,9.340277671813963,9.229166984558104,6.8052897453308105,CSCO
1961,18-11-1997,9.125,9.222222328186037,52761600,9.333333015441896,9.145833015441896,6.7438416481018075,CSCO
1962,19-11-1997,9.055556297302246,9.083333015441896,44895600,9.26388931274414,9.239583015441896,6.812969207763673,CSCO
1963,20-11-1997,9.25,9.26388931274414,66248100,9.51388931274414,9.5,7.004994869232178,CSCO
1964,21-11-1997,9.38888931274414,9.569443702697754,60798600,9.583333015441896,9.458333015441896,6.974268913269043,CSCO
1965,24-11-1997,9.194443702697754,9.395833015441896,44204400,9.48611068725586,9.25,6.820652484893799,CSCO
1966,25-11-1997,9.222222328186037,9.291666984558104,54542700,9.42361068725586,9.368056297302246,6.9077019691467285,CSCO
1967,26-11-1997,9.38888931274414,9.38888931274414,26013600,9.5,9.45138931274414,6.9691481590271,CSCO
1968,28-11-1997,9.381943702697754,9.430556297302246,18334800,9.645833015441896,9.583333015441896,7.066441535949707,CSCO
1969,01-12-1997,9.652777671813963,9.694443702697754,95917500,10.097222328186037,10.04861068725586,7.409520626068115,CSCO
1970,02-12-1997,9.541666984558104,10.041666984558104,142086600,10.069443702697754,9.61111068725586,7.086923122406006,CSCO
1971,03-12-1997,9.305556297302246,9.541666984558104,154312200,9.659722328186037,9.65625,7.120208263397218,CSCO
1972,04-12-1997,9.479166984558104,9.715277671813963,61453800,9.722222328186037,9.597222328186037,7.076681137084961,CSCO
1973,05-12-1997,9.5,9.604166984558104,84069900,9.930556297302246,9.930556297302246,7.3224735260009775,CSCO
1974,08-12-1997,9.86111068725586,9.92361068725586,41416200,10.0,9.972222328186037,7.353195190429687,CSCO
1975,09-12-1997,9.625,9.875,78193800,9.88888931274414,9.715277671813963,7.1637306213378915,CSCO
1976,10-12-1997,9.222222328186037,9.569443702697754,106484400,9.583333015441896,9.48611068725586,6.994752883911133,CSCO
1977,11-12-1997,8.847222328186035,9.26388931274414,140383800,9.333333015441896,9.1875,6.774567604064941,CSCO
1978,12-12-1997,8.444443702697754,9.222222328186037,240625800,9.23611068725586,8.506943702697754,6.2727460861206055,CSCO
1979,15-12-1997,7.944444179534912,8.597222328186035,250780500,8.701389312744139,8.611110687255861,6.3495545387268075,CSCO
1980,16-12-1997,8.666666984558105,8.708333015441895,132025500,9.027777671813963,8.902777671813965,6.564620494842528,CSCO
1981,17-12-1997,9.010416984558104,9.291666984558104,102418200,9.5,9.03125,6.659352779388428,CSCO
1982,18-12-1997,8.572916984558105,8.979166984558105,67429200,9.0,8.927083015441895,6.582542896270753,CSCO
1983,19-12-1997,8.34375,8.666666984558105,101483400,9.0,8.90625,6.567181587219237,CSCO
1984,22-12-1997,8.8125,9.0,62484000,9.229166984558104,9.104166984558104,6.713119983673097,CSCO
1985,23-12-1997,8.541666984558105,9.166666984558104,50670600,9.177083015441896,8.5625,6.313710689544678,CSCO
1986,24-12-1997,8.541666984558105,8.770833015441895,32981400,8.875,8.59375,6.336753845214844,CSCO
1987,26-12-1997,8.625,8.666666984558105,20895000,8.875,8.864583015441895,6.536457061767577,CSCO
1988,29-12-1997,9.041666984558104,9.072916984558104,55410000,9.354166984558104,9.333333015441896,6.882099151611327,CSCO
1989,30-12-1997,9.260416984558104,9.385416984558104,46771200,9.46875,9.395833015441896,6.928183555603027,CSCO
1990,31-12-1997,9.208333015441896,9.395833015441896,45040800,9.541666984558104,9.291666984558104,6.851377964019775,CSCO
1991,02-01-1998,9.270833015441896,9.4375,42853800,9.729166984558104,9.677083015441896,7.135566711425781,CSCO
1992,05-01-1998,9.458333015441896,9.6875,70755000,9.854166984558104,9.65625,7.120208263397218,CSCO
1993,06-01-1998,9.354166984558104,9.541666984558104,54234000,9.729166984558104,9.53125,7.028036594390869,CSCO
1994,07-01-1998,9.15625,9.479166984558104,74175000,9.479166984558104,9.25,6.820652484893799,CSCO
1995,08-01-1998,8.916666984558105,9.15625,75943800,9.458333015441896,9.354166984558104,6.897462368011475,CSCO
1996,09-01-1998,8.979166984558105,9.229166984558104,83994000,9.354166984558104,9.041666984558104,6.667032718658447,CSCO
1997,12-01-1998,8.583333015441895,8.666666984558105,78526200,9.291666984558104,9.28125,6.843693256378174,CSCO
1998,13-01-1998,9.1875,9.333333015441896,62359200,9.40625,9.333333015441896,6.882099151611327,CSCO
1999,14-01-1998,9.3125,9.479166984558104,52188600,9.520833015441896,9.5,7.004994869232178,CSCO
2000,15-01-1998,9.427083015441896,9.458333015441896,49991400,9.708333015441896,9.572916984558104,7.058761596679688,CSCO
2001,16-01-1998,9.59375,9.708333015441896,48571800,9.791666984558104,9.645833015441896,7.11252498626709,CSCO
2002,20-01-1998,9.6875,9.71875,56923200,9.916666984558104,9.916666984558104,7.312227249145508,CSCO
2003,21-01-1998,9.458333015441896,9.791666984558104,52260600,9.916666984558104,9.895833015441896,7.2968692779541025,CSCO
2004,22-01-1998,9.59375,9.760416984558104,43438800,9.864583015441896,9.625,7.097165584564209,CSCO
2005,23-01-1998,9.416666984558104,9.71875,46768200,9.770833015441896,9.614583015441896,7.0894837379455575,CSCO
2006,26-01-1998,9.302083015441896,9.65625,39954600,9.666666984558104,9.4375,6.958908081054688,CSCO
2007,27-01-1998,9.3125,9.4375,67517400,9.895833015441896,9.875,7.28150463104248,CSCO
2008,28-01-1998,9.947916984558104,9.979166984558104,104662200,10.395833015441896,10.3125,7.604106903076173,CSCO
2009,29-01-1998,10.3125,10.333333015441896,125109000,10.791666984558104,10.625,7.834533214569093,CSCO
2010,30-01-1998,10.458333015441896,10.71875,51928800,10.729166984558104,10.510416984558104,7.75004243850708,CSCO
2011,02-02-1998,10.583333015441896,10.822916984558104,84201000,10.9375,10.65625,7.8575758934021,CSCO
2012,03-02-1998,10.354166984558104,10.65625,88447200,10.802083015441896,10.5,7.742360115051269,CSCO
2013,04-02-1998,10.5625,10.583333015441896,125086200,10.958333015441896,10.760416984558104,7.934382915496826,CSCO
2014,05-02-1998,10.729166984558104,10.958333015441896,75684000,11.03125,10.729166984558104,7.9113383293151855,CSCO
2015,06-02-1998,10.583333015441896,10.708333015441896,47049000,11.0,10.989583015441896,8.103363990783691,CSCO
2016,09-02-1998,10.5625,11.0625,55943400,11.0625,10.666666984558104,7.865255832672119,CSCO
2017,10-02-1998,10.5625,10.708333015441896,58441200,10.854166984558104,10.791666984558104,7.95742654800415,CSCO
2018,11-02-1998,10.677083015441896,10.84375,32716800,10.854166984558104,10.8125,7.972789287567139,CSCO
2019,12-02-1998,10.6875,10.71875,45181800,10.979166984558104,10.875,8.018875122070312,CSCO
2020,13-02-1998,10.75,10.822916984558104,30223200,10.96875,10.8125,7.972789287567139,CSCO
2021,17-02-1998,10.6875,10.979166984558104,41662800,11.0,10.822916984558104,7.980469703674316,CSCO
2022,18-02-1998,10.75,10.770833015441896,44554800,10.9375,10.916666984558104,8.049599647521973,CSCO
2023,19-02-1998,10.895833015441896,10.958333015441896,43772400,11.041666984558104,10.90625,8.041915893554688,CSCO
2024,20-02-1998,10.78125,10.979166984558104,51100200,11.020833015441896,10.96875,8.088001251220701,CSCO
2025,23-02-1998,10.864583015441896,11.0625,38247000,11.083333015441896,10.9375,8.064960479736326,CSCO
2026,24-02-1998,10.791666984558104,10.979166984558104,58074600,11.15625,10.791666984558104,7.95742654800415,CSCO
2027,25-02-1998,10.802083015441896,10.895833015441896,51615000,11.15625,11.125,8.203216552734375,CSCO
2028,26-02-1998,10.958333015441896,11.072916984558104,46743600,11.104166984558104,11.083333015441896,8.172492980957031,CSCO
2029,27-02-1998,10.979166984558104,11.1875,58439400,11.416666984558105,10.979166984558104,8.095684051513674,CSCO
2030,02-03-1998,10.75,11.145833015441896,45166800,11.208333015441896,10.875,8.018875122070312,CSCO
2031,03-03-1998,10.5625,10.71875,52573800,10.833333015441896,10.75,7.9267029762268075,CSCO
2032,04-03-1998,10.71875,10.760416984558104,39176400,10.916666984558104,10.875,8.018875122070312,CSCO
2033,05-03-1998,10.1875,10.5625,102384000,10.770833015441896,10.3125,7.604106903076173,CSCO
2034,06-03-1998,10.322916984558104,10.427083015441896,64338600,10.75,10.729166984558104,7.9113383293151855,CSCO
2035,09-03-1998,10.1875,10.614583015441896,61294800,10.739583015441896,10.203125,7.523452281951903,CSCO
2036,10-03-1998,10.0,10.458333015441896,88537200,10.479166984558104,10.229166984558104,7.542655467987059,CSCO
2037,11-03-1998,10.338541984558104,10.40625,75829200,10.708333015441896,10.4375,7.696273326873778,CSCO
2038,12-03-1998,10.416666984558104,10.541666984558104,47346600,10.6875,10.65625,7.8575758934021,CSCO
2039,13-03-1998,10.6875,10.791666984558104,41296200,10.875,10.760416984558104,7.934382915496826,CSCO
2040,16-03-1998,10.645833015441896,10.802083015441896,33524400,10.822916984558104,10.729166984558104,7.9113383293151855,CSCO
2041,17-03-1998,10.479166984558104,10.739583015441896,54018000,10.822916984558104,10.760416984558104,7.934382915496826,CSCO
2042,18-03-1998,10.520833015441896,10.541666984558104,57489000,10.75,10.59375,7.811489582061768,CSCO
2043,19-03-1998,10.520833015441896,10.604166984558104,45343800,10.739583015441896,10.71875,7.9036617279052725,CSCO
2044,20-03-1998,10.583333015441896,10.729166984558104,42997800,10.729166984558104,10.604166984558104,7.819170475006103,CSCO
2045,23-03-1998,10.5625,10.572916984558104,70598400,10.979166984558104,10.791666984558104,7.95742654800415,CSCO
2046,24-03-1998,10.958333015441896,10.979166984558104,85840800,11.364583015441895,11.302083015441895,8.333788871765138,CSCO
2047,25-03-1998,11.5,11.635416984558105,68151600,11.645833015441895,11.59375,8.548859596252441,CSCO
2048,26-03-1998,11.416666984558105,11.53125,41119200,11.625,11.5625,8.525816917419434,CSCO
2049,27-03-1998,11.46875,11.635416984558105,50055000,11.666666984558105,11.5625,8.525816917419434,CSCO
2050,30-03-1998,11.145833015441896,11.552083015441895,38302800,11.604166984558105,11.239583015441896,8.287702560424805,CSCO
2051,31-03-1998,11.270833015441895,11.333333015441895,36589800,11.5,11.395833015441895,8.402920722961426,CSCO
2052,01-04-1998,11.270833015441895,11.447916984558105,44187600,11.59375,11.552083015441895,8.518133163452147,CSCO
2053,02-04-1998,11.5,11.541666984558105,51847800,11.791666984558105,11.708333015441895,8.633347511291504,CSCO
2054,03-04-1998,11.6875,11.71875,54301800,11.989583015441895,11.78125,8.687113761901855,CSCO
2055,06-04-1998,11.46875,11.875,43793400,11.895833015441895,11.5,8.479724884033201,CSCO
2056,07-04-1998,11.223958015441896,11.385416984558105,52782600,11.520833015441895,11.5,8.479724884033201,CSCO
2057,08-04-1998,11.25,11.572916984558105,50500200,11.572916984558105,11.375,8.387558937072754,CSCO
2058,09-04-1998,11.03125,11.458333015441895,66436200,11.479166984558105,11.166666984558104,8.233940124511719,CSCO
2059,13-04-1998,11.010416984558104,11.09375,42171600,11.1875,11.083333015441896,8.172492980957031,CSCO
2060,14-04-1998,11.03125,11.041666984558104,57588000,11.395833015441895,11.28125,8.31843090057373,CSCO
2061,15-04-1998,11.354166984558105,11.395833015441895,66373200,11.833333015441895,11.78125,8.687113761901855,CSCO
2062,16-04-1998,11.604166984558105,11.791666984558105,41025000,11.875,11.697916984558105,8.625666618347168,CSCO
2063,17-04-1998,11.5625,11.572916984558105,30150600,11.75,11.739583015441895,8.656391143798826,CSCO
2064,20-04-1998,11.760416984558105,11.854166984558105,42646800,12.166666984558105,12.041666984558105,8.879135131835938,CSCO
2065,21-04-1998,11.916666984558105,12.104166984558105,40785600,12.322916984558105,12.3125,9.078839302062988,CSCO
2066,22-04-1998,12.166666984558105,12.3125,27479400,12.333333015441895,12.270833015441895,9.048117637634276,CSCO
2067,23-04-1998,11.875,12.260416984558105,29595600,12.270833015441895,11.947916984558105,8.810005187988281,CSCO
2068,24-04-1998,11.854166984558105,11.875,34059600,12.213541984558105,11.989583015441895,8.840730667114258,CSCO
2069,27-04-1998,11.5625,11.71875,45988800,11.916666984558105,11.739583015441895,8.656391143798826,CSCO
2070,28-04-1998,11.572916984558105,12.020833015441895,48764400,12.020833015441895,11.8125,8.710158348083496,CSCO
2071,29-04-1998,11.770833015441895,11.854166984558105,41491800,12.072916984558105,12.0,8.848413467407227,CSCO
2072,30-04-1998,12.145833015441895,12.15625,55056000,12.458333015441895,12.208333015441895,9.002028465270996,CSCO
2073,01-05-1998,12.197916984558105,12.291666984558105,30788400,12.354166984558105,12.270833015441895,9.048117637634276,CSCO
2074,04-05-1998,12.395833015441895,12.489583015441895,47264400,12.635416984558105,12.489583015441895,9.209412574768066,CSCO
2075,05-05-1998,12.25,12.572916984558105,47576400,12.625,12.270833015441895,9.048117637634276,CSCO
2076,06-05-1998,12.447916984558105,12.583333015441895,96796200,12.708333015441895,12.666666984558105,9.33998966217041,CSCO
2077,07-05-1998,12.541666984558105,12.75,37243200,12.760416984558105,12.5625,9.263181686401367,CSCO
2078,08-05-1998,12.458333015441895,12.489583015441895,35513400,12.6875,12.625,9.309268951416016,CSCO
2079,11-05-1998,12.4375,12.75,38456400,12.791666984558105,12.458333015441895,9.186373710632324,CSCO
2080,12-05-1998,12.333333015441895,12.46875,36346200,12.760416984558105,12.729166984558105,9.386079788208008,CSCO
2081,13-05-1998,12.510416984558105,12.770833015441895,29213400,12.791666984558105,12.666666984558105,9.33998966217041,CSCO
2082,14-05-1998,12.510416984558105,12.59375,28810800,12.791666984558105,12.677083015441895,9.347676277160645,CSCO
2083,15-05-1998,12.635416984558105,12.760416984558105,42159000,12.78125,12.729166984558105,9.386079788208008,CSCO
2084,18-05-1998,12.6875,12.729166984558105,45171000,12.989583015441895,12.958333015441895,9.555054664611816,CSCO
2085,19-05-1998,13.010416984558105,13.052083015441895,68789400,13.447916984558105,13.398438453674315,9.879579544067383,CSCO
2086,20-05-1998,13.010416984558105,13.5625,60733800,13.583333015441895,13.104166984558105,9.662590026855467,CSCO
2087,21-05-1998,12.864583015441895,13.145833015441895,46115400,13.270833015441895,12.958333015441895,9.555054664611816,CSCO
2088,22-05-1998,12.604166984558105,13.03125,38740200,13.041666984558105,12.8125,9.447525024414062,CSCO
2089,26-05-1998,12.583333015441895,12.9375,43423200,13.0,12.666666984558105,9.33998966217041,CSCO
2090,27-05-1998,12.489583015441895,12.5,57352200,13.0,12.96875,9.56273365020752,CSCO
2091,28-05-1998,12.833333015441895,13.020833015441895,34792800,13.125,12.916666984558105,9.524333000183104,CSCO
2092,29-05-1998,12.572916984558105,13.010416984558105,35964000,13.020833015441895,12.604166984558105,9.29390811920166,CSCO
2093,01-06-1998,12.15625,12.625,59528400,12.78125,12.260416984558105,9.04043197631836,CSCO
2094,02-06-1998,12.375,12.541666984558105,83092200,12.8125,12.739583015441895,9.393756866455078,CSCO
2095,03-06-1998,12.375,12.895833015441895,58046400,12.96875,12.4375,9.171012878417967,CSCO
2096,04-06-1998,12.40625,12.541666984558105,62507400,12.822916984558105,12.8125,9.447525024414062,CSCO
2097,05-06-1998,12.583333015441895,12.802083015441895,55507800,12.96875,12.90625,9.51665496826172,CSCO
2098,08-06-1998,12.708333015441895,12.9375,46465800,13.083333015441895,12.916666984558105,9.524333000183104,CSCO
2099,09-06-1998,12.8125,12.916666984558105,36597000,13.291666984558105,13.25,9.770124435424805,CSCO
2100,10-06-1998,13.0,13.125,58495200,13.46875,13.1875,9.724038124084473,CSCO
2101,11-06-1998,13.125,13.229166984558105,52405200,13.375,13.177083015441895,9.716354370117188,CSCO
2102,12-06-1998,12.90625,13.114583015441895,42152400,13.229166984558105,13.1875,9.724038124084473,CSCO
2103,15-06-1998,13.0,13.020833015441895,46002600,13.34375,13.041666984558105,9.61650276184082,CSCO
2104,16-06-1998,13.020833015441895,13.135416984558105,47940000,13.34375,13.322916984558105,9.823887825012207,CSCO
2105,17-06-1998,13.375,13.416666984558105,61374600,13.625,13.447916984558105,9.916062355041504,CSCO
2106,18-06-1998,13.375,13.479166984558105,52552200,13.747396469116213,13.6875,10.092721939086914,CSCO
2107,19-06-1998,13.604166984558105,13.770833015441895,56968800,13.856771469116213,13.854166984558105,10.215617179870604,CSCO
2108,22-06-1998,13.71875,13.833333015441895,48966000,14.145833015441895,14.104166984558105,10.39995574951172,CSCO
2109,23-06-1998,14.166666984558105,14.229166984558105,54733200,14.5,14.479166984558105,10.676466941833496,CSCO
2110,24-06-1998,14.447916984558105,14.677083015441895,65212800,14.90625,14.635416984558105,10.791683197021484,CSCO
2111,25-06-1998,14.427083015441895,14.75,61035000,14.916666984558105,14.510416984558105,10.69951343536377,CSCO
2112,26-06-1998,14.666666984558105,14.75,53716200,15.0,14.979166984558105,11.04515266418457,CSCO
2113,29-06-1998,15.0,15.145833015441895,52313400,15.333333015441895,15.302083015441895,11.2832612991333,CSCO
2114,30-06-1998,15.0625,15.229166984558105,77700000,15.708333015441895,15.34375,11.313985824584961,CSCO
2115,01-07-1998,15.458333015441895,15.572916984558105,49723800,15.8125,15.760416984558105,11.621223449707033,CSCO
2116,02-07-1998,15.260416984558105,15.78125,51744000,15.822916984558105,15.4375,11.3831148147583,CSCO
2117,06-07-1998,15.322916984558105,15.520833015441895,35785800,15.604166984558105,15.5,11.42920207977295,CSCO
2118,07-07-1998,15.083333015441895,15.5625,46121400,15.5625,15.458333015441895,11.39847469329834,CSCO
2119,08-07-1998,15.3125,15.40625,42348600,15.708333015441895,15.708333015441895,11.582818031311035,CSCO
2120,09-07-1998,15.479166984558105,15.6875,45988800,15.854166984558105,15.489583015441895,11.421518325805664,CSCO
2121,10-07-1998,15.25,15.5,44241000,15.625,15.489583015441895,11.421518325805664,CSCO
2122,13-07-1998,15.395833015441895,15.572916984558105,42524400,15.78125,15.708333015441895,11.582818031311035,CSCO
2123,14-07-1998,15.677083015441895,15.8125,46160400,16.020832061767578,15.8125,11.659626960754395,CSCO
2124,15-07-1998,15.6875,15.916666984558105,38209800,16.010417938232422,15.927083015441895,11.744115829467773,CSCO
2125,16-07-1998,15.8125,15.979166984558105,46102200,16.09375,15.958333015441895,11.76716136932373,CSCO
2126,17-07-1998,15.958333015441895,16.0625,66567600,16.645832061767578,16.625,12.258737564086914,CSCO
2127,20-07-1998,16.635417938232422,16.78125,92302800,17.375,17.197917938232422,12.681191444396973,CSCO
2128,21-07-1998,16.4375,17.385417938232422,77262600,17.416667938232422,16.489582061767578,12.158886909484865,CSCO
2129,22-07-1998,16.104167938232422,16.416667938232422,98843400,16.916667938232422,16.416667938232422,12.105119705200195,CSCO
2130,23-07-1998,16.25,16.427082061767578,56988000,16.729167938232422,16.520832061767578,12.181928634643555,CSCO
2131,24-07-1998,15.770833015441895,16.645832061767578,80445600,16.677082061767578,16.291667938232422,12.012953758239744,CSCO
2132,27-07-1998,15.875,16.083332061767578,68089800,16.322917938232422,16.25,11.982226371765135,CSCO
2133,28-07-1998,15.958333015441895,16.229167938232422,66456000,16.5625,16.0,11.797883987426758,CSCO
2134,29-07-1998,15.65625,16.125,55468800,16.260417938232422,15.666666984558105,11.552094459533693,CSCO
2135,30-07-1998,15.760416984558105,15.854166984558105,58798200,16.4375,16.416667938232422,12.105119705200195,CSCO
2136,31-07-1998,15.875,16.489582061767578,60683400,16.666667938232422,15.958333015441895,11.76716136932373,CSCO
2137,03-08-1998,15.958333015441895,16.020832061767578,75937800,16.5,16.083332061767578,11.859330177307127,CSCO
2138,04-08-1998,15.416666984558105,16.395832061767578,120368400,16.489582061767578,15.520833015441895,11.444561004638672,CSCO
2139,05-08-1998,15.46875,15.8125,144369600,16.25,16.125,11.890052795410154,CSCO
2140,06-08-1998,15.958333015441895,16.03125,78819600,16.572917938232422,16.5625,12.212653160095215,CSCO
2141,07-08-1998,16.09375,16.645832061767578,91843800,16.692707061767578,16.145832061767578,11.905414581298828,CSCO
2142,10-08-1998,16.0625,16.25,68205000,16.59375,16.53125,12.189610481262207,CSCO
2143,11-08-1998,16.125,16.166667938232422,81696600,16.5,16.333332061767578,12.043671607971193,CSCO
2144,12-08-1998,16.229167938232422,16.5,67734600,16.604167938232422,16.427082061767578,12.112798690795898,CSCO
2145,13-08-1998,16.083332061767578,16.375,53187600,16.5,16.114582061767578,11.88237476348877,CSCO
2146,14-08-1998,15.833333015441895,16.302082061767578,56527200,16.3125,16.072917938232422,11.85165023803711,CSCO
2147,17-08-1998,15.916666984558105,16.0,45709800,16.364582061767578,16.354167938232422,12.059037208557127,CSCO
2148,18-08-1998,16.416667938232422,16.447917938232422,73733400,16.854167938232422,16.697917938232422,12.312506675720215,CSCO
2149,19-08-1998,16.864582061767578,16.96875,88851000,17.364582061767578,16.875,12.443078994750975,CSCO
2150,20-08-1998,16.864582061767578,16.875,77504400,17.322917938232422,17.104167938232422,12.612062454223633,CSCO
2151,21-08-1998,16.66927146911621,16.916667938232422,83786400,17.1875,17.125,12.627421379089355,CSCO
2152,24-08-1998,17.072917938232422,17.145832061767578,63400200,17.40625,17.166667938232422,12.658147811889648,CSCO
2153,25-08-1998,17.166667938232422,17.395832061767578,70507200,17.510417938232422,17.322917938232422,12.773360252380373,CSCO
2154,26-08-1998,17.083332061767578,17.166667938232422,61074600,17.541667938232422,17.270832061767578,12.734954833984375,CSCO
2155,27-08-1998,16.41927146911621,17.041667938232422,109182000,17.166667938232422,16.520832061767578,12.181928634643555,CSCO
2156,28-08-1998,15.427083015441895,16.5,139294200,16.65625,15.78125,11.636587142944336,CSCO
2157,31-08-1998,13.583333015441895,15.78125,224315400,15.979166984558105,13.645833015441895,10.06199550628662,CSCO
2158,01-09-1998,13.645833015441895,14.041666984558105,223798800,15.104166984558105,15.0,11.06051540374756,CSCO
2159,02-09-1998,15.104166984558105,15.333333015441895,108430200,15.75,15.270833015441895,11.260220527648926,CSCO
2160,03-09-1998,14.770833015441895,14.916666984558105,100256400,15.28125,15.104166984558105,11.137324333190918,CSCO
2161,04-09-1998,14.479166984558105,15.25,72989400,15.333333015441895,14.875,10.968345642089844,CSCO
2162,08-09-1998,15.15625,15.625,103112400,15.791666984558105,15.770833015441895,11.62890338897705,CSCO
2163,09-09-1998,15.125,15.8125,78987000,15.833333015441895,15.135416984558105,11.160367012023926,CSCO
2164,10-09-1998,14.479166984558105,14.791666984558105,106532400,14.979166984558105,14.739583015441895,10.868492126464844,CSCO
2165,11-09-1998,14.604166984558105,14.8125,81840600,15.479166984558105,15.458333015441895,11.39847469329834,CSCO
2166,14-09-1998,15.510416984558105,15.677083015441895,69817800,15.854166984558105,15.614583015441895,11.51368808746338,CSCO
2167,15-09-1998,15.479166984558105,15.625,75814200,16.145832061767578,16.104167938232422,11.874693870544435,CSCO
2168,16-09-1998,15.8125,16.1875,59553600,16.3125,16.15625,11.91309642791748,CSCO
2169,17-09-1998,15.34375,15.625,68469600,15.8125,15.375,11.337029457092285,CSCO
2170,18-09-1998,15.0,15.5,77650800,15.546875,15.265625,11.256380081176758,CSCO
2171,21-09-1998,14.75,14.90625,52685200,15.59375,15.5625,11.4752836227417,CSCO
2172,22-09-1998,15.53125,15.78125,35666800,15.84375,15.71875,11.590499877929688,CSCO
2173,23-09-1998,15.84375,15.984375,66698400,16.625,16.5625,12.212653160095215,CSCO
2174,24-09-1998,16.125,16.59375,55414000,16.71875,16.234375,11.97070598602295,CSCO
2175,25-09-1998,15.96875,16.109375,44434000,16.6875,16.609375,12.247218132019045,CSCO
2176,28-09-1998,16.375,16.875,52792000,17.05859375,16.5625,12.212653160095215,CSCO
2177,29-09-1998,15.75,16.671875,74522800,16.875,16.15625,11.91309642791748,CSCO
2178,30-09-1998,15.25,15.859375,73704000,16.09375,15.453125,11.394635200500488,CSCO
2179,01-10-1998,14.015625,15.03125,146516000,15.0625,14.3125,10.55357551574707,CSCO
2180,02-10-1998,13.21875,14.21875,116840800,14.4375,13.9375,10.27706241607666,CSCO
2181,05-10-1998,11.484375,12.75,256038800,13.0,12.078125,8.906017303466797,CSCO
2182,06-10-1998,11.5,12.828125,153998000,12.984375,11.546875,8.514291763305664,CSCO
2183,07-10-1998,10.546875,11.4375,149672800,11.75,10.96875,8.088001251220701,CSCO
2184,08-10-1998,10.28125,10.75,173296000,11.9375,11.671875,8.606462478637695,CSCO
2185,09-10-1998,11.890625,12.09375,106092800,12.53125,12.515625,9.228618621826172,CSCO
2186,12-10-1998,13.078125,13.3125,100177200,13.625,13.09375,9.654908180236816,CSCO
2187,13-10-1998,12.484375,13.25,72907600,13.25,12.671875,9.343832969665527,CSCO
2188,14-10-1998,12.546875,12.546875,71436800,13.46875,13.03125,9.608821868896484,CSCO
2189,15-10-1998,13.0625,13.203125,94161200,14.28125,14.234375,10.49596881866455,CSCO
2190,16-10-1998,13.75,14.671875,96420400,14.8125,13.84375,10.20793628692627,CSCO
2191,19-10-1998,13.92578125,13.953125,60167200,14.546875,14.0625,10.369232177734377,CSCO
2192,20-10-1998,13.34375,14.40625,85716400,14.5,13.53125,9.977505683898926,CSCO
2193,21-10-1998,13.4375,13.8125,68915200,14.4375,14.40625,10.62270450592041,CSCO
2194,22-10-1998,14.0,14.359375,55034000,14.6875,14.609375,10.772482872009276,CSCO
2195,23-10-1998,14.53125,14.578125,46912000,14.921875,14.671875,10.818570137023926,CSCO
2196,26-10-1998,14.546875,14.875,63498000,15.34375,15.34375,11.313985824584961,CSCO
2197,27-10-1998,15.15625,15.59375,71040000,15.8125,15.1875,11.198773384094238,CSCO
2198,28-10-1998,15.03125,15.0625,48567600,15.75,15.71875,11.590499877929688,CSCO
2199,29-10-1998,15.15625,15.53125,79612000,15.859375,15.671875,11.555933952331545,CSCO
2200,30-10-1998,15.5,15.875,57545600,15.9375,15.75,11.613543510437012,CSCO
2201,02-11-1998,15.75,15.953125,58619600,16.21875,16.171875,11.9246187210083,CSCO
2202,03-11-1998,15.609375,16.203125,63931600,16.203125,15.84375,11.682669639587402,CSCO
2203,04-11-1998,16.125,16.21875,86704400,16.46484375,16.390625,12.085920333862305,CSCO
2204,05-11-1998,16.375,16.484375,116911600,16.97265625,16.953125,12.500686645507812,CSCO
2205,06-11-1998,16.734375,16.96875,55838000,17.09375,16.859375,12.431558609008787,CSCO
2206,09-11-1998,16.578125,16.9375,46023200,17.09375,16.75,12.350911140441895,CSCO
2207,10-11-1998,16.578125,16.6875,47261600,16.953125,16.75,12.350911140441895,CSCO
2208,11-11-1998,16.3125,17.0,56942000,17.234375,16.515625,12.178088188171387,CSCO
2209,12-11-1998,16.265625,16.5,33463600,16.5625,16.296875,12.016790390014648,CSCO
2210,13-11-1998,16.0625,16.28125,26124000,16.515625,16.171875,11.9246187210083,CSCO
2211,16-11-1998,16.375,16.5,40676400,16.75,16.734375,12.33938980102539,CSCO
2212,17-11-1998,16.53125,16.734375,65446000,17.40625,17.1875,12.673507690429688,CSCO
2213,18-11-1998,17.265625,17.34375,97434000,18.34375,18.21875,13.433915138244627,CSCO
2214,19-11-1998,18.234375,18.34375,57859600,18.71875,18.328125,13.514568328857422,CSCO
2215,20-11-1998,18.265625,18.71875,41056800,18.71875,18.65625,13.756514549255373,CSCO
2216,23-11-1998,18.578125,18.84375,46692400,19.15625,19.046875,14.044548988342285,CSCO
2217,24-11-1998,18.71875,19.03125,40832400,19.234375,19.046875,14.044548988342285,CSCO
2218,25-11-1998,18.765625,19.078125,24982400,19.3125,19.265625,14.205850601196287,CSCO
2219,27-11-1998,19.25,19.421875,22048000,20.0,20.0,14.747355461120605,CSCO
2220,30-11-1998,18.703125,20.03125,58153600,20.09375,18.84375,13.894773483276367,CSCO
2221,01-12-1998,18.46875,18.53125,71161200,19.96875,19.9375,14.701269149780273,CSCO
2222,02-12-1998,19.21875,19.75,47871600,19.9375,19.5625,14.424757957458494,CSCO
2223,03-12-1998,18.9375,19.46875,48567600,19.90625,19.046875,14.044548988342285,CSCO
2224,04-12-1998,19.03125,19.4375,46887600,19.625,19.5625,14.424757957458494,CSCO
2225,07-12-1998,19.375,19.703125,51790800,20.109375,20.046875,14.781920433044435,CSCO
2226,08-12-1998,19.609375,20.015625,56120800,20.4375,19.953125,14.712788581848145,CSCO
2227,09-12-1998,19.78125,20.09375,37432000,20.328125,20.1875,14.885613441467285,CSCO
2228,10-12-1998,20.21875,20.5,86914800,21.1875,20.296875,14.966263771057127,CSCO
2229,11-12-1998,20.234375,20.5,48952400,20.890625,20.875,15.39254665374756,CSCO
2230,14-12-1998,19.65625,20.640625,65190400,20.78125,20.09375,14.816486358642578,CSCO
2231,15-12-1998,20.109375,20.5,63774400,20.9375,20.9375,15.438634872436525,CSCO
2232,16-12-1998,20.609375,21.125,49596400,21.25,20.671875,15.242777824401855,CSCO
2233,17-12-1998,20.71875,20.8125,38702000,21.21875,21.21875,15.646018981933596,CSCO
2234,18-12-1998,21.5625,21.5625,86427600,22.65625,22.609375,16.671422958374027,CSCO
2235,21-12-1998,23.34375,23.4375,84346400,24.109375,23.671875,17.454877853393555,CSCO
2236,22-12-1998,23.015625,24.078125,117542800,24.4375,23.453125,17.293581008911133,CSCO
2237,23-12-1998,23.609375,24.03125,48325200,24.125,24.125,17.78899383544922,CSCO
2238,24-12-1998,23.53125,24.171875,28090400,24.171875,23.546875,17.362703323364258,CSCO
2239,28-12-1998,23.25,23.875,42841200,24.0625,23.546875,17.362703323364258,CSCO
2240,29-12-1998,23.046875,23.65625,32946800,23.671875,23.375,17.235967636108402,CSCO
2241,30-12-1998,23.15625,23.40625,31787600,23.78125,23.171875,17.086191177368164,CSCO
2242,31-12-1998,22.953125,23.21875,29021600,23.5,23.203125,17.109235763549805,CSCO
2243,04-01-1999,23.34375,23.625,62691200,24.15625,23.828125,17.570093154907227,CSCO
2244,05-01-1999,23.71875,23.953125,50396000,24.28125,24.234375,17.869647979736328,CSCO
2245,06-01-1999,24.75,24.96875,81818000,25.375,24.9375,18.38810920715332,CSCO
2246,07-01-1999,24.515625,24.625,95150800,26.25,25.90625,19.102436065673828,CSCO
2247,08-01-1999,25.953125,26.9375,96112800,27.0,26.671875,19.6669864654541,CSCO
2248,11-01-1999,25.796875,26.90625,65645600,26.96875,26.171875,19.298290252685547,CSCO
2249,12-01-1999,24.4375,26.078125,99631200,26.09375,24.53125,18.08855628967285,CSCO
2250,13-01-1999,22.46875,22.515625,123995200,24.9375,23.96875,17.673778533935547,CSCO
2251,14-01-1999,24.03125,24.8125,81488800,25.125,24.09375,17.765954971313477,CSCO
2252,15-01-1999,24.4375,24.4375,64330400,25.4375,25.421875,18.74527359008789,CSCO
2253,19-01-1999,25.546875,26.15625,70477600,26.625,26.59375,19.60936737060547,CSCO
2254,20-01-1999,26.234375,26.984375,73077600,27.484375,26.53125,19.563289642333984,CSCO
2255,21-01-1999,25.0,26.328125,76785600,26.53125,25.328125,18.676137924194336,CSCO
2256,22-01-1999,24.515625,24.78125,65845200,26.125,25.703125,18.952655792236328,CSCO
2257,25-01-1999,24.84375,25.875,46580800,25.875,25.859375,19.067874908447266,CSCO
2258,26-01-1999,25.8125,26.140625,61173600,26.875,26.78125,19.747631072998047,CSCO
2259,27-01-1999,25.71875,26.96875,64099600,27.0,25.859375,19.067874908447266,CSCO
2260,28-01-1999,26.21875,26.40625,64947200,27.28125,27.21875,20.07023048400879,CSCO
2261,29-01-1999,26.71875,27.25,76174000,28.0,27.890625,20.56565284729004,CSCO
2262,01-02-1999,28.0,28.265625,102006400,29.375,28.75,21.19931983947754,CSCO
2263,02-02-1999,27.8125,29.09375,126920400,29.1875,28.09765625,20.718305587768555,CSCO
2264,03-02-1999,27.0,27.375,96946400,28.0625,27.78125,20.484996795654297,CSCO
2265,04-02-1999,25.9375,27.65625,94445600,27.75,26.3125,19.401988983154297,CSCO
2266,05-02-1999,24.921875,26.15625,108850000,26.28125,25.3125,18.664621353149414,CSCO
2267,08-02-1999,24.53125,25.84375,91903200,26.109375,25.484375,18.791357040405273,CSCO
2268,09-02-1999,23.96875,25.609375,84167600,25.625,23.984375,17.685300827026367,CSCO
2269,10-02-1999,23.875,23.984375,80472800,24.90625,24.640625,18.169193267822266,CSCO
2270,11-02-1999,24.8125,24.984375,70136400,26.265625,26.21875,19.33286476135254,CSCO
2271,12-02-1999,24.625,25.953125,64724000,25.96875,24.765625,18.26136779785156,CSCO
2272,16-02-1999,24.421875,25.46875,55928400,25.65625,24.765625,18.26136779785156,CSCO
2273,17-02-1999,23.71875,24.171875,75745600,24.640625,23.78125,17.5355224609375,CSCO
2274,18-02-1999,22.90625,24.0,74250800,24.1875,24.046875,17.73139190673828,CSCO
2275,19-02-1999,23.90625,24.1875,43842000,24.46875,24.28125,17.904211044311523,CSCO
2276,22-02-1999,23.984375,24.34375,66749200,25.640625,25.515625,18.814395904541016,CSCO
2277,23-02-1999,25.265625,25.546875,66164000,26.109375,25.734375,18.97569465637207,CSCO
2278,24-02-1999,24.9375,25.8125,55276400,26.0625,24.984375,18.422677993774414,CSCO
2279,25-02-1999,24.28125,24.78125,70942400,25.25,24.625,18.157678604125977,CSCO
2280,26-02-1999,23.875,24.5625,57699200,24.59375,24.453125,18.030941009521484,CSCO
2281,01-03-1999,24.125,24.4375,49533200,25.015625,24.859375,18.33049201965332,CSCO
2282,02-03-1999,23.875,24.9375,60816800,25.140625,23.921875,17.639219284057614,CSCO
2283,03-03-1999,23.5,23.890625,70323200,24.1875,23.78125,17.5355224609375,CSCO
2284,04-03-1999,23.8125,24.203125,65345600,24.90625,24.5625,18.11159896850586,CSCO
2285,05-03-1999,24.65625,25.15625,48879200,25.265625,25.203125,18.583967208862305,CSCO
2286,08-03-1999,25.453125,25.5,55211600,26.25,26.140625,19.27525329589844,CSCO
2287,09-03-1999,26.03125,26.078125,65762800,27.0,26.328125,19.41351127624512,CSCO
2288,10-03-1999,25.53125,26.0,55808400,26.296875,26.09375,19.240694046020508,CSCO
2289,11-03-1999,25.96875,26.25,44450800,26.6875,26.375,19.448076248168945,CSCO
2290,12-03-1999,25.59375,26.484375,35631600,26.53125,25.8125,19.03330993652344,CSCO
2291,15-03-1999,25.453125,25.84375,34250800,26.25,26.25,19.35590171813965,CSCO
2292,16-03-1999,26.21875,26.234375,45531600,26.765625,26.5,19.54024887084961,CSCO
2293,17-03-1999,26.21875,26.484375,28228400,26.625,26.515625,19.5517635345459,CSCO
2294,18-03-1999,26.28125,26.34375,30107600,26.75,26.71875,19.70155143737793,CSCO
2295,19-03-1999,25.859375,27.1875,60511200,27.25,26.125,19.26372528076172,CSCO
2296,22-03-1999,25.59375,26.25,34202400,26.25,25.6875,18.941131591796875,CSCO
2297,23-03-1999,24.84375,25.5,53808400,25.890625,25.078125,18.491796493530273,CSCO
2298,24-03-1999,25.09375,25.109375,45670400,26.125,26.109375,19.252212524414066,CSCO
2299,25-03-1999,26.21875,26.4375,54294400,26.90625,26.859375,19.805238723754886,CSCO
2300,26-03-1999,26.15625,26.734375,39559200,26.765625,26.296875,19.390464782714844,CSCO
2301,29-03-1999,26.4765625,26.53125,51662400,27.515625,27.5,20.27760887145996,CSCO
2302,30-03-1999,27.21875,27.4375,58505600,28.0625,27.484375,20.266094207763672,CSCO
2303,31-03-1999,27.34375,27.828125,46367600,28.125,27.390625,20.196962356567386,CSCO
2304,01-04-1999,27.03125,27.625,31877200,27.875,27.484375,20.266094207763672,CSCO
2305,05-04-1999,27.84375,27.84375,40854000,28.625,28.609375,21.095632553100586,CSCO
2306,06-04-1999,28.4375,28.5625,50344000,29.0625,28.8125,21.24540901184082,CSCO
2307,07-04-1999,28.625,29.21875,67619600,30.0,29.6875,21.890602111816406,CSCO
2308,08-04-1999,28.6875,29.34375,51874000,29.6875,29.40625,21.683223724365234,CSCO
2309,09-04-1999,29.375,29.46875,36259200,29.90625,29.53125,21.7753963470459,CSCO
2310,12-04-1999,28.625,28.875,47398400,29.78125,29.4375,21.706262588500977,CSCO
2311,13-04-1999,28.5,29.5,48145200,29.515625,28.53125,21.03802490234375,CSCO
2312,14-04-1999,27.625,28.953125,41214800,29.03125,27.6875,20.41587257385254,CSCO
2313,15-04-1999,26.5625,27.75,66928400,27.78125,27.578125,20.335220336914066,CSCO
2314,16-04-1999,26.25,27.609375,56689200,27.65625,26.421875,19.482635498046875,CSCO
2315,19-04-1999,24.99609375,26.609375,81516400,27.28125,25.0,18.434192657470703,CSCO
2316,20-04-1999,24.8125,25.015625,74923600,25.59375,25.390625,18.722230911254886,CSCO
2317,21-04-1999,25.28125,25.671875,58310800,27.03125,26.984375,19.89740753173828,CSCO
2318,22-04-1999,27.796875,27.8125,65308400,28.5,28.296875,20.865198135375977,CSCO
2319,23-04-1999,27.78125,28.171875,54894800,29.390625,29.34375,21.63714027404785,CSCO
2320,26-04-1999,29.09375,29.4375,45702400,29.78125,29.40625,21.683223724365234,CSCO
2321,27-04-1999,28.21875,29.4375,55418000,29.56640625,28.765625,21.210847854614254,CSCO
2322,28-04-1999,27.8125,28.75,36496800,28.75,27.9375,20.600215911865234,CSCO
2323,29-04-1999,26.6875,27.96875,58308000,28.0,27.296875,20.127838134765625,CSCO
2324,30-04-1999,27.4375,28.046875,55174400,28.5625,28.515625,21.02650451660156,CSCO
2325,03-05-1999,27.734375,28.4375,41324400,28.5,28.40625,20.945858001708984,CSCO
2326,04-05-1999,27.0,28.28125,59052400,28.84375,27.15625,20.024139404296875,CSCO
2327,05-05-1999,26.1875,27.03125,71366000,27.984375,27.7421875,20.45619201660156,CSCO
2328,06-05-1999,26.46875,27.53125,56656800,27.6328125,26.734375,19.713062286376953,CSCO
2329,07-05-1999,26.21875,27.0625,63440800,27.40625,27.125,20.001100540161133,CSCO
2330,10-05-1999,27.0625,27.375,61404400,27.875,27.3125,20.13935661315918,CSCO
2331,11-05-1999,27.4375,27.75,55567600,28.015625,27.96875,20.623252868652344,CSCO
2332,12-05-1999,28.890625,29.375,106396400,29.8125,29.6875,21.890602111816406,CSCO
2333,13-05-1999,29.3125,29.71875,88076000,30.578125,29.421875,21.69474029541016,CSCO
2334,14-05-1999,28.515625,28.765625,71554800,29.546875,28.859375,21.279970169067386,CSCO
2335,17-05-1999,28.203125,28.703125,43317200,29.125,29.109375,21.46430778503418,CSCO
2336,18-05-1999,28.78125,29.125,38190800,29.34375,29.046875,21.418231964111328,CSCO
2337,19-05-1999,28.5625,29.21875,34946400,29.375,29.140625,21.48735809326172,CSCO
2338,20-05-1999,28.6875,29.265625,38444400,29.34375,28.6875,21.15323638916016,CSCO
2339,21-05-1999,28.09375,28.6875,45808800,28.953125,28.3125,20.87672615051269,CSCO
2340,24-05-1999,27.0,28.453125,53234000,28.46875,27.34375,20.16240119934082,CSCO
2341,25-05-1999,26.03125,27.421875,64752000,27.421875,26.09375,19.240694046020508,CSCO
2342,26-05-1999,25.9375,26.34375,80338400,27.515625,27.28125,20.116315841674805,CSCO
2343,27-05-1999,26.5,27.21875,50292400,27.53125,27.0,19.9089298248291,CSCO
2344,28-05-1999,26.625,26.96875,29332000,27.28125,27.25,20.09326934814453,CSCO
2345,01-06-1999,26.59375,27.265625,37940000,27.34375,26.765625,19.73610496520996,CSCO
2346,02-06-1999,26.375,26.875,51811200,27.703125,27.53125,20.3006591796875,CSCO
2347,03-06-1999,27.125,27.5,46993200,28.28125,27.203125,20.058704376220703,CSCO
2348,04-06-1999,27.375,27.375,42558400,28.75,28.71875,21.1762752532959,CSCO
2349,07-06-1999,28.4375,28.671875,43156000,29.0625,28.84375,21.268451690673828,CSCO
2350,08-06-1999,27.78125,28.765625,42976400,29.125,27.921875,20.588695526123047,CSCO
2351,09-06-1999,27.75,28.125,36088400,28.5,28.4375,20.968896865844727,CSCO
2352,10-06-1999,27.421875,28.3125,46404800,28.3125,27.609375,20.35826110839844,CSCO
2353,11-06-1999,27.625,27.703125,42778800,28.109375,27.671875,20.40434455871582,CSCO
2354,14-06-1999,26.921875,27.84375,35985600,27.984375,26.953125,19.874364852905273,CSCO
2355,15-06-1999,26.96875,27.09375,37105600,27.875,27.796875,20.49651908874512,CSCO
2356,16-06-1999,27.96875,28.375,64423200,29.078125,29.0625,21.429744720458984,CSCO
2357,17-06-1999,28.96875,29.1875,71378000,29.53125,29.34375,21.63714027404785,CSCO
2358,18-06-1999,29.078125,29.09375,56777200,29.875,29.84375,22.005823135375977,CSCO
2359,21-06-1999,29.859375,30.015625,89100000,31.015625,30.78125,22.69709587097168,CSCO
2360,22-06-1999,29.6875,30.5,67755800,31.15625,29.75,21.936691284179688,CSCO
2361,23-06-1999,29.625,30.0,49204800,31.03125,30.9375,22.812313079833984,CSCO
2362,24-06-1999,30.0625,30.96875,38008200,31.0625,30.125,22.21320152282715,CSCO
2363,25-06-1999,30.25,30.625,27674200,30.84375,30.65625,22.60493278503418,CSCO
2364,28-06-1999,30.46875,31.0,41440200,31.0625,30.96875,22.835359573364254,CSCO
2365,29-06-1999,30.5,31.0,39828000,31.46875,31.25,23.042739868164066,CSCO
2366,30-06-1999,30.8125,31.1875,57262600,32.71875,32.21875,23.757061004638672,CSCO
2367,01-07-1999,31.75,32.53125,42941400,32.5625,32.1875,23.734025955200195,CSCO
2368,02-07-1999,32.4375,32.46875,34589200,33.53125,33.53125,24.724863052368164,CSCO
2369,06-07-1999,33.25,34.15625,51386600,34.625,33.34375,24.58660888671875,CSCO
2370,07-07-1999,32.6640625,33.4375,39944600,33.8125,33.125,24.42530632019043,CSCO
2371,08-07-1999,32.75,33.09375,35140800,33.4375,33.21875,24.49443626403809,CSCO
2372,09-07-1999,32.6875,33.625,21307000,33.6875,33.53125,24.724863052368164,CSCO
2373,12-07-1999,32.75,33.875,29140000,33.90625,32.8125,24.194883346557614,CSCO
2374,13-07-1999,32.0625,32.53125,29620400,32.875,32.625,24.056625366210934,CSCO
2375,14-07-1999,31.96875,32.9375,37299600,32.96875,32.65625,24.079668045043945,CSCO
2376,15-07-1999,32.5,32.9609375,31955200,33.4375,33.28125,24.54052543640137,CSCO
2377,16-07-1999,32.65625,33.4375,34042800,33.4375,33.0,24.333139419555664,CSCO
2378,19-07-1999,32.375,33.0625,32816600,33.0625,32.46875,23.9414119720459,CSCO
2379,20-07-1999,30.9375,32.1875,52511400,32.1875,31.125,22.9505672454834,CSCO
2380,21-07-1999,31.0625,31.21875,34655400,31.9921875,31.53125,23.25012397766113,CSCO
2381,22-07-1999,30.5,31.46875,36435400,31.625,30.5625,22.53580665588379,CSCO
2382,23-07-1999,30.59375,31.0,31477800,31.5,31.46875,23.20404052734375,CSCO
2383,26-07-1999,30.5,31.0,30652200,31.25,30.53125,22.51276016235352,CSCO
2384,27-07-1999,30.71875,31.0625,32806600,31.625,31.46875,23.20404052734375,CSCO
2385,28-07-1999,30.71875,31.4375,26070000,32.03125,31.65625,23.3422966003418,CSCO
2386,29-07-1999,30.5,30.875,32851000,31.3125,30.875,22.7662296295166,CSCO
2387,30-07-1999,31.0,31.09375,30931600,31.90625,31.0625,22.90448570251465,CSCO
2388,02-08-1999,30.625,30.84375,28405600,32.0,30.90625,22.789270401000977,CSCO
2389,03-08-1999,30.125,31.25,32937000,31.28125,30.5625,22.53580665588379,CSCO
2390,04-08-1999,30.15625,30.71875,39040000,31.34375,30.25,22.30537223815918,CSCO
2391,05-08-1999,29.1875,30.5625,57323800,30.78125,30.75,22.67405891418457,CSCO
2392,06-08-1999,30.5,30.75,39723000,31.625,31.125,22.9505672454834,CSCO
2393,09-08-1999,29.8125,31.5625,43451800,31.9375,29.90625,22.05190086364746,CSCO
2394,10-08-1999,28.078125,30.0,76086600,30.3125,29.375,21.66018295288086,CSCO
2395,11-08-1999,30.0625,31.21875,75945000,31.5,31.46875,23.20404052734375,CSCO
2396,12-08-1999,30.8125,31.53125,43322200,31.71875,30.84375,22.743183135986328,CSCO
2397,13-08-1999,31.125,31.28125,41463800,31.78125,31.78125,23.43447113037109,CSCO
2398,16-08-1999,31.3125,31.875,29650400,32.21875,31.75,23.41142463684082,CSCO
2399,17-08-1999,31.5625,32.125,28298200,32.375,32.125,23.68793869018555,CSCO
2400,18-08-1999,31.59375,31.875,22717800,32.0625,31.65625,23.3422966003418,CSCO
2401,19-08-1999,30.84375,31.3125,27059200,31.5,31.125,22.9505672454834,CSCO
2402,20-08-1999,31.25,31.4375,26887800,32.0625,32.0625,23.641855239868164,CSCO
2403,23-08-1999,32.09375,32.375,29975400,32.9375,32.875,24.24096298217773,CSCO
2404,24-08-1999,32.53125,32.53125,37240600,33.5,33.1875,24.471391677856445,CSCO
2405,25-08-1999,33.3125,33.5,40614200,34.53125,34.3125,25.30092811584473,CSCO
2406,26-08-1999,33.9375,33.9375,71319400,35.15625,34.46875,25.416147232055664,CSCO
2407,27-08-1999,34.0625,34.8125,31159600,34.9375,34.25,25.25484275817871,CSCO
2408,30-08-1999,33.0625,34.46875,30237800,34.5,33.375,24.609642028808594,CSCO
2409,31-08-1999,33.0,33.625,40630200,34.3125,33.90625,25.001373291015625,CSCO
2410,01-09-1999,33.6875,34.09375,29680800,34.5625,34.46875,25.416147232055664,CSCO
2411,02-09-1999,33.375,34.125,32987200,34.25,34.125,25.162675857543945,CSCO
2412,03-09-1999,34.875,34.9375,41353000,35.46875,35.46875,26.15351867675781,CSCO
2413,07-09-1999,35.15625,35.46875,29664600,35.875,35.1875,25.94612693786621,CSCO
2414,08-09-1999,34.3125,34.9375,29108600,35.4375,34.46875,25.416147232055664,CSCO
2415,09-09-1999,34.3125,34.96875,27047000,35.09375,34.96875,25.78482818603516,CSCO
2416,10-09-1999,34.96875,35.59375,26933600,35.84375,35.375,26.084381103515625,CSCO
2417,13-09-1999,35.3125,35.9375,40052600,36.28125,35.34375,26.061342239379886,CSCO
2418,14-09-1999,35.25,35.46875,30686800,36.0625,35.96875,26.522201538085934,CSCO
2419,15-09-1999,35.25,36.34375,29886800,36.375,35.25,25.99221420288086,CSCO
2420,16-09-1999,34.625,35.625,35386600,35.65625,35.25,25.99221420288086,CSCO
2421,17-09-1999,35.46875,35.5625,52056200,36.78125,36.75,27.09827041625977,CSCO
2422,20-09-1999,36.125,36.75,27081800,36.75,36.59375,26.98305702209473,CSCO
2423,21-09-1999,35.4375,36.40625,31278600,36.46875,35.5625,26.22263526916504,CSCO
2424,22-09-1999,35.15625,35.65625,34365600,36.25,36.125,26.63741111755371,CSCO
2425,23-09-1999,34.375,36.375,38786600,36.4375,34.6875,25.57744026184082,CSCO
2426,24-09-1999,33.34375,34.3125,57435400,34.875,34.5,25.43918228149414,CSCO
2427,27-09-1999,33.8125,35.0625,39346400,35.125,34.0625,25.11659240722656,CSCO
2428,28-09-1999,32.9375,33.9375,48341400,34.40625,34.1875,25.20876502990723,CSCO
2429,29-09-1999,33.375,34.375,34538000,34.75,33.40625,24.63269424438477,CSCO
2430,30-09-1999,33.1875,33.6875,38812200,34.46875,34.28125,25.27788734436035,CSCO
2431,01-10-1999,33.5,33.96875,34812000,34.5,34.4375,25.393104553222656,CSCO
2432,04-10-1999,34.21875,34.53125,26348000,35.3125,35.25,25.99221420288086,CSCO
2433,05-10-1999,35.125,35.5625,40120200,36.4375,35.8125,26.406982421875,CSCO
2434,06-10-1999,35.5625,36.15625,27806600,36.5,35.9609375,26.51643180847168,CSCO
2435,07-10-1999,35.21875,36.0,29225000,36.265625,35.4375,26.13046455383301,CSCO
2436,08-10-1999,34.71875,35.46875,30828400,36.0,35.90625,26.47611999511719,CSCO
2437,11-10-1999,35.90625,36.09375,17772200,36.375,36.21875,26.70653915405273,CSCO
2438,12-10-1999,35.25,36.21875,23617400,36.4375,35.875,26.45306205749512,CSCO
2439,13-10-1999,34.8125,35.34375,33096600,35.96875,35.15625,25.923080444335934,CSCO
2440,14-10-1999,34.25,35.125,42707400,35.15625,34.6875,25.57744026184082,CSCO
2441,15-10-1999,33.25,34.1875,56896000,34.3125,33.59375,24.770952224731445,CSCO
2442,18-10-1999,32.53125,33.46875,50957000,34.0625,33.6875,24.840076446533203,CSCO
2443,19-10-1999,33.4375,34.46875,40404800,34.5,33.6875,24.840076446533203,CSCO
2444,20-10-1999,33.96875,34.5,36908600,35.0,34.96875,25.78482818603516,CSCO
2445,21-10-1999,33.78125,34.125,37816000,34.65625,34.59375,25.508316040039066,CSCO
2446,22-10-1999,33.1875,34.96875,51369400,35.46875,33.28125,24.54052543640137,CSCO
2447,25-10-1999,32.5625,33.78125,74015400,33.96875,33.25,24.517475128173828,CSCO
2448,26-10-1999,33.59375,33.90625,38695000,34.375,33.625,24.793987274169922,CSCO
2449,27-10-1999,33.375,33.875,38332600,34.75,34.59375,25.508316040039066,CSCO
2450,28-10-1999,34.71875,34.9375,40276400,35.53125,35.46875,26.15351867675781,CSCO
2451,29-10-1999,36.125,36.25,56607600,37.25,37.0,27.282609939575195,CSCO
2452,01-11-1999,36.1875,36.5,31411400,37.0,36.4375,26.867830276489254,CSCO
2453,02-11-1999,36.34375,36.75,33270200,37.25,36.75,27.09827041625977,CSCO
2454,03-11-1999,35.53125,37.0,47719800,37.15625,35.75,26.36089324951172,CSCO
2455,04-11-1999,34.9375,36.4375,63778000,36.8125,35.0,25.80787467956543,CSCO
2456,05-11-1999,35.75,35.84375,43893000,36.75,36.71875,27.075225830078125,CSCO
2457,08-11-1999,36.625,36.75,50149600,37.96875,37.65625,27.76650047302246,CSCO
2458,09-11-1999,36.8125,38.21875,56435600,38.25,37.125,27.37477302551269,CSCO
2459,10-11-1999,38.59375,38.59375,84182400,39.84375,39.75,29.31036376953125,CSCO
2460,11-11-1999,39.84375,39.9375,55408200,42.09375,41.875,30.87726974487305,CSCO
2461,12-11-1999,40.25,42.21875,41353200,42.21875,41.71875,30.76206398010254,CSCO
2462,15-11-1999,40.96875,41.78125,25344800,41.875,41.40625,30.531627655029297,CSCO
2463,16-11-1999,41.4375,41.6875,37070800,42.5,42.25,31.15378570556641,CSCO
2464,17-11-1999,42.25,42.5,38131200,43.09375,42.375,31.24595832824707,CSCO
2465,18-11-1999,42.5,43.0,30482600,44.0,43.96875,32.421142578125,CSCO
2466,19-11-1999,43.375,43.84375,35320400,44.3125,44.0625,32.490249633789055,CSCO
2467,22-11-1999,43.3125,44.09375,27224400,44.1875,43.75,32.259841918945305,CSCO
2468,23-11-1999,43.75,44.625,48103800,44.75,44.25,32.62851333618164,CSCO
2469,24-11-1999,44.5625,44.8125,49164200,46.96875,46.21875,34.080211639404304,CSCO
2470,26-11-1999,46.40625,47.625,24342000,47.6875,46.59375,34.356735229492195,CSCO
2471,29-11-1999,46.3125,46.9375,46741400,47.75,46.375,34.19543838500977,CSCO
2472,30-11-1999,44.1875,46.3125,43533600,46.3125,44.59375,32.88199234008789,CSCO
2473,01-12-1999,44.59375,45.1875,39542400,45.875,45.71875,33.71152877807617,CSCO
2474,02-12-1999,45.71875,46.4375,39396200,46.875,46.75,34.471935272216804,CSCO
2475,03-12-1999,47.0,47.4375,49795400,48.5,47.78125,35.23236083984375,CSCO
2476,06-12-1999,47.65625,48.0,36850800,49.4375,49.125,36.22319793701172,CSCO
2477,07-12-1999,50.03125,50.46875,55914600,51.21875,50.75,37.42140579223633,CSCO
2478,08-12-1999,49.5,51.0,41666800,51.5,49.96875,36.84535598754883,CSCO
2479,09-12-1999,48.0,50.96875,48570000,51.0,49.3125,36.36144256591797,CSCO
2480,10-12-1999,48.3125,49.9375,33256600,50.0625,49.90625,36.79925155639648,CSCO
2481,13-12-1999,49.125,50.0,36838200,50.875,50.59375,37.30619430541992,CSCO
2482,14-12-1999,48.875,50.46875,41910600,50.78125,48.96875,36.10797882080078,CSCO
2483,15-12-1999,46.4375,47.625,90774200,48.25,47.9375,35.347557067871094,CSCO
2484,16-12-1999,48.53125,49.1953125,42678200,49.375,48.9375,36.08492660522461,CSCO
2485,17-12-1999,49.375,50.375,57102400,50.3828125,49.84375,36.75318145751953,CSCO
2486,20-12-1999,50.03125,50.375,38061000,51.78125,51.625,38.06661987304688,CSCO
2487,21-12-1999,50.9375,52.03125,39562800,52.25,52.0,38.34312438964844,CSCO
2488,22-12-1999,50.25,52.21875,30393400,52.5,51.25,37.79010009765625,CSCO
2489,23-12-1999,51.59375,51.9375,21218200,52.5,52.21875,38.50442504882813,CSCO
2490,27-12-1999,51.03125,52.5,26471200,52.625,52.59375,38.78092956542969,CSCO
2491,28-12-1999,51.5625,52.46875,26290400,53.5,52.59375,38.78092956542969,CSCO
2492,29-12-1999,52.34375,52.71875,18297400,53.5,53.0625,39.12657928466797,CSCO
2493,30-12-1999,52.53125,53.4375,17842400,53.5,53.09375,39.14962768554688,CSCO
2494,31-12-1999,52.96875,53.34375,10726400,53.59375,53.5625,39.495262145996094,CSCO
2495,03-01-2000,51.78125,54.96875,53076000,55.125,54.03125,39.84088897705078,CSCO
2496,04-01-2000,50.875,52.75,50805600,53.5,51.0,37.60575485229492,CSCO
2497,05-01-2000,48.625,50.03125,68524000,52.25,50.84375,37.49054718017578,CSCO
2498,06-01-2000,49.3125,50.40625,48242600,50.9375,50.0,36.868385314941406,CSCO
2499,07-01-2000,49.6875,49.6875,62260600,53.0,52.9375,39.03440475463867,CSCO
2500,10-01-2000,53.0625,54.25,50583000,55.0,54.90625,40.48608016967773,CSCO
2501,11-01-2000,52.5,54.0625,43210200,54.8125,53.25,39.26482772827149,CSCO
2502,12-01-2000,51.75,53.4375,40757800,53.75,51.90625,38.27399444580078,CSCO
2503,13-01-2000,51.875,53.0,34494400,53.25,53.09375,39.14962768554688,CSCO
2504,14-01-2000,52.5,54.125,43623000,54.625,53.78125,39.65655899047852,CSCO
2505,18-01-2000,53.625,53.75,59568600,56.25,56.0,41.29259490966797,CSCO
2506,19-01-2000,54.53125,55.84375,45597000,56.5,56.15625,41.407806396484375,CSCO
2507,20-01-2000,55.71875,56.6875,41731200,57.5625,56.1875,41.430850982666016,CSCO
2508,21-01-2000,56.21875,57.4375,44974600,57.6875,57.625,42.49081802368164,CSCO
2509,24-01-2000,54.25,57.875,43787800,57.875,54.53125,40.20957565307617,CSCO
2510,25-01-2000,53.53125,54.25,55379800,56.4375,56.0625,41.33868408203125,CSCO
2511,26-01-2000,53.5,55.71875,35308800,55.875,53.59375,39.518314361572266,CSCO
2512,27-01-2000,51.875,54.40625,47908600,55.3125,53.3125,39.31092071533203,CSCO
2513,28-01-2000,51.5,53.28125,49564400,54.6875,51.9375,38.297035217285156,CSCO
2514,31-01-2000,50.0,51.46875,66914600,54.8125,54.75,40.370887756347656,CSCO
2515,01-02-2000,54.78125,54.890625,87263000,59.0625,58.90625,43.4355697631836,CSCO
2516,02-02-2000,56.5,58.0625,68449200,58.875,56.9375,41.9838752746582,CSCO
2517,03-02-2000,57.25,57.4375,48675200,59.3125,58.90625,43.4355697631836,CSCO
2518,04-02-2000,59.3125,59.78125,52970000,61.25,60.5625,44.656829833984375,CSCO
2519,07-02-2000,61.28125,62.03125,48933400,62.6875,62.59375,46.15460968017578,CSCO
2520,08-02-2000,61.84375,63.9375,72100800,64.0,62.90625,46.38505172729492,CSCO
2521,09-02-2000,63.21875,66.625,107807600,67.5,64.40625,47.49108505249024,CSCO
2522,10-02-2000,64.28125,65.3125,64314000,68.125,67.96875,50.11797714233398,CSCO
2523,11-02-2000,64.0625,66.5625,75471000,66.8125,65.46875,48.2745361328125,CSCO
2524,14-02-2000,63.46875,66.46875,49103800,66.46875,65.25,48.11325073242188,CSCO
2525,15-02-2000,62.65625,64.875,61367200,65.0625,64.0,47.19153594970703,CSCO
2526,16-02-2000,63.375,63.9375,46274000,64.75,63.5859375,46.88623428344727,CSCO
2527,17-02-2000,63.8125,64.46875,39656600,65.3125,65.25,48.11325073242188,CSCO
2528,18-02-2000,62.78125,65.34375,41600000,65.40625,62.90625,46.38505172729492,CSCO
2529,22-02-2000,60.625,63.28125,61144400,63.53125,61.96875,45.69375228881836,CSCO
2530,23-02-2000,63.15625,63.5,105707800,69.5,69.3125,51.10880661010742,CSCO
2531,24-02-2000,66.25,68.625,74976000,68.875,68.625,50.60185623168945,CSCO
2532,25-02-2000,65.53125,68.3125,46451200,68.625,66.375,48.94278335571289,CSCO
2533,28-02-2000,63.8125,65.3828125,52048400,66.59375,65.28125,48.13628005981445,CSCO
2534,29-02-2000,64.6328125,66.1796875,41688600,66.96875,66.09375,48.73540115356445,CSCO
2535,01-03-2000,65.0,66.34375,39469400,67.6875,65.84375,48.55105972290039,CSCO
2536,02-03-2000,64.96875,65.5625,31939200,66.75,66.375,48.94278335571289,CSCO
2537,03-03-2000,66.9375,67.25,38053800,69.46875,68.71875,50.6709976196289,CSCO
2538,06-03-2000,67.21875,68.59375,33787600,69.0,68.0625,50.187095642089844,CSCO
2539,07-03-2000,65.375,68.875,42309600,68.90625,66.03125,48.689308166503906,CSCO
2540,08-03-2000,65.0,66.625,48042400,67.5,66.1875,48.80451965332031,CSCO
2541,09-03-2000,66.0625,66.9375,67248600,69.9921875,69.65625,51.36226272583008,CSCO
2542,10-03-2000,68.03125,69.5625,48013600,70.9375,68.1875,50.27926254272461,CSCO
2543,13-03-2000,67.0,67.5,47557200,70.015625,68.09375,50.21012878417969,CSCO
2544,14-03-2000,65.84375,68.46875,58617400,69.0625,65.875,48.57410430908203,CSCO
2545,15-03-2000,63.3125,66.75,62863600,67.5,64.3125,47.42196655273438,CSCO
2546,16-03-2000,62.15625,64.875,75486200,66.6875,65.8359375,48.54529571533203,CSCO
2547,17-03-2000,65.5,65.5,53047600,67.96875,67.5,49.772315979003906,CSCO
2548,20-03-2000,66.28125,67.5,39242200,68.375,67.0625,49.44972610473633,CSCO
2549,21-03-2000,66.46875,67.25,57357400,70.6875,70.4296875,51.93257141113281,CSCO
2550,22-03-2000,69.4375,70.8125,59111600,73.375,72.1875,53.22872924804688,CSCO
2551,23-03-2000,72.0,73.125,76967200,78.9375,77.8125,57.37643814086914,CSCO
2552,24-03-2000,78.25,80.125,64910400,81.3125,79.375,58.52854537963867,CSCO
2553,27-03-2000,79.0625,81.4375,47360000,82.0,80.0625,59.03549194335938,CSCO
2554,28-03-2000,77.5,79.5625,42658000,80.5,77.875,57.42251586914063,CSCO
2555,29-03-2000,75.0,77.9375,54776100,78.734375,76.0625,56.08604049682617,CSCO
2556,30-03-2000,70.75,74.875,67081600,76.75,73.625,54.28870010375977,CSCO
2557,31-03-2000,72.25,74.359375,53212600,77.8125,77.3125,57.00773239135742,CSCO
2558,03-04-2000,72.0,76.875,61832400,77.0,72.9375,53.78176498413086,CSCO
2559,04-04-2000,64.0,74.0,10846100,74.5,73.125,53.92002487182617,CSCO
2560,05-04-2000,70.125,70.25,64975400,74.875,72.125,53.18264389038086,CSCO
2561,06-04-2000,70.75,73.875,43823900,74.25,71.8125,52.95223999023438,CSCO
2562,07-04-2000,71.625,73.0,44893800,75.0,74.9375,55.2564926147461,CSCO
2563,10-04-2000,72.5,75.4375,42264200,76.0,72.5625,53.5052375793457,CSCO
2564,11-04-2000,68.5,72.125,58865900,73.6875,70.0,51.61574935913086,CSCO
2565,12-04-2000,64.75,69.75,94231500,70.6875,65.0,47.92890548706055,CSCO
2566,13-04-2000,61.125,66.109375,104047300,66.5,61.125,45.07161331176758,CSCO
2567,14-04-2000,55.0625,60.875,14575300,61.0625,57.0,42.02996444702149,CSCO
2568,17-04-2000,56.671875,56.9375,12074800,66.625,66.5,49.034950256347656,CSCO
2569,18-04-2000,67.0,68.125,80723900,69.5,69.25,51.06271362304688,CSCO
2570,19-04-2000,65.875,69.75,51863900,70.0,66.125,48.75844192504883,CSCO
2571,20-04-2000,64.5625,66.75,36551400,67.6875,65.125,48.02107620239258,CSCO
2572,24-04-2000,59.25,61.5625,58933700,63.75,63.4375,46.77675247192383,CSCO
2573,25-04-2000,63.0625,65.125,54357600,66.0625,66.0,48.66627883911133,CSCO
2574,26-04-2000,65.875,66.3125,51055200,69.0,66.75,49.21928405761719,CSCO
2575,27-04-2000,64.0,64.25,51540300,69.125,69.0,50.87836456298828,CSCO
2576,28-04-2000,68.0625,69.375,34352200,70.0,69.328125,51.120323181152344,CSCO
2577,01-05-2000,69.5,69.875,40694200,71.875,71.4375,52.67570877075195,CSCO
2578,02-05-2000,67.625,71.0,31282300,71.6875,68.0,50.141014099121094,CSCO
2579,03-05-2000,63.625,67.5625,47312400,67.625,66.0625,48.71235275268555,CSCO
2580,04-05-2000,63.5,65.4375,40026500,66.5,63.625,46.91501998901367,CSCO
2581,05-05-2000,63.5,63.8125,45085600,67.984375,67.75,49.9566650390625,CSCO
2582,08-05-2000,62.125,64.0625,67640000,64.625,62.75,46.26982116699219,CSCO
2583,09-05-2000,60.8125,63.53125,70498200,63.6875,62.75,46.26982116699219,CSCO
2584,10-05-2000,58.125,60.5,91957600,61.5,58.5,43.13601684570313,CSCO
2585,11-05-2000,58.0625,59.875,53912000,61.125,60.25,44.4264030456543,CSCO
2586,12-05-2000,58.75,60.125,43915500,63.0,59.9375,44.19598388671875,CSCO
2587,15-05-2000,57.0,59.4375,50519100,60.125,60.0,44.24206161499024,CSCO
2588,16-05-2000,58.75,61.125,50845600,62.265625,60.5625,44.656829833984375,CSCO
2589,17-05-2000,58.0,59.25,43334300,59.625,58.0,42.7673225402832,CSCO
2590,18-05-2000,55.125,58.0,75639200,58.3125,55.375,40.83174514770508,CSCO
2591,19-05-2000,52.4375,53.984375,82841000,55.0625,53.4375,39.40310287475586,CSCO
2592,22-05-2000,50.0,53.1875,92259800,55.5,55.25,40.739559173583984,CSCO
2593,23-05-2000,50.25,55.125,67684700,55.625,50.546875,37.27163314819336,CSCO
2594,24-05-2000,50.1875,50.5,97110300,55.5,55.125,40.64739608764648,CSCO
2595,25-05-2000,54.0625,56.0625,76771500,58.4375,54.5,40.18653869628906,CSCO
2596,26-05-2000,52.625,54.625,36022200,55.9375,54.9375,40.5091438293457,CSCO
2597,30-05-2000,57.0,57.484375,51328600,60.0,59.875,44.14990615844727,CSCO
2598,31-05-2000,56.375,58.9375,49611300,60.25,56.9375,41.9838752746582,CSCO
2599,01-06-2000,57.875,58.578125,52127600,61.125,60.9375,44.93334579467773,CSCO
2600,02-06-2000,63.4375,64.5625,61997000,65.75,64.375,47.46805191040039,CSCO
2601,05-06-2000,62.4375,63.6875,36758700,65.0625,63.25,46.63850784301758,CSCO
2602,06-06-2000,61.125,62.75,30704100,63.8125,61.3125,45.20986557006836,CSCO
2603,07-06-2000,61.125,61.625,32483900,63.5,62.875,46.36199951171875,CSCO
2604,08-06-2000,62.75,63.8125,36633200,65.0,63.6875,46.96110534667969,CSCO
2605,09-06-2000,64.0,64.5,23956400,65.0,64.375,47.46805191040039,CSCO
2606,12-06-2000,62.125,64.5,22663400,64.75,62.125,45.8089714050293,CSCO
2607,13-06-2000,61.5,62.375,33430700,65.0,65.0,47.92890548706055,CSCO
2608,14-06-2000,64.125,64.8125,33894400,66.5,65.1875,48.067161560058594,CSCO
2609,15-06-2000,64.625,65.5,38430500,66.625,66.5,49.034950256347656,CSCO
2610,16-06-2000,65.796875,66.75,49657300,67.9375,67.8125,50.00274658203125,CSCO
2611,19-06-2000,66.25,67.0,34616900,69.25,68.9375,50.83229446411133,CSCO
2612,20-06-2000,66.625,68.6875,34001500,69.5625,67.125,49.495811462402344,CSCO
2613,21-06-2000,65.75,65.8125,27600800,67.75,67.4375,49.726234436035156,CSCO
2614,22-06-2000,64.4375,67.0625,27506900,67.125,64.5625,47.60630416870117,CSCO
2615,23-06-2000,62.5,64.5625,25132300,65.9375,62.625,46.17766189575195,CSCO
2616,26-06-2000,61.0625,63.078125,40313100,63.625,62.8125,46.315895080566406,CSCO
2617,27-06-2000,62.125,62.5625,31635200,65.25,62.25,45.9011344909668,CSCO
2618,28-06-2000,62.125,62.8125,29624000,64.4375,63.5625,46.86894226074219,CSCO
2619,29-06-2000,60.5,62.6875,36168100,63.515625,61.1875,45.1176872253418,CSCO
2620,30-06-2000,60.125,60.8125,34402600,63.6875,63.5625,46.86894226074219,CSCO
2621,03-07-2000,63.125,63.375,14879800,64.875,64.625,47.65238571166992,CSCO
2622,05-07-2000,61.4375,63.8125,27383000,64.75,61.875,45.62462615966797,CSCO
2623,06-07-2000,60.875,62.25,34561900,64.875,64.75,47.74455642700195,CSCO
2624,07-07-2000,63.625,64.625,30196900,65.9375,65.375,48.20540618896485,CSCO
2625,10-07-2000,63.0,64.25,29138500,65.625,63.125,46.546348571777344,CSCO
2626,11-07-2000,61.625,63.0,33011500,64.5625,62.125,45.8089714050293,CSCO
2627,12-07-2000,62.09375,63.375,32863700,64.625,63.875,47.09937286376953,CSCO
2628,13-07-2000,63.875,64.0625,58366200,67.109375,65.25,48.11325073242188,CSCO
2629,14-07-2000,66.0625,66.5625,58353300,68.75,68.25,50.32535171508789,CSCO
2630,17-07-2000,67.375,67.625,41995400,69.75,69.625,51.33923721313477,CSCO
2631,18-07-2000,67.0625,68.25,29673200,69.125,67.25,49.587974548339844,CSCO
2632,19-07-2000,66.25,67.125,24010200,67.9375,66.8125,49.26538848876953,CSCO
2633,20-07-2000,67.1875,67.25,43828700,69.75,69.5,51.24706268310547,CSCO
2634,21-07-2000,67.734375,68.625,29126500,69.625,68.125,50.23318481445313,CSCO
2635,24-07-2000,65.875,67.9375,29325800,68.875,66.0625,48.71235275268555,CSCO
2636,25-07-2000,65.9375,66.625,32776100,68.875,68.125,50.23318481445313,CSCO
2637,26-07-2000,66.375,67.0625,44805400,69.125,68.5625,50.5557746887207,CSCO
2638,27-07-2000,66.75,67.859375,34568500,69.0,68.0,50.141014099121094,CSCO
2639,28-07-2000,61.9375,67.25,56395700,69.0,62.8125,46.315895080566406,CSCO
2640,31-07-2000,62.5625,62.890625,51109200,66.0,65.4375,48.25149536132813,CSCO
2641,01-08-2000,62.3125,64.75,34942900,65.625,63.1875,46.59243392944336,CSCO
2642,02-08-2000,60.75,63.25,45361900,64.5,60.9375,44.93334579467773,CSCO
2643,03-08-2000,58.5,59.625,61286400,64.875,64.375,47.46805191040039,CSCO
2644,04-08-2000,64.5625,65.53125,41593000,66.875,65.5625,48.34368133544922,CSCO
2645,07-08-2000,65.25,66.203125,39458000,67.25,66.25,48.85061264038086,CSCO
2646,08-08-2000,64.875,66.0,46360200,66.9375,65.5,48.29759216308594,CSCO
2647,09-08-2000,67.25,68.875,94337400,70.0,67.8125,50.00274658203125,CSCO
2648,10-08-2000,63.125,66.625,59673700,66.625,63.375,46.73067855834961,CSCO
2649,11-08-2000,62.0,62.8125,48999400,64.875,64.3125,47.42196655273438,CSCO
2650,14-08-2000,62.375,64.0,29087500,64.5625,64.5,47.56021118164063,CSCO
2651,15-08-2000,62.9375,64.1875,33757400,64.8125,63.1875,46.59243392944336,CSCO
2652,16-08-2000,62.3125,63.5,35195300,64.25,63.0625,46.50024795532226,CSCO
2653,17-08-2000,62.265625,62.875,34739500,64.5,63.4375,46.77675247192383,CSCO
2654,18-08-2000,63.0,63.5625,41693400,64.3125,63.5,46.82284927368164,CSCO
2655,21-08-2000,64.125,64.125,41781800,65.5,65.5,48.29759216308594,CSCO
2656,22-08-2000,64.5,65.5625,40985800,66.4375,64.8125,47.7906494140625,CSCO
2657,23-08-2000,64.1875,64.5,43615700,67.25,67.1875,49.54190444946289,CSCO
2658,24-08-2000,65.625,67.3125,26958500,67.5,66.5,49.034950256347656,CSCO
2659,25-08-2000,65.5,66.375,21182500,67.0,65.5,48.29759216308594,CSCO
2660,28-08-2000,65.625,65.75,25397800,67.03125,66.0625,48.71235275268555,CSCO
2661,29-08-2000,65.75,66.0625,25801700,67.375,66.5625,49.08105087280274,CSCO
2662,30-08-2000,66.1875,66.375,24561800,66.9375,66.5625,49.08105087280274,CSCO
2663,31-08-2000,66.8125,66.9375,46835300,68.9375,68.625,50.60185623168945,CSCO
2664,01-09-2000,68.125,68.875,33141800,69.625,68.5625,50.5557746887207,CSCO
2665,05-09-2000,65.625,67.5625,32365000,68.3125,66.0,48.66627883911133,CSCO
2666,06-09-2000,63.5,66.375,37317100,66.9375,64.25,47.375877380371094,CSCO
2667,07-09-2000,64.25,65.0,30302700,66.6875,66.25,48.85061264038086,CSCO
2668,08-09-2000,63.3125,65.75,35967700,65.9375,63.875,47.09937286376953,CSCO
2669,11-09-2000,60.875,63.5,53535500,63.875,61.1875,45.1176872253418,CSCO
2670,12-09-2000,58.125,61.515625,76982100,62.875,58.875,43.41252517700195,CSCO
2671,13-09-2000,58.0,58.25,75426600,61.859375,61.3125,45.20986557006836,CSCO
2672,14-09-2000,60.546875,62.625,48069600,63.3125,61.25,45.163780212402344,CSCO
2673,15-09-2000,59.8125,61.375,75803700,63.75,62.75,46.26982116699219,CSCO
2674,18-09-2000,58.5,61.5625,59433800,62.5625,60.0625,44.28815841674805,CSCO
2675,19-09-2000,59.0625,59.9375,50635000,62.0625,62.0,45.7168083190918,CSCO
2676,20-09-2000,61.0,61.3125,61998200,63.625,63.125,46.546348571777344,CSCO
2677,21-09-2000,60.0625,61.5625,48728100,62.875,61.125,45.07161331176758,CSCO
2678,22-09-2000,58.4375,58.5,55306500,60.5,60.3125,44.47249603271485,CSCO
2679,25-09-2000,56.875,60.71875,59634900,61.359375,57.1875,42.16820907592773,CSCO
2680,26-09-2000,55.125,58.1875,72577600,59.1875,55.1875,40.69347381591797,CSCO
2681,27-09-2000,55.3125,56.5,56557200,57.625,57.3125,42.260398864746094,CSCO
2682,28-09-2000,54.625,56.375,90508900,59.75,59.4375,43.82728958129883,CSCO
2683,29-09-2000,55.1875,58.859375,44248700,59.3125,55.25,40.739559173583984,CSCO
2684,02-10-2000,54.59375,57.375,76637400,58.96875,55.5,40.92390441894531,CSCO
2685,03-10-2000,55.9375,57.0,65208200,59.375,56.25,41.4769287109375,CSCO
2686,04-10-2000,55.25,56.5625,56870600,59.0625,58.5625,43.18209457397461,CSCO
2687,05-10-2000,56.25,57.8125,47457200,58.875,57.5625,42.44472122192383,CSCO
2688,06-10-2000,54.625,57.3125,54803700,58.25,56.1875,41.430850982666016,CSCO
2689,09-10-2000,52.875,55.4375,45976900,55.5625,53.6875,39.58743286132813,CSCO
2690,10-10-2000,50.6875,53.0,61859800,54.375,51.125,37.69792175292969,CSCO
2691,11-10-2000,48.21875,48.75,93499900,53.375,51.1875,37.7440185546875,CSCO
2692,12-10-2000,49.25,52.625,78347800,53.625,49.8125,36.73012161254883,CSCO
2693,13-10-2000,49.0625,49.0625,73929500,56.1875,56.0625,41.33868408203125,CSCO
2694,16-10-2000,53.875,55.1875,51407200,55.75,54.5,40.18653869628906,CSCO
2695,17-10-2000,53.375,55.4375,52349400,56.0,54.5625,40.23263168334961,CSCO
2696,18-10-2000,50.0,52.75,66281300,54.765625,52.25,38.52745056152344,CSCO
2697,19-10-2000,54.25,55.0625,72023700,59.125,58.25,42.95166778564453,CSCO
2698,20-10-2000,56.75,57.625,51194000,59.4375,57.3125,42.260398864746094,CSCO
2699,23-10-2000,54.9375,56.25,45486800,57.75,55.875,41.20043182373047,CSCO
2700,24-10-2000,54.0625,56.5625,46524900,57.25,54.875,40.46306610107422,CSCO
2701,25-10-2000,50.5,51.5625,68796400,53.5625,50.625,37.32924270629883,CSCO
2702,26-10-2000,50.0,51.375,83351700,54.125,53.5625,39.495262145996094,CSCO
2703,27-10-2000,50.3125,54.625,71866300,54.625,50.6875,37.37533187866211,CSCO
2704,30-10-2000,45.25,49.1875,7360400,49.6875,48.0625,35.43973922729492,CSCO
2705,31-10-2000,48.1875,48.375,87881100,54.5,53.875,39.725677490234375,CSCO
2706,01-11-2000,51.0625,52.875,76320300,54.875,52.125,38.43528747558594,CSCO
2707,02-11-2000,52.625,52.8125,57679400,56.0,55.75,41.10824966430664,CSCO
2708,03-11-2000,54.0625,55.375,59242000,57.125,56.75,41.84561538696289,CSCO
2709,06-11-2000,54.875,55.9375,72645200,57.0,55.125,40.64739608764648,CSCO
2710,07-11-2000,53.0,54.1875,97458000,57.625,56.75,41.84561538696289,CSCO
2711,08-11-2000,52.0,55.875,59053700,56.6875,52.125,38.43528747558594,CSCO
2712,09-11-2000,50.5,50.9375,70492400,53.5,53.25,39.26482772827149,CSCO
2713,10-11-2000,50.0,51.9375,58042300,53.125,50.0625,36.91447448730469,CSCO
2714,13-11-2000,48.0,48.8125,75162400,52.375,50.375,37.14491271972656,CSCO
2715,14-11-2000,51.8125,52.3125,59774300,53.5625,53.125,39.172664642333984,CSCO
2716,15-11-2000,51.4375,52.9375,51065300,54.359375,53.5625,39.495262145996094,CSCO
2717,16-11-2000,50.8125,52.875,32594500,53.1875,51.0625,37.65183639526367,CSCO
2718,17-11-2000,50.5,51.25,49838500,53.6875,52.75,38.89615249633789,CSCO
2719,20-11-2000,49.9375,50.0625,51552800,52.6875,51.25,37.79010009765625,CSCO
2720,21-11-2000,50.5,50.9375,57419900,54.1875,53.6875,39.58743286132813,CSCO
2721,22-11-2000,50.375,52.5625,48342200,54.5,50.5625,37.28316879272461,CSCO
2722,24-11-2000,51.5625,51.875,21082300,52.6875,52.6875,38.85005569458008,CSCO
2723,27-11-2000,51.03125,53.6875,40198100,54.515625,51.25,37.79010009765625,CSCO
2724,28-11-2000,50.625,51.9375,52037000,53.1875,51.0,37.60575485229492,CSCO
2725,29-11-2000,50.3125,51.3125,55316000,53.0,51.6875,38.11269760131836,CSCO
2726,30-11-2000,45.1875,50.1875,10840500,50.9375,47.875,35.301475524902344,CSCO
2727,01-12-2000,47.25,49.1875,70468000,51.625,48.5,35.76234436035156,CSCO
2728,04-12-2000,45.0,49.0625,9501200,49.5625,45.8125,33.780670166015625,CSCO
2729,05-12-2000,47.3125,47.75,90848900,52.125,52.125,38.43528747558594,CSCO
2730,06-12-2000,51.265625,52.0,71419200,53.5625,51.4375,37.92835235595703,CSCO
2731,07-12-2000,49.0,50.3125,46448400,51.0,49.9375,36.8222885131836,CSCO
2732,08-12-2000,51.0,51.9375,55400200,53.25,52.375,38.61963272094727,CSCO
2733,11-12-2000,52.625,52.875,78621500,55.75,54.8125,40.41696548461914,CSCO
2734,12-12-2000,53.3125,54.75,39485300,55.125,54.375,40.0943603515625,CSCO
2735,13-12-2000,50.8125,55.1875,54330600,55.25,51.125,37.69792175292969,CSCO
2736,14-12-2000,50.875,51.0625,46244400,52.5625,50.9375,37.55965805053711,CSCO
2737,15-12-2000,47.125,50.0625,100237900,50.1875,48.171875,35.52037811279297,CSCO
2738,18-12-2000,42.3125,49.0,126032400,50.125,42.9375,31.66071510314941,CSCO
2739,19-12-2000,41.5,43.0,99018800,46.0,41.75,30.78509330749512,CSCO
2740,20-12-2000,35.703125,36.5,167411300,38.4375,36.5,26.91392517089844,CSCO
2741,21-12-2000,35.15625,36.0,17161000,40.25,38.875,28.665170669555664,CSCO
2742,22-12-2000,39.796875,40.4375,61418800,42.0,41.5,30.60076332092285,CSCO
2743,26-12-2000,39.5625,41.75,39582600,42.3125,40.75,30.04774284362793,CSCO
2744,27-12-2000,39.5,40.125,47381700,41.9375,40.75,30.04774284362793,CSCO
2745,28-12-2000,38.375,40.25,56407400,41.5625,39.5625,29.17211723327637,CSCO
2746,29-12-2000,37.0,38.875,72819200,39.5,38.25,28.20431137084961,CSCO
2747,02-01-2001,32.625,38.125,17384600,38.5,33.3125,24.563556671142575,CSCO
2748,03-01-2001,31.9375,32.5625,161938600,41.75,41.3125,30.46251106262207,CSCO
2749,04-01-2001,40.90625,42.4375,108614900,44.5,41.875,30.87726974487305,CSCO
2750,05-01-2001,36.5625,42.8125,17850700,42.9375,36.625,27.0060977935791,CSCO
2751,08-01-2001,33.6875,34.9375,92042800,36.625,36.546875,26.948488235473636,CSCO
2752,09-01-2001,36.125,37.6875,77470000,38.859375,37.125,27.37477302551269,CSCO
2753,10-01-2001,33.640625,34.4375,3324100,37.5,36.25,26.72958564758301,CSCO
2754,11-01-2001,34.765625,34.765625,33695100,39.5625,39.125,28.84951591491699,CSCO
2755,12-01-2001,37.5,39.1875,66957400,39.75,38.0625,28.066051483154297,CSCO
2756,16-01-2001,37.25,38.0,48381800,38.75,38.5,28.38866233825684,CSCO
2757,17-01-2001,38.3125,39.9375,69477200,41.296875,39.0,28.757339477539066,CSCO
2758,18-01-2001,38.375,39.0625,79187500,42.75,41.875,30.87726974487305,CSCO
2759,19-01-2001,40.1875,43.9375,78838600,44.0,40.375,29.77122688293457,CSCO
2760,22-01-2001,39.9375,40.6875,59726300,42.4375,41.4375,30.55467796325684,CSCO
2761,23-01-2001,40.4375,41.6875,55443000,42.875,42.625,31.4303035736084,CSCO
2762,24-01-2001,41.5,43.125,70171600,43.375,42.5625,31.38421058654785,CSCO
2763,25-01-2001,39.1875,42.25,65082100,42.4375,39.3125,28.98776626586914,CSCO
2764,26-01-2001,36.1875,37.25,43833300,38.421875,38.375,28.296485900878906,CSCO
2765,29-01-2001,35.5,36.125,12188100,38.0,37.25,27.46694374084473,CSCO
2766,30-01-2001,37.3125,37.8125,74652700,38.5625,38.0,28.01997947692871,CSCO
2767,31-01-2001,37.3125,38.8125,83891100,39.5,37.4375,27.605209350585934,CSCO
2768,01-02-2001,37.4375,37.5,46785200,38.5625,38.25,28.20431137084961,CSCO
2769,02-02-2001,35.1875,38.3125,57600300,38.625,35.5,26.176555633544922,CSCO
2770,05-02-2001,33.5,34.5625,65876100,34.9375,34.5625,25.48527526855469,CSCO
2771,06-02-2001,34.5625,34.765625,91451300,36.1875,35.75,26.36089324951172,CSCO
2772,07-02-2001,29.875,31.9375,279312700,32.5625,31.0625,22.90448570251465,CSCO
2773,08-02-2001,29.9375,31.1875,101508200,31.75,30.0,22.12103080749512,CSCO
2774,09-02-2001,28.0,29.859375,134360900,30.453125,28.1875,20.784547805786133,CSCO
2775,12-02-2001,27.8125,28.5625,97195000,29.875,29.5625,21.798429489135746,CSCO
2776,13-02-2001,28.0,29.75,74303300,30.6875,28.5,21.014982223510746,CSCO
2777,14-02-2001,28.0,28.9375,73145200,29.625,29.375,21.66018295288086,CSCO
2778,15-02-2001,29.875,30.4375,101537700,31.4375,30.8125,22.720144271850586,CSCO
2779,16-02-2001,27.484375,28.0,86437400,29.1875,28.25,20.830638885498047,CSCO
2780,20-02-2001,26.0625,28.671875,103669700,28.6875,26.0625,19.21764373779297,CSCO
2781,21-02-2001,25.0,25.6875,96584700,26.6875,25.125,18.526363372802734,CSCO
2782,22-02-2001,25.125,25.6875,114885800,26.875,26.4375,19.49416160583496,CSCO
2783,23-02-2001,25.0,26.4375,100864600,27.0,27.0,19.9089298248291,CSCO
2784,26-02-2001,25.25,27.203125,91552600,27.3125,26.0625,19.21764373779297,CSCO
2785,27-02-2001,23.6875,25.8125,124980300,26.5,24.0,17.696826934814453,CSCO
2786,28-02-2001,23.25,24.375,118246500,25.0,23.6875,17.466398239135742,CSCO
2787,01-03-2001,22.25,23.25,119256900,24.5,24.5,18.06551170349121,CSCO
2788,02-03-2001,21.9375,23.5,123632700,23.8125,22.1875,16.360349655151367,CSCO
2789,05-03-2001,22.5625,22.9375,82668400,23.3125,23.078125,17.017065048217773,CSCO
2790,06-03-2001,23.9375,24.0625,88650300,24.9375,24.0,17.696826934814453,CSCO
2791,07-03-2001,23.5625,24.8125,74824100,24.875,24.0,17.696826934814453,CSCO
2792,08-03-2001,22.625,23.75,78985300,24.0,22.8125,16.821195602416992,CSCO
2793,09-03-2001,20.3125,22.125,159948800,22.203125,20.625,15.208213806152346,CSCO
2794,12-03-2001,18.375,19.0625,177487400,19.8125,18.8125,13.871728897094727,CSCO
2795,13-03-2001,19.390625,19.390625,135080500,21.5,21.375,15.76123332977295,CSCO
2796,14-03-2001,19.703125,20.4375,15405900,21.03125,20.25,14.931697845458984,CSCO
2797,15-03-2001,20.25,21.4375,87632100,21.875,20.3125,14.97778034210205,CSCO
2798,16-03-2001,19.0,19.625,10082600,20.0625,19.9375,14.701269149780273,CSCO
2799,19-03-2001,19.75,20.5,67185500,20.9375,20.8125,15.346463203430176,CSCO
2800,20-03-2001,19.03125,21.3125,15255800,21.9375,19.0625,14.056073188781738,CSCO
2801,21-03-2001,18.75,19.25,3497900,20.0,19.3125,14.240416526794435,CSCO
2802,22-03-2001,18.5625,19.75,119093500,19.9375,19.75,14.563009262084961,CSCO
2803,23-03-2001,18.453125,20.4375,128395900,20.5,18.6875,13.77955722808838,CSCO
2804,26-03-2001,17.5,19.0625,120308100,19.1875,17.875,13.18044662475586,CSCO
2805,27-03-2001,17.625,17.9375,104520000,18.25,18.125,13.364792823791506,CSCO
2806,28-03-2001,15.375,16.75,185769200,17.0,15.75,11.613543510437012,CSCO
2807,29-03-2001,15.0,15.6875,141756600,16.1875,15.25,11.244857788085938,CSCO
2808,30-03-2001,15.0,15.5625,99565700,16.25,15.8125,11.659626960754395,CSCO
2809,02-04-2001,15.0,15.9375,75519700,16.125,15.0625,11.106600761413574,CSCO
2810,03-04-2001,13.5625,14.875,138417400,15.0,13.75,10.13880443572998,CSCO
2811,04-04-2001,13.1875,14.125,161707700,14.484375,13.6875,10.092721939086914,CSCO
2812,05-04-2001,14.1875,14.75,115077200,15.1875,14.9375,11.014433860778807,CSCO
2813,06-04-2001,13.375,14.75,97979300,14.875,13.625,10.046634674072266,CSCO
2814,09-04-2001,13.699999809265135,14.15999984741211,75640100,14.5,14.489999771118164,10.684454917907717,CSCO
2815,10-04-2001,14.619999885559082,14.949999809265135,113387300,16.25,15.859999656677244,11.694653511047365,CSCO
2816,11-04-2001,17.229999542236328,17.520000457763672,156531000,18.049999237060547,17.399999618530273,12.8302001953125,CSCO
2817,12-04-2001,17.030000686645508,17.200000762939453,87131700,18.31999969482422,17.979999542236328,13.257871627807615,CSCO
2818,16-04-2001,16.540000915527347,17.649999618530273,112225600,18.34000015258789,17.200000762939453,12.682727813720705,CSCO
2819,17-04-2001,15.850000381469727,15.899999618530273,179699500,17.15999984741211,16.65999984741211,12.2845458984375,CSCO
2820,18-04-2001,17.149999618530273,17.899999618530273,140776100,19.5,17.93000030517578,13.221004486083984,CSCO
2821,19-04-2001,18.020000457763672,18.3700008392334,94046600,19.0,18.90999984741211,13.943625450134276,CSCO
2822,20-04-2001,18.399999618530273,18.84000015258789,82599000,19.25,19.149999618530273,14.120597839355467,CSCO
2823,23-04-2001,16.889999389648438,18.549999237060547,86046500,18.63999938964844,17.329999923706055,12.778581619262695,CSCO
2824,24-04-2001,16.200000762939453,17.209999084472653,82895500,17.209999084472653,16.260000228881836,11.989599227905273,CSCO
2825,25-04-2001,15.380000114440918,16.059999465942386,91861200,16.399999618530273,15.729999542236328,11.598793983459473,CSCO
2826,26-04-2001,14.979999542236328,16.170000076293945,102367300,16.299999237060547,15.210000038146973,11.215365409851074,CSCO
2827,27-04-2001,15.199999809265135,15.880000114440918,61868800,15.949999809265135,15.600000381469727,11.502935409545898,CSCO
2828,30-04-2001,16.5,16.5,88925800,17.549999237060547,16.979999542236328,12.520502090454102,CSCO
2829,01-05-2001,16.520000457763672,17.110000610351562,84418000,18.0,17.799999237060547,13.125144004821776,CSCO
2830,02-05-2001,18.799999237060547,19.26000022888184,170728200,20.059999465942386,20.0,14.747355461120605,CSCO
2831,03-05-2001,18.18000030517578,19.43000030517578,103489100,19.43000030517578,18.65999984741211,13.759281158447266,CSCO
2832,04-05-2001,17.739999771118164,17.93000030517578,103541800,19.770000457763672,19.63999938964844,14.481904983520508,CSCO
2833,07-05-2001,19.07999992370605,19.88999938964844,123910800,20.299999237060547,19.25,14.194331169128418,CSCO
2834,08-05-2001,19.799999237060547,20.5,167326100,21.0,20.3799991607666,15.027554512023926,CSCO
2835,09-05-2001,18.649999618530273,19.0,119875800,19.739999771118164,19.1299991607666,14.105844497680664,CSCO
2836,10-05-2001,18.75,19.530000686645508,64343100,19.75,18.82999992370605,13.884634017944336,CSCO
2837,11-05-2001,18.540000915527344,18.90999984741211,45258000,19.170000076293945,19.049999237060547,14.046855926513672,CSCO
2838,14-05-2001,18.18000030517578,18.93000030517578,40417000,19.049999237060547,18.56999969482422,13.692914009094238,CSCO
2839,15-05-2001,18.40999984741211,18.6299991607666,86610500,19.670000076293945,18.739999771118164,13.818269729614258,CSCO
2840,16-05-2001,18.200000762939453,18.420000076293945,91196200,20.01000022888184,20.0,14.747355461120605,CSCO
2841,17-05-2001,19.420000076293945,20.0,101042200,20.729999542236328,19.86000061035156,14.644124984741213,CSCO
2842,18-05-2001,19.649999618530273,19.709999084472656,74267000,20.38999938964844,20.200000762939453,14.894830703735352,CSCO
2843,21-05-2001,20.209999084472656,20.299999237060547,142051000,22.920000076293945,22.8700008392334,16.86359977722168,CSCO
2844,22-05-2001,22.78000068664551,23.40999984741211,148928700,24.1299991607666,23.479999542236328,17.313390731811527,CSCO
2845,23-05-2001,22.309999465942386,23.10000038146973,76492600,23.43000030517578,22.36000061035156,16.487541198730472,CSCO
2846,24-05-2001,21.850000381469727,22.420000076293945,80093600,22.95000076293945,22.90999984741211,16.893091201782227,CSCO
2847,25-05-2001,22.0,22.989999771118164,46276500,23.059999465942386,22.049999237060547,16.25895881652832,CSCO
2848,29-05-2001,20.3799991607666,21.520000457763672,67521100,21.549999237060547,20.459999084472656,15.086538314819336,CSCO
2849,30-05-2001,18.81999969482422,19.809999465942386,82251200,19.989999771118164,19.0,14.009989738464355,CSCO
2850,31-05-2001,19.049999237060547,19.09000015258789,57099600,20.15999984741211,19.26000022888184,14.201706886291506,CSCO
2851,01-06-2001,18.479999542236328,19.59000015258789,72830000,20.0,18.850000381469727,13.89938259124756,CSCO
2852,04-06-2001,19.01000022888184,19.07999992370605,52929400,19.809999465942386,19.729999542236328,14.548259735107422,CSCO
2853,05-06-2001,20.200000762939453,20.26000022888184,88078300,21.8799991607666,21.540000915527344,15.88290309906006,CSCO
2854,06-06-2001,20.31999969482422,21.280000686645508,57377300,22.0,20.76000022888184,15.307750701904295,CSCO
2855,07-06-2001,20.399999618530273,20.5,53177400,21.93000030517578,21.81999969482422,16.089363098144528,CSCO
2856,08-06-2001,20.31999969482422,21.290000915527344,51469500,21.36000061035156,20.489999771118164,15.108663558959961,CSCO
2857,11-06-2001,19.670000076293945,20.309999465942386,50494800,20.5,20.3799991607666,15.027554512023926,CSCO
2858,12-06-2001,19.25,19.93000030517578,57859100,20.57999992370605,20.3700008392334,15.020176887512207,CSCO
2859,13-06-2001,19.0,20.21999931335449,57764900,20.25,19.020000457763672,14.024733543395994,CSCO
2860,14-06-2001,17.709999084472656,18.299999237060547,85642500,19.01000022888184,17.739999771118164,13.080902099609375,CSCO
2861,15-06-2001,16.399999618530273,17.25,116601600,17.670000076293945,16.649999618530273,12.277170181274414,CSCO
2862,18-06-2001,16.399999618530273,16.799999237060547,54183100,17.229999542236328,16.5,12.166569709777832,CSCO
2863,19-06-2001,16.329999923706055,17.469999313354492,60739500,17.520000457763672,16.639999389648438,12.269798278808596,CSCO
2864,20-06-2001,16.139999389648438,16.600000381469727,67861900,16.850000381469727,16.399999618530273,12.092827796936035,CSCO
2865,21-06-2001,16.280000686645508,16.579999923706055,82574700,18.309999465942386,17.68000030517578,13.036661148071287,CSCO
2866,22-06-2001,17.479999542236328,18.09000015258789,52644300,18.530000686645508,17.520000457763672,12.91868495941162,CSCO
2867,25-06-2001,17.770000457763672,18.0,56218100,18.549999237060547,18.51000022888184,13.648677825927734,CSCO
2868,26-06-2001,17.649999618530273,17.969999313354492,62755700,18.100000381469727,18.020000457763672,13.28736972808838,CSCO
2869,27-06-2001,17.610000610351562,18.010000228881836,44681200,18.25,17.93000030517578,13.221004486083984,CSCO
2870,28-06-2001,18.450000762939453,18.540000915527344,70696400,19.190000534057614,18.57999992370605,13.70029354095459,CSCO
2871,29-06-2001,18.100000381469727,18.770000457763672,87250800,20.0,18.200000762939453,13.42009735107422,CSCO
2872,02-07-2001,18.6200008392334,18.690000534057614,55643700,19.440000534057614,19.21999931335449,14.17220687866211,CSCO
2873,03-07-2001,18.799999237060547,19.049999237060547,26024800,19.440000534057614,19.190000534057614,14.150089263916016,CSCO
2874,05-07-2001,17.549999237060547,18.700000762939453,55909900,18.770000457763672,17.579999923706055,12.96292495727539,CSCO
2875,06-07-2001,16.700000762939453,17.270000457763672,50458300,17.59000015258789,16.790000915527347,12.38040828704834,CSCO
2876,09-07-2001,16.829999923706055,17.020000457763672,52767600,17.690000534057614,17.25,12.71959114074707,CSCO
2877,10-07-2001,16.069999694824222,17.709999084472656,68598200,17.780000686645508,16.200000762939453,11.945357322692873,CSCO
2878,11-07-2001,16.010000228881836,16.309999465942386,63929500,16.799999237060547,16.700000762939453,12.314041137695312,CSCO
2879,12-07-2001,17.489999771118164,17.700000762939453,72525600,18.100000381469727,17.860000610351562,13.169390678405762,CSCO
2880,13-07-2001,17.8799991607666,18.059999465942386,70330500,18.940000534057614,18.739999771118164,13.818269729614258,CSCO
2881,16-07-2001,17.610000610351562,18.34000015258789,49931700,18.51000022888184,17.709999084472656,13.058783531188965,CSCO
2882,17-07-2001,16.979999542236328,17.59000015258789,56759900,17.889999389648438,17.790000915527344,13.11777400970459,CSCO
2883,18-07-2001,16.819999694824222,17.25,50243200,17.780000686645508,17.149999618530273,12.645855903625488,CSCO
2884,19-07-2001,17.549999237060547,17.68000030517578,80866400,18.61000061035156,17.760000228881836,13.095648765563965,CSCO
2885,20-07-2001,17.450000762939453,17.579999923706055,46501600,18.31999969482422,17.989999771118164,13.265244483947756,CSCO
2886,23-07-2001,18.200000762939453,18.81999969482422,64946900,18.96999931335449,18.270000457763672,13.471709251403807,CSCO
2887,24-07-2001,17.920000076293945,18.13999938964844,50964300,18.57999992370605,18.3799991607666,13.552816390991213,CSCO
2888,25-07-2001,18.309999465942386,18.600000381469727,58461200,18.989999771118164,18.700000762939453,13.788776397705078,CSCO
2889,26-07-2001,18.200000762939453,18.709999084472656,68742600,19.489999771118164,19.3799991607666,14.29018497467041,CSCO
2890,27-07-2001,18.90999984741211,19.190000534057614,47793000,19.600000381469727,19.059999465942386,14.054229736328125,CSCO
2891,30-07-2001,18.549999237060547,19.049999237060547,51555900,19.5,18.88999938964844,13.928873062133787,CSCO
2892,31-07-2001,18.68000030517578,19.040000915527344,61467400,19.75,19.21999931335449,14.17220687866211,CSCO
2893,01-08-2001,19.75,19.81999969482422,80598700,20.34000015258789,20.299999237060547,14.968564987182615,CSCO
2894,02-08-2001,19.549999237060547,20.61000061035156,62708600,20.75,20.25,14.931697845458984,CSCO
2895,03-08-2001,19.450000762939453,19.8700008392334,46978900,20.280000686645508,20.049999237060547,14.784223556518555,CSCO
2896,06-08-2001,19.399999618530273,19.790000915527344,39179100,20.0,19.540000915527344,14.408167839050293,CSCO
2897,07-08-2001,18.84000015258789,19.399999618530273,77109900,19.520000457763672,19.26000022888184,14.201706886291506,CSCO
2898,08-08-2001,17.829999923706055,18.68000030517578,88371300,18.989999771118164,17.979999542236328,13.257871627807615,CSCO
2899,09-08-2001,17.610000610351562,17.809999465942386,49364900,18.51000022888184,18.290000915527344,13.486454010009766,CSCO
2900,10-08-2001,17.549999237060547,18.190000534057614,45855600,18.450000762939453,18.32999992370605,13.515948295593262,CSCO
2901,13-08-2001,17.850000381469727,18.280000686645508,32726800,18.399999618530273,18.209999084472656,13.427462577819824,CSCO
2902,14-08-2001,17.610000610351562,18.309999465942386,36460900,18.399999618530273,17.649999618530273,13.014541625976562,CSCO
2903,15-08-2001,16.950000762939453,17.600000381469727,50466900,17.8799991607666,17.0,12.535253524780273,CSCO
2904,16-08-2001,16.15999984741211,16.629999160766598,55552800,17.489999771118164,17.479999542236328,12.889187812805176,CSCO
2905,17-08-2001,16.430000305175778,16.930000305175778,46172300,17.239999771118164,16.610000610351562,12.24767780303955,CSCO
2906,20-08-2001,16.200000762939453,16.520000457763672,36904400,16.989999771118164,16.899999618530273,12.461517333984375,CSCO
2907,21-08-2001,15.979999542236328,16.899999618530273,40024600,17.0,16.010000228881836,11.805257797241213,CSCO
2908,22-08-2001,15.75,16.319999694824222,60248300,16.520000457763672,16.479999542236328,12.15182399749756,CSCO
2909,23-08-2001,16.25,16.379999160766598,59888900,17.110000610351562,16.760000228881836,12.358282089233398,CSCO
2910,24-08-2001,17.299999237060547,17.5,85966300,18.600000381469727,18.25,13.45696258544922,CSCO
2911,27-08-2001,17.81999969482422,18.200000762939453,44244000,18.32999992370605,18.010000228881836,13.279993057250975,CSCO
2912,28-08-2001,17.010000228881836,17.950000762939453,51378300,18.0,17.09000015258789,12.601616859436035,CSCO
2913,29-08-2001,16.879999160766598,17.389999389648438,57053500,17.469999313354492,17.079999923706055,12.59424114227295,CSCO
2914,30-08-2001,15.75,16.629999160766598,67105100,16.700000762939453,16.010000228881836,11.805257797241213,CSCO
2915,31-08-2001,15.75,15.880000114440918,45434400,17.0,16.329999923706055,12.041214942932127,CSCO
2916,04-09-2001,15.720000267028807,16.100000381469727,56466000,16.639999389648438,15.770000457763672,11.628289222717285,CSCO
2917,05-09-2001,14.020000457763672,15.739999771118164,115754400,16.200000762939453,14.880000114440918,10.972036361694336,CSCO
2918,06-09-2001,14.359999656677244,14.539999961853027,82669200,15.25,14.399999618530273,10.618097305297852,CSCO
2919,07-09-2001,14.220000267028807,14.25,59269400,14.899999618530273,14.359999656677244,10.588600158691406,CSCO
2920,10-09-2001,13.949999809265135,14.050000190734865,68496800,14.720000267028807,14.470000267028807,10.66971206665039,CSCO
2921,17-09-2001,13.0,13.239999771118164,112436700,14.350000381469727,14.0,10.323148727416992,CSCO
2922,18-09-2001,13.5,14.199999809265135,81039300,14.59000015258789,13.56999969482422,10.006077766418457,CSCO
2923,19-09-2001,12.420000076293945,13.800000190734865,107879900,13.859999656677244,13.489999771118164,9.94709014892578,CSCO
2924,20-09-2001,12.649999618530273,12.960000038146973,85365900,13.300000190734865,12.880000114440918,9.497296333312988,CSCO
2925,21-09-2001,11.859999656677244,11.899999618530273,132033500,12.699999809265135,12.09000015258789,8.914777755737305,CSCO
2926,24-09-2001,12.31999969482422,12.579999923706055,106555400,13.149999618530273,12.5600004196167,9.261340141296387,CSCO
2927,25-09-2001,12.199999809265135,12.619999885559082,86807900,13.0600004196167,12.600000381469727,9.2908353805542,CSCO
2928,26-09-2001,12.0,12.93000030517578,86325700,12.949999809265135,12.229999542236328,9.018006324768066,CSCO
2929,27-09-2001,11.039999961853027,11.850000381469727,103368100,12.0,11.239999771118164,8.288013458251951,CSCO
2930,28-09-2001,11.470000267028807,11.579999923706055,92085300,12.229999542236328,12.18000030517578,8.981136322021484,CSCO
2931,01-10-2001,11.600000381469727,12.050000190734865,66345900,12.100000381469727,11.899999618530273,8.774673461914062,CSCO
2932,02-10-2001,11.31999969482422,11.800000190734865,75603400,12.0600004196167,11.479999542236328,8.464981079101562,CSCO
2933,03-10-2001,11.149999618530273,11.359999656677244,196280700,14.420000076293945,13.949999809265135,10.28628158569336,CSCO
2934,04-10-2001,14.149999618530273,14.350000381469727,137857300,15.029999732971193,14.420000076293945,10.632842063903807,CSCO
2935,05-10-2001,13.75,14.029999732971193,85969500,14.979999542236328,14.9399995803833,11.016273498535156,CSCO
2936,08-10-2001,14.350000381469727,14.399999618530273,70666200,15.260000228881836,15.050000190734865,11.097382545471193,CSCO
2937,09-10-2001,14.479999542236328,15.039999961853027,62928100,15.100000381469727,14.59000015258789,10.758193969726562,CSCO
2938,10-10-2001,14.359999656677244,14.56999969482422,64764600,15.199999809265135,15.149999618530273,11.171117782592773,CSCO
2939,11-10-2001,15.5,15.600000381469727,113145700,16.510000228881836,16.459999084472653,12.13707160949707,CSCO
2940,12-10-2001,16.25,16.639999389648438,125292200,17.399999618530273,16.950000762939453,12.498382568359375,CSCO
2941,15-10-2001,16.0,16.649999618530273,63245200,16.649999618530273,16.209999084472653,11.952730178833008,CSCO
2942,16-10-2001,16.25,16.520000457763672,69242700,17.139999389648438,16.969999313354492,12.513131141662598,CSCO
2943,17-10-2001,15.56999969482422,17.389999389648438,87344600,17.450000762939453,15.600000381469727,11.502935409545898,CSCO
2944,18-10-2001,15.470000267028807,15.75,72685700,16.780000686645508,16.719999313354492,12.328787803649902,CSCO
2945,19-10-2001,15.979999542236328,16.239999771118164,69947500,16.940000534057614,16.719999313354492,12.328787803649902,CSCO
2946,22-10-2001,16.149999618530273,16.520000457763672,61129000,17.069999694824222,16.829999923706055,12.409900665283205,CSCO
2947,23-10-2001,16.379999160766598,17.270000457763672,95294000,17.370000839233402,16.40999984741211,12.10020351409912,CSCO
2948,24-10-2001,16.520000457763672,16.600000381469727,77814700,17.299999237060547,17.229999542236328,12.704845428466795,CSCO
2949,25-10-2001,16.379999160766598,16.879999160766598,88659400,17.799999237060547,17.739999771118164,13.080902099609375,CSCO
2950,26-10-2001,17.100000381469727,17.379999160766598,62461100,17.829999923706055,17.290000915527347,12.749085426330565,CSCO
2951,29-10-2001,16.319999694824222,17.229999542236328,84832900,17.649999618530273,16.420000076293945,12.10757827758789,CSCO
2952,30-10-2001,16.059999465942386,16.170000076293945,76335100,16.969999313354492,16.569999694824222,12.218185424804688,CSCO
2953,31-10-2001,16.610000610351562,17.139999389648438,85724000,17.40999984741211,16.920000076293945,12.476259231567385,CSCO
2954,01-11-2001,16.700000762939453,17.149999618530273,73546100,17.700000762939453,17.65999984741211,13.021913528442385,CSCO
2955,02-11-2001,17.0,17.540000915527347,71976400,17.670000076293945,17.260000228881836,12.726966857910154,CSCO
2956,05-11-2001,17.600000381469727,17.860000610351562,103486600,17.989999771118164,17.899999618530273,13.198880195617676,CSCO
2957,06-11-2001,17.920000076293945,18.229999542236328,123928900,18.649999618530273,18.46999931335449,13.619179725646973,CSCO
2958,07-11-2001,18.239999771118164,18.299999237060547,119637700,19.46999931335449,18.93000030517578,13.958370208740234,CSCO
2959,08-11-2001,18.90999984741211,19.239999771118164,122071800,19.88999938964844,19.09000015258789,14.07634735107422,CSCO
2960,09-11-2001,18.81999969482422,18.989999771118164,61623000,19.3700008392334,19.200000762939453,14.157464027404785,CSCO
2961,12-11-2001,18.5,19.18000030517578,71411500,19.350000381469727,19.26000022888184,14.201706886291506,CSCO
2962,13-11-2001,19.100000381469727,19.88999938964844,108595300,19.959999084472656,19.57999992370605,14.437660217285154,CSCO
2963,14-11-2001,19.3700008392334,19.81999969482422,75208500,19.989999771118164,19.88999938964844,14.666240692138672,CSCO
2964,15-11-2001,19.709999084472656,19.770000457763672,80721400,20.209999084472656,20.13999938964844,14.8505859375,CSCO
2965,16-11-2001,19.690000534057614,20.100000381469727,53364600,20.100000381469727,20.020000457763672,14.762105941772461,CSCO
2966,19-11-2001,20.059999465942386,20.13999938964844,64166100,20.71999931335449,20.709999084472656,15.270888328552244,CSCO
2967,20-11-2001,19.600000381469727,20.59000015258789,72911700,20.770000457763672,19.790000915527344,14.592510223388672,CSCO
2968,21-11-2001,18.700000762939453,19.61000061035156,69396400,19.700000762939453,19.149999618530273,14.120597839355467,CSCO
2969,23-11-2001,19.229999542236328,19.290000915527344,18581100,19.75,19.59000015258789,14.445035934448242,CSCO
2970,26-11-2001,19.36000061035156,19.799999237060547,70098900,20.170000076293945,19.93000030517578,14.695740699768065,CSCO
2971,27-11-2001,19.489999771118164,19.780000686645508,75237600,20.309999465942386,19.700000762939453,14.526145935058596,CSCO
2972,28-11-2001,18.84000015258789,19.5,59998800,19.959999084472656,18.8799991607666,13.921504020690918,CSCO
2973,29-11-2001,19.1200008392334,19.21999931335449,72872400,20.01000022888184,19.88999938964844,14.666240692138672,CSCO
2974,30-11-2001,19.809999465942386,19.950000762939453,74661300,20.5,20.440000534057614,15.07179355621338,CSCO
2975,03-12-2001,19.75,20.030000686645508,53655700,20.190000534057614,19.86000061035156,14.644124984741213,CSCO
2976,04-12-2001,19.84000015258789,20.06999969482422,98810100,20.700000762939453,20.520000457763672,15.13078498840332,CSCO
2977,05-12-2001,20.649999618530273,20.76000022888184,19234800,21.899999618530273,21.540000915527344,15.88290309906006,CSCO
2978,06-12-2001,21.299999237060547,21.61000061035156,73072500,21.899999618530273,21.790000915527344,16.067243576049805,CSCO
2979,07-12-2001,20.979999542236328,21.51000022888184,54959300,21.920000076293945,21.15999984741211,15.602705955505373,CSCO
2980,10-12-2001,20.5,20.90999984741211,61016000,21.3799991607666,20.739999771118164,15.293004035949707,CSCO
2981,11-12-2001,20.690000534057614,21.13999938964844,65695400,21.3799991607666,20.780000686645508,15.322504043579102,CSCO
2982,12-12-2001,19.979999542236328,20.940000534057614,66607700,21.299999237060547,20.5,15.116040229797365,CSCO
2983,13-12-2001,18.93000030517578,19.63999938964844,91996800,20.0,19.01000022888184,14.017362594604492,CSCO
2984,14-12-2001,18.799999237060547,18.93000030517578,65012300,19.709999084472656,19.38999938964844,14.297564506530762,CSCO
2985,17-12-2001,19.200000762939453,19.270000457763672,60579700,19.84000015258789,19.26000022888184,14.201706886291506,CSCO
2986,18-12-2001,19.43000030517578,19.6200008392334,51952500,19.850000381469727,19.6200008392334,14.467159271240234,CSCO
2987,19-12-2001,19.049999237060547,19.18000030517578,65604400,19.770000457763672,19.350000381469727,14.26806640625,CSCO
2988,20-12-2001,18.07999992370605,18.899999618530273,100945900,18.989999771118164,18.290000915527344,13.486454010009766,CSCO
2989,21-12-2001,18.15999984741211,18.780000686645508,90588500,19.059999465942386,18.190000534057614,13.4127197265625,CSCO
2990,24-12-2001,18.0,18.229999542236328,16740600,18.5,18.11000061035156,13.353732109069824,CSCO
2991,26-12-2001,18.059999465942386,18.11000061035156,36264500,18.82999992370605,18.239999771118164,13.449590682983398,CSCO
2992,27-12-2001,18.209999084472656,18.420000076293945,38393400,18.709999084472656,18.489999771118164,13.633928298950195,CSCO
2993,28-12-2001,18.200000762939453,18.690000534057614,46191700,18.940000534057614,18.540000915527344,13.670797348022461,CSCO
2994,31-12-2001,18.059999465942386,18.450000762939453,61550500,18.93000030517578,18.11000061035156,13.353732109069824,CSCO
2995,02-01-2002,18.26000022888184,18.440000534057614,55376900,19.299999237060547,19.229999542236328,14.179580688476562,CSCO
2996,03-01-2002,19.5,19.540000915527344,91379800,20.799999237060547,20.76000022888184,15.307750701904295,CSCO
2997,04-01-2002,20.420000076293945,21.190000534057614,75753000,21.5,20.82999992370605,15.35937213897705,CSCO
2998,07-01-2002,20.309999465942386,21.0,58262400,21.25,20.530000686645508,15.138164520263672,CSCO
2999,08-01-2002,20.46999931335449,20.600000381469727,62817100,21.09000015258789,20.950000762939453,15.447851181030273,CSCO
3000,09-01-2002,20.530000686645508,21.26000022888184,87613900,21.84000015258789,20.850000381469727,15.374119758605955,CSCO
3001,10-01-2002,20.489999771118164,20.799999237060547,62846400,21.280000686645508,21.0,15.484720230102539,CSCO
3002,11-01-2002,19.96999931335449,20.559999465942386,72916400,20.739999771118164,20.209999084472656,14.902206420898438,CSCO
3003,14-01-2002,19.5,19.920000076293945,67921100,20.200000762939453,19.6299991607666,14.474529266357422,CSCO
3004,15-01-2002,19.350000381469727,19.75,53271700,20.040000915527344,19.68000030517578,14.511401176452635,CSCO
3005,16-01-2002,18.93000030517578,19.3799991607666,59639300,19.3799991607666,18.940000534057614,13.965747833251953,CSCO
3006,17-01-2002,19.020000457763672,19.229999542236328,57684100,19.489999771118164,19.479999542236328,14.363924980163574,CSCO
3007,18-01-2002,18.799999237060547,18.82999992370605,56076600,19.229999542236328,18.850000381469727,13.89938259124756,CSCO
3008,22-01-2002,18.049999237060547,19.21999931335449,67592600,19.290000915527344,18.059999465942386,13.31686019897461,CSCO
3009,23-01-2002,18.1299991607666,18.15999984741211,64877200,19.020000457763672,18.93000030517578,13.958370208740234,CSCO
3010,24-01-2002,18.850000381469727,19.21999931335449,68395900,19.82999992370605,19.049999237060547,14.046855926513672,CSCO
3011,25-01-2002,18.90999984741211,19.030000686645508,55244800,19.51000022888184,19.1299991607666,14.105844497680664,CSCO
3012,28-01-2002,19.31999969482422,19.479999542236328,54156300,19.979999542236328,19.700000762939453,14.526145935058596,CSCO
3013,29-01-2002,18.84000015258789,19.76000022888184,67690500,19.989999771118164,19.01000022888184,14.017362594604492,CSCO
3014,30-01-2002,18.239999771118164,19.26000022888184,84758500,19.36000061035156,19.34000015258789,14.260692596435547,CSCO
3015,31-01-2002,19.040000915527344,19.479999542236328,62995800,19.809999465942386,19.799999237060547,14.59987735748291,CSCO
3016,01-02-2002,19.100000381469727,19.549999237060547,53772000,20.0,19.209999084472656,14.164831161499025,CSCO
3017,04-02-2002,18.0,19.0,57184800,19.200000762939453,18.309999465942386,13.50120449066162,CSCO
3018,05-02-2002,18.0,18.06999969482422,78978700,18.959999084472656,18.5,13.641304969787598,CSCO
3019,06-02-2002,18.270000457763672,19.229999542236328,112316300,19.25,18.61000061035156,13.722411155700685,CSCO
3020,07-02-2002,17.020000457763672,17.920000076293945,160137000,18.0,17.059999465942386,12.579497337341307,CSCO
3021,08-02-2002,16.270000457763672,17.260000228881836,121511000,17.299999237060547,16.760000228881836,12.358282089233398,CSCO
3022,11-02-2002,16.760000228881836,16.930000305175778,77809800,17.709999084472656,17.690000534057614,13.04403305053711,CSCO
3023,12-02-2002,17.149999618530273,17.329999923706055,62451400,17.600000381469727,17.260000228881836,12.726966857910154,CSCO
3024,13-02-2002,17.34000015258789,17.420000076293945,59732100,17.639999389648438,17.520000457763672,12.91868495941162,CSCO
3025,14-02-2002,17.319999694824222,17.610000610351562,53623000,17.670000076293945,17.459999084472653,12.87444019317627,CSCO
3026,15-02-2002,17.040000915527347,17.510000228881836,62729700,17.540000915527347,17.09000015258789,12.601616859436035,CSCO
3027,19-02-2002,16.569999694824222,16.610000610351562,58196000,17.020000457763672,16.809999465942386,12.395151138305664,CSCO
3028,20-02-2002,16.180000305175778,16.799999237060547,74671800,16.899999618530273,16.690000534057614,12.306669235229492,CSCO
3029,21-02-2002,15.0,16.229999542236328,106466000,16.229999542236328,15.109999656677244,11.14162540435791,CSCO
3030,22-02-2002,14.239999771118164,15.25,124883000,15.470000267028807,15.239999771118164,11.2374849319458,CSCO
3031,25-02-2002,15.100000381469727,15.359999656677244,70102100,15.710000038146973,15.600000381469727,11.502935409545898,CSCO
3032,26-02-2002,15.390000343322756,15.75,66791300,16.0,15.5,11.42920207977295,CSCO
3033,27-02-2002,14.149999618530273,15.65999984741211,122395000,15.710000038146973,14.239999771118164,10.500115394592283,CSCO
3034,28-02-2002,14.239999771118164,14.5,100935200,14.989999771118164,14.270000457763672,10.522238731384276,CSCO
3035,01-03-2002,14.270000457763672,14.5,82479300,15.039999961853027,15.0,11.06051540374756,CSCO
3036,04-03-2002,15.010000228881836,15.18000030517578,93030100,16.549999237060547,16.479999542236328,12.15182399749756,CSCO
3037,05-03-2002,16.110000610351562,16.329999923706055,66517800,16.649999618530273,16.510000228881836,12.17393970489502,CSCO
3038,06-03-2002,15.920000076293945,16.420000076293945,72915100,16.920000076293945,16.770000457763672,12.365655899047852,CSCO
3039,07-03-2002,16.530000686645508,17.010000228881836,74333800,17.270000457763672,17.0,12.535253524780273,CSCO
3040,08-03-2002,17.440000534057614,17.440000534057614,66457900,17.93000030517578,17.799999237060547,13.125144004821776,CSCO
3041,11-03-2002,17.020000457763672,17.65999984741211,60089900,17.81999969482422,17.420000076293945,12.844947814941404,CSCO
3042,12-03-2002,16.420000076293945,16.75,58617500,16.979999542236328,16.770000457763672,12.365655899047852,CSCO
3043,13-03-2002,16.270000457763672,16.530000686645508,50250800,16.639999389648438,16.360000610351562,12.063335418701172,CSCO
3044,14-03-2002,16.299999237060547,16.309999465942386,49705100,17.0,16.739999771118164,12.343535423278807,CSCO
3045,15-03-2002,16.290000915527347,16.680000305175778,54306800,16.879999160766598,16.540000915527347,12.196065902709961,CSCO
3046,18-03-2002,16.440000534057614,16.920000076293945,57252100,17.09000015258789,16.520000457763672,12.181314468383787,CSCO
3047,19-03-2002,16.510000228881836,16.520000457763672,50773700,17.0,16.739999771118164,12.343535423278807,CSCO
3048,20-03-2002,16.0,16.559999465942386,45891900,16.680000305175778,16.020000457763672,11.812630653381348,CSCO
3049,21-03-2002,15.970000267028807,16.09000015258789,48718500,16.639999389648438,16.489999771118164,12.159196853637695,CSCO
3050,22-03-2002,16.450000762939453,16.520000457763672,63027800,17.170000076293945,16.569999694824222,12.218185424804688,CSCO
3051,25-03-2002,16.170000076293945,16.889999389648438,56806400,17.110000610351562,16.180000305175778,11.93061065673828,CSCO
3052,26-03-2002,16.120000839233402,16.120000839233402,66280800,16.989999771118164,16.290000915527347,12.01171875,CSCO
3053,27-03-2002,16.049999237060547,16.360000610351562,57560200,16.559999465942386,16.34000015258789,12.048589706420898,CSCO
3054,28-03-2002,16.299999237060547,16.420000076293945,52836300,17.120000839233402,16.930000305175778,12.483633995056152,CSCO
3055,01-04-2002,16.739999771118164,16.870000839233402,55846200,17.549999237060547,17.520000457763672,12.91868495941162,CSCO
3056,02-04-2002,16.370000839233402,17.030000686645508,70833700,17.25,16.420000076293945,12.10757827758789,CSCO
3057,03-04-2002,16.299999237060547,16.600000381469727,53666700,16.870000839233402,16.600000381469727,12.240306854248047,CSCO
3058,04-04-2002,16.350000381469727,16.469999313354492,57717400,16.90999984741211,16.870000839233402,12.439390182495115,CSCO
3059,05-04-2002,16.100000381469727,16.860000610351562,57972000,17.0,16.149999618530273,11.908490180969238,CSCO
3060,08-04-2002,15.489999771118164,15.739999771118164,61387900,16.200000762939453,16.180000305175778,11.93061065673828,CSCO
3061,09-04-2002,14.8100004196167,16.100000381469727,105561200,16.129999160766598,14.81999969482422,10.9277925491333,CSCO
3062,10-04-2002,15.06999969482422,15.260000228881836,87213800,15.729999542236328,15.550000190734865,11.46606731414795,CSCO
3063,11-04-2002,14.739999771118164,15.510000228881836,64249700,15.59000015258789,14.869999885559082,10.9646577835083,CSCO
3064,12-04-2002,15.020000457763672,15.130000114440918,55259200,15.529999732971193,15.300000190734865,11.28172779083252,CSCO
3065,15-04-2002,14.9399995803833,15.510000228881836,45652000,15.529999732971193,15.010000228881836,11.067889213562012,CSCO
3066,16-04-2002,15.25,15.31999969482422,51689200,15.619999885559082,15.579999923706055,11.488191604614258,CSCO
3067,17-04-2002,15.4399995803833,15.760000228881836,51955800,16.049999237060547,15.970000267028807,11.775760650634766,CSCO
3068,18-04-2002,15.18000030517578,15.720000267028807,65411400,16.149999618530273,15.4399995803833,11.38495922088623,CSCO
3069,19-04-2002,15.100000381469727,15.68000030517578,46082800,15.6899995803833,15.260000228881836,11.252229690551758,CSCO
3070,22-04-2002,14.550000190734865,14.949999809265135,48702100,14.989999771118164,14.869999885559082,10.9646577835083,CSCO
3071,23-04-2002,13.93000030517578,14.800000190734865,83697900,14.850000381469727,14.010000228881836,10.330520629882812,CSCO
3072,24-04-2002,14.0600004196167,14.270000457763672,77480200,14.800000190734865,14.43000030517578,10.640217781066896,CSCO
3073,25-04-2002,13.960000038146973,14.220000267028807,82191500,14.739999771118164,14.59000015258789,10.758193969726562,CSCO
3074,26-04-2002,13.90999984741211,14.81999969482422,58851400,14.869999885559082,13.90999984741211,10.256783485412598,CSCO
3075,29-04-2002,13.880000114440918,14.09000015258789,69059400,14.350000381469727,14.130000114440918,10.419002532958984,CSCO
3076,30-04-2002,14.010000228881836,14.020000457763672,73316700,14.979999542236328,14.649999618530273,10.802434921264648,CSCO
3077,01-05-2002,13.630000114440918,14.550000190734865,102602100,14.59000015258789,13.699999809265135,10.101940155029297,CSCO
3078,02-05-2002,13.609999656677244,13.789999961853027,80762900,14.25,13.640000343322756,10.057696342468262,CSCO
3079,03-05-2002,13.050000190734865,13.5600004196167,70750200,13.609999656677244,13.140000343322756,9.689011573791504,CSCO
3080,06-05-2002,12.850000381469727,13.25,69219600,13.59000015258789,12.890000343322756,9.504672050476074,CSCO
3081,07-05-2002,12.270000457763672,13.15999984741211,108755600,13.5,13.079999923706055,9.644768714904783,CSCO
3082,08-05-2002,15.149999618530273,15.229999542236328,194497200,16.299999237060547,16.270000457763672,11.996973991394045,CSCO
3083,09-05-2002,15.390000343322756,15.960000038146973,89850000,16.049999237060547,15.75,11.613543510437012,CSCO
3084,10-05-2002,15.140000343322756,15.43000030517578,93204200,15.649999618530273,15.420000076293945,11.370211601257324,CSCO
3085,13-05-2002,15.149999618530273,15.40999984741211,69927100,15.81999969482422,15.699999809265135,11.576675415039062,CSCO
3086,14-05-2002,16.0,16.319999694824222,73338200,16.5,16.450000762939453,12.129697799682615,CSCO
3087,15-05-2002,16.120000839233402,16.200000762939453,85240300,17.209999084472653,16.559999465942386,12.210809707641602,CSCO
3088,16-05-2002,16.350000381469727,16.399999618530273,60338800,17.059999465942386,17.010000228881836,12.542622566223145,CSCO
3089,17-05-2002,16.940000534057614,17.190000534057614,61316400,17.489999771118164,17.25,12.71959114074707,CSCO
3090,20-05-2002,16.450000762939453,16.84000015258789,56815500,17.020000457763672,16.579999923706055,12.225558280944824,CSCO
3091,21-05-2002,16.069999694824222,16.739999771118164,60334400,16.959999084472653,16.15999984741211,11.915863037109375,CSCO
3092,22-05-2002,15.81999969482422,15.890000343322756,58041400,16.610000610351562,16.559999465942386,12.210809707641602,CSCO
3093,23-05-2002,16.040000915527347,16.559999465942386,66580900,16.920000076293945,16.899999618530273,12.461517333984375,CSCO
3094,24-05-2002,16.299999237060547,16.639999389648438,41671100,16.680000305175778,16.569999694824222,12.218185424804688,CSCO
3095,28-05-2002,16.120000839233402,16.629999160766598,42942600,16.680000305175778,16.379999160766598,12.078083038330078,CSCO
3096,29-05-2002,15.630000114440918,16.069999694824222,54470200,16.15999984741211,15.649999618530273,11.53980541229248,CSCO
3097,30-05-2002,15.399999618530273,15.470000267028807,61043200,16.170000076293945,16.010000228881836,11.805257797241213,CSCO
3098,31-05-2002,15.75,16.290000915527347,50648100,16.540000915527347,15.779999732971193,11.635660171508787,CSCO
3099,03-06-2002,15.279999732971193,15.8100004196167,53377300,16.209999084472653,15.329999923706055,11.303848266601562,CSCO
3100,04-06-2002,15.279999732971193,15.31999969482422,61643900,16.079999923706055,16.079999923706055,11.85687255859375,CSCO
3101,05-06-2002,15.449999809265135,15.9399995803833,67798600,16.100000381469727,15.920000076293945,11.738893508911133,CSCO
3102,06-06-2002,15.43000030517578,15.5600004196167,45735400,15.720000267028807,15.460000038146973,11.399707794189453,CSCO
3103,07-06-2002,14.850000381469727,14.850000381469727,79538300,15.949999809265135,15.729999542236328,11.598793983459473,CSCO
3104,10-06-2002,15.43000030517578,15.59000015258789,48831700,15.859999656677244,15.470000267028807,11.407079696655273,CSCO
3105,11-06-2002,14.949999809265135,15.65999984741211,74853200,15.880000114440918,14.989999771118164,11.053143501281738,CSCO
3106,12-06-2002,14.579999923706055,14.760000228881836,87072700,15.300000190734865,15.289999961853027,11.274352073669435,CSCO
3107,13-06-2002,14.649999618530273,15.06999969482422,58413200,15.220000267028807,14.890000343322756,10.979408264160156,CSCO
3108,14-06-2002,14.140000343322756,14.489999771118164,95569800,14.989999771118164,14.300000190734865,10.544358253479004,CSCO
3109,17-06-2002,14.600000381469727,14.640000343322756,61227200,15.149999618530273,15.06999969482422,11.112128257751463,CSCO
3110,18-06-2002,14.699999809265135,14.979999542236328,54635700,15.279999732971193,14.710000038146973,10.846677780151367,CSCO
3111,19-06-2002,14.359999656677244,14.619999885559082,59354300,14.899999618530273,14.489999771118164,10.684454917907717,CSCO
3112,20-06-2002,14.020000457763672,14.420000076293945,53272400,14.649999618530273,14.079999923706055,10.382139205932617,CSCO
3113,21-06-2002,13.579999923706055,13.630000114440918,86020700,14.229999542236328,13.739999771118164,10.13143253326416,CSCO
3114,24-06-2002,13.239999771118164,13.399999618530273,93242600,14.359999656677244,14.0600004196167,10.367391586303713,CSCO
3115,25-06-2002,13.34000015258789,14.220000267028807,83539700,14.380000114440918,13.449999809265135,9.917595863342283,CSCO
3116,26-06-2002,12.390000343322756,12.460000038146973,18704100,13.739999771118164,13.43000030517578,9.902851104736328,CSCO
3117,27-06-2002,13.100000381469727,13.760000228881836,81090400,13.890000343322756,13.81999969482422,10.190420150756836,CSCO
3118,28-06-2002,13.579999923706055,13.739999771118164,80577100,14.300000190734865,13.949999809265135,10.28628158569336,CSCO
3119,01-07-2002,13.050000190734865,13.84000015258789,60305800,14.0,13.09000015258789,9.652142524719238,CSCO
3120,02-07-2002,12.4399995803833,12.850000381469727,118532100,12.949999809265135,12.5600004196167,9.261340141296387,CSCO
3121,03-07-2002,12.289999961853027,12.329999923706055,77171300,13.050000190734865,13.039999961853027,9.615277290344238,CSCO
3122,05-07-2002,13.399999618530273,13.5,34151500,14.100000381469727,14.050000190734865,10.36001968383789,CSCO
3123,08-07-2002,13.460000038146973,13.93000030517578,52153600,14.1899995803833,13.670000076293945,10.079815864562988,CSCO
3124,09-07-2002,13.109999656677244,13.619999885559082,64055600,13.720000267028807,13.140000343322756,9.689011573791504,CSCO
3125,10-07-2002,13.380000114440918,13.869999885559082,91014000,13.989999771118164,13.510000228881836,9.961837768554688,CSCO
3126,11-07-2002,13.09000015258789,13.289999961853027,91259500,14.199999809265135,14.050000190734865,10.36001968383789,CSCO
3127,12-07-2002,14.220000267028807,14.34000015258789,83970000,14.84000015258789,14.380000114440918,10.603346824645996,CSCO
3128,15-07-2002,13.539999961853027,14.25,86182000,14.449999809265135,14.4399995803833,10.647588729858398,CSCO
3129,16-07-2002,14.09000015258789,14.229999542236328,80100400,14.800000190734865,14.270000457763672,10.522238731384276,CSCO
3130,17-07-2002,14.3100004196167,14.710000038146973,93493300,15.0600004196167,14.800000190734865,10.913043022155762,CSCO
3131,18-07-2002,14.300000190734865,14.56999969482422,57536300,14.779999732971193,14.34000015258789,10.5738525390625,CSCO
3132,19-07-2002,13.5,13.949999809265135,71800700,14.350000381469727,13.649999618530273,10.065067291259766,CSCO
3133,22-07-2002,12.75,13.25,104148900,13.510000228881836,12.979999542236328,9.571033477783203,CSCO
3134,23-07-2002,12.479999542236328,13.029999732971193,94867400,13.31999969482422,12.5,9.217096328735352,CSCO
3135,24-07-2002,11.949999809265135,12.109999656677244,119236300,13.109999656677244,13.09000015258789,9.652142524719238,CSCO
3136,25-07-2002,11.489999771118164,12.789999961853027,136175000,12.93000030517578,11.609999656677244,8.560839653015138,CSCO
3137,26-07-2002,11.449999809265135,11.81999969482422,75114200,12.100000381469727,11.81999969482422,8.715685844421388,CSCO
3138,29-07-2002,12.329999923706055,12.43000030517578,93513800,13.31999969482422,13.3100004196167,9.814366340637207,CSCO
3139,30-07-2002,12.739999771118164,13.0,83560800,13.5,13.34000015258789,9.836484909057617,CSCO
3140,31-07-2002,12.699999809265135,13.149999618530273,79309000,13.25,13.1899995803833,9.72588348388672,CSCO
3141,01-08-2002,11.9399995803833,12.979999542236328,132743600,13.210000038146973,12.100000381469727,8.922151565551758,CSCO
3142,02-08-2002,11.529999732971193,12.25,93706700,12.489999771118164,11.890000343322756,8.767300605773926,CSCO
3143,05-08-2002,11.140000343322754,11.579999923706055,83088100,11.699999809265135,11.359999656677244,8.376495361328125,CSCO
3144,06-08-2002,11.65999984741211,11.670000076293945,129367900,12.619999885559082,12.06999969482422,8.900026321411133,CSCO
3145,07-08-2002,12.520000457763672,13.329999923706055,165854900,13.449999809265135,12.989999771118164,9.578408241271973,CSCO
3146,08-08-2002,12.199999809265135,12.84000015258789,98212100,13.300000190734865,13.199999809265135,9.733254432678224,CSCO
3147,09-08-2002,12.960000038146973,12.989999771118164,60819200,13.34000015258789,13.119999885559082,9.674264907836914,CSCO
3148,12-08-2002,13.0,13.0,57748500,13.449999809265135,13.40999984741211,9.888100624084473,CSCO
3149,13-08-2002,13.25,13.34000015258789,77829700,13.960000038146973,13.369999885559082,9.85861110687256,CSCO
3150,14-08-2002,13.43000030517578,13.520000457763672,76786600,14.43000030517578,14.350000381469727,10.58122444152832,CSCO
3151,15-08-2002,14.039999961853027,14.460000038146973,76148600,14.539999961853027,14.359999656677244,10.588600158691406,CSCO
3152,16-08-2002,14.039999961853027,14.239999771118164,58451400,14.729999542236328,14.449999809265135,10.654962539672852,CSCO
3153,19-08-2002,14.5,14.699999809265135,65412100,15.0,14.720000267028807,10.85405445098877,CSCO
3154,20-08-2002,14.59000015258789,14.670000076293945,60171900,14.81999969482422,14.729999542236328,10.86142635345459,CSCO
3155,21-08-2002,14.789999961853027,14.93000030517578,80219600,15.25,15.109999656677244,11.14162540435791,CSCO
3156,22-08-2002,14.9399995803833,15.100000381469727,55149500,15.289999961853027,15.100000381469727,11.134255409240724,CSCO
3157,23-08-2002,14.25,14.9399995803833,65333800,15.0,14.449999809265135,10.654962539672852,CSCO
3158,26-08-2002,14.149999618530273,14.520000457763672,47858100,14.699999809265135,14.489999771118164,10.684454917907717,CSCO
3159,27-08-2002,14.0,14.630000114440918,59156900,14.720000267028807,14.020000457763672,10.337895393371582,CSCO
3160,28-08-2002,13.65999984741211,13.779999732971193,53706400,14.039999961853027,13.720000267028807,10.116683959960938,CSCO
3161,29-08-2002,13.470000267028807,13.479999542236328,61251900,14.359999656677244,14.199999809265135,10.470622062683104,CSCO
3162,30-08-2002,13.710000038146973,13.949999809265135,48710400,14.09000015258789,13.81999969482422,10.190420150756836,CSCO
3163,03-09-2002,13.050000190734865,13.600000381469727,68407800,13.619999885559082,13.06999969482422,9.63739776611328,CSCO
3164,04-09-2002,12.989999771118164,13.15999984741211,66497400,13.40999984741211,13.270000457763672,9.784870147705078,CSCO
3165,05-09-2002,12.670000076293945,13.079999923706055,64181900,13.079999923706055,12.770000457763672,9.416186332702637,CSCO
3166,06-09-2002,12.90999984741211,13.140000343322756,59676000,13.25,13.029999732971193,9.607903480529783,CSCO
3167,09-09-2002,12.210000038146973,12.90999984741211,53212100,13.210000038146973,12.960000038146973,9.55628490447998,CSCO
3168,10-09-2002,12.989999771118164,13.09000015258789,64977300,13.449999809265135,13.43000030517578,9.902851104736328,CSCO
3169,11-09-2002,13.5,13.529999732971193,48477000,13.970000267028807,13.56999969482422,10.006077766418457,CSCO
3170,12-09-2002,12.989999771118164,13.369999885559082,50396100,13.449999809265135,13.039999961853027,9.615277290344238,CSCO
3171,13-09-2002,12.770000457763672,12.81999969482422,55222300,13.119999885559082,13.050000190734865,9.622648239135742,CSCO
3172,16-09-2002,12.75,12.989999771118164,44468500,13.15999984741211,12.93000030517578,9.534168243408203,CSCO
3173,17-09-2002,12.510000228881836,13.109999656677244,77101000,13.199999809265135,12.539999961853027,9.246590614318848,CSCO
3174,18-09-2002,12.039999961853027,12.149999618530273,114958500,12.520000457763672,12.5,9.217096328735352,CSCO
3175,19-09-2002,11.869999885559082,11.960000038146973,80020200,12.149999618530273,12.0,8.848413467407227,CSCO
3176,20-09-2002,12.020000457763672,12.100000381469727,93721200,12.25,12.079999923706055,8.907402992248535,CSCO
3177,23-09-2002,11.699999809265135,11.9399995803833,74956900,12.140000343322756,11.960000038146973,8.818916320800781,CSCO
3178,24-09-2002,11.420000076293945,11.630000114440918,90919400,11.970000267028807,11.43000030517578,8.428112983703612,CSCO
3179,25-09-2002,11.510000228881836,11.5600004196167,90609200,12.229999542236328,11.960000038146973,8.818916320800781,CSCO
3180,26-09-2002,11.31999969482422,11.970000267028807,105729400,11.970000267028807,11.359999656677244,8.376495361328125,CSCO
3181,27-09-2002,11.130000114440918,11.1899995803833,87729600,11.649999618530273,11.229999542236328,8.280638694763184,CSCO
3182,30-09-2002,10.390000343322754,10.989999771118164,103352600,11.079999923706056,10.479999542236328,7.727612018585205,CSCO
3183,01-10-2002,10.130000114440918,10.65999984741211,109859600,11.010000228881836,10.9399995803833,8.066801071166992,CSCO
3184,02-10-2002,9.760000228881836,10.720000267028807,151829300,10.75,10.050000190734863,7.4105472564697275,CSCO
3185,03-10-2002,9.670000076293944,9.979999542236328,137709000,10.149999618530273,9.8100004196167,7.233579635620117,CSCO
3186,04-10-2002,9.420000076293944,9.979999542236328,103389600,10.130000114440918,9.460000038146973,6.975498676300049,CSCO
3187,07-10-2002,8.75,9.210000038146973,130579400,9.470000267028807,9.079999923706056,6.695298671722412,CSCO
3188,08-10-2002,8.119999885559082,9.210000038146973,240948700,9.210000038146973,8.600000381469728,6.3413639068603525,CSCO
3189,09-10-2002,8.449999809265138,8.449999809265138,173733800,9.460000038146973,9.229999542236328,6.805903434753418,CSCO
3190,10-10-2002,9.149999618530273,9.300000190734863,138466100,9.960000038146973,9.739999771118164,7.181962490081787,CSCO
3191,11-10-2002,9.899999618530273,10.09000015258789,130192400,10.449999809265137,10.31999969482422,7.609636783599853,CSCO
3192,14-10-2002,9.800000190734863,10.0600004196167,69972100,10.25,9.989999771118164,7.366302967071532,CSCO
3193,15-10-2002,10.479999542236328,10.65999984741211,130800300,11.0,10.989999771118164,8.103672981262207,CSCO
3194,16-10-2002,9.75,10.329999923706056,123041400,10.470000267028807,9.8100004196167,7.233579635620117,CSCO
3195,17-10-2002,10.130000114440918,10.579999923706056,103342600,10.800000190734863,10.170000076293944,7.49902868270874,CSCO
3196,18-10-2002,9.920000076293944,10.229999542236328,107297800,10.630000114440918,10.510000228881836,7.749736309051514,CSCO
3197,21-10-2002,10.31999969482422,10.380000114440918,86926400,11.100000381469727,10.949999809265137,8.074177742004395,CSCO
3198,22-10-2002,10.510000228881836,10.539999961853027,123035900,11.579999923706055,11.220000267028807,8.273266792297362,CSCO
3199,23-10-2002,10.890000343322754,11.119999885559082,92556400,11.369999885559082,11.260000228881836,8.302760124206543,CSCO
3200,24-10-2002,11.359999656677244,11.479999542236328,122749300,12.020000457763672,11.75,8.664070129394531,CSCO
3201,25-10-2002,11.0,11.600000381469727,71731800,11.920000076293945,11.779999732971193,8.686191558837889,CSCO
3202,28-10-2002,10.84000015258789,12.100000381469727,110940500,12.109999656677244,10.899999618530273,8.037307739257812,CSCO
3203,29-10-2002,10.140000343322754,10.739999771118164,106385800,10.850000381469727,10.600000381469727,7.816099643707275,CSCO
3204,30-10-2002,10.43000030517578,10.789999961853027,95089600,11.210000038146973,10.90999984741211,8.044681549072267,CSCO
3205,31-10-2002,10.899999618530273,11.050000190734863,94259100,11.399999618530273,11.18000030517578,8.243770599365233,CSCO
3206,01-11-2002,10.920000076293944,11.020000457763672,104175900,11.829999923706055,11.609999656677244,8.560839653015138,CSCO
3207,04-11-2002,12.06999969482422,12.369999885559082,111142400,12.720000267028807,12.3100004196167,9.07699966430664,CSCO
3208,05-11-2002,12.18000030517578,12.239999771118164,86969000,12.739999771118164,12.6899995803833,9.357196807861328,CSCO
3209,06-11-2002,12.5,12.979999542236328,164715800,13.470000267028807,12.960000038146973,9.55628490447998,CSCO
3210,07-11-2002,12.149999618530273,12.199999809265135,129731900,12.619999885559082,12.350000381469727,9.106493949890137,CSCO
3211,08-11-2002,12.199999809265135,12.25,81592700,12.789999961853027,12.5600004196167,9.261340141296387,CSCO
3212,11-11-2002,12.100000381469727,12.479999542236328,63699700,12.729999542236328,12.15999984741211,8.966392517089844,CSCO
3213,12-11-2002,12.239999771118164,12.31999969482422,120669500,13.239999771118164,12.869999885559082,9.489925384521484,CSCO
3214,13-11-2002,12.720000267028807,12.800000190734865,128073100,13.520000457763672,13.420000076293945,9.895474433898926,CSCO
3215,14-11-2002,13.600000381469727,13.670000076293945,94769700,14.06999969482422,14.0,10.323148727416992,CSCO
3216,15-11-2002,13.520000457763672,13.850000381469727,93626500,14.260000228881836,14.079999923706055,10.382139205932617,CSCO
3217,18-11-2002,13.890000343322756,14.350000381469727,75782700,14.520000457763672,13.90999984741211,10.256783485412598,CSCO
3218,19-11-2002,13.5,13.84000015258789,77654600,14.270000457763672,13.65999984741211,10.072444915771484,CSCO
3219,20-11-2002,13.75,13.800000190734865,85645200,14.5,14.380000114440918,10.603346824645996,CSCO
3220,21-11-2002,14.760000228881836,15.31999969482422,118449900,15.479999542236328,15.239999771118164,11.2374849319458,CSCO
3221,22-11-2002,14.68000030517578,14.93000030517578,86739500,15.199999809265135,14.890000343322756,10.979408264160156,CSCO
3222,25-11-2002,14.779999732971193,15.0,88441900,15.079999923706055,14.890000343322756,10.979408264160156,CSCO
3223,26-11-2002,14.380000114440918,14.899999618530273,80178000,15.020000457763672,14.449999809265135,10.654962539672852,CSCO
3224,27-11-2002,14.65999984741211,14.869999885559082,68998200,15.0600004196167,14.829999923706055,10.935163497924805,CSCO
3225,29-11-2002,14.890000343322756,15.119999885559082,29261000,15.1899995803833,14.920000076293945,11.001527786254883,CSCO
3226,02-12-2002,14.949999809265135,15.350000381469727,81377000,15.460000038146973,15.0600004196167,11.10476016998291,CSCO
3227,03-12-2002,14.399999618530273,14.420000076293945,66302000,14.90999984741211,14.520000457763672,10.706579208374023,CSCO
3228,04-12-2002,13.699999809265135,14.420000076293945,84860600,14.75,14.43000030517578,10.640217781066896,CSCO
3229,05-12-2002,14.020000457763672,14.710000038146973,57950300,14.75,14.109999656677244,10.404256820678713,CSCO
3230,06-12-2002,13.670000076293945,13.779999732971193,60324400,14.359999656677244,14.18000030517578,10.455877304077148,CSCO
3231,09-12-2002,13.479999542236328,13.949999809265135,53749600,13.949999809265135,13.5,9.95446491241455,CSCO
3232,10-12-2002,13.550000190734865,13.5600004196167,50054300,14.149999618530273,13.93000030517578,10.271533012390137,CSCO
3233,11-12-2002,13.609999656677244,13.720000267028807,54186000,14.140000343322756,13.850000381469727,10.212544441223145,CSCO
3234,12-12-2002,13.890000343322756,14.06999969482422,53984900,14.329999923706055,14.109999656677244,10.404256820678713,CSCO
3235,13-12-2002,13.399999618530273,13.890000343322756,61548200,14.079999923706055,13.399999618530273,9.88072395324707,CSCO
3236,16-12-2002,13.199999809265135,13.550000190734865,73134800,13.760000228881836,13.670000076293945,10.079815864562988,CSCO
3237,17-12-2002,13.520000457763672,13.640000343322756,50138500,13.859999656677244,13.65999984741211,10.072444915771484,CSCO
3238,18-12-2002,13.0600004196167,13.470000267028807,58805500,13.5,13.220000267028807,9.748003959655762,CSCO
3239,19-12-2002,12.729999542236328,13.109999656677244,84851200,13.449999809265135,13.0,9.58578109741211,CSCO
3240,20-12-2002,12.989999771118164,13.220000267028807,98243400,13.520000457763672,13.270000457763672,9.784870147705078,CSCO
3241,23-12-2002,13.130000114440918,13.199999809265135,42288900,13.619999885559082,13.4399995803833,9.910223007202148,CSCO
3242,24-12-2002,13.25,13.300000190734865,18604300,13.59000015258789,13.350000381469727,9.843859672546387,CSCO
3243,26-12-2002,13.029999732971193,13.380000114440918,38600400,13.579999923706055,13.100000381469727,9.659515380859377,CSCO
3244,27-12-2002,13.0,13.029999732971193,35355500,13.220000267028807,13.010000228881836,9.593154907226562,CSCO
3245,30-12-2002,12.90999984741211,13.020000457763672,52058300,13.18000030517578,12.970000267028807,9.563663482666016,CSCO
3246,31-12-2002,12.899999618530273,12.949999809265135,46597500,13.170000076293945,13.100000381469727,9.659515380859377,CSCO
3247,02-01-2003,13.09000015258789,13.109999656677244,61335700,13.6899995803833,13.640000343322756,10.057696342468262,CSCO
3248,03-01-2003,13.5600004196167,13.579999923706055,50891700,13.960000038146973,13.90999984741211,10.256783485412598,CSCO
3249,06-01-2003,13.979999542236328,14.010000228881836,58936700,14.420000076293945,14.199999809265135,10.470622062683104,CSCO
3250,07-01-2003,14.239999771118164,14.300000190734865,83998600,14.699999809265135,14.600000381469727,10.765568733215332,CSCO
3251,08-01-2003,14.369999885559082,14.479999542236328,75927000,14.75,14.4399995803833,10.647588729858398,CSCO
3252,09-01-2003,14.649999618530273,14.699999809265135,75284400,15.109999656677244,14.949999809265135,11.023648262023926,CSCO
3253,10-01-2003,14.829999923706055,14.84000015258789,91193900,15.460000038146973,15.220000267028807,11.222740173339844,CSCO
3254,13-01-2003,15.039999961853027,15.470000267028807,66314800,15.520000457763672,15.279999732971193,11.26698112487793,CSCO
3255,14-01-2003,15.289999961853027,15.300000190734865,69977900,15.630000114440918,15.579999923706055,11.488191604614258,CSCO
3256,15-01-2003,15.130000114440918,15.56999969482422,61992300,15.630000114440918,15.18000030517578,11.193242073059082,CSCO
3257,16-01-2003,14.789999961853027,15.079999923706055,65668200,15.300000190734865,14.899999618530273,10.986780166625977,CSCO
3258,17-01-2003,14.050000190734865,14.6899995803833,81310000,14.720000267028807,14.130000114440918,10.419002532958984,CSCO
3259,21-01-2003,14.149999618530273,14.220000267028807,62930800,14.5,14.18000030517578,10.455877304077148,CSCO
3260,22-01-2003,13.899999618530273,14.1899995803833,64965500,14.380000114440918,13.960000038146973,10.293654441833496,CSCO
3261,23-01-2003,14.119999885559082,14.279999732971193,62491200,14.75,14.59000015258789,10.758193969726562,CSCO
3262,24-01-2003,13.800000190734865,14.550000190734865,70564100,14.5600004196167,13.859999656677244,10.21991729736328,CSCO
3263,27-01-2003,13.5600004196167,13.609999656677244,58554700,14.06999969482422,13.710000038146973,10.109308242797852,CSCO
3264,28-01-2003,13.800000190734865,13.880000114440918,64116500,14.329999923706055,14.220000267028807,10.485368728637695,CSCO
3265,29-01-2003,13.789999961853027,14.170000076293945,71861700,14.170000076293945,14.079999923706055,10.382139205932617,CSCO
3266,30-01-2003,13.829999923706055,14.25,68226500,14.359999656677244,13.869999885559082,10.22729206085205,CSCO
3267,31-01-2003,13.15999984741211,13.5600004196167,103330200,13.739999771118164,13.369999885559082,9.85861110687256,CSCO
3268,03-02-2003,13.380000114440918,13.520000457763672,65976600,13.800000190734865,13.479999542236328,9.939716339111328,CSCO
3269,04-02-2003,12.869999885559082,13.239999771118164,110586200,13.239999771118164,13.199999809265135,9.733254432678224,CSCO
3270,05-02-2003,13.100000381469727,13.3100004196167,115080200,13.600000381469727,13.199999809265135,9.733254432678224,CSCO
3271,06-02-2003,13.06999969482422,13.109999656677244,58738900,13.40999984741211,13.239999771118164,9.76274585723877,CSCO
3272,07-02-2003,12.65999984741211,13.34000015258789,69851700,13.4399995803833,12.850000381469727,9.475174903869627,CSCO
3273,10-02-2003,12.779999732971193,12.920000076293945,55955700,13.239999771118164,13.149999618530273,9.69638729095459,CSCO
3274,11-02-2003,13.260000228881836,13.31999969482422,71241800,13.600000381469727,13.470000267028807,9.93234157562256,CSCO
3275,12-02-2003,13.1899995803833,13.4399995803833,58732000,13.649999618530273,13.199999809265135,9.733254432678224,CSCO
3276,13-02-2003,13.100000381469727,13.210000038146973,51646500,13.399999618530273,13.3100004196167,9.814366340637207,CSCO
3277,14-02-2003,13.270000457763672,13.390000343322756,57732400,13.699999809265135,13.68000030517578,10.08718967437744,CSCO
3278,18-02-2003,13.829999923706055,13.93000030517578,56753300,14.390000343322756,14.3100004196167,10.551732063293457,CSCO
3279,19-02-2003,14.210000038146973,14.239999771118164,51678800,14.460000038146973,14.420000076293945,10.632842063903807,CSCO
3280,20-02-2003,14.199999809265135,14.479999542236328,61669800,14.550000190734865,14.260000228881836,10.514866828918457,CSCO
3281,21-02-2003,14.130000114440918,14.229999542236328,56243400,14.699999809265135,14.670000076293945,10.817184448242188,CSCO
3282,24-02-2003,14.31999969482422,14.539999961853027,55865600,14.779999732971193,14.420000076293945,10.632842063903807,CSCO
3283,25-02-2003,13.670000076293945,13.949999809265135,82039800,14.15999984741211,14.079999923706055,10.382139205932617,CSCO
3284,26-02-2003,13.489999771118164,14.050000190734865,77094000,14.100000381469727,13.510000228881836,9.961837768554688,CSCO
3285,27-02-2003,13.579999923706055,13.640000343322756,61466400,13.970000267028807,13.75,10.13880443572998,CSCO
3286,28-02-2003,13.75,13.760000228881836,57993200,14.09000015258789,13.979999542236328,10.30840015411377,CSCO
3287,03-03-2003,13.600000381469727,14.15999984741211,63539600,14.289999961853027,13.720000267028807,10.116683959960938,CSCO
3288,04-03-2003,13.56999969482422,13.710000038146973,38787400,13.8100004196167,13.630000114440918,10.050322532653807,CSCO
3289,05-03-2003,13.609999656677244,13.6899995803833,53969100,13.84000015258789,13.739999771118164,10.13143253326416,CSCO
3290,06-03-2003,13.380000114440918,13.449999809265135,58081600,13.59000015258789,13.479999542236328,9.939716339111328,CSCO
3291,07-03-2003,13.050000190734865,13.149999618530273,89592800,13.260000228881836,13.239999771118164,9.76274585723877,CSCO
3292,10-03-2003,12.970000267028807,13.149999618530273,47938900,13.1899995803833,13.010000228881836,9.593154907226562,CSCO
3293,11-03-2003,12.93000030517578,13.039999961853027,65703400,13.229999542236328,13.020000457763672,9.600528717041016,CSCO
3294,12-03-2003,12.329999923706055,12.869999885559082,121329600,12.989999771118164,12.6899995803833,9.357196807861328,CSCO
3295,13-03-2003,12.729999542236328,12.979999542236328,92368100,13.460000038146973,13.420000076293945,9.895474433898926,CSCO
3296,14-03-2003,13.239999771118164,13.56999969482422,76184900,13.800000190734865,13.399999618530273,9.88072395324707,CSCO
3297,17-03-2003,13.100000381469727,13.210000038146973,87513600,14.210000038146973,14.130000114440918,10.419002532958984,CSCO
3298,18-03-2003,13.93000030517578,14.210000038146973,64714100,14.229999542236328,14.199999809265135,10.470622062683104,CSCO
3299,19-03-2003,14.06999969482422,14.3100004196167,68112700,14.489999771118164,14.220000267028807,10.485368728637695,CSCO
3300,20-03-2003,13.8100004196167,13.970000267028807,82711300,14.1899995803833,14.039999961853027,10.352642059326172,CSCO
3301,21-03-2003,13.84000015258789,14.270000457763672,112479400,14.40999984741211,13.899999618530273,10.249412536621094,CSCO
3302,24-03-2003,13.5,13.539999961853027,62278100,13.710000038146973,13.510000228881836,9.961837768554688,CSCO
3303,25-03-2003,13.390000343322756,13.5,56643600,13.850000381469727,13.720000267028807,10.116683959960938,CSCO
3304,26-03-2003,13.56999969482422,13.699999809265135,48058100,13.850000381469727,13.65999984741211,10.072444915771484,CSCO
3305,27-03-2003,13.449999809265135,13.579999923706055,50736700,13.6899995803833,13.5,9.95446491241455,CSCO
3306,28-03-2003,13.170000076293945,13.40999984741211,46659800,13.550000190734865,13.220000267028807,9.748003959655762,CSCO
3307,31-03-2003,12.859999656677244,13.020000457763672,66180200,13.149999618530273,12.979999542236328,9.571033477783203,CSCO
3308,01-04-2003,12.800000190734865,13.039999961853027,78283300,13.109999656677244,12.979999542236328,9.571033477783203,CSCO
3309,02-04-2003,13.260000228881836,13.369999885559082,67337000,13.770000457763672,13.640000343322756,10.057696342468262,CSCO
3310,03-04-2003,13.550000190734865,13.890000343322756,57730000,13.899999618530273,13.640000343322756,10.057696342468262,CSCO
3311,04-04-2003,13.510000228881836,13.859999656677244,51357100,13.890000343322756,13.710000038146973,10.109308242797852,CSCO
3312,07-04-2003,13.5600004196167,14.329999923706055,61510800,14.380000114440918,13.56999969482422,10.006077766418457,CSCO
3313,08-04-2003,13.31999969482422,13.68000030517578,46422700,13.720000267028807,13.43000030517578,9.902851104736328,CSCO
3314,09-04-2003,13.039999961853027,13.4399995803833,63171900,13.619999885559082,13.039999961853027,9.615277290344238,CSCO
3315,10-04-2003,12.829999923706055,13.09000015258789,49099500,13.109999656677244,13.039999961853027,9.615277290344238,CSCO
3316,11-04-2003,12.899999618530273,13.510000228881836,49207900,13.539999961853027,13.210000038146973,9.740629196166992,CSCO
3317,14-04-2003,13.149999618530273,13.239999771118164,50958900,13.510000228881836,13.470000267028807,9.93234157562256,CSCO
3318,15-04-2003,13.199999809265135,13.449999809265135,44733500,13.880000114440918,13.34000015258789,9.836484909057617,CSCO
3319,16-04-2003,13.4399995803833,13.640000343322756,59430300,13.880000114440918,13.5600004196167,9.998706817626953,CSCO
3320,17-04-2003,13.5,13.520000457763672,55918100,13.979999542236328,13.949999809265135,10.28628158569336,CSCO
3321,21-04-2003,13.6899995803833,13.960000038146973,45501000,14.010000228881836,13.9399995803833,10.278909683227539,CSCO
3322,22-04-2003,13.800000190734865,13.869999885559082,62303100,14.390000343322756,14.31999969482422,10.559104919433594,CSCO
3323,23-04-2003,14.140000343322756,14.369999885559082,58465600,14.56999969482422,14.329999923706055,10.566481590270996,CSCO
3324,24-04-2003,14.100000381469727,14.25,59708700,14.630000114440918,14.350000381469727,10.58122444152832,CSCO
3325,25-04-2003,14.149999618530273,14.460000038146973,68749200,14.670000076293945,14.34000015258789,10.5738525390625,CSCO
3326,28-04-2003,14.399999618530273,14.4399995803833,79292000,15.140000343322756,14.979999542236328,11.045766830444336,CSCO
3327,29-04-2003,14.850000381469727,15.130000114440918,77559500,15.699999809265135,15.140000343322756,11.16374969482422,CSCO
3328,30-04-2003,14.9399995803833,15.1899995803833,64638700,15.220000267028807,15.0,11.06051540374756,CSCO
3329,01-05-2003,14.9399995803833,15.039999961853027,42779000,15.210000038146973,15.119999885559082,11.148998260498047,CSCO
3330,02-05-2003,15.020000457763672,15.100000381469727,51035000,15.43000030517578,15.270000457763672,11.259604454040527,CSCO
3331,05-05-2003,15.359999656677244,15.56999969482422,65171500,15.760000228881836,15.380000114440918,11.340713500976562,CSCO
3332,06-05-2003,15.449999809265135,15.5,102755600,15.979999542236328,15.899999618530273,11.724148750305176,CSCO
3333,07-05-2003,15.420000076293945,15.579999923706055,103172800,15.899999618530273,15.5,11.42920207977295,CSCO
3334,08-05-2003,15.119999885559082,15.15999984741211,52584100,15.489999771118164,15.220000267028807,11.222740173339844,CSCO
3335,09-05-2003,15.449999809265135,15.449999809265135,72262000,15.970000267028807,15.949999809265135,11.761013984680176,CSCO
3336,12-05-2003,16.290000915527347,16.329999923706055,97288900,16.790000915527347,16.670000076293945,12.291921615600586,CSCO
3337,13-05-2003,16.260000228881836,16.270000457763672,63641600,16.670000076293945,16.469999313354492,12.144447326660154,CSCO
3338,14-05-2003,16.280000686645508,16.709999084472653,54299800,16.729999542236328,16.420000076293945,12.10757827758789,CSCO
3339,15-05-2003,16.450000762939453,16.5,55206400,16.770000457763672,16.75,12.350911140441895,CSCO
3340,16-05-2003,16.469999313354492,16.75,42361700,16.770000457763672,16.629999160766598,12.262422561645508,CSCO
3341,19-05-2003,15.90999984741211,16.430000305175778,52364300,16.5,15.9399995803833,11.753641128540039,CSCO
3342,20-05-2003,15.890000343322756,16.110000610351562,59535300,16.350000381469727,15.989999771118164,11.790509223937988,CSCO
3343,21-05-2003,15.460000038146973,15.770000457763672,57340100,15.84000015258789,15.699999809265135,11.576675415039062,CSCO
3344,22-05-2003,15.649999618530273,15.800000190734865,53064400,16.030000686645508,15.920000076293945,11.738893508911133,CSCO
3345,23-05-2003,15.670000076293945,15.90999984741211,37246400,15.93000030517578,15.6899995803833,11.56929874420166,CSCO
3346,27-05-2003,15.5,15.5600004196167,55332900,16.219999313354492,16.149999618530273,11.908490180969238,CSCO
3347,28-05-2003,16.15999984741211,16.399999618530273,52478800,16.530000686645508,16.280000686645508,12.00434684753418,CSCO
3348,29-05-2003,16.239999771118164,16.379999160766598,96486400,17.200000762939453,16.620000839233402,12.25505256652832,CSCO
3349,30-05-2003,16.270000457763672,16.799999237060547,67567500,16.860000610351562,16.40999984741211,12.10020351409912,CSCO
3350,02-06-2003,16.600000381469727,16.989999771118164,76219800,17.200000762939453,16.799999237060547,12.387776374816895,CSCO
3351,03-06-2003,16.819999694824222,16.889999389648438,59187800,17.149999618530273,17.010000228881836,12.542622566223145,CSCO
3352,04-06-2003,16.979999542236328,17.09000015258789,69641600,17.510000228881836,17.370000839233402,12.808076858520508,CSCO
3353,05-06-2003,17.110000610351562,17.239999771118164,52535900,17.420000076293945,17.370000839233402,12.808076858520508,CSCO
3354,06-06-2003,17.34000015258789,17.959999084472656,77286700,18.200000762939453,17.360000610351562,12.80070686340332,CSCO
3355,09-06-2003,17.079999923706055,17.200000762939453,51020800,17.690000534057614,17.229999542236328,12.704845428466795,CSCO
3356,10-06-2003,17.239999771118164,17.360000610351562,45810800,17.5,17.399999618530273,12.8302001953125,CSCO
3357,11-06-2003,17.239999771118164,17.329999923706055,51445400,17.700000762939453,17.600000381469727,12.977673530578613,CSCO
3358,12-06-2003,17.579999923706055,17.719999313354492,50701900,17.899999618530273,17.780000686645508,13.110398292541506,CSCO
3359,13-06-2003,17.280000686645508,17.790000915527344,48705100,17.899999618530273,17.40999984741211,12.837570190429688,CSCO
3360,16-06-2003,17.440000534057614,17.469999313354492,52161700,18.0,17.979999542236328,13.257871627807615,CSCO
3361,17-06-2003,17.950000762939453,18.100000381469727,59257700,18.200000762939453,17.979999542236328,13.257871627807615,CSCO
3362,18-06-2003,17.969999313354492,18.010000228881836,68132300,18.770000457763672,18.729999542236328,13.810897827148438,CSCO
3363,19-06-2003,18.489999771118164,18.700000762939453,84495000,19.100000381469727,18.559999465942386,13.685544967651367,CSCO
3364,20-06-2003,17.860000610351562,18.549999237060547,87622000,18.770000457763672,17.93000030517578,13.221004486083984,CSCO
3365,23-06-2003,17.100000381469727,17.93000030517578,68731000,17.950000762939453,17.239999771118164,12.7122220993042,CSCO
3366,24-06-2003,16.610000610351562,16.969999313354492,79578400,17.379999160766598,16.75,12.350911140441895,CSCO
3367,25-06-2003,16.75,16.950000762939453,60166000,17.299999237060547,16.870000839233402,12.439390182495115,CSCO
3368,26-06-2003,16.899999618530273,17.049999237060547,50488900,17.290000915527347,17.129999160766598,12.631107330322266,CSCO
3369,27-06-2003,16.860000610351562,17.149999618530273,50579400,17.479999542236328,16.889999389648438,12.45413875579834,CSCO
3370,30-06-2003,16.520000457763672,17.079999923706055,46270100,17.219999313354492,16.790000915527347,12.38040828704834,CSCO
3371,01-07-2003,16.569999694824222,16.760000228881836,58274700,17.299999237060547,17.239999771118164,12.7122220993042,CSCO
3372,02-07-2003,17.379999160766598,17.479999542236328,52691800,17.950000762939453,17.860000610351562,13.169390678405762,CSCO
3373,03-07-2003,17.450000762939453,17.670000076293945,29587300,17.8799991607666,17.520000457763672,12.91868495941162,CSCO
3374,07-07-2003,17.809999465942386,17.899999618530273,52582100,18.25,18.21999931335449,13.43483829498291,CSCO
3375,08-07-2003,18.13999938964844,18.190000534057614,57648200,18.790000915527344,18.729999542236328,13.810897827148438,CSCO
3376,09-07-2003,18.75,18.979999542236328,105099300,19.549999237060547,18.799999237060547,13.862509727478027,CSCO
3377,10-07-2003,18.190000534057614,18.520000457763672,60839500,18.979999542236328,18.309999465942386,13.50120449066162,CSCO
3378,11-07-2003,18.32999992370605,18.3799991607666,45129300,18.76000022888184,18.56999969482422,13.692914009094238,CSCO
3379,14-07-2003,18.440000534057614,19.049999237060547,55929300,19.209999084472656,18.61000061035156,13.722411155700685,CSCO
3380,15-07-2003,18.299999237060547,18.940000534057614,53053200,18.989999771118164,18.51000022888184,13.648677825927734,CSCO
3381,16-07-2003,18.059999465942386,18.75,45848700,18.75,18.229999542236328,13.442215919494627,CSCO
3382,17-07-2003,17.549999237060547,17.989999771118164,51602600,18.1200008392334,17.760000228881836,13.095648765563965,CSCO
3383,18-07-2003,17.670000076293945,18.11000061035156,42997600,18.200000762939453,17.889999389648438,13.191505432128904,CSCO
3384,21-07-2003,17.549999237060547,18.030000686645508,48856700,18.030000686645508,17.93000030517578,13.221004486083984,CSCO
3385,22-07-2003,18.09000015258789,18.1299991607666,71232200,18.700000762939453,18.670000076293945,13.766654014587402,CSCO
3386,23-07-2003,18.36000061035156,18.76000022888184,59967500,18.899999618530273,18.8799991607666,13.921504020690918,CSCO
3387,24-07-2003,18.5,19.020000457763672,56421000,19.200000762939453,18.57999992370605,13.70029354095459,CSCO
3388,25-07-2003,18.200000762939453,18.68000030517578,44919800,19.100000381469727,19.07999992370605,14.068974494934082,CSCO
3389,28-07-2003,18.979999542236328,19.209999084472656,49655500,19.25,19.07999992370605,14.068974494934082,CSCO
3390,29-07-2003,18.709999084472656,19.13999938964844,58491400,19.31999969482422,19.15999984741211,14.127964973449707,CSCO
3391,30-07-2003,19.07999992370605,19.200000762939453,43502500,19.479999542236328,19.280000686645508,14.216451644897461,CSCO
3392,31-07-2003,19.399999618530273,19.46999931335449,71706500,19.809999465942386,19.489999771118164,14.371297836303713,CSCO
3393,01-08-2003,19.059999465942386,19.420000076293945,49436400,19.51000022888184,19.149999618530273,14.120597839355467,CSCO
3394,04-08-2003,19.0,19.31999969482422,75402200,19.350000381469727,19.26000022888184,14.201706886291506,CSCO
3395,05-08-2003,18.600000381469727,19.239999771118164,87450900,19.32999992370605,18.86000061035156,13.906753540039062,CSCO
3396,06-08-2003,17.530000686645508,17.920000076293945,127298100,18.040000915527344,17.649999618530273,13.014541625976562,CSCO
3397,07-08-2003,17.420000076293945,17.65999984741211,54925900,17.760000228881836,17.530000686645508,12.926054000854492,CSCO
3398,08-08-2003,17.549999237060547,17.670000076293945,36852800,17.770000457763672,17.579999923706055,12.96292495727539,CSCO
3399,11-08-2003,17.549999237060547,17.610000610351562,35669100,17.780000686645508,17.709999084472656,13.058783531188965,CSCO
3400,12-08-2003,17.549999237060547,17.760000228881836,42866600,17.84000015258789,17.829999923706055,13.147265434265135,CSCO
3401,13-08-2003,17.430000305175778,17.940000534057614,56370800,17.989999771118164,17.59000015258789,12.970296859741213,CSCO
3402,14-08-2003,17.520000457763672,17.59000015258789,41729400,17.8799991607666,17.799999237060547,13.125144004821776,CSCO
3403,15-08-2003,17.6299991607666,17.739999771118164,19375400,17.8799991607666,17.790000915527344,13.11777400970459,CSCO
3404,18-08-2003,17.860000610351562,17.899999618530273,45909000,18.350000381469727,18.270000457763672,13.471709251403807,CSCO
3405,19-08-2003,18.32999992370605,18.440000534057614,44710000,18.6299991607666,18.549999237060547,13.678170204162598,CSCO
3406,20-08-2003,18.32999992370605,18.3799991607666,47404600,18.920000076293945,18.56999969482422,13.692914009094238,CSCO
3407,21-08-2003,18.65999984741211,18.8799991607666,45931900,19.0,18.8700008392334,13.914134979248047,CSCO
3408,22-08-2003,18.76000022888184,19.229999542236328,53969900,19.299999237060547,18.790000915527344,13.855138778686525,CSCO
3409,25-08-2003,18.56999969482422,18.690000534057614,37226200,19.01000022888184,18.979999542236328,13.995240211486815,CSCO
3410,26-08-2003,18.770000457763672,18.88999938964844,56873000,19.18000030517578,19.100000381469727,14.083720207214355,CSCO
3411,27-08-2003,18.96999931335449,19.149999618530273,34604200,19.21999931335449,19.01000022888184,14.017362594604492,CSCO
3412,28-08-2003,19.01000022888184,19.239999771118164,36831300,19.270000457763672,19.190000534057614,14.150089263916016,CSCO
3413,29-08-2003,19.06999969482422,19.100000381469727,30008800,19.3700008392334,19.13999938964844,14.113215446472168,CSCO
3414,02-09-2003,19.18000030517578,19.31999969482422,51500100,19.65999984741211,19.59000015258789,14.445035934448242,CSCO
3415,03-09-2003,19.8799991607666,20.030000686645508,111248100,20.56999969482422,20.239999771118164,14.924321174621582,CSCO
3416,04-09-2003,20.46999931335449,20.489999771118164,65552800,20.850000381469727,20.59000015258789,15.182400703430176,CSCO
3417,05-09-2003,20.270000457763672,20.3799991607666,57015200,20.729999542236328,20.420000076293945,15.057045936584473,CSCO
3418,08-09-2003,20.5,20.540000915527344,45159500,20.920000076293945,20.86000061035156,15.381489753723145,CSCO
3419,09-09-2003,20.670000076293945,20.93000030517578,64965100,21.049999237060547,20.780000686645508,15.322504043579102,CSCO
3420,10-09-2003,20.420000076293945,20.6299991607666,57323600,20.950000762939453,20.459999084472656,15.086538314819336,CSCO
3421,11-09-2003,20.21999931335449,20.479999542236328,56578800,20.809999465942386,20.709999084472656,15.270888328552244,CSCO
3422,12-09-2003,20.350000381469727,20.65999984741211,49716800,20.809999465942386,20.65999984741211,15.234015464782715,CSCO
3423,15-09-2003,20.36000061035156,20.71999931335449,35947300,20.729999542236328,20.38999938964844,15.03492259979248,CSCO
3424,16-09-2003,20.309999465942386,20.420000076293945,67877700,21.420000076293945,21.290000915527344,15.698563575744627,CSCO
3425,17-09-2003,20.90999984741211,21.26000022888184,51082200,21.38999938964844,21.13999938964844,15.58795166015625,CSCO
3426,18-09-2003,20.950000762939453,21.1200008392334,45000500,21.450000762939453,21.420000076293945,15.794419288635256,CSCO
3427,19-09-2003,21.0,21.459999084472656,45582300,21.559999465942386,21.020000457763672,15.499472618103027,CSCO
3428,22-09-2003,20.600000381469727,20.6200008392334,43277400,20.86000061035156,20.780000686645508,15.322504043579102,CSCO
3429,23-09-2003,20.75,20.76000022888184,42942300,21.21999931335449,21.149999618530273,15.595329284667967,CSCO
3430,24-09-2003,20.200000762939453,21.399999618530273,79483300,21.479999542236328,20.31999969482422,14.98331069946289,CSCO
3431,25-09-2003,19.940000534057614,20.270000457763672,75988800,20.489999771118164,20.059999465942386,14.79159450531006,CSCO
3432,26-09-2003,19.950000762939453,20.0,53048000,20.440000534057614,19.959999084472656,14.717863082885742,CSCO
3433,29-09-2003,20.020000457763672,20.100000381469727,46655100,20.280000686645508,20.200000762939453,14.894830703735352,CSCO
3434,30-09-2003,19.299999237060547,20.059999465942386,64659700,20.1299991607666,19.59000015258789,14.445035934448242,CSCO
3435,01-10-2003,19.68000030517578,19.68000030517578,52225000,20.26000022888184,20.200000762939453,14.894830703735352,CSCO
3436,02-10-2003,19.75,20.239999771118164,51899500,20.299999237060547,19.989999771118164,14.739983558654785,CSCO
3437,03-10-2003,20.270000457763672,20.450000762939453,60069700,21.020000457763672,20.76000022888184,15.307750701904295,CSCO
3438,06-10-2003,20.190000534057614,20.8700008392334,24923600,20.989999771118164,20.799999237060547,15.33724594116211,CSCO
3439,07-10-2003,20.450000762939453,20.61000061035156,42996400,21.01000022888184,21.0,15.484720230102539,CSCO
3440,08-10-2003,20.690000534057614,21.049999237060547,35680500,21.1299991607666,20.790000915527344,15.329876899719238,CSCO
3441,09-10-2003,20.709999084472656,21.07999992370605,53862200,21.38999938964844,20.950000762939453,15.447851181030273,CSCO
3442,10-10-2003,20.709999084472656,21.030000686645508,38793300,21.209999084472656,20.790000915527344,15.329876899719238,CSCO
3443,13-10-2003,20.86000061035156,21.030000686645508,36969900,21.09000015258789,21.0,15.484720230102539,CSCO
3444,14-10-2003,20.75,20.84000015258789,30248000,21.18000030517578,21.13999938964844,15.58795166015625,CSCO
3445,15-10-2003,20.920000076293945,21.3700008392334,40761500,21.420000076293945,21.020000457763672,15.499472618103027,CSCO
3446,16-10-2003,20.780000686645508,20.93000030517578,35934800,21.100000381469727,21.040000915527344,15.514217376708984,CSCO
3447,17-10-2003,20.6299991607666,21.01000022888184,35416300,21.030000686645508,20.63999938964844,15.219273567199707,CSCO
3448,20-10-2003,20.75,20.75,31664100,21.1299991607666,21.07999992370605,15.543709754943848,CSCO
3449,21-10-2003,20.899999618530273,21.239999771118164,35152900,21.239999771118164,21.11000061035156,15.56583023071289,CSCO
3450,22-10-2003,20.600000381469727,20.8700008392334,29864600,21.01000022888184,20.6299991607666,15.211894035339355,CSCO
3451,23-10-2003,20.020000457763672,20.049999237060547,50188600,20.3700008392334,20.15999984741211,14.865337371826172,CSCO
3452,24-10-2003,19.239999771118164,20.049999237060547,63894200,20.100000381469727,19.799999237060547,14.59987735748291,CSCO
3453,27-10-2003,19.809999465942386,19.86000061035156,37862700,20.209999084472656,19.93000030517578,14.695740699768065,CSCO
3454,28-10-2003,20.06999969482422,20.09000015258789,48905600,20.93000030517578,20.899999618530273,15.410982131958008,CSCO
3455,29-10-2003,20.63999938964844,20.88999938964844,37626200,20.940000534057614,20.81999969482422,15.351985931396484,CSCO
3456,30-10-2003,20.709999084472656,21.07999992370605,42331800,21.1299991607666,20.86000061035156,15.381489753723145,CSCO
3457,31-10-2003,20.82999992370605,20.979999542236328,38105900,21.1200008392334,20.93000030517578,15.43310546875,CSCO
3458,03-11-2003,21.18000030517578,21.18000030517578,60013500,21.770000457763672,21.709999084472656,16.008251190185547,CSCO
3459,04-11-2003,21.399999618530273,21.850000381469727,50027800,21.850000381469727,21.57999992370605,15.912398338317873,CSCO
3460,05-11-2003,21.350000381469727,21.6200008392334,83930200,23.059999465942386,21.799999237060547,16.074615478515625,CSCO
3461,06-11-2003,22.61000061035156,22.959999084472656,116611100,23.13999938964844,22.899999618530273,16.885723114013672,CSCO
3462,07-11-2003,22.229999542236328,22.90999984741211,61683600,23.020000457763672,22.34000015258789,16.472793579101562,CSCO
3463,10-11-2003,22.100000381469727,22.36000061035156,45426700,22.670000076293945,22.190000534057614,16.362192153930664,CSCO
3464,11-11-2003,22.049999237060547,22.149999618530273,39155500,22.450000762939453,22.350000381469727,16.480169296264652,CSCO
3465,12-11-2003,22.3700008392334,22.40999984741211,39368700,23.0,22.96999931335449,16.93733787536621,CSCO
3466,13-11-2003,22.0,22.65999984741211,48079500,22.75,22.70000076293945,16.738248825073242,CSCO
3467,14-11-2003,22.21999931335449,22.71999931335449,47384400,22.989999771118164,22.26000022888184,16.413814544677734,CSCO
3468,17-11-2003,21.799999237060547,22.0,39254300,22.15999984741211,22.049999237060547,16.25895881652832,CSCO
3469,18-11-2003,21.690000534057614,22.25,45390100,22.399999618530273,21.729999542236328,16.02299690246582,CSCO
3470,19-11-2003,21.600000381469727,21.700000762939453,35350100,22.170000076293945,22.049999237060547,16.25895881652832,CSCO
3471,20-11-2003,21.770000457763672,21.899999618530273,43726800,22.3700008392334,21.940000534057614,16.177852630615234,CSCO
3472,21-11-2003,21.549999237060547,22.1200008392334,37072700,22.280000686645508,22.170000076293945,16.347448348999027,CSCO
3473,24-11-2003,22.36000061035156,22.3799991607666,38693000,22.979999542236328,22.79999923706055,16.81197738647461,CSCO
3474,25-11-2003,22.60000038146973,22.86000061035156,37852900,22.95000076293945,22.6200008392334,16.679258346557614,CSCO
3475,26-11-2003,22.43000030517578,22.809999465942386,29278500,22.8700008392334,22.809999465942386,16.81936264038086,CSCO
3476,28-11-2003,22.61000061035156,22.709999084472656,13572800,22.86000061035156,22.70000076293945,16.738248825073242,CSCO
3477,01-12-2003,22.82999992370605,22.920000076293945,51925600,23.25,23.18000030517578,17.092185974121097,CSCO
3478,02-12-2003,23.059999465942386,23.11000061035156,38504900,23.239999771118164,23.11000061035156,17.040565490722653,CSCO
3479,03-12-2003,23.1299991607666,23.21999931335449,66001400,23.79999923706055,23.29999923706055,17.180669784545902,CSCO
3480,04-12-2003,23.68000030517578,23.71999931335449,70632500,24.11000061035156,23.979999542236328,17.68208122253418,CSCO
3481,05-12-2003,23.6200008392334,23.79999923706055,42335500,23.85000038146973,23.75,17.51247787475586,CSCO
3482,08-12-2003,23.690000534057614,23.70000076293945,39845800,24.3700008392334,24.290000915527344,17.910667419433594,CSCO
3483,09-12-2003,22.959999084472656,24.3700008392334,67079200,24.45000076293945,23.229999542236328,17.12904930114746,CSCO
3484,10-12-2003,23.26000022888184,23.399999618530273,64492100,23.8700008392334,23.78000068664551,17.534601211547848,CSCO
3485,11-12-2003,23.45000076293945,23.690000534057614,51500700,23.989999771118164,23.93000030517578,17.64521026611328,CSCO
3486,12-12-2003,23.59000015258789,23.8799991607666,38349800,24.10000038146973,24.09000015258789,17.76319122314453,CSCO
3487,15-12-2003,23.88999938964844,24.540000915527344,55187900,24.60000038146973,23.979999542236328,17.68208122253418,CSCO
3488,16-12-2003,23.61000061035156,23.76000022888184,43183900,24.229999542236328,23.770000457763672,17.527233123779293,CSCO
3489,17-12-2003,23.36000061035156,23.78000068664551,43194700,23.93000030517578,23.489999771118164,17.320770263671875,CSCO
3490,18-12-2003,23.520000457763672,23.520000457763672,51439900,24.239999771118164,24.170000076293945,17.82218360900879,CSCO
3491,19-12-2003,23.70000076293945,24.229999542236328,61620400,24.25,23.790000915527344,17.541980743408207,CSCO
3492,22-12-2003,23.79999923706055,23.8799991607666,27160100,24.04999923706055,23.979999542236328,17.68208122253418,CSCO
3493,23-12-2003,23.729999542236328,23.899999618530273,28410600,24.01000022888184,23.940000534057614,17.652585983276367,CSCO
3494,24-12-2003,23.81999969482422,23.88999938964844,10683900,23.979999542236328,23.8700008392334,17.600967407226562,CSCO
3495,26-12-2003,23.75,23.82999992370605,7099200,23.96999931335449,23.75,17.51247787475586,CSCO
3496,29-12-2003,23.739999771118164,23.78000068664551,31670500,24.479999542236328,24.399999618530273,17.991771697998047,CSCO
3497,30-12-2003,24.01000022888184,24.309999465942386,28734500,24.440000534057614,24.1200008392334,17.785310745239258,CSCO
3498,31-12-2003,23.989999771118164,24.170000076293945,30388600,24.309999465942386,24.229999542236328,17.866416931152344,CSCO
3499,02-01-2004,24.15999984741211,24.36000061035156,29955800,24.53000068664551,24.25,17.88117218017578,CSCO
3500,05-01-2004,24.3799991607666,24.399999618530273,38892100,24.84000015258789,24.770000457763672,18.264598846435547,CSCO
3501,06-01-2004,24.75,24.82999992370605,43684400,25.10000038146973,25.059999465942386,18.47843170166016,CSCO
3502,07-01-2004,24.85000038146973,25.170000076293945,48757500,25.729999542236328,25.559999465942386,18.847118377685547,CSCO
3503,08-01-2004,25.479999542236328,25.84000015258789,61683300,26.54999923706055,26.34000015258789,19.422266006469727,CSCO
3504,09-01-2004,25.95000076293945,25.979999542236328,68856400,27.20000076293945,26.479999542236328,19.52549171447754,CSCO
3505,12-01-2004,26.29999923706055,26.57999992370605,52871900,27.149999618530273,27.03000068664551,19.93105125427246,CSCO
3506,13-01-2004,26.459999084472656,27.06999969482422,56334200,27.25,26.88999938964844,19.827823638916016,CSCO
3507,14-01-2004,26.84000015258789,27.020000457763672,42293600,27.489999771118164,27.399999618530273,20.203880310058594,CSCO
3508,15-01-2004,27.0,27.35000038146973,46099400,27.51000022888184,27.15999984741211,20.026905059814453,CSCO
3509,16-01-2004,27.790000915527344,27.899999618530273,91298000,29.36000061035156,29.1299991607666,21.47951889038086,CSCO
3510,20-01-2004,28.459999084472656,29.35000038146973,62278500,29.38999938964844,28.86000061035156,21.28043556213379,CSCO
3511,21-01-2004,28.190000534057614,28.520000457763672,54015600,28.8799991607666,28.60000038146973,21.088716506958008,CSCO
3512,22-01-2004,27.90999984741211,28.540000915527344,43462000,28.559999465942386,28.21999931335449,20.808513641357425,CSCO
3513,23-01-2004,27.04999923706055,28.13999938964844,59640900,28.34000015258789,27.32999992370605,20.152257919311523,CSCO
3514,26-01-2004,27.190000534057614,27.38999938964844,42986700,28.29999923706055,28.20000076293945,20.79376983642578,CSCO
3515,27-01-2004,26.65999984741211,28.25,49345900,28.5,27.5,20.27760887145996,CSCO
3516,28-01-2004,26.65999984741211,27.84000015258789,49445200,27.8799991607666,26.78000068664551,19.746713638305664,CSCO
3517,29-01-2004,25.65999984741211,27.059999465942386,86860700,27.06999969482422,25.959999084472656,19.142066955566406,CSCO
3518,30-01-2004,25.399999618530273,26.3700008392334,71799500,26.45000076293945,25.709999084472656,18.95772361755371,CSCO
3519,02-02-2004,25.63999938964844,26.11000061035156,81642800,26.70000076293945,26.20000076293945,19.31903076171875,CSCO
3520,03-02-2004,26.020000457763672,26.3799991607666,81729600,26.6299991607666,26.40999984741211,19.4738826751709,CSCO
3521,04-02-2004,24.01000022888184,24.899999618530273,190549000,25.0,24.07999992370605,17.75581932067871,CSCO
3522,05-02-2004,23.649999618530273,24.399999618530273,103966000,24.5,23.81999969482422,17.564096450805664,CSCO
3523,06-02-2004,23.989999771118164,24.04999923706055,74134700,24.76000022888184,24.739999771118164,18.242477416992188,CSCO
3524,09-02-2004,24.60000038146973,24.85000038146973,52703900,25.04999923706055,24.670000076293945,18.190860748291016,CSCO
3525,10-02-2004,24.57999992370605,24.6200008392334,39742500,24.88999938964844,24.78000068664551,18.27197265625,CSCO
3526,11-02-2004,24.09000015258789,24.82999992370605,87763700,24.85000038146973,24.239999771118164,17.873796463012695,CSCO
3527,12-02-2004,23.899999618530273,24.190000534057614,48597500,24.35000038146973,24.04999923706055,17.73369789123535,CSCO
3528,13-02-2004,23.940000534057614,24.229999542236328,43363800,24.45000076293945,24.059999465942386,17.741069793701172,CSCO
3529,17-02-2004,24.1200008392334,24.459999084472656,37359700,24.479999542236328,24.25,17.88117218017578,CSCO
3530,18-02-2004,24.06999969482422,24.3700008392334,39630200,24.43000030517578,24.09000015258789,17.76319122314453,CSCO
3531,19-02-2004,23.54999923706055,24.229999542236328,55113900,24.32999992370605,23.68000030517578,17.460868835449222,CSCO
3532,20-02-2004,22.82999992370605,23.649999618530273,70349300,23.78000068664551,23.190000534057614,17.09956169128418,CSCO
3533,23-02-2004,22.540000915527344,23.170000076293945,60081300,23.26000022888184,22.75,16.775117874145508,CSCO
3534,24-02-2004,22.200000762939453,22.54999923706055,91782200,23.239999771118164,23.04999923706055,16.99632453918457,CSCO
3535,25-02-2004,23.07999992370605,23.15999984741211,61432900,23.649999618530273,23.57999992370605,17.387130737304688,CSCO
3536,26-02-2004,23.28000068664551,23.51000022888184,49729800,23.899999618530273,23.35000038146973,17.217536926269528,CSCO
3537,27-02-2004,23.059999465942386,23.489999771118164,51031700,23.690000534057614,23.15999984741211,17.077438354492188,CSCO
3538,01-03-2004,23.15999984741211,23.25,36765900,23.60000038146973,23.53000068664551,17.350263595581055,CSCO
3539,02-03-2004,22.96999931335449,23.53000068664551,62706500,23.8700008392334,23.03000068664551,16.981578826904293,CSCO
3540,03-03-2004,22.63999938964844,22.95000076293945,55386900,23.04999923706055,22.70000076293945,16.738248825073242,CSCO
3541,04-03-2004,22.709999084472656,22.71999931335449,45492400,23.239999771118164,23.190000534057614,17.09956169128418,CSCO
3542,05-03-2004,22.75,22.85000038146973,56365600,23.35000038146973,22.88999938964844,16.878345489501953,CSCO
3543,08-03-2004,22.32999992370605,23.10000038146973,62038700,23.229999542236328,22.36000061035156,16.487541198730472,CSCO
3544,09-03-2004,21.940000534057614,22.25,64071900,22.479999542236328,22.1200008392334,16.31057357788086,CSCO
3545,10-03-2004,22.170000076293945,22.299999237060547,80618500,22.649999618530273,22.209999084472656,16.37693214416504,CSCO
3546,11-03-2004,22.040000915527344,22.07999992370605,89673500,22.790000915527344,22.34000015258789,16.472793579101562,CSCO
3547,12-03-2004,22.489999771118164,22.68000030517578,73013300,23.18000030517578,23.1299991607666,17.055313110351562,CSCO
3548,15-03-2004,22.68000030517578,22.959999084472656,68079900,23.290000915527344,22.78000068664551,16.797233581542972,CSCO
3549,16-03-2004,22.81999969482422,23.0,59320900,23.20000076293945,23.1200008392334,17.047937393188473,CSCO
3550,17-03-2004,23.190000534057614,23.36000061035156,52578100,23.6200008392334,23.5,17.328140258789062,CSCO
3551,18-03-2004,23.04999923706055,23.38999938964844,55961200,23.43000030517578,23.170000076293945,17.084806442260742,CSCO
3552,19-03-2004,22.450000762939453,23.13999938964844,70226700,23.18000030517578,22.5,16.59077262878418,CSCO
3553,22-03-2004,22.09000015258789,22.229999542236328,56288400,22.479999542236328,22.350000381469727,16.480169296264652,CSCO
3554,23-03-2004,22.299999237060547,22.68000030517578,58934600,22.86000061035156,22.36000061035156,16.487541198730472,CSCO
3555,24-03-2004,22.309999465942386,22.40999984741211,51709700,22.82999992370605,22.670000076293945,16.716129302978516,CSCO
3556,25-03-2004,22.809999465942386,22.81999969482422,64449300,23.649999618530273,23.57999992370605,17.387130737304688,CSCO
3557,26-03-2004,23.34000015258789,23.59000015258789,48203800,23.790000915527344,23.399999618530273,17.254404067993164,CSCO
3558,29-03-2004,23.649999618530273,23.690000534057614,44442700,23.989999771118164,23.85000038146973,17.586223602294922,CSCO
3559,30-03-2004,23.559999465942386,23.729999542236328,38857600,23.96999931335449,23.93000030517578,17.64521026611328,CSCO
3560,31-03-2004,23.5,23.93000030517578,51583000,23.989999771118164,23.56999969482422,17.379762649536133,CSCO
3561,01-04-2004,23.520000457763672,23.690000534057614,44882300,23.979999542236328,23.739999771118164,17.505111694335938,CSCO
3562,02-04-2004,24.04999923706055,24.15999984741211,54740900,24.45000076293945,24.43000030517578,18.013891220092773,CSCO
3563,05-04-2004,24.28000068664551,24.290000915527344,41326200,24.82999992370605,24.809999465942386,18.29409408569336,CSCO
3564,06-04-2004,24.3799991607666,24.75,38725000,24.81999969482422,24.649999618530273,18.176115036010746,CSCO
3565,07-04-2004,24.10000038146973,24.54999923706055,45047500,24.60000038146973,24.239999771118164,17.873796463012695,CSCO
3566,08-04-2004,24.01000022888184,24.670000076293945,32130200,24.70000076293945,24.149999618530273,17.807432174682614,CSCO
3567,12-04-2004,24.040000915527344,24.21999931335449,24691100,24.32999992370605,24.1299991607666,17.79268455505371,CSCO
3568,13-04-2004,23.59000015258789,24.399999618530273,42040700,24.45000076293945,23.6200008392334,17.416624069213867,CSCO
3569,14-04-2004,23.170000076293945,23.35000038146973,43324300,23.60000038146973,23.26000022888184,17.151180267333984,CSCO
3570,15-04-2004,22.309999465942386,23.18000030517578,74004200,23.3799991607666,22.81999969482422,16.826732635498047,CSCO
3571,16-04-2004,22.190000534057614,22.690000534057614,61589200,22.790000915527344,22.479999542236328,16.576026916503903,CSCO
3572,19-04-2004,22.450000762939453,22.54999923706055,43000200,22.899999618530273,22.86000061035156,16.856225967407227,CSCO
3573,20-04-2004,22.049999237060547,22.920000076293945,62509800,23.18000030517578,22.11000061035156,16.303205490112305,CSCO
3574,21-04-2004,21.799999237060547,22.25,73643700,22.450000762939453,22.3700008392334,16.494916915893555,CSCO
3575,22-04-2004,22.059999465942386,22.149999618530273,72532200,23.34000015258789,23.149999618530273,17.070064544677734,CSCO
3576,23-04-2004,22.8700008392334,23.25,51364700,23.440000534057614,23.31999969482422,17.195419311523438,CSCO
3577,26-04-2004,23.03000068664551,23.38999938964844,40777500,23.540000915527344,23.13999938964844,17.06268310546875,CSCO
3578,27-04-2004,22.8700008392334,23.1200008392334,42022900,23.59000015258789,22.940000534057614,16.915218353271484,CSCO
3579,28-04-2004,22.290000915527344,22.729999542236328,43185300,22.989999771118164,22.3700008392334,16.494916915893555,CSCO
3580,29-04-2004,21.51000022888184,22.40999984741211,58257700,22.54999923706055,21.90999984741211,16.155725479125973,CSCO
3581,30-04-2004,20.81999969482422,21.729999542236328,88594800,21.90999984741211,20.90999984741211,15.418355941772461,CSCO
3582,03-05-2004,20.979999542236328,21.1200008392334,68266800,21.600000381469727,21.1200008392334,15.57320785522461,CSCO
3583,04-05-2004,21.0,21.18000030517578,55848200,21.850000381469727,21.3700008392334,15.757549285888672,CSCO
3584,05-05-2004,21.21999931335449,21.489999771118164,35647000,21.549999237060547,21.26000022888184,15.676433563232422,CSCO
3585,06-05-2004,21.030000686645508,21.030000686645508,62631800,21.690000534057614,21.5,15.853405952453613,CSCO
3586,07-05-2004,21.46999931335449,21.5,64754800,22.1299991607666,21.690000534057614,15.993505477905273,CSCO
3587,10-05-2004,21.25,21.399999618530273,67550100,21.799999237060547,21.6200008392334,15.941889762878418,CSCO
3588,11-05-2004,21.770000457763672,21.86000061035156,92963900,22.31999969482422,22.25,16.40643310546875,CSCO
3589,12-05-2004,21.190000534057614,22.170000076293945,114992800,22.25,21.959999084472656,16.192594528198242,CSCO
3590,13-05-2004,21.51000022888184,21.780000686645508,52726300,21.950000762939453,21.76000022888184,16.045120239257812,CSCO
3591,14-05-2004,21.149999618530273,21.690000534057614,64216800,21.76000022888184,21.239999771118164,15.66168975830078,CSCO
3592,17-05-2004,20.68000030517578,20.76000022888184,67886000,21.690000534057614,20.93000030517578,15.43310546875,CSCO
3593,18-05-2004,20.979999542236328,21.07999992370605,51852700,21.209999084472656,21.0,15.484720230102539,CSCO
3594,19-05-2004,21.270000457763672,21.299999237060547,63533600,21.850000381469727,21.36000061035156,15.750178337097168,CSCO
3595,20-05-2004,21.21999931335449,21.290000915527344,44040200,21.700000762939453,21.520000457763672,15.868154525756836,CSCO
3596,21-05-2004,21.3700008392334,21.68000030517578,37122600,21.739999771118164,21.63999938964844,15.956639289855955,CSCO
3597,24-05-2004,21.540000915527344,21.770000457763672,42606900,21.90999984741211,21.649999618530273,15.964008331298828,CSCO
3598,25-05-2004,21.5,21.56999969482422,56792400,22.32999992370605,22.239999771118164,16.399057388305664,CSCO
3599,26-05-2004,22.049999237060547,22.239999771118164,43833800,22.450000762939453,22.350000381469727,16.480169296264652,CSCO
3600,27-05-2004,22.26000022888184,22.540000915527344,39144700,22.61000061035156,22.540000915527344,16.62027359008789,CSCO
3601,28-05-2004,22.149999618530273,22.60000038146973,36220400,22.61000061035156,22.3700008392334,16.494916915893555,CSCO
3602,01-06-2004,21.920000076293945,22.100000381469727,36548100,22.309999465942386,22.239999771118164,16.399057388305664,CSCO
3603,02-06-2004,22.07999992370605,22.290000915527344,38025400,22.559999465942386,22.40999984741211,16.524412155151367,CSCO
3604,03-06-2004,22.18000030517578,22.290000915527344,38827800,22.6200008392334,22.350000381469727,16.480169296264652,CSCO
3605,04-06-2004,22.76000022888184,22.84000015258789,71924000,23.21999931335449,22.78000068664551,16.797233581542972,CSCO
3606,07-06-2004,22.88999938964844,23.06999969482422,67100900,23.95000076293945,23.88999938964844,17.615713119506836,CSCO
3607,08-06-2004,23.54999923706055,23.559999465942386,49497200,23.84000015258789,23.739999771118164,17.505111694335938,CSCO
3608,09-06-2004,23.46999931335449,23.57999992370605,41189900,23.70000076293945,23.559999465942386,17.372383117675778,CSCO
3609,10-06-2004,23.479999542236328,23.670000076293945,35949900,23.82999992370605,23.81999969482422,17.564096450805664,CSCO
3610,14-06-2004,23.07999992370605,23.53000068664551,44958400,23.65999984741211,23.31999969482422,17.195419311523438,CSCO
3611,15-06-2004,23.43000030517578,23.5,60862600,23.940000534057614,23.63999938964844,17.431371688842773,CSCO
3612,16-06-2004,23.70000076293945,23.76000022888184,44052400,23.96999931335449,23.8799991607666,17.608346939086914,CSCO
3613,17-06-2004,23.190000534057614,23.45000076293945,55167200,23.59000015258789,23.36000061035156,17.224906921386722,CSCO
3614,18-06-2004,23.10000038146973,23.20000076293945,74781900,23.739999771118164,23.420000076293945,17.269149780273438,CSCO
3615,21-06-2004,22.81999969482422,23.559999465942386,48264000,23.6299991607666,22.8700008392334,16.86359977722168,CSCO
3616,22-06-2004,22.770000457763672,22.8799991607666,53290400,23.32999992370605,23.21999931335449,17.121679306030273,CSCO
3617,23-06-2004,23.13999938964844,23.209999084472656,71903000,24.06999969482422,23.96999931335449,17.674707412719727,CSCO
3618,24-06-2004,23.61000061035156,23.79999923706055,53542000,24.20000076293945,23.68000030517578,17.460868835449222,CSCO
3619,25-06-2004,22.959999084472656,23.71999931335449,60594100,23.979999542236328,23.43000030517578,17.276531219482422,CSCO
3620,28-06-2004,23.18000030517578,23.76000022888184,42743600,23.79999923706055,23.29999923706055,17.180669784545902,CSCO
3621,29-06-2004,23.229999542236328,23.28000068664551,44366600,23.81999969482422,23.709999084472656,17.48299217224121,CSCO
3622,30-06-2004,23.5,23.78000068664551,50526900,23.979999542236328,23.70000076293945,17.475614547729492,CSCO
3623,01-07-2004,22.920000076293945,23.649999618530273,54006600,23.68000030517578,23.11000061035156,17.040565490722653,CSCO
3624,02-07-2004,22.709999084472656,23.13999938964844,34622700,23.209999084472656,22.95000076293945,16.922592163085938,CSCO
3625,06-07-2004,22.229999542236328,22.68000030517578,42188900,22.709999084472656,22.3700008392334,16.494916915893555,CSCO
3626,07-07-2004,22.31999969482422,22.40999984741211,42139900,22.739999771118164,22.420000076293945,16.531787872314453,CSCO
3627,08-07-2004,22.100000381469727,22.290000915527344,45325800,22.649999618530273,22.170000076293945,16.347448348999027,CSCO
3628,09-07-2004,22.18000030517578,22.270000457763672,32923300,22.57999992370605,22.36000061035156,16.487541198730472,CSCO
3629,12-07-2004,21.940000534057614,22.15999984741211,35420900,22.299999237060547,22.290000915527344,16.435928344726562,CSCO
3630,13-07-2004,22.11000061035156,22.350000381469727,38472500,22.6200008392334,22.13999938964844,16.325326919555664,CSCO
3631,14-07-2004,22.0,22.299999237060547,51297000,22.53000068664551,22.100000381469727,16.29582405090332,CSCO
3632,15-07-2004,22.06999969482422,22.170000076293945,44642800,22.38999938964844,22.1299991607666,16.317947387695312,CSCO
3633,16-07-2004,21.25,22.38999938964844,53512700,22.40999984741211,21.530000686645508,15.875528335571287,CSCO
3634,19-07-2004,21.059999465942386,21.420000076293945,51550900,21.75,21.36000061035156,15.750178337097168,CSCO
3635,20-07-2004,21.31999969482422,21.420000076293945,43821500,21.90999984741211,21.8799991607666,16.133602142333984,CSCO
3636,21-07-2004,21.149999618530273,22.209999084472656,49817900,22.270000457763672,21.170000076293945,15.61007595062256,CSCO
3637,22-07-2004,20.940000534057614,21.200000762939453,47121200,21.530000686645508,21.38999938964844,15.772298812866213,CSCO
3638,23-07-2004,20.75,21.26000022888184,42685700,21.280000686645508,20.93000030517578,15.43310546875,CSCO
3639,26-07-2004,20.299999237060547,20.84000015258789,55848600,21.030000686645508,20.540000915527344,15.145533561706545,CSCO
3640,27-07-2004,20.25,20.56999969482422,59712700,20.790000915527344,20.709999084472656,15.270888328552244,CSCO
3641,28-07-2004,20.06999969482422,20.549999237060547,51187900,20.690000534057614,20.5,15.116040229797365,CSCO
3642,29-07-2004,20.63999938964844,20.76000022888184,39528900,20.979999542236328,20.799999237060547,15.33724594116211,CSCO
3643,30-07-2004,20.75,20.81999969482422,49267200,21.299999237060547,20.920000076293945,15.425736427307127,CSCO
3644,02-08-2004,20.5,20.600000381469727,40797300,21.239999771118164,21.239999771118164,15.66168975830078,CSCO
3645,03-08-2004,20.729999542236328,21.1299991607666,40501300,21.229999542236328,20.739999771118164,15.293004035949707,CSCO
3646,04-08-2004,20.57999992370605,20.6200008392334,44277100,21.18000030517578,21.1200008392334,15.57320785522461,CSCO
3647,05-08-2004,20.56999969482422,21.1200008392334,47932100,21.229999542236328,20.61000061035156,15.19714641571045,CSCO
3648,06-08-2004,19.8700008392334,20.21999931335449,58285300,20.600000381469727,19.93000030517578,14.695740699768065,CSCO
3649,09-08-2004,19.940000534057614,20.020000457763672,36272700,20.21999931335449,20.049999237060547,14.784223556518555,CSCO
3650,10-08-2004,20.049999237060547,20.309999465942386,69741700,20.46999931335449,20.459999084472656,15.086538314819336,CSCO
3651,11-08-2004,18.239999771118164,18.600000381469727,177709300,18.649999618530273,18.290000915527344,13.486454010009766,CSCO
3652,12-08-2004,17.530000686645508,18.25,101232800,18.350000381469727,17.790000915527344,13.11777400970459,CSCO
3653,13-08-2004,17.799999237060547,18.229999542236328,60959900,18.229999542236328,17.860000610351562,13.169390678405762,CSCO
3654,16-08-2004,17.809999465942386,17.850000381469727,46308300,18.459999084472656,18.229999542236328,13.442215919494627,CSCO
3655,17-08-2004,18.239999771118164,18.38999938964844,52342800,18.68000030517578,18.68000030517578,13.774030685424805,CSCO
3656,18-08-2004,18.440000534057614,18.540000915527344,59931200,19.020000457763672,18.989999771118164,14.00261402130127,CSCO
3657,19-08-2004,18.84000015258789,18.899999618530273,49590700,19.209999084472656,19.100000381469727,14.083720207214355,CSCO
3658,20-08-2004,18.63999938964844,18.950000762939453,56920000,19.020000457763672,18.8799991607666,13.921504020690918,CSCO
3659,23-08-2004,18.850000381469727,18.93000030517578,38174000,19.280000686645508,19.18000030517578,14.142711639404295,CSCO
3660,24-08-2004,18.809999465942386,19.13999938964844,40605100,19.15999984741211,18.96999931335449,13.98786735534668,CSCO
3661,25-08-2004,18.809999465942386,18.989999771118164,41765700,19.3700008392334,19.31999969482422,14.245946884155273,CSCO
3662,26-08-2004,19.15999984741211,19.25,32536800,19.43000030517578,19.170000076293945,14.135336875915527,CSCO
3663,27-08-2004,19.200000762939453,19.200000762939453,33479300,19.520000457763672,19.46999931335449,14.356550216674805,CSCO
3664,30-08-2004,19.030000686645508,19.309999465942386,35887900,19.459999084472656,19.030000686645508,14.032108306884766,CSCO
3665,31-08-2004,18.43000030517578,19.149999618530273,64745900,19.190000534057614,18.76000022888184,13.833016395568848,CSCO
3666,01-09-2004,18.600000381469727,18.649999618530273,36191100,19.1200008392334,19.09000015258789,14.07634735107422,CSCO
3667,02-09-2004,18.90999984741211,19.049999237060547,41595100,19.3700008392334,19.299999237060547,14.231197357177734,CSCO
3668,03-09-2004,18.59000015258789,19.030000686645508,41392400,19.15999984741211,18.75,13.82564926147461,CSCO
3669,07-09-2004,18.84000015258789,18.979999542236328,45498100,19.18000030517578,19.049999237060547,14.046855926513672,CSCO
3670,08-09-2004,18.920000076293945,18.959999084472656,52020600,19.530000686645508,19.309999465942386,14.238569259643555,CSCO
3671,09-09-2004,19.350000381469727,19.489999771118164,60077400,20.030000686645508,19.93000030517578,14.695740699768065,CSCO
3672,10-09-2004,19.850000381469727,19.8799991607666,52289100,20.61000061035156,20.459999084472656,15.086538314819336,CSCO
3673,13-09-2004,19.8700008392334,20.549999237060547,45084200,20.6299991607666,20.25,14.931697845458984,CSCO
3674,14-09-2004,20.100000381469727,20.309999465942386,44290600,20.440000534057614,20.350000381469727,15.005434036254885,CSCO
3675,15-09-2004,19.530000686645508,19.8700008392334,65414600,19.88999938964844,19.559999465942386,14.4229097366333,CSCO
3676,16-09-2004,19.459999084472656,19.600000381469727,38397400,19.75,19.59000015258789,14.445035934448242,CSCO
3677,17-09-2004,19.09000015258789,19.299999237060547,59808900,19.32999992370605,19.15999984741211,14.127964973449707,CSCO
3678,20-09-2004,18.940000534057614,19.030000686645508,64036100,19.479999542236328,19.299999237060547,14.231197357177734,CSCO
3679,21-09-2004,19.299999237060547,19.38999938964844,45349500,19.709999084472656,19.649999618530273,14.489276885986328,CSCO
3680,22-09-2004,18.86000061035156,19.190000534057614,74770900,19.290000915527344,18.959999084472656,13.980494499206545,CSCO
3681,23-09-2004,18.81999969482422,18.899999618530273,40950100,19.1200008392334,18.899999618530273,13.93624782562256,CSCO
3682,24-09-2004,18.309999465942386,18.8799991607666,62734100,18.93000030517578,18.399999618530273,13.567566871643065,CSCO
3683,27-09-2004,17.950000762939453,18.25,62098200,18.350000381469727,18.040000915527344,13.302117347717285,CSCO
3684,28-09-2004,17.850000381469727,18.09000015258789,63723900,18.13999938964844,18.06999969482422,13.324233055114744,CSCO
3685,29-09-2004,18.07999992370605,18.15999984741211,49683100,18.440000534057614,18.309999465942386,13.50120449066162,CSCO
3686,30-09-2004,18.049999237060547,18.280000686645508,40058700,18.36000061035156,18.100000381469727,13.346352577209473,CSCO
3687,01-10-2004,18.25,18.270000457763672,52428600,19.0,18.93000030517578,13.958370208740234,CSCO
3688,04-10-2004,18.8700008392334,19.209999084472656,53095600,19.299999237060547,18.959999084472656,13.980494499206545,CSCO
3689,05-10-2004,18.88999938964844,18.899999618530273,40998700,19.25,19.100000381469727,14.083720207214355,CSCO
3690,06-10-2004,19.040000915527344,19.049999237060547,51120800,19.540000915527344,19.530000686645508,14.400795936584473,CSCO
3691,07-10-2004,19.09000015258789,19.459999084472656,48634500,19.739999771118164,19.1299991607666,14.105844497680664,CSCO
3692,08-10-2004,18.68000030517578,18.959999084472656,45200100,19.21999931335449,18.780000686645508,13.847761154174805,CSCO
3693,11-10-2004,18.71999931335449,18.770000457763672,23204500,19.020000457763672,18.979999542236328,13.995240211486815,CSCO
3694,12-10-2004,18.57999992370605,18.68000030517578,37134100,19.350000381469727,19.15999984741211,14.127964973449707,CSCO
3695,13-10-2004,18.6200008392334,19.459999084472656,72680900,19.5,18.86000061035156,13.906753540039062,CSCO
3696,14-10-2004,18.5,18.780000686645508,39006800,18.8799991607666,18.59000015258789,13.70766830444336,CSCO
3697,15-10-2004,18.3799991607666,18.649999618530273,46820000,18.799999237060547,18.479999542236328,13.626556396484375,CSCO
3698,18-10-2004,18.420000076293945,18.520000457763672,41431300,18.729999542236328,18.649999618530273,13.751906394958494,CSCO
3699,19-10-2004,18.600000381469727,18.90999984741211,49868000,19.13999938964844,18.700000762939453,13.788776397705078,CSCO
3700,20-10-2004,18.290000915527344,18.59000015258789,52679500,18.65999984741211,18.450000762939453,13.604435920715332,CSCO
3701,21-10-2004,18.3799991607666,18.670000076293945,41317800,18.71999931335449,18.6299991607666,13.737163543701172,CSCO
3702,22-10-2004,18.15999984741211,18.68000030517578,35461500,18.770000457763672,18.270000457763672,13.471709251403807,CSCO
3703,25-10-2004,18.0,18.149999618530273,34106100,18.290000915527344,18.059999465942386,13.31686019897461,CSCO
3704,26-10-2004,17.799999237060547,18.1200008392334,51352600,18.209999084472656,18.11000061035156,13.353732109069824,CSCO
3705,27-10-2004,17.899999618530273,18.07999992370605,62748800,18.649999618530273,18.549999237060547,13.678170204162598,CSCO
3706,28-10-2004,18.40999984741211,18.540000915527344,55132600,18.96999931335449,18.950000762939453,13.973121643066404,CSCO
3707,29-10-2004,18.899999618530273,18.959999084472656,73345000,19.3700008392334,19.209999084472656,14.164831161499025,CSCO
3708,01-11-2004,18.950000762939453,19.209999084472656,39880500,19.350000381469727,19.26000022888184,14.201706886291506,CSCO
3709,02-11-2004,19.15999984741211,19.299999237060547,37906300,19.520000457763672,19.290000915527344,14.223821640014648,CSCO
3710,03-11-2004,19.170000076293945,19.770000457763672,52075400,19.799999237060547,19.280000686645508,14.216451644897461,CSCO
3711,04-11-2004,19.229999542236328,19.25,49091300,19.559999465942386,19.520000457763672,14.39342212677002,CSCO
3712,05-11-2004,19.71999931335449,19.790000915527344,54285800,20.01000022888184,19.96999931335449,14.725238800048828,CSCO
3713,08-11-2004,19.76000022888184,19.979999542236328,49754000,20.01000022888184,19.96999931335449,14.725238800048828,CSCO
3714,09-11-2004,19.68000030517578,19.899999618530273,67607200,20.0,19.75,14.563009262084961,CSCO
3715,10-11-2004,18.420000076293945,18.979999542236328,171452900,19.030000686645508,18.440000534057614,13.597063064575195,CSCO
3716,11-11-2004,18.0,18.5,61753500,18.76000022888184,18.739999771118164,13.818269729614258,CSCO
3717,12-11-2004,18.770000457763672,18.809999465942386,73480000,19.280000686645508,19.26000022888184,14.201706886291506,CSCO
3718,15-11-2004,19.07999992370605,19.149999618530273,56094100,19.549999237060547,19.549999237060547,14.41553783416748,CSCO
3719,16-11-2004,19.26000022888184,19.440000534057614,40062000,19.520000457763672,19.3799991607666,14.29018497467041,CSCO
3720,17-11-2004,19.40999984741211,19.489999771118164,52465900,19.82999992370605,19.540000915527344,14.408167839050293,CSCO
3721,18-11-2004,19.43000030517578,19.5,45872100,19.770000457763672,19.520000457763672,14.39342212677002,CSCO
3722,19-11-2004,18.989999771118164,19.51000022888184,49743200,19.63999938964844,19.01000022888184,14.017362594604492,CSCO
3723,22-11-2004,18.739999771118164,18.8799991607666,44261000,19.170000076293945,19.149999618530273,14.120597839355467,CSCO
3724,23-11-2004,18.950000762939453,18.989999771118164,44808000,19.149999618530273,19.0,14.009989738464355,CSCO
3725,24-11-2004,19.040000915527344,19.049999237060547,36640400,19.25,19.209999084472656,14.164831161499025,CSCO
3726,26-11-2004,19.06999969482422,19.13999938964844,19545000,19.3799991607666,19.229999542236328,14.179580688476562,CSCO
3727,29-11-2004,18.8799991607666,19.200000762939453,49567700,19.38999938964844,18.940000534057614,13.965747833251953,CSCO
3728,30-11-2004,18.709999084472656,18.850000381469727,63515000,19.149999618530273,18.75,13.82564926147461,CSCO
3729,01-12-2004,18.809999465942386,18.8799991607666,64190300,19.15999984741211,19.149999618530273,14.120597839355467,CSCO
3730,02-12-2004,19.059999465942386,19.09000015258789,52050100,19.459999084472656,19.200000762939453,14.157464027404785,CSCO
3731,03-12-2004,19.38999938964844,19.43000030517578,62014100,19.690000534057614,19.43000030517578,14.327056884765625,CSCO
3732,06-12-2004,19.459999084472656,19.51000022888184,56369700,19.8700008392334,19.81999969482422,14.61462688446045,CSCO
3733,07-12-2004,19.65999984741211,19.959999084472656,103909000,20.350000381469727,19.729999542236328,14.548259735107422,CSCO
3734,08-12-2004,19.59000015258789,19.790000915527344,53601500,19.90999984741211,19.799999237060547,14.59987735748291,CSCO
3735,09-12-2004,19.290000915527344,19.5,67721400,19.770000457763672,19.399999618530273,14.304936408996582,CSCO
3736,10-12-2004,19.31999969482422,19.350000381469727,44146000,19.71999931335449,19.420000076293945,14.319681167602539,CSCO
3737,13-12-2004,19.1200008392334,19.5,54596100,19.559999465942386,19.270000457763672,14.209077835083008,CSCO
3738,14-12-2004,19.11000061035156,19.1299991607666,50080000,19.479999542236328,19.280000686645508,14.216451644897461,CSCO
3739,15-12-2004,19.170000076293945,19.200000762939453,49847800,19.420000076293945,19.399999618530273,14.304936408996582,CSCO
3740,16-12-2004,19.26000022888184,19.280000686645508,86874900,19.65999984741211,19.399999618530273,14.304936408996582,CSCO
3741,17-12-2004,18.989999771118164,19.190000534057614,100599300,19.57999992370605,18.989999771118164,14.00261402130127,CSCO
3742,20-12-2004,19.0,19.100000381469727,57026200,19.32999992370605,19.049999237060547,14.046855926513672,CSCO
3743,21-12-2004,19.040000915527344,19.06999969482422,65443300,19.520000457763672,19.36000061035156,14.275440216064453,CSCO
3744,22-12-2004,19.149999618530273,19.209999084472656,54832100,19.459999084472656,19.31999969482422,14.245946884155273,CSCO
3745,23-12-2004,19.21999931335449,19.229999542236328,51235700,19.559999465942386,19.450000762939453,14.34179973602295,CSCO
3746,27-12-2004,19.299999237060547,19.450000762939453,32600100,19.57999992370605,19.299999237060547,14.231197357177734,CSCO
3747,28-12-2004,19.25,19.299999237060547,33600400,19.40999984741211,19.26000022888184,14.201706886291506,CSCO
3748,29-12-2004,19.18000030517578,19.229999542236328,36831100,19.36000061035156,19.309999465942386,14.238569259643555,CSCO
3749,30-12-2004,19.26000022888184,19.280000686645508,42589300,19.5,19.420000076293945,14.319681167602539,CSCO
3750,31-12-2004,19.26000022888184,19.38999938964844,29132500,19.5,19.31999969482422,14.245946884155273,CSCO
3751,03-01-2005,19.270000457763672,19.420000076293945,56725600,19.61000061035156,19.31999969482422,14.245946884155273,CSCO
3752,04-01-2005,18.540000915527344,19.3799991607666,106241900,19.38999938964844,18.559999465942386,13.685544967651367,CSCO
3753,05-01-2005,18.450000762939453,18.46999931335449,66100500,18.8799991607666,18.56999969482422,13.692914009094238,CSCO
3754,06-01-2005,18.559999465942386,18.670000076293945,63790900,18.86000061035156,18.850000381469727,13.89938259124756,CSCO
3755,07-01-2005,18.6200008392334,18.920000076293945,54415000,18.979999542236328,18.71999931335449,13.803523063659668,CSCO
3756,10-01-2005,18.600000381469727,18.65999984741211,47183300,18.84000015258789,18.71999931335449,13.803523063659668,CSCO
3757,11-01-2005,18.459999084472656,18.559999465942386,53236100,18.71999931335449,18.63999938964844,13.744534492492676,CSCO
3758,12-01-2005,18.709999084472656,18.76000022888184,65081900,18.96999931335449,18.93000030517578,13.958370208740234,CSCO
3759,13-01-2005,18.6299991607666,18.920000076293945,56893000,18.989999771118164,18.780000686645508,13.847761154174805,CSCO
3760,14-01-2005,18.780000686645508,18.8700008392334,51197100,18.96999931335449,18.8799991607666,13.921504020690918,CSCO
3761,18-01-2005,18.6299991607666,18.75,51416900,18.799999237060547,18.739999771118164,13.818269729614258,CSCO
3762,19-01-2005,18.11000061035156,18.65999984741211,72873000,18.68000030517578,18.149999618530273,13.38322639465332,CSCO
3763,20-01-2005,17.90999984741211,18.07999992370605,83539400,18.43000030517578,18.31999969482422,13.508580207824707,CSCO
3764,21-01-2005,18.0,18.309999465942386,56209900,18.489999771118164,18.010000228881836,13.279993057250975,CSCO
3765,24-01-2005,17.700000762939453,18.149999618530273,80477000,18.200000762939453,17.75,13.088277816772461,CSCO
3766,25-01-2005,17.40999984741211,17.899999618530273,76495900,17.979999542236328,17.510000228881836,12.911309242248535,CSCO
3767,26-01-2005,17.549999237060547,17.799999237060547,73530300,17.860000610351562,17.690000534057614,13.04403305053711,CSCO
3768,27-01-2005,17.729999542236328,17.770000457763672,76947600,18.21999931335449,18.18000030517578,13.405341148376465,CSCO
3769,28-01-2005,17.850000381469727,18.270000457763672,77990000,18.38999938964844,17.899999618530273,13.198880195617676,CSCO
3770,31-01-2005,17.979999542236328,18.149999618530273,51573700,18.299999237060547,18.040000915527344,13.302117347717285,CSCO
3771,01-02-2005,18.0,18.09000015258789,55135300,18.25,18.1299991607666,13.368475914001465,CSCO
3772,02-02-2005,18.049999237060547,18.21999931335449,57884400,18.299999237060547,18.149999618530273,13.38322639465332,CSCO
3773,03-02-2005,17.5,18.040000915527344,86470500,18.09000015258789,17.520000457763672,12.91868495941162,CSCO
3774,04-02-2005,17.579999923706055,17.579999923706055,75320600,17.920000076293945,17.899999618530273,13.198880195617676,CSCO
3775,07-02-2005,17.899999618530273,18.0,62682700,18.200000762939453,18.15999984741211,13.390597343444824,CSCO
3776,08-02-2005,18.15999984741211,18.229999542236328,112368000,18.43000030517578,18.239999771118164,13.449590682983398,CSCO
3777,09-02-2005,17.5,18.309999465942386,116920500,18.31999969482422,17.6299991607666,12.999795913696287,CSCO
3778,10-02-2005,17.510000228881836,17.729999542236328,81179800,17.760000228881836,17.579999923706055,12.96292495727539,CSCO
3779,11-02-2005,17.370000839233402,17.569999694824222,99165600,17.8700008392334,17.700000762939453,13.051409721374512,CSCO
3780,14-02-2005,17.639999389648438,17.709999084472656,59189600,18.049999237060547,17.969999313354492,13.250494956970215,CSCO
3781,15-02-2005,17.809999465942386,18.059999465942386,65160200,18.18000030517578,17.920000076293945,13.21363353729248,CSCO
3782,16-02-2005,17.68000030517578,17.860000610351562,56805900,17.950000762939453,17.709999084472656,13.058783531188965,CSCO
3783,17-02-2005,17.389999389648438,17.729999542236328,46135700,17.739999771118164,17.450000762939453,12.867066383361815,CSCO
3784,18-02-2005,17.280000686645508,17.540000915527347,60417100,17.579999923706055,17.299999237060547,12.756463050842285,CSCO
3785,22-02-2005,17.149999618530273,17.15999984741211,65804900,17.549999237060547,17.309999465942386,12.763836860656738,CSCO
3786,23-02-2005,17.129999160766598,17.379999160766598,58968400,17.40999984741211,17.280000686645508,12.741714477539062,CSCO
3787,24-02-2005,17.129999160766598,17.219999313354492,53681900,17.290000915527347,17.180000305175778,12.66797924041748,CSCO
3788,25-02-2005,17.139999389648438,17.200000762939453,38126100,17.329999923706055,17.200000762939453,12.682727813720705,CSCO
3789,28-02-2005,17.170000076293945,17.200000762939453,62138100,17.559999465942386,17.420000076293945,12.844947814941404,CSCO
3790,01-03-2005,17.40999984741211,17.440000534057614,50503000,17.68000030517578,17.5,12.903937339782715,CSCO
3791,02-03-2005,17.459999084472653,17.489999771118164,57781500,17.84000015258789,17.739999771118164,13.080902099609375,CSCO
3792,03-03-2005,17.709999084472656,17.719999313354492,48778400,17.899999618530273,17.799999237060547,13.125144004821776,CSCO
3793,04-03-2005,17.760000228881836,17.899999618530273,55641700,18.07999992370605,18.040000915527344,13.302117347717285,CSCO
3794,07-03-2005,18.149999618530273,18.280000686645508,97495200,18.520000457763672,18.239999771118164,13.449590682983398,CSCO
3795,08-03-2005,18.11000061035156,18.239999771118164,54072000,18.489999771118164,18.1200008392334,13.361105918884276,CSCO
3796,09-03-2005,18.26000022888184,18.270000457763672,80748600,18.739999771118164,18.530000686645508,13.663423538208008,CSCO
3797,10-03-2005,18.459999084472656,18.63999938964844,81350200,18.790000915527344,18.709999084472656,13.796149253845215,CSCO
3798,11-03-2005,18.209999084472656,18.670000076293945,55821100,18.799999237060547,18.450000762939453,13.604435920715332,CSCO
3799,14-03-2005,18.450000762939453,18.479999542236328,41102900,18.6299991607666,18.540000915527344,13.670797348022461,CSCO
3800,15-03-2005,18.200000762939453,18.57999992370605,43168700,18.649999618530273,18.25,13.45696258544922,CSCO
3801,16-03-2005,18.0,18.149999618530273,47912700,18.26000022888184,18.06999969482422,13.324233055114744,CSCO
3802,17-03-2005,18.010000228881836,18.020000457763672,48988500,18.299999237060547,18.030000686645508,13.294743537902832,CSCO
3803,18-03-2005,17.799999237060547,18.06999969482422,52249300,18.149999618530273,17.799999237060547,13.125144004821776,CSCO
3804,21-03-2005,17.75,17.770000457763672,38427200,18.030000686645508,17.940000534057614,13.22837734222412,CSCO
3805,22-03-2005,17.81999969482422,17.959999084472656,55769100,18.15999984741211,17.920000076293945,13.21363353729248,CSCO
3806,23-03-2005,17.729999542236328,17.799999237060547,42848200,18.020000457763672,17.75,13.088277816772461,CSCO
3807,24-03-2005,17.700000762939453,17.809999465942386,51460900,18.149999618530273,17.8799991607666,13.184137344360352,CSCO
3808,28-03-2005,17.889999389648438,18.020000457763672,40633700,18.13999938964844,17.889999389648438,13.191505432128904,CSCO
3809,29-03-2005,17.65999984741211,17.850000381469727,49790300,17.979999542236328,17.75,13.088277816772461,CSCO
3810,30-03-2005,17.799999237060547,17.809999465942386,53086500,18.100000381469727,18.030000686645508,13.294743537902832,CSCO
3811,31-03-2005,17.860000610351562,18.020000457763672,46338200,18.13999938964844,17.889999389648438,13.191505432128904,CSCO
3812,01-04-2005,17.690000534057614,18.010000228881836,56370800,18.06999969482422,17.700000762939453,13.051409721374512,CSCO
3813,04-04-2005,17.5,17.65999984741211,51926100,17.75,17.670000076293945,13.029289245605467,CSCO
3814,05-04-2005,17.520000457763672,17.739999771118164,50130200,17.90999984741211,17.81999969482422,13.139893531799315,CSCO
3815,06-04-2005,17.739999771118164,17.81999969482422,40116400,18.0,17.770000457763672,13.103025436401367,CSCO
3816,07-04-2005,17.780000686645508,17.799999237060547,50647300,18.170000076293945,18.149999618530273,13.38322639465332,CSCO
3817,08-04-2005,17.899999618530273,18.07999992370605,45389700,18.149999618530273,17.899999618530273,13.198880195617676,CSCO
3818,11-04-2005,17.93000030517578,18.0,42853400,18.100000381469727,17.989999771118164,13.265244483947756,CSCO
3819,12-04-2005,17.850000381469727,17.920000076293945,86773400,18.299999237060547,18.239999771118164,13.449590682983398,CSCO
3820,13-04-2005,17.969999313354492,18.209999084472656,44917500,18.290000915527344,18.0,13.272622108459473,CSCO
3821,14-04-2005,17.75,18.0,52373700,18.010000228881836,17.809999465942386,13.132516860961914,CSCO
3822,15-04-2005,17.180000305175778,17.489999771118164,86961300,17.6200008392334,17.200000762939453,12.682727813720705,CSCO
3823,18-04-2005,17.010000228881836,17.170000076293945,63901600,17.389999389648438,17.020000457763672,12.54999828338623,CSCO
3824,19-04-2005,17.149999618530273,17.200000762939453,44281100,17.309999465942386,17.180000305175778,12.66797924041748,CSCO
3825,20-04-2005,17.149999618530273,17.430000305175778,58411500,17.540000915527347,17.190000534057614,12.6753511428833,CSCO
3826,21-04-2005,17.350000381469727,17.389999389648438,52371700,17.709999084472656,17.68000030517578,13.036661148071287,CSCO
3827,22-04-2005,17.219999313354492,17.5,41057800,17.610000610351562,17.430000305175778,12.852319717407227,CSCO
3828,25-04-2005,17.389999389648438,17.459999084472653,39358000,17.600000381469727,17.479999542236328,12.889187812805176,CSCO
3829,26-04-2005,17.25,17.350000381469727,56444600,17.639999389648438,17.280000686645508,12.741714477539062,CSCO
3830,27-04-2005,17.079999923706055,17.190000534057614,62447400,17.459999084472653,17.25,12.71959114074707,CSCO
3831,28-04-2005,17.100000381469727,17.139999389648438,48957400,17.329999923706055,17.139999389648438,12.638484001159668,CSCO
3832,29-04-2005,17.040000915527347,17.190000534057614,49386700,17.299999237060547,17.270000457763672,12.734341621398926,CSCO
3833,02-05-2005,17.15999984741211,17.239999771118164,43564300,17.319999694824222,17.260000228881836,12.726966857910154,CSCO
3834,03-05-2005,17.180000305175778,17.180000305175778,43707300,17.389999389648438,17.309999465942386,12.763836860656738,CSCO
3835,04-05-2005,17.309999465942386,17.329999923706055,75896500,17.709999084472656,17.649999618530273,13.014541625976562,CSCO
3836,05-05-2005,17.610000610351562,17.610000610351562,80440000,18.059999465942386,18.0,13.272622108459473,CSCO
3837,06-05-2005,17.920000076293945,18.100000381469727,49220600,18.15999984741211,18.020000457763672,13.28736972808838,CSCO
3838,09-05-2005,17.979999542236328,18.0,54768400,18.239999771118164,18.209999084472656,13.427462577819824,CSCO
3839,10-05-2005,18.010000228881836,18.11000061035156,73244700,18.299999237060547,18.209999084472656,13.427462577819824,CSCO
3840,11-05-2005,18.21999931335449,18.46999931335449,123160600,18.600000381469727,18.549999237060547,13.678170204162598,CSCO
3841,12-05-2005,18.5,18.549999237060547,67556400,18.82999992370605,18.700000762939453,13.788776397705078,CSCO
3842,13-05-2005,18.63999938964844,18.729999542236328,65474500,19.020000457763672,18.88999938964844,13.928873062133787,CSCO
3843,16-05-2005,18.75,18.86000061035156,62180900,19.170000076293945,19.09000015258789,14.07634735107422,CSCO
3844,17-05-2005,18.81999969482422,18.959999084472656,52988100,19.11000061035156,19.059999465942386,14.054229736328125,CSCO
3845,18-05-2005,19.049999237060547,19.059999465942386,59996500,19.34000015258789,19.239999771118164,14.186955451965332,CSCO
3846,19-05-2005,19.18000030517578,19.229999542236328,46846000,19.43000030517578,19.3799991607666,14.29018497467041,CSCO
3847,20-05-2005,19.280000686645508,19.38999938964844,34181700,19.51000022888184,19.46999931335449,14.356550216674805,CSCO
3848,23-05-2005,19.32999992370605,19.350000381469727,49768500,19.59000015258789,19.549999237060547,14.41553783416748,CSCO
3849,24-05-2005,19.399999618530273,19.479999542236328,86130000,20.01000022888184,20.0,14.747355461120605,CSCO
3850,25-05-2005,19.51000022888184,19.84000015258789,66102100,19.88999938964844,19.6200008392334,14.467159271240234,CSCO
3851,26-05-2005,19.690000534057614,19.71999931335449,54106800,19.959999084472656,19.899999618530273,14.673622131347654,CSCO
3852,27-05-2005,19.670000076293945,19.75,26984700,19.82999992370605,19.790000915527344,14.592510223388672,CSCO
3853,31-05-2005,19.34000015258789,19.61000061035156,61667800,19.6299991607666,19.399999618530273,14.304936408996582,CSCO
3854,01-06-2005,19.350000381469727,19.399999618530273,48990300,19.799999237060547,19.63999938964844,14.481904983520508,CSCO
3855,02-06-2005,19.549999237060547,19.56999969482422,36729800,19.8799991607666,19.8799991607666,14.658872604370115,CSCO
3856,03-06-2005,19.290000915527344,19.71999931335449,58749200,19.82999992370605,19.399999618530273,14.304936408996582,CSCO
3857,06-06-2005,19.1200008392334,19.3700008392334,41321900,19.43000030517578,19.3799991607666,14.29018497467041,CSCO
3858,07-06-2005,19.3700008392334,19.38999938964844,61546800,19.809999465942386,19.40999984741211,14.312307357788086,CSCO
3859,08-06-2005,19.309999465942386,19.520000457763672,48675100,19.739999771118164,19.40999984741211,14.312307357788086,CSCO
3860,09-06-2005,19.21999931335449,19.239999771118164,51722500,19.61000061035156,19.46999931335449,14.356550216674805,CSCO
3861,10-06-2005,19.100000381469727,19.459999084472656,34056400,19.479999542236328,19.239999771118164,14.186955451965332,CSCO
3862,13-06-2005,19.149999618530273,19.190000534057614,38163300,19.3799991607666,19.299999237060547,14.231197357177734,CSCO
3863,14-06-2005,19.1299991607666,19.309999465942386,32261600,19.440000534057614,19.18000030517578,14.142711639404295,CSCO
3864,15-06-2005,18.979999542236328,19.350000381469727,37016500,19.3700008392334,19.31999969482422,14.245946884155273,CSCO
3865,16-06-2005,19.239999771118164,19.31999969482422,40746400,19.559999465942386,19.530000686645508,14.400795936584473,CSCO
3866,17-06-2005,19.51000022888184,19.76000022888184,63688900,19.96999931335449,19.530000686645508,14.400795936584473,CSCO
3867,20-06-2005,19.36000061035156,19.43000030517578,33230900,19.71999931335449,19.600000381469727,14.452407836914062,CSCO
3868,21-06-2005,19.459999084472656,19.6299991607666,48643300,19.88999938964844,19.770000457763672,14.577764511108398,CSCO
3869,22-06-2005,19.709999084472656,19.809999465942386,38822500,19.899999618530273,19.799999237060547,14.59987735748291,CSCO
3870,23-06-2005,19.780000686645508,19.940000534057614,94433400,20.25,19.780000686645508,14.585132598876953,CSCO
3871,24-06-2005,19.290000915527344,19.65999984741211,71213900,19.770000457763672,19.299999237060547,14.231197357177734,CSCO
3872,27-06-2005,19.01000022888184,19.299999237060547,48612100,19.309999465942386,19.030000686645508,14.032108306884766,CSCO
3873,28-06-2005,19.149999618530273,19.15999984741211,40675100,19.34000015258789,19.15999984741211,14.127964973449707,CSCO
3874,29-06-2005,19.26000022888184,19.290000915527344,50326900,19.57999992370605,19.36000061035156,14.275440216064453,CSCO
3875,30-06-2005,19.059999465942386,19.440000534057614,44756000,19.489999771118164,19.07999992370605,14.068974494934082,CSCO
3876,01-07-2005,18.88999938964844,19.1299991607666,35006000,19.200000762939453,18.989999771118164,14.00261402130127,CSCO
3877,05-07-2005,18.71999931335449,18.770000457763672,48386700,19.18000030517578,18.81999969482422,13.877262115478516,CSCO
3878,06-07-2005,18.81999969482422,18.84000015258789,42270300,19.09000015258789,18.81999969482422,13.877262115478516,CSCO
3879,07-07-2005,18.51000022888184,18.57999992370605,46687500,18.950000762939453,18.84000015258789,13.892009735107422,CSCO
3880,08-07-2005,18.82999992370605,18.899999618530273,41786000,19.32999992370605,19.309999465942386,14.238569259643555,CSCO
3881,11-07-2005,19.21999931335449,19.290000915527344,46542900,19.559999465942386,19.540000915527344,14.408167839050293,CSCO
3882,12-07-2005,19.459999084472656,19.46999931335449,46431100,19.8700008392334,19.780000686645508,14.585132598876953,CSCO
3883,13-07-2005,19.700000762939453,19.729999542236328,37307200,19.989999771118164,19.96999931335449,14.725238800048828,CSCO
3884,14-07-2005,19.729999542236328,19.979999542236328,61565500,20.059999465942386,19.940000534057614,14.703113555908205,CSCO
3885,15-07-2005,19.780000686645508,19.93000030517578,37649800,20.020000457763672,19.88999938964844,14.666240692138672,CSCO
3886,18-07-2005,19.63999938964844,19.81999969482422,28303900,19.850000381469727,19.649999618530273,14.489276885986328,CSCO
3887,19-07-2005,19.700000762939453,19.790000915527344,57088900,20.200000762939453,20.170000076293945,14.872706413269045,CSCO
3888,20-07-2005,19.729999542236328,19.989999771118164,53833300,20.229999542236328,20.1200008392334,14.835837364196776,CSCO
3889,21-07-2005,19.51000022888184,20.07999992370605,58550600,20.100000381469727,19.559999465942386,14.4229097366333,CSCO
3890,22-07-2005,19.25,19.549999237060547,44899500,19.57999992370605,19.31999969482422,14.245946884155273,CSCO
3891,25-07-2005,18.81999969482422,19.38999938964844,58224700,19.40999984741211,18.850000381469727,13.89938259124756,CSCO
3892,26-07-2005,18.90999984741211,19.0,51468000,19.1299991607666,19.059999465942386,14.054229736328125,CSCO
3893,27-07-2005,18.88999938964844,19.06999969482422,33351600,19.25,19.18000030517578,14.142711639404295,CSCO
3894,28-07-2005,19.059999465942386,19.26000022888184,39176100,19.309999465942386,19.299999237060547,14.231197357177734,CSCO
3895,29-07-2005,19.11000061035156,19.31999969482422,38389000,19.399999618530273,19.149999618530273,14.120597839355467,CSCO
3896,01-08-2005,19.15999984741211,19.26000022888184,32113700,19.450000762939453,19.26000022888184,14.201706886291506,CSCO
3897,02-08-2005,19.26000022888184,19.31999969482422,41131800,19.65999984741211,19.489999771118164,14.371297836303713,CSCO
3898,03-08-2005,19.32999992370605,19.3799991607666,33585500,19.600000381469727,19.540000915527344,14.408167839050293,CSCO
3899,04-08-2005,19.3799991607666,19.440000534057614,36055700,19.729999542236328,19.43000030517578,14.327056884765625,CSCO
3900,05-08-2005,19.299999237060547,19.43000030517578,32085300,19.489999771118164,19.299999237060547,14.231197357177734,CSCO
3901,08-08-2005,19.229999542236328,19.38999938964844,30455000,19.489999771118164,19.25,14.194331169128418,CSCO
3902,09-08-2005,19.399999618530273,19.420000076293945,57249300,19.739999771118164,19.61000061035156,14.4597806930542,CSCO
3903,10-08-2005,18.209999084472656,18.82999992370605,202313300,18.899999618530273,18.25,13.45696258544922,CSCO
3904,11-08-2005,17.770000457763672,18.299999237060547,146112700,18.32999992370605,18.059999465942386,13.31686019897461,CSCO
3905,12-08-2005,17.75,18.010000228881836,78558700,18.049999237060547,17.799999237060547,13.125144004821776,CSCO
3906,15-08-2005,17.6200008392334,17.809999465942386,63939500,17.860000610351562,17.709999084472656,13.058783531188965,CSCO
3907,16-08-2005,17.610000610351562,17.709999084472656,61166300,17.850000381469727,17.6299991607666,12.999795913696287,CSCO
3908,17-08-2005,17.709999084472656,17.729999542236328,53838000,17.979999542236328,17.84000015258789,13.154642105102539,CSCO
3909,18-08-2005,17.65999984741211,17.850000381469727,40870100,17.889999389648438,17.65999984741211,13.021913528442385,CSCO
3910,19-08-2005,17.670000076293945,17.75,39708600,17.8799991607666,17.81999969482422,13.139893531799315,CSCO
3911,22-08-2005,17.600000381469727,17.8799991607666,41834500,17.920000076293945,17.690000534057614,13.04403305053711,CSCO
3912,23-08-2005,17.700000762939453,17.719999313354492,45893500,17.860000610351562,17.760000228881836,13.095648765563965,CSCO
3913,24-08-2005,17.520000457763672,17.719999313354492,58383200,17.81999969482422,17.520000457763672,12.91868495941162,CSCO
3914,25-08-2005,17.479999542236328,17.559999465942386,41768300,17.639999389648438,17.479999542236328,12.889187812805176,CSCO
3915,26-08-2005,17.360000610351562,17.520000457763672,43243600,17.540000915527347,17.399999618530273,12.8302001953125,CSCO
3916,29-08-2005,17.299999237060547,17.299999237060547,40543200,17.770000457763672,17.639999389648438,13.007168769836426,CSCO
3917,30-08-2005,17.389999389648438,17.579999923706055,41220500,17.6200008392334,17.510000228881836,12.911309242248535,CSCO
3918,31-08-2005,17.440000534057614,17.549999237060547,41540900,17.670000076293945,17.6200008392334,12.992422103881836,CSCO
3919,01-09-2005,17.459999084472653,17.520000457763672,41311000,17.799999237060547,17.649999618530273,13.014541625976562,CSCO
3920,02-09-2005,17.639999389648438,17.68000030517578,32300100,18.06999969482422,17.719999313354492,13.066155433654785,CSCO
3921,06-09-2005,17.950000762939453,17.979999542236328,60848200,18.25,18.200000762939453,13.42009735107422,CSCO
3922,07-09-2005,18.100000381469727,18.170000076293945,59072400,18.450000762939453,18.399999618530273,13.567566871643065,CSCO
3923,08-09-2005,18.239999771118164,18.280000686645508,54401500,18.540000915527344,18.3700008392334,13.545446395874025,CSCO
3924,09-09-2005,18.3700008392334,18.399999618530273,46036800,18.65999984741211,18.57999992370605,13.70029354095459,CSCO
3925,12-09-2005,18.350000381469727,18.399999618530273,48677700,18.56999969482422,18.479999542236328,13.626556396484375,CSCO
3926,13-09-2005,18.239999771118164,18.25,52444400,18.38999938964844,18.25,13.45696258544922,CSCO
3927,14-09-2005,17.829999923706055,18.25,57254600,18.350000381469727,17.84000015258789,13.154642105102539,CSCO
3928,15-09-2005,17.899999618530273,17.920000076293945,55912900,18.09000015258789,18.030000686645508,13.294743537902832,CSCO
3929,16-09-2005,17.950000762939453,17.969999313354492,75139500,18.450000762939453,18.420000076293945,13.58231258392334,CSCO
3930,19-09-2005,18.010000228881836,18.299999237060547,45725200,18.32999992370605,18.170000076293945,13.397970199584961,CSCO
3931,20-09-2005,17.850000381469727,18.06999969482422,57286600,18.38999938964844,17.969999313354492,13.250494956970215,CSCO
3932,21-09-2005,17.719999313354492,17.889999389648438,53269700,17.989999771118164,17.850000381469727,13.162009239196776,CSCO
3933,22-09-2005,17.68000030517578,17.739999771118164,48006300,18.13999938964844,18.11000061035156,13.353732109069824,CSCO
3934,23-09-2005,17.950000762939453,17.979999542236328,38083100,18.170000076293945,18.049999237060547,13.309483528137207,CSCO
3935,26-09-2005,17.8700008392334,18.15999984741211,56453300,18.18000030517578,17.920000076293945,13.21363353729248,CSCO
3936,27-09-2005,17.690000534057614,17.8700008392334,50452100,17.93000030517578,17.719999313354492,13.066155433654785,CSCO
3937,28-09-2005,17.739999771118164,17.760000228881836,54427100,18.049999237060547,17.920000076293945,13.21363353729248,CSCO
3938,29-09-2005,17.75,17.90999984741211,56199200,17.940000534057614,17.860000610351562,13.169390678405762,CSCO
3939,30-09-2005,17.649999618530273,17.790000915527344,56270900,17.940000534057614,17.920000076293945,13.21363353729248,CSCO
3940,03-10-2005,17.729999542236328,17.93000030517578,47714900,18.1200008392334,17.739999771118164,13.080902099609375,CSCO
3941,04-10-2005,17.649999618530273,17.760000228881836,54171400,17.899999618530273,17.670000076293945,13.029289245605467,CSCO
3942,05-10-2005,17.5,17.68000030517578,47135300,17.780000686645508,17.5,12.903937339782715,CSCO
3943,06-10-2005,17.510000228881836,17.530000686645508,60516800,17.760000228881836,17.729999542236328,13.073529243469238,CSCO
3944,07-10-2005,17.600000381469727,17.739999771118164,35569800,17.799999237060547,17.6299991607666,12.999795913696287,CSCO
3945,10-10-2005,17.25,17.5,57891200,17.600000381469727,17.489999771118164,12.896561622619627,CSCO
3946,11-10-2005,17.139999389648438,17.430000305175778,55344100,17.540000915527347,17.190000534057614,12.6753511428833,CSCO
3947,12-10-2005,16.969999313354492,17.149999618530273,85491800,17.489999771118164,17.430000305175778,12.852319717407227,CSCO
3948,13-10-2005,17.200000762939453,17.319999694824222,45537800,17.469999313354492,17.299999237060547,12.756463050842285,CSCO
3949,14-10-2005,17.170000076293945,17.350000381469727,35672800,17.370000839233402,17.270000457763672,12.734341621398926,CSCO
3950,17-10-2005,17.139999389648438,17.229999542236328,34345300,17.370000839233402,17.170000076293945,12.660603523254395,CSCO
3951,18-10-2005,16.969999313354492,17.110000610351562,40865700,17.200000762939453,16.979999542236328,12.520502090454102,CSCO
3952,19-10-2005,16.829999923706055,16.90999984741211,54073600,17.209999084472653,17.200000762939453,12.682727813720705,CSCO
3953,20-10-2005,16.899999618530273,17.200000762939453,51650900,17.34000015258789,16.930000305175778,12.483633995056152,CSCO
3954,21-10-2005,16.940000534057614,17.120000839233402,58366000,17.180000305175778,17.030000686645508,12.557372093200685,CSCO
3955,24-10-2005,16.920000076293945,17.079999923706055,44339100,17.180000305175778,17.15999984741211,12.653228759765625,CSCO
3956,25-10-2005,16.979999542236328,17.020000457763672,47079800,17.190000534057614,17.120000839233402,12.623740196228027,CSCO
3957,26-10-2005,17.040000915527347,17.079999923706055,36709500,17.209999084472653,17.100000381469727,12.608989715576172,CSCO
3958,27-10-2005,16.989999771118164,17.020000457763672,39260800,17.239999771118164,17.049999237060547,12.572118759155273,CSCO
3959,28-10-2005,17.059999465942386,17.139999389648438,42458300,17.229999542236328,17.139999389648438,12.638484001159668,CSCO
3960,31-10-2005,17.149999618530273,17.15999984741211,79135500,17.540000915527347,17.450000762939453,12.867066383361815,CSCO
3961,01-11-2005,17.25,17.329999923706055,44269500,17.510000228881836,17.479999542236328,12.889187812805176,CSCO
3962,02-11-2005,17.309999465942386,17.379999160766598,60933700,17.729999542236328,17.6299991607666,12.999795913696287,CSCO
3963,03-11-2005,17.479999542236328,17.719999313354492,48334600,17.739999771118164,17.510000228881836,12.911309242248535,CSCO
3964,04-11-2005,17.530000686645508,17.540000915527347,42839300,17.8799991607666,17.8700008392334,13.176764488220215,CSCO
3965,07-11-2005,17.75,17.8799991607666,42952500,17.979999542236328,17.850000381469727,13.162009239196776,CSCO
3966,08-11-2005,17.719999313354492,17.780000686645508,38219200,17.959999084472656,17.860000610351562,13.169390678405762,CSCO
3967,09-11-2005,17.700000762939453,17.780000686645508,70124300,17.850000381469727,17.75,13.088277816772461,CSCO
3968,10-11-2005,17.020000457763672,17.260000228881836,143451000,17.350000381469727,17.149999618530273,12.645855903625488,CSCO
3969,11-11-2005,17.09000015258789,17.149999618530273,82869100,17.5,17.469999313354492,12.88181209564209,CSCO
3970,14-11-2005,17.260000228881836,17.420000076293945,35685900,17.459999084472653,17.350000381469727,12.793331146240234,CSCO
3971,15-11-2005,17.209999084472653,17.309999465942386,44044300,17.430000305175778,17.270000457763672,12.734341621398926,CSCO
3972,16-11-2005,17.100000381469727,17.209999084472653,44170800,17.350000381469727,17.219999313354492,12.697470664978027,CSCO
3973,17-11-2005,17.219999313354492,17.260000228881836,47690900,17.389999389648438,17.370000839233402,12.808076858520508,CSCO
3974,18-11-2005,16.870000839233402,17.260000228881836,137429400,17.399999618530273,17.020000457763672,12.54999828338623,CSCO
3975,21-11-2005,17.0,17.049999237060547,52952100,17.069999694824222,17.059999465942386,12.579497337341307,CSCO
3976,22-11-2005,16.969999313354492,17.0,71005800,17.469999313354492,17.280000686645508,12.741714477539062,CSCO
3977,23-11-2005,17.25,17.25,56890600,17.569999694824222,17.440000534057614,12.85969066619873,CSCO
3978,25-11-2005,17.479999542236328,17.569999694824222,17830100,17.6299991607666,17.549999237060547,12.940803527832033,CSCO
3979,28-11-2005,17.469999313354492,17.549999237060547,37443800,17.639999389648438,17.479999542236328,12.889187812805176,CSCO
3980,29-11-2005,17.479999542236328,17.5,62938300,17.84000015258789,17.510000228881836,12.911309242248535,CSCO
3981,30-11-2005,17.5,17.520000457763672,47405500,17.75,17.540000915527347,12.933429718017578,CSCO
3982,01-12-2005,17.6299991607666,17.709999084472656,39729500,17.75,17.690000534057614,13.04403305053711,CSCO
3983,02-12-2005,17.5,17.649999618530273,42998300,17.729999542236328,17.639999389648438,13.007168769836426,CSCO
3984,05-12-2005,17.430000305175778,17.569999694824222,57253100,17.81999969482422,17.5,12.903937339782715,CSCO
3985,06-12-2005,17.389999389648438,17.540000915527347,55187700,17.639999389648438,17.559999465942386,12.9481782913208,CSCO
3986,07-12-2005,17.729999542236328,17.860000610351562,97856800,18.0,17.780000686645508,13.110398292541506,CSCO
3987,08-12-2005,17.579999923706055,17.809999465942386,66400200,17.81999969482422,17.639999389648438,13.007168769836426,CSCO
3988,09-12-2005,17.459999084472653,17.6200008392334,62666400,17.719999313354492,17.549999237060547,12.940803527832033,CSCO
3989,12-12-2005,17.450000762939453,17.569999694824222,39552100,17.739999771118164,17.520000457763672,12.91868495941162,CSCO
3990,13-12-2005,17.450000762939453,17.479999542236328,49275100,17.579999923706055,17.5,12.903937339782715,CSCO
3991,14-12-2005,17.459999084472653,17.469999313354492,58556500,17.739999771118164,17.690000534057614,13.04403305053711,CSCO
3992,15-12-2005,17.600000381469727,17.649999618530273,62294800,17.84000015258789,17.760000228881836,13.095648765563965,CSCO
3993,16-12-2005,17.510000228881836,17.729999542236328,94010200,17.770000457763672,17.520000457763672,12.91868495941162,CSCO
3994,19-12-2005,17.459999084472653,17.520000457763672,46770600,17.65999984741211,17.469999313354492,12.88181209564209,CSCO
3995,20-12-2005,17.270000457763672,17.469999313354492,49564300,17.559999465942386,17.309999465942386,12.763836860656738,CSCO
3996,21-12-2005,17.170000076293945,17.309999465942386,77024500,17.379999160766598,17.209999084472653,12.69010066986084,CSCO
3997,22-12-2005,17.170000076293945,17.190000534057614,36231800,17.370000839233402,17.290000915527347,12.749085426330565,CSCO
3998,23-12-2005,17.25,17.290000915527347,22792700,17.389999389648438,17.350000381469727,12.793331146240234,CSCO
3999,27-12-2005,17.229999542236328,17.379999160766598,29883100,17.479999542236328,17.25,12.71959114074707,CSCO
4000,28-12-2005,17.149999618530273,17.219999313354492,38695500,17.40999984741211,17.290000915527347,12.749085426330565,CSCO
4001,29-12-2005,17.139999389648438,17.299999237060547,36009500,17.389999389648438,17.239999771118164,12.7122220993042,CSCO
4002,30-12-2005,17.069999694824222,17.120000839233402,39290000,17.190000534057614,17.120000839233402,12.623740196228027,CSCO
4003,03-01-2006,17.180000305175778,17.209999084472653,55426000,17.489999771118164,17.450000762939453,12.867066383361815,CSCO
4004,04-01-2006,17.459999084472653,17.479999542236328,80408900,17.93000030517578,17.850000381469727,13.162009239196776,CSCO
4005,05-01-2006,17.93000030517578,17.940000534057614,118575500,18.479999542236328,18.350000381469727,13.53070068359375,CSCO
4006,06-01-2006,18.46999931335449,18.51000022888184,122446000,18.8799991607666,18.770000457763672,13.8403902053833,CSCO
4007,09-01-2006,18.920000076293945,18.96999931335449,78592600,19.11000061035156,19.059999465942386,14.054229736328125,CSCO
4008,10-01-2006,18.780000686645508,18.8700008392334,73828200,19.149999618530273,18.96999931335449,13.98786735534668,CSCO
4009,11-01-2006,18.940000534057614,18.979999542236328,73933100,19.43000030517578,19.399999618530273,14.304936408996582,CSCO
4010,12-01-2006,19.07999992370605,19.270000457763672,59581300,19.350000381469727,19.200000762939453,14.157464027404785,CSCO
4011,13-01-2006,18.88999938964844,19.1299991607666,52349600,19.32999992370605,18.920000076293945,13.950997352600098,CSCO
4012,17-01-2006,18.46999931335449,18.700000762939453,53125200,18.780000686645508,18.68000030517578,13.774030685424805,CSCO
4013,18-01-2006,18.3700008392334,18.399999618530273,69475200,18.850000381469727,18.729999542236328,13.810897827148438,CSCO
4014,19-01-2006,18.81999969482422,18.850000381469727,54516900,19.1200008392334,19.020000457763672,14.024733543395994,CSCO
4015,20-01-2006,18.239999771118164,18.90999984741211,77815100,18.93000030517578,18.51000022888184,13.648677825927734,CSCO
4016,23-01-2006,18.1299991607666,18.540000915527344,54554200,18.559999465942386,18.15999984741211,13.390597343444824,CSCO
4017,24-01-2006,18.149999618530273,18.170000076293945,50574700,18.46999931335449,18.32999992370605,13.515948295593262,CSCO
4018,25-01-2006,18.26000022888184,18.350000381469727,51610600,18.61000061035156,18.56999969482422,13.692914009094238,CSCO
4019,26-01-2006,18.25,18.56999969482422,64896300,18.690000534057614,18.57999992370605,13.70029354095459,CSCO
4020,27-01-2006,18.559999465942386,18.57999992370605,48720700,18.950000762939453,18.780000686645508,13.847761154174805,CSCO
4021,30-01-2006,18.670000076293945,18.690000534057614,43844300,18.950000762939453,18.88999938964844,13.928873062133787,CSCO
4022,31-01-2006,18.31999969482422,18.700000762939453,64719200,18.739999771118164,18.56999969482422,13.692914009094238,CSCO
4023,01-02-2006,18.350000381469727,18.399999618530273,53734600,18.6200008392334,18.57999992370605,13.70029354095459,CSCO
4024,02-02-2006,18.299999237060547,18.459999084472656,40284100,18.75,18.3700008392334,13.545446395874025,CSCO
4025,03-02-2006,17.950000762939453,18.290000915527344,71696800,18.32999992370605,18.149999618530273,13.38322639465332,CSCO
4026,06-02-2006,17.829999923706055,18.030000686645508,51811100,18.100000381469727,17.829999923706055,13.147265434265135,CSCO
4027,07-02-2006,17.81999969482422,17.84000015258789,78522100,18.200000762939453,18.09000015258789,13.338980674743652,CSCO
4028,08-02-2006,19.11000061035156,19.270000457763672,200671700,19.5,19.399999618530273,14.304936408996582,CSCO
4029,09-02-2006,19.46999931335449,19.520000457763672,119726500,19.979999542236328,19.549999237060547,14.41553783416748,CSCO
4030,10-02-2006,19.600000381469727,19.61000061035156,73782500,19.8799991607666,19.76000022888184,14.570391654968262,CSCO
4031,13-02-2006,19.31999969482422,19.6200008392334,58621900,19.850000381469727,19.549999237060547,14.41553783416748,CSCO
4032,14-02-2006,19.57999992370605,19.63999938964844,55792800,19.86000061035156,19.700000762939453,14.526145935058596,CSCO
4033,15-02-2006,19.600000381469727,19.600000381469727,65024300,19.959999084472656,19.940000534057614,14.703113555908205,CSCO
4034,16-02-2006,19.82999992370605,19.90999984741211,46990700,20.0,19.979999542236328,14.732605934143065,CSCO
4035,17-02-2006,19.82999992370605,19.940000534057614,35965900,19.989999771118164,19.86000061035156,14.644124984741213,CSCO
4036,21-02-2006,19.450000762939453,19.709999084472656,47666600,19.899999618530273,19.57999992370605,14.437660217285154,CSCO
4037,22-02-2006,19.56999969482422,19.56999969482422,57719700,19.93000030517578,19.670000076293945,14.504023551940918,CSCO
4038,23-02-2006,19.559999465942386,19.6200008392334,48143700,19.850000381469727,19.71999931335449,14.540888786315918,CSCO
4039,24-02-2006,19.68000030517578,19.700000762939453,37444900,19.90999984741211,19.850000381469727,14.63675308227539,CSCO
4040,27-02-2006,19.82999992370605,19.850000381469727,55854400,20.0,19.96999931335449,14.725238800048828,CSCO
4041,28-02-2006,19.86000061035156,19.959999084472656,137099800,20.399999618530273,20.239999771118164,14.924321174621582,CSCO
4042,01-03-2006,20.34000015258789,20.3799991607666,160237700,21.1200008392334,21.059999465942386,15.528963088989258,CSCO
4043,02-03-2006,20.700000762939453,20.93000030517578,69236400,21.059999465942386,20.8799991607666,15.396240234375,CSCO
4044,03-03-2006,20.65999984741211,20.700000762939453,76428600,21.32999992370605,21.040000915527344,15.514217376708984,CSCO
4045,06-03-2006,20.8799991607666,20.96999931335449,85155100,21.479999542236328,21.049999237060547,15.521591186523438,CSCO
4046,07-03-2006,20.68000030517578,20.93000030517578,47523100,20.979999542236328,20.8700008392334,15.388866424560547,CSCO
4047,08-03-2006,20.68000030517578,20.709999084472656,54435200,20.989999771118164,20.86000061035156,15.381489753723145,CSCO
4048,09-03-2006,20.440000534057614,20.899999618530273,45597800,20.90999984741211,20.440000534057614,15.07179355621338,CSCO
4049,10-03-2006,20.31999969482422,20.530000686645508,48463600,20.8799991607666,20.81999969482422,15.351985931396484,CSCO
4050,13-03-2006,20.809999465942386,20.8700008392334,46526400,21.149999618530273,20.86000061035156,15.381489753723145,CSCO
4051,14-03-2006,20.770000457763672,20.81999969482422,54956400,21.25,21.25,15.669066429138185,CSCO
4052,15-03-2006,21.15999984741211,21.190000534057614,48514600,21.5,21.440000534057614,15.809165000915527,CSCO
4053,16-03-2006,21.239999771118164,21.489999771118164,55426200,21.690000534057614,21.25,15.669066429138185,CSCO
4054,17-03-2006,21.149999618530273,21.440000534057614,62104500,21.68000030517578,21.6200008392334,15.941889762878418,CSCO
4055,20-03-2006,21.43000030517578,21.6200008392334,34525500,21.739999771118164,21.68000030517578,15.986132621765135,CSCO
4056,21-03-2006,21.280000686645508,21.40999984741211,49443400,21.850000381469727,21.40999984741211,15.787043571472168,CSCO
4057,22-03-2006,21.229999542236328,21.239999771118164,35794900,21.5,21.420000076293945,15.794419288635256,CSCO
4058,23-03-2006,21.209999084472656,21.290000915527344,37038000,21.489999771118164,21.40999984741211,15.787043571472168,CSCO
4059,24-03-2006,21.239999771118164,21.34000015258789,34047900,21.5,21.36000061035156,15.750178337097168,CSCO
4060,27-03-2006,21.25,21.290000915527344,53091400,21.850000381469727,21.690000534057614,15.993505477905273,CSCO
4061,28-03-2006,21.309999465942386,21.61000061035156,54353600,21.899999618530273,21.32999992370605,15.72805118560791,CSCO
4062,29-03-2006,21.280000686645508,21.399999618530273,58304500,21.8799991607666,21.56999969482422,15.905017852783205,CSCO
4063,30-03-2006,21.549999237060547,21.600000381469727,54944600,22.0,21.96999931335449,16.199970245361328,CSCO
4064,31-03-2006,21.670000076293945,21.950000762939453,54881800,22.0,21.670000076293945,15.978763580322266,CSCO
4065,03-04-2006,21.59000015258789,21.850000381469727,46689300,21.979999542236328,21.59000015258789,15.91977310180664,CSCO
4066,04-04-2006,21.399999618530273,21.530000686645508,43116400,21.700000762939453,21.559999465942386,15.8976469039917,CSCO
4067,05-04-2006,21.59000015258789,21.59000015258789,38695200,21.940000534057614,21.690000534057614,15.993505477905273,CSCO
4068,06-04-2006,21.11000061035156,21.600000381469727,71000400,21.649999618530273,21.18000030517578,15.617449760437012,CSCO
4069,07-04-2006,20.780000686645508,21.18000030517578,44277000,21.38999938964844,20.809999465942386,15.344622611999512,CSCO
4070,10-04-2006,20.770000457763672,20.799999237060547,31086300,21.149999618530273,20.989999771118164,15.477349281311035,CSCO
4071,11-04-2006,20.700000762939453,20.979999542236328,45602900,21.149999618530273,21.030000686645508,15.506839752197266,CSCO
4072,12-04-2006,20.8799991607666,20.940000534057614,30588600,21.209999084472656,21.020000457763672,15.499472618103027,CSCO
4073,13-04-2006,20.989999771118164,20.989999771118164,38597300,21.5,21.18000030517578,15.617449760437012,CSCO
4074,17-04-2006,20.729999542236328,21.149999618530273,34077500,21.3700008392334,20.86000061035156,15.381489753723145,CSCO
4075,18-04-2006,20.729999542236328,21.01000022888184,50499000,21.5,21.46999931335449,15.831281661987305,CSCO
4076,19-04-2006,21.09000015258789,21.399999618530273,29180000,21.450000762939453,21.26000022888184,15.676433563232422,CSCO
4077,20-04-2006,20.920000076293945,21.13999938964844,36842900,21.46999931335449,21.030000686645508,15.506839752197266,CSCO
4078,21-04-2006,20.489999771118164,21.0,43420200,21.13999938964844,20.68000030517578,15.24876594543457,CSCO
4079,24-04-2006,20.280000686645508,20.56999969482422,48504400,20.649999618530273,20.290000915527344,14.961190223693848,CSCO
4080,25-04-2006,20.200000762939453,20.3799991607666,46101900,20.559999465942386,20.46999931335449,15.093918800354006,CSCO
4081,26-04-2006,20.399999618530273,20.51000022888184,47199800,20.8799991607666,20.729999542236328,15.28563404083252,CSCO
4082,27-04-2006,20.520000457763672,20.57999992370605,46851000,21.229999542236328,20.979999542236328,15.469978332519533,CSCO
4083,28-04-2006,20.770000457763672,21.0,42941100,21.299999237060547,20.950000762939453,15.447851181030273,CSCO
4084,01-05-2006,20.90999984741211,21.020000457763672,45526500,21.399999618530273,20.959999084472656,15.45522403717041,CSCO
4085,02-05-2006,21.11000061035156,21.1299991607666,46465100,21.75,21.38999938964844,15.772298812866213,CSCO
4086,03-05-2006,21.31999969482422,21.6299991607666,34829200,21.649999618530273,21.489999771118164,15.84603786468506,CSCO
4087,04-05-2006,21.5,21.520000457763672,49635800,21.899999618530273,21.86000061035156,16.118860244750973,CSCO
4088,05-05-2006,21.5,21.88999938964844,50528200,22.0,21.75,16.037750244140625,CSCO
4089,08-05-2006,21.56999969482422,21.649999618530273,47325000,21.88999938964844,21.76000022888184,16.045120239257812,CSCO
4090,09-05-2006,21.40999984741211,21.700000762939453,79280500,21.799999237060547,21.68000030517578,15.986132621765135,CSCO
4091,10-05-2006,20.690000534057614,21.36000061035156,92672100,21.989999771118164,20.75,15.300381660461426,CSCO
4092,11-05-2006,19.959999084472656,20.6299991607666,84840100,20.65999984741211,20.049999237060547,14.784223556518555,CSCO
4093,12-05-2006,20.100000381469727,20.15999984741211,71805000,20.75,20.34000015258789,14.99805736541748,CSCO
4094,15-05-2006,19.5,20.3799991607666,53730600,20.6200008392334,20.559999465942386,15.160282135009766,CSCO
4095,16-05-2006,20.149999618530273,20.489999771118164,55404400,20.540000915527344,20.209999084472656,14.902206420898438,CSCO
4096,17-05-2006,19.959999084472656,19.989999771118164,60254600,20.350000381469727,20.18000030517578,14.880077362060547,CSCO
4097,18-05-2006,20.15999984741211,20.170000076293945,63571800,20.600000381469727,20.290000915527344,14.961190223693848,CSCO
4098,19-05-2006,20.31999969482422,20.399999618530273,77038300,20.940000534057614,20.8700008392334,15.388866424560547,CSCO
4099,22-05-2006,20.5,20.6200008392334,55276800,20.88999938964844,20.600000381469727,15.189778327941895,CSCO
4100,23-05-2006,20.3700008392334,20.6200008392334,51067400,20.93000030517578,20.3700008392334,15.020176887512207,CSCO
4101,24-05-2006,20.13999938964844,20.399999618530273,55182000,20.729999542236328,20.489999771118164,15.108663558959961,CSCO
4102,25-05-2006,20.280000686645508,20.61000061035156,41344000,20.75,20.520000457763672,15.13078498840332,CSCO
4103,26-05-2006,20.190000534057614,20.540000915527344,37759600,20.56999969482422,20.309999465942386,14.975939750671387,CSCO
4104,30-05-2006,19.770000457763672,20.200000762939453,45863200,20.229999542236328,19.770000457763672,14.577764511108398,CSCO
4105,31-05-2006,19.51000022888184,19.809999465942386,56955900,20.030000686645508,19.68000030517578,14.511401176452635,CSCO
4106,01-06-2006,19.670000076293945,19.68000030517578,53313500,20.5,20.5,15.116040229797365,CSCO
4107,02-06-2006,20.350000381469727,20.600000381469727,43053400,20.799999237060547,20.440000534057614,15.07179355621338,CSCO
4108,05-06-2006,19.8799991607666,20.350000381469727,36223900,20.3700008392334,19.8799991607666,14.658872604370115,CSCO
4109,06-06-2006,19.88999938964844,19.920000076293945,53468500,20.36000061035156,20.170000076293945,14.872706413269045,CSCO
4110,07-06-2006,19.899999618530273,20.26000022888184,40723000,20.270000457763672,19.90999984741211,14.68099308013916,CSCO
4111,08-06-2006,19.40999984741211,19.76000022888184,71683800,20.07999992370605,19.88999938964844,14.666240692138672,CSCO
4112,09-06-2006,19.82999992370605,19.899999618530273,39833700,20.239999771118164,19.96999931335449,14.725238800048828,CSCO
4113,12-06-2006,19.479999542236328,19.950000762939453,30463800,20.0,19.479999542236328,14.363924980163574,CSCO
4114,13-06-2006,19.309999465942386,19.38999938964844,47899800,19.6200008392334,19.36000061035156,14.275440216064453,CSCO
4115,14-06-2006,19.36000061035156,19.399999618530273,40552900,19.76000022888184,19.61000061035156,14.4597806930542,CSCO
4116,15-06-2006,19.65999984741211,19.670000076293945,44788100,20.229999542236328,20.21999931335449,14.909573554992676,CSCO
4117,16-06-2006,19.899999618530273,20.170000076293945,41165300,20.21999931335449,19.979999542236328,14.732605934143065,CSCO
4118,19-06-2006,19.709999084472656,20.01000022888184,32760800,20.149999618530273,19.81999969482422,14.61462688446045,CSCO
4119,20-06-2006,19.63999938964844,19.75,28931100,20.049999237060547,19.729999542236328,14.548259735107422,CSCO
4120,21-06-2006,19.76000022888184,19.76000022888184,48813100,20.420000076293945,20.06999969482422,14.798971176147461,CSCO
4121,22-06-2006,19.540000915527344,20.1299991607666,41353700,20.229999542236328,19.690000534057614,14.51877498626709,CSCO
4122,23-06-2006,19.549999237060547,19.61000061035156,27523400,19.90999984741211,19.61000061035156,14.4597806930542,CSCO
4123,26-06-2006,19.489999771118164,19.559999465942386,21107200,19.700000762939453,19.600000381469727,14.452407836914062,CSCO
4124,27-06-2006,19.270000457763672,19.6299991607666,36313200,19.780000686645508,19.299999237060547,14.231197357177734,CSCO
4125,28-06-2006,19.07999992370605,19.309999465942386,35188100,19.440000534057614,19.3799991607666,14.29018497467041,CSCO
4126,29-06-2006,19.309999465942386,19.43000030517578,43745100,20.0,19.90999984741211,14.68099308013916,CSCO
4127,30-06-2006,19.520000457763672,20.01000022888184,52846800,20.030000686645508,19.530000686645508,14.400795936584473,CSCO
4128,03-07-2006,19.68000030517578,19.780000686645508,21909100,20.11000061035156,20.0,14.747355461120605,CSCO
4129,05-07-2006,19.46999931335449,19.81999969482422,30709600,19.96999931335449,19.600000381469727,14.452407836914062,CSCO
4130,06-07-2006,19.489999771118164,19.6200008392334,33579600,19.81999969482422,19.6299991607666,14.474529266357422,CSCO
4131,07-07-2006,19.21999931335449,19.5,33777800,19.6200008392334,19.38999938964844,14.297564506530762,CSCO
4132,10-07-2006,18.81999969482422,19.479999542236328,39284000,19.540000915527344,18.96999931335449,13.98786735534668,CSCO
4133,11-07-2006,18.36000061035156,18.81999969482422,74690400,18.8700008392334,18.690000534057614,13.781401634216307,CSCO
4134,12-07-2006,18.200000762939453,18.59000015258789,37847600,18.65999984741211,18.26000022888184,13.464333534240724,CSCO
4135,13-07-2006,17.8799991607666,18.100000381469727,50040000,18.420000076293945,18.020000457763672,13.28736972808838,CSCO
4136,14-07-2006,17.770000457763672,18.020000457763672,39858300,18.21999931335449,17.940000534057614,13.22837734222412,CSCO
4137,17-07-2006,17.860000610351562,17.969999313354492,42147100,18.270000457763672,17.969999313354492,13.250494956970215,CSCO
4138,18-07-2006,17.510000228881836,18.030000686645508,48048900,18.170000076293945,17.8799991607666,13.184137344360352,CSCO
4139,19-07-2006,17.790000915527344,17.889999389648438,68719700,18.43000030517578,18.0,13.272622108459473,CSCO
4140,20-07-2006,17.610000610351562,18.06999969482422,61521400,18.09000015258789,17.8799991607666,13.184137344360352,CSCO
4141,21-07-2006,17.450000762939453,17.799999237060547,55748300,17.850000381469727,17.459999084472653,12.87444019317627,CSCO
4142,24-07-2006,17.549999237060547,17.68000030517578,44061300,18.020000457763672,17.950000762939453,13.235748291015625,CSCO
4143,25-07-2006,17.719999313354492,17.989999771118164,33636900,18.200000762939453,18.06999969482422,13.324233055114744,CSCO
4144,26-07-2006,17.860000610351562,17.979999542236328,33595300,18.18000030517578,17.940000534057614,13.22837734222412,CSCO
4145,27-07-2006,17.600000381469727,18.059999465942386,33205100,18.1200008392334,17.690000534057614,13.04403305053711,CSCO
4146,28-07-2006,17.790000915527344,17.84000015258789,37831900,18.07999992370605,18.07999992370605,13.331605911254885,CSCO
4147,31-07-2006,17.850000381469727,17.989999771118164,49167000,18.36000061035156,17.8799991607666,13.184137344360352,CSCO
4148,01-08-2006,17.479999542236328,17.850000381469727,41097500,17.8700008392334,17.479999542236328,12.889187812805176,CSCO
4149,02-08-2006,17.280000686645508,17.569999694824222,57824900,17.690000534057614,17.479999542236328,12.889187812805176,CSCO
4150,03-08-2006,17.149999618530273,17.319999694824222,58640200,17.639999389648438,17.559999465942386,12.9481782913208,CSCO
4151,04-08-2006,17.100000381469727,17.649999618530273,66834600,17.65999984741211,17.239999771118164,12.7122220993042,CSCO
4152,07-08-2006,17.190000534057614,17.280000686645508,34420000,17.59000015258789,17.40999984741211,12.837570190429688,CSCO
4153,08-08-2006,17.149999618530273,17.639999389648438,87925000,17.649999618530273,17.290000915527347,12.749085426330565,CSCO
4154,09-08-2006,19.350000381469727,19.40999984741211,221606700,19.950000762939453,19.780000686645508,14.585132598876953,CSCO
4155,10-08-2006,19.31999969482422,19.600000381469727,52250700,19.780000686645508,19.559999465942386,14.4229097366333,CSCO
4156,11-08-2006,19.3700008392334,19.51000022888184,42210200,19.729999542236328,19.540000915527344,14.408167839050293,CSCO
4157,14-08-2006,19.770000457763672,19.8799991607666,63896400,20.21999931335449,20.09000015258789,14.81371784210205,CSCO
4158,15-08-2006,20.290000915527344,20.450000762939453,72488900,20.850000381469727,20.649999618530273,15.226648330688475,CSCO
4159,16-08-2006,20.59000015258789,20.799999237060547,65318300,21.13999938964844,21.100000381469727,15.558460235595705,CSCO
4160,17-08-2006,20.71999931335449,20.989999771118164,43863800,21.13999938964844,20.850000381469727,15.374119758605955,CSCO
4161,18-08-2006,20.46999931335449,20.81999969482422,35119900,20.899999618530273,20.86000061035156,15.381489753723145,CSCO
4162,21-08-2006,20.56999969482422,20.61000061035156,29109700,21.0,20.90999984741211,15.418355941772461,CSCO
4163,22-08-2006,20.84000015258789,20.899999618530273,52518200,21.34000015258789,21.239999771118164,15.66168975830078,CSCO
4164,23-08-2006,20.82999992370605,21.200000762939453,36645300,21.32999992370605,21.049999237060547,15.521591186523438,CSCO
4165,24-08-2006,20.96999931335449,21.309999465942386,36280600,21.420000076293945,21.09000015258789,15.551081657409668,CSCO
4166,25-08-2006,20.959999084472656,21.030000686645508,28999000,21.270000457763672,21.049999237060547,15.521591186523438,CSCO
4167,28-08-2006,20.88999938964844,20.959999084472656,35100000,21.479999542236328,21.40999984741211,15.787043571472168,CSCO
4168,29-08-2006,21.190000534057614,21.34000015258789,43576400,21.690000534057614,21.68000030517578,15.986132621765135,CSCO
4169,30-08-2006,21.5,21.63999938964844,36124700,21.75,21.670000076293945,15.978763580322266,CSCO
4170,31-08-2006,21.649999618530273,21.649999618530273,85353600,22.149999618530273,21.989999771118164,16.214717864990234,CSCO
4171,01-09-2006,21.850000381469727,22.049999237060547,67306400,22.350000381469727,22.270000457763672,16.42118263244629,CSCO
4172,05-09-2006,22.020000457763672,22.1299991607666,65441800,22.270000457763672,22.09000015258789,16.288454055786133,CSCO
4173,06-09-2006,21.600000381469727,21.790000915527344,65590200,22.290000915527344,21.690000534057614,15.993505477905273,CSCO
4174,07-09-2006,21.18000030517578,21.530000686645508,56149900,21.799999237060547,21.540000915527344,15.88290309906006,CSCO
4175,08-09-2006,21.31999969482422,21.63999938964844,33303700,21.76000022888184,21.75,16.037750244140625,CSCO
4176,11-09-2006,21.520000457763672,21.559999465942386,42629300,22.13999938964844,21.959999084472656,16.192594528198242,CSCO
4177,12-09-2006,21.88999938964844,21.96999931335449,66017500,22.649999618530273,22.649999618530273,16.70137596130371,CSCO
4178,13-09-2006,22.54999923706055,22.6200008392334,43514200,22.88999938964844,22.649999618530273,16.70137596130371,CSCO
4179,14-09-2006,22.540000915527344,22.54999923706055,40386800,22.78000068664551,22.70000076293945,16.738248825073242,CSCO
4180,15-09-2006,22.60000038146973,22.86000061035156,62763500,23.28000068664551,22.71999931335449,16.75299072265625,CSCO
4181,18-09-2006,22.670000076293945,22.770000457763672,47057700,23.0,22.84000015258789,16.84147834777832,CSCO
4182,19-09-2006,22.440000534057614,22.79999923706055,55677100,22.979999542236328,22.76000022888184,16.782487869262695,CSCO
4183,20-09-2006,22.82999992370605,22.95000076293945,76481300,23.34000015258789,23.270000457763672,17.15854263305664,CSCO
4184,21-09-2006,22.940000534057614,23.35000038146973,56254600,23.46999931335449,23.01000022888184,16.96683120727539,CSCO
4185,22-09-2006,22.56999969482422,22.85000038146973,45428100,23.040000915527344,22.8799991607666,16.870973587036133,CSCO
4186,25-09-2006,22.670000076293945,22.96999931335449,40179800,23.25,23.229999542236328,17.12904930114746,CSCO
4187,26-09-2006,23.0,23.1299991607666,56462000,23.5,23.5,17.328140258789062,CSCO
4188,27-09-2006,23.1200008392334,23.309999465942386,37352300,23.479999542236328,23.35000038146973,17.217536926269528,CSCO
4189,28-09-2006,23.1200008392334,23.229999542236328,40084600,23.5,23.479999542236328,17.313390731811527,CSCO
4190,29-09-2006,22.959999084472656,23.440000534057614,38149200,23.53000068664551,22.979999542236328,16.944713592529293,CSCO
4191,02-10-2006,22.959999084472656,23.04999923706055,33241700,23.239999771118164,22.979999542236328,16.944713592529293,CSCO
4192,03-10-2006,22.79999923706055,22.8700008392334,38231300,23.489999771118164,23.40999984741211,17.261783599853516,CSCO
4193,04-10-2006,23.26000022888184,23.28000068664551,56151300,23.979999542236328,23.93000030517578,17.64521026611328,CSCO
4194,05-10-2006,23.739999771118164,23.90999984741211,51196400,24.0,23.899999618530273,17.623088836669922,CSCO
4195,06-10-2006,23.739999771118164,23.790000915527344,48906000,24.20000076293945,24.09000015258789,17.76319122314453,CSCO
4196,09-10-2006,24.1200008392334,24.25,37616400,24.399999618530273,24.309999465942386,17.92540740966797,CSCO
4197,10-10-2006,24.0,24.239999771118164,40784600,24.38999938964844,24.32999992370605,17.940160751342773,CSCO
4198,11-10-2006,24.170000076293945,24.209999084472656,40331200,24.54999923706055,24.399999618530273,17.991771697998047,CSCO
4199,12-10-2006,24.1200008392334,24.399999618530273,41497200,24.53000068664551,24.45000076293945,18.028640747070312,CSCO
4200,13-10-2006,24.36000061035156,24.399999618530273,35911400,24.6200008392334,24.53000068664551,18.087631225585934,CSCO
4201,16-10-2006,24.54999923706055,24.63999938964844,39460700,24.78000068664551,24.59000015258789,18.131874084472656,CSCO
4202,17-10-2006,24.1200008392334,24.45000076293945,41022800,24.559999465942386,24.479999542236328,18.05076026916504,CSCO
4203,18-10-2006,24.10000038146973,24.43000030517578,36313200,24.63999938964844,24.18000030517578,17.82955551147461,CSCO
4204,19-10-2006,23.729999542236328,24.01000022888184,48336400,24.239999771118164,24.15999984741211,17.81480598449707,CSCO
4205,20-10-2006,23.95000076293945,24.20000076293945,48070200,24.57999992370605,24.54999923706055,18.102375030517575,CSCO
4206,23-10-2006,24.270000457763672,24.45000076293945,48564000,24.63999938964844,24.43000030517578,18.013891220092773,CSCO
4207,24-10-2006,24.15999984741211,24.3700008392334,29854800,24.540000915527344,24.34000015258789,17.94753074645996,CSCO
4208,25-10-2006,24.09000015258789,24.229999542236328,38940300,24.420000076293945,24.290000915527344,17.910667419433594,CSCO
4209,26-10-2006,23.959999084472656,24.34000015258789,34273600,24.36000061035156,24.190000534057614,17.836923599243164,CSCO
4210,27-10-2006,23.6299991607666,24.11000061035156,43007600,24.190000534057614,23.71999931335449,17.490360260009766,CSCO
4211,30-10-2006,23.270000457763672,23.520000457763672,43630700,24.03000068664551,23.899999618530273,17.623088836669922,CSCO
4212,31-10-2006,24.020000457763672,24.15999984741211,45209900,24.38999938964844,24.1299991607666,17.79268455505371,CSCO
4213,01-11-2006,23.95000076293945,24.34000015258789,50207200,24.45000076293945,24.10000038146973,17.770566940307614,CSCO
4214,02-11-2006,23.899999618530273,23.979999542236328,38778500,24.13999938964844,24.04999923706055,17.73369789123535,CSCO
4215,03-11-2006,23.559999465942386,24.01000022888184,39342200,24.03000068664551,23.770000457763672,17.527233123779293,CSCO
4216,06-11-2006,24.1200008392334,24.13999938964844,74537100,24.85000038146973,24.68000030517578,18.198238372802734,CSCO
4217,07-11-2006,24.56999969482422,24.81999969482422,76090900,25.01000022888184,24.84000015258789,18.316211700439453,CSCO
4218,08-11-2006,24.5,24.670000076293945,124079100,25.38999938964844,25.10000038146973,18.5079288482666,CSCO
4219,09-11-2006,26.649999618530273,27.440000534057614,198731600,27.440000534057614,26.709999084472656,19.695091247558594,CSCO
4220,10-11-2006,26.559999465942386,26.670000076293945,59171800,26.979999542236328,26.739999771118164,19.71722221374512,CSCO
4221,13-11-2006,26.520000457763672,26.75,49334500,26.79999923706055,26.68000030517578,19.672969818115234,CSCO
4222,14-11-2006,26.40999984741211,26.70000076293945,48229900,26.739999771118164,26.63999938964844,19.64347648620605,CSCO
4223,15-11-2006,26.5,26.6200008392334,47325100,26.75,26.60000038146973,19.613983154296875,CSCO
4224,16-11-2006,26.729999542236328,26.75,65702600,27.31999969482422,27.149999618530273,20.0195369720459,CSCO
4225,17-11-2006,26.790000915527344,26.989999771118164,44484400,27.059999465942386,26.93000030517578,19.857311248779297,CSCO
4226,20-11-2006,26.71999931335449,26.979999542236328,42390600,27.13999938964844,27.11000061035156,19.99003791809082,CSCO
4227,21-11-2006,26.729999542236328,27.170000076293945,45030100,27.18000030517578,26.79999923706055,19.76144790649414,CSCO
4228,22-11-2006,26.75,26.93000030517578,27148000,26.989999771118164,26.90999984741211,19.84256172180176,CSCO
4229,24-11-2006,26.239999771118164,26.70000076293945,13474600,26.8799991607666,26.84000015258789,19.79094886779785,CSCO
4230,27-11-2006,25.729999542236328,26.76000022888184,63803200,26.88999938964844,25.79999923706055,19.02408790588379,CSCO
4231,28-11-2006,25.59000015258789,25.6200008392334,108606500,27.1299991607666,27.03000068664551,19.93105125427246,CSCO
4232,29-11-2006,26.899999618530273,27.04999923706055,68137400,27.29999923706055,27.07999992370605,19.967918395996094,CSCO
4233,30-11-2006,26.79999923706055,27.020000457763672,45935300,27.04999923706055,26.90999984741211,19.84256172180176,CSCO
4234,01-12-2006,26.45000076293945,26.95000076293945,47014700,27.07999992370605,26.690000534057614,19.68034172058105,CSCO
4235,04-12-2006,26.86000061035156,26.940000534057614,68450100,27.56999969482422,27.25,20.09326934814453,CSCO
4236,05-12-2006,27.0,27.399999618530273,43080300,27.440000534057614,27.040000915527344,19.93842315673828,CSCO
4237,06-12-2006,26.95000076293945,27.1200008392334,34092600,27.270000457763672,27.09000015258789,19.97529602050781,CSCO
4238,07-12-2006,26.8799991607666,27.20000076293945,31417900,27.29999923706055,26.8799991607666,19.820446014404297,CSCO
4239,08-12-2006,26.75,26.8799991607666,29495600,27.149999618530273,26.979999542236328,19.89418029785156,CSCO
4240,11-12-2006,26.85000038146973,26.899999618530273,43035200,27.479999542236328,27.11000061035156,19.99003791809082,CSCO
4241,12-12-2006,26.76000022888184,27.1200008392334,43065500,27.399999618530273,27.07999992370605,19.967918395996094,CSCO
4242,13-12-2006,26.93000030517578,27.34000015258789,43170100,27.35000038146973,27.25,20.09326934814453,CSCO
4243,14-12-2006,27.18000030517578,27.21999931335449,39441600,27.440000534057614,27.309999465942386,20.13751220703125,CSCO
4244,15-12-2006,27.32999992370605,27.43000030517578,66987100,27.770000457763672,27.559999465942386,20.321855545043945,CSCO
4245,18-12-2006,27.43000030517578,27.60000038146973,46255800,27.959999084472656,27.61000061035156,20.358720779418945,CSCO
4246,19-12-2006,27.29999923706055,27.46999931335449,38603100,27.76000022888184,27.6299991607666,20.37347221374512,CSCO
4247,20-12-2006,27.3799991607666,27.68000030517578,31825400,27.70000076293945,27.38999938964844,20.19649887084961,CSCO
4248,21-12-2006,27.21999931335449,27.5,32398900,27.60000038146973,27.290000915527344,20.122764587402344,CSCO
4249,22-12-2006,26.93000030517578,27.34000015258789,27400500,27.420000076293945,26.93000030517578,19.857311248779297,CSCO
4250,26-12-2006,26.85000038146973,27.040000915527344,18185700,27.32999992370605,27.190000534057614,20.04902458190918,CSCO
4251,27-12-2006,26.82999992370605,27.29999923706055,25675600,27.5,27.29999923706055,20.13013458251953,CSCO
4252,28-12-2006,27.25,27.290000915527344,34817800,27.57999992370605,27.420000076293945,20.218616485595703,CSCO
4253,29-12-2006,27.290000915527344,27.32999992370605,27125900,27.6299991607666,27.32999992370605,20.152257919311523,CSCO
4254,03-01-2007,27.32999992370605,27.459999084472656,64226000,27.979999542236328,27.729999542236328,20.44721031188965,CSCO
4255,04-01-2007,27.540000915527344,27.68000030517578,73012100,28.489999771118164,28.459999084472656,20.98548126220703,CSCO
4256,05-01-2007,28.04999923706055,28.440000534057614,62647800,28.56999969482422,28.46999931335449,20.99285888671875,CSCO
4257,08-01-2007,28.31999969482422,28.540000915527344,47936500,28.739999771118164,28.6299991607666,21.11083984375,CSCO
4258,09-01-2007,28.309999465942386,28.71999931335449,50488300,28.75,28.46999931335449,20.99285888671875,CSCO
4259,10-01-2007,28.209999084472656,28.270000457763672,50632400,28.729999542236328,28.68000030517578,21.147705078125,CSCO
4260,11-01-2007,28.61000061035156,28.770000457763672,54602200,28.989999771118164,28.690000534057614,21.155080795288086,CSCO
4261,12-01-2007,28.45000076293945,28.540000915527344,54588000,28.96999931335449,28.920000076293945,21.32467460632324,CSCO
4262,16-01-2007,28.0,28.59000015258789,75551500,28.59000015258789,28.040000915527344,20.675790786743164,CSCO
4263,17-01-2007,26.88999938964844,27.86000061035156,108858000,28.0,26.979999542236328,19.89418029785156,CSCO
4264,18-01-2007,26.270000457763672,27.1299991607666,80498300,27.149999618530273,26.45000076293945,19.50337791442871,CSCO
4265,19-01-2007,26.420000076293945,26.45000076293945,62266800,26.85000038146973,26.70000076293945,19.687719345092773,CSCO
4266,22-01-2007,26.149999618530273,26.75,69421400,26.79999923706055,26.53000068664551,19.56237030029297,CSCO
4267,23-01-2007,26.03000068664551,26.3700008392334,67695900,26.71999931335449,26.040000915527344,19.20105743408203,CSCO
4268,24-01-2007,26.190000534057614,26.229999542236328,63817000,26.95000076293945,26.88999938964844,19.827823638916016,CSCO
4269,25-01-2007,26.15999984741211,26.93000030517578,55317400,26.95000076293945,26.21999931335449,19.333782196044922,CSCO
4270,26-01-2007,25.76000022888184,26.15999984741211,64449600,26.540000915527344,26.35000038146973,19.429643630981445,CSCO
4271,29-01-2007,26.0,26.290000915527344,51536100,26.46999931335449,26.209999084472656,19.326412200927734,CSCO
4272,30-01-2007,26.03000068664551,26.290000915527344,45030400,26.34000015258789,26.25,19.35590171813965,CSCO
4273,31-01-2007,26.04999923706055,26.190000534057614,60517900,26.809999465942386,26.6200008392334,19.628732681274414,CSCO
4274,01-02-2007,26.36000061035156,26.670000076293945,55597200,26.989999771118164,26.59000015258789,19.606609344482425,CSCO
4275,02-02-2007,26.60000038146973,26.90999984741211,59427500,27.18000030517578,27.13999938964844,20.012155532836914,CSCO
4276,05-02-2007,27.229999542236328,27.420000076293945,61115800,27.670000076293945,27.51000022888184,20.28498649597168,CSCO
4277,06-02-2007,27.1200008392334,27.75,105179400,27.78000068664551,27.28000068664551,20.115392684936523,CSCO
4278,07-02-2007,28.07999992370605,28.6200008392334,128470500,28.85000038146973,28.09000015258789,20.7126579284668,CSCO
4279,08-02-2007,27.79999923706055,27.899999618530273,55285200,28.35000038146973,28.13999938964844,20.74952507019043,CSCO
4280,09-02-2007,27.479999542236328,28.059999465942386,50559800,28.149999618530273,27.709999084472656,20.43245887756348,CSCO
4281,12-02-2007,27.420000076293945,27.6200008392334,39247500,27.75,27.540000915527344,20.30710792541504,CSCO
4282,13-02-2007,27.01000022888184,27.65999984741211,59367700,27.729999542236328,27.18000030517578,20.041650772094727,CSCO
4283,14-02-2007,27.149999618530273,27.26000022888184,48659900,27.649999618530273,27.459999084472656,20.24811553955078,CSCO
4284,15-02-2007,27.45000076293945,27.59000015258789,36506000,27.809999465942386,27.559999465942386,20.321855545043945,CSCO
4285,16-02-2007,27.36000061035156,27.479999542236328,34920100,27.54999923706055,27.520000457763672,20.2923583984375,CSCO
4286,20-02-2007,27.28000068664551,27.559999465942386,40816100,28.0,27.65999984741211,20.39559364318848,CSCO
4287,21-02-2007,27.29999923706055,27.31999969482422,35555600,27.61000061035156,27.3799991607666,20.18912124633789,CSCO
4288,22-02-2007,27.21999931335449,27.520000457763672,40347700,27.61000061035156,27.399999618530273,20.203880310058594,CSCO
4289,23-02-2007,27.35000038146973,27.35000038146973,40647000,27.670000076293945,27.51000022888184,20.28498649597168,CSCO
4290,26-02-2007,27.020000457763672,27.63999938964844,37742200,27.70000076293945,27.239999771118164,20.08589744567871,CSCO
4291,27-02-2007,25.440000534057614,26.75,78613400,26.95000076293945,25.709999084472656,18.95772361755371,CSCO
4292,28-02-2007,25.75,25.79999923706055,63725500,26.25,25.940000534057614,19.12732696533203,CSCO
4293,01-03-2007,25.06999969482422,25.399999618530273,70349100,26.25,25.85000038146973,19.06095695495605,CSCO
4294,02-03-2007,25.149999618530273,25.690000534057614,68604200,25.96999931335449,25.29999923706055,18.65540313720703,CSCO
4295,05-03-2007,24.81999969482422,25.020000457763672,60022300,25.75,25.459999084472656,18.77338218688965,CSCO
4296,06-03-2007,25.70000076293945,25.790000915527344,51801300,26.06999969482422,25.959999084472656,19.142066955566406,CSCO
4297,07-03-2007,25.57999992370605,25.90999984741211,65487300,26.1200008392334,25.8700008392334,19.075706481933594,CSCO
4298,08-03-2007,26.06999969482422,26.170000076293945,43868500,26.43000030517578,26.149999618530273,19.282161712646484,CSCO
4299,09-03-2007,25.940000534057614,26.420000076293945,39302700,26.489999771118164,26.07999992370605,19.23055458068848,CSCO
4300,12-03-2007,25.88999938964844,25.979999542236328,29173700,26.25,26.170000076293945,19.296916961669922,CSCO
4301,13-03-2007,25.46999931335449,26.0,58047500,26.229999542236328,25.5,18.80287742614746,CSCO
4302,14-03-2007,25.26000022888184,25.5,53373200,25.8799991607666,25.85000038146973,19.06095695495605,CSCO
4303,15-03-2007,25.6200008392334,25.70000076293945,38348800,25.93000030517578,25.809999465942386,19.031455993652344,CSCO
4304,16-03-2007,25.729999542236328,25.790000915527344,49897100,26.06999969482422,25.989999771118164,19.164182662963867,CSCO
4305,19-03-2007,26.0,26.190000534057614,37540300,26.3700008392334,26.29999923706055,19.39277458190918,CSCO
4306,20-03-2007,26.10000038146973,26.32999992370605,43996700,26.479999542236328,26.34000015258789,19.422266006469727,CSCO
4307,21-03-2007,26.059999465942386,26.399999618530273,44297700,26.790000915527344,26.790000915527344,19.754079818725586,CSCO
4308,22-03-2007,26.36000061035156,26.76000022888184,37075400,26.790000915527344,26.3700008392334,19.444387435913086,CSCO
4309,23-03-2007,26.190000534057614,26.45000076293945,31198200,26.57999992370605,26.190000534057614,19.31165885925293,CSCO
4310,26-03-2007,25.809999465942386,26.229999542236328,44659700,26.35000038146973,26.34000015258789,19.422266006469727,CSCO
4311,27-03-2007,25.85000038146973,26.149999618530273,39229400,26.239999771118164,25.93000030517578,19.119945526123047,CSCO
4312,28-03-2007,25.56999969482422,25.790000915527344,42165000,27.0,25.70000076293945,18.950349807739254,CSCO
4313,29-03-2007,25.15999984741211,25.920000076293945,56818400,25.96999931335449,25.43000030517578,18.751266479492188,CSCO
4314,30-03-2007,25.11000061035156,25.43000030517578,38922900,25.649999618530273,25.53000068664551,18.824996948242188,CSCO
4315,02-04-2007,25.309999465942386,25.670000076293945,33519000,25.729999542236328,25.399999618530273,18.72914123535156,CSCO
4316,03-04-2007,25.440000534057614,25.540000915527344,45485100,26.06999969482422,25.85000038146973,19.06095695495605,CSCO
4317,04-04-2007,25.8799991607666,25.95000076293945,39936300,26.21999931335449,26.10000038146973,19.245296478271484,CSCO
4318,05-04-2007,25.899999618530273,26.020000457763672,29372100,26.170000076293945,26.059999465942386,19.21580696105957,CSCO
4319,09-04-2007,26.11000061035156,26.1200008392334,28169500,26.35000038146973,26.20000076293945,19.31903076171875,CSCO
4320,10-04-2007,25.78000068664551,26.10000038146973,38575000,26.18000030517578,25.989999771118164,19.164182662963867,CSCO
4321,11-04-2007,25.63999938964844,25.96999931335449,42709700,26.13999938964844,25.790000915527344,19.016712188720703,CSCO
4322,12-04-2007,25.6299991607666,25.78000068664551,28071900,26.06999969482422,25.96999931335449,19.14944076538086,CSCO
4323,13-04-2007,25.63999938964844,25.920000076293945,83160800,26.95000076293945,26.68000030517578,19.672969818115234,CSCO
4324,16-04-2007,26.479999542236328,26.670000076293945,51863700,26.93000030517578,26.6200008392334,19.628732681274414,CSCO
4325,17-04-2007,26.559999465942386,26.68000030517578,59262500,27.1200008392334,26.84000015258789,19.79094886779785,CSCO
4326,18-04-2007,26.5,26.65999984741211,32158000,26.989999771118164,26.8700008392334,19.81307601928711,CSCO
4327,19-04-2007,26.46999931335449,26.59000015258789,29165200,26.75,26.68000030517578,19.672969818115234,CSCO
4328,20-04-2007,26.75,27.04999923706055,42547500,27.10000038146973,26.989999771118164,19.901554107666016,CSCO
4329,23-04-2007,26.5,26.90999984741211,38480700,26.940000534057614,26.57999992370605,19.5992374420166,CSCO
4330,24-04-2007,26.059999465942386,26.649999618530273,53272500,26.65999984741211,26.32999992370605,19.41489028930664,CSCO
4331,25-04-2007,26.21999931335449,26.53000068664551,45166800,26.8700008392334,26.78000068664551,19.746713638305664,CSCO
4332,26-04-2007,26.540000915527344,26.81999969482422,50933500,27.15999984741211,26.54999923706055,19.57711410522461,CSCO
4333,27-04-2007,26.489999771118164,26.51000022888184,45157900,27.04999923706055,27.03000068664551,19.93105125427246,CSCO
4334,30-04-2007,26.739999771118164,27.0,50368000,27.20000076293945,26.739999771118164,19.71722221374512,CSCO
4335,01-05-2007,26.559999465942386,26.8700008392334,46221200,27.03000068664551,26.86000061035156,19.805702209472656,CSCO
4336,02-05-2007,27.020000457763672,27.03000068664551,57237400,27.75,27.670000076293945,20.402965545654297,CSCO
4337,03-05-2007,27.559999465942386,27.76000022888184,37016600,27.940000534057614,27.70000076293945,20.42508888244629,CSCO
4338,04-05-2007,27.79999923706055,27.940000534057614,45872300,28.0,27.90999984741211,20.57993507385254,CSCO
4339,07-05-2007,27.76000022888184,27.959999084472656,46411700,27.96999931335449,27.809999465942386,20.50619506835937,CSCO
4340,08-05-2007,27.63999938964844,27.78000068664551,98226500,28.479999542236328,28.36000061035156,20.911754608154297,CSCO
4341,09-05-2007,26.440000534057614,27.020000457763672,151576700,27.09000015258789,26.51000022888184,19.547622680664066,CSCO
4342,10-05-2007,26.26000022888184,26.3700008392334,59524200,26.770000457763672,26.290000915527344,19.38539695739746,CSCO
4343,11-05-2007,26.35000038146973,26.440000534057614,39094200,26.649999618530273,26.6299991607666,19.6361026763916,CSCO
4344,14-05-2007,26.1200008392334,26.6200008392334,50552200,26.649999618530273,26.290000915527344,19.38539695739746,CSCO
4345,15-05-2007,26.07999992370605,26.36000061035156,43053100,26.489999771118164,26.1299991607666,19.267417907714844,CSCO
4346,16-05-2007,26.1299991607666,26.29999923706055,38666800,26.489999771118164,26.479999542236328,19.52549171447754,CSCO
4347,17-05-2007,26.25,26.29999923706055,37058100,26.6200008392334,26.28000068664551,19.378023147583008,CSCO
4348,18-05-2007,26.15999984741211,26.36000061035156,40781200,26.40999984741211,26.209999084472656,19.326412200927734,CSCO
4349,21-05-2007,26.190000534057614,26.209999084472656,43044700,26.540000915527344,26.399999618530273,19.466508865356445,CSCO
4350,22-05-2007,26.26000022888184,26.3799991607666,40002600,26.5,26.3700008392334,19.444387435913086,CSCO
4351,23-05-2007,25.8799991607666,26.40999984741211,54835900,26.43000030517578,25.96999931335449,19.14944076538086,CSCO
4352,24-05-2007,25.32999992370605,26.01000022888184,67814900,26.059999465942386,25.399999618530273,18.72914123535156,CSCO
4353,25-05-2007,25.399999618530273,25.540000915527344,42654600,25.68000030517578,25.520000457763672,18.817623138427734,CSCO
4354,29-05-2007,25.54999923706055,25.59000015258789,39918300,26.0,25.899999618530273,19.097820281982425,CSCO
4355,30-05-2007,25.60000038146973,25.690000534057614,55932300,26.399999618530273,26.38999938964844,19.459136962890625,CSCO
4356,31-05-2007,26.489999771118164,26.739999771118164,76344400,26.989999771118164,26.920000076293945,19.84994125366211,CSCO
4357,01-06-2007,26.82999992370605,26.95000076293945,47539400,27.399999618530273,26.86000061035156,19.805702209472656,CSCO
4358,04-06-2007,26.649999618530273,26.71999931335449,32524500,27.04999923706055,27.01000022888184,19.916305541992188,CSCO
4359,05-06-2007,26.86000061035156,26.86000061035156,59452300,27.29999923706055,27.20000076293945,20.05640411376953,CSCO
4360,06-06-2007,26.46999931335449,26.979999542236328,42858600,27.07999992370605,26.60000038146973,19.613983154296875,CSCO
4361,07-06-2007,25.84000015258789,26.45000076293945,68232400,26.60000038146973,25.85000038146973,19.06095695495605,CSCO
4362,08-06-2007,25.84000015258789,25.8799991607666,47289500,26.51000022888184,26.479999542236328,19.52549171447754,CSCO
4363,11-06-2007,26.270000457763672,26.290000915527344,24508400,26.53000068664551,26.31999969482422,19.407520294189453,CSCO
4364,12-06-2007,26.03000068664551,26.1200008392334,49529900,26.53000068664551,26.059999465942386,19.21580696105957,CSCO
4365,13-06-2007,25.86000061035156,26.21999931335449,43020100,26.53000068664551,26.53000068664551,19.56237030029297,CSCO
4366,14-06-2007,26.51000022888184,26.53000068664551,39936800,26.96999931335449,26.82999992370605,19.783573150634766,CSCO
4367,15-06-2007,26.8799991607666,27.040000915527344,74476400,27.399999618530273,27.38999938964844,20.19649887084961,CSCO
4368,18-06-2007,27.040000915527344,27.38999938964844,45438500,27.399999618530273,27.209999084472656,20.06377601623535,CSCO
4369,19-06-2007,26.8799991607666,27.10000038146973,42405200,27.399999618530273,27.29999923706055,20.13013458251953,CSCO
4370,20-06-2007,27.13999938964844,27.3799991607666,62296300,27.70000076293945,27.20000076293945,20.05640411376953,CSCO
4371,21-06-2007,26.90999984741211,27.18000030517578,50549100,27.440000534057614,27.31999969482422,20.14488983154297,CSCO
4372,22-06-2007,26.85000038146973,27.170000076293945,53207100,27.489999771118164,26.920000076293945,19.84994125366211,CSCO
4373,25-06-2007,26.75,26.84000015258789,44086600,27.35000038146973,27.03000068664551,19.93105125427246,CSCO
4374,26-06-2007,26.989999771118164,27.290000915527344,53507400,27.489999771118164,27.149999618530273,20.0195369720459,CSCO
4375,27-06-2007,26.85000038146973,26.95000076293945,38389500,27.29999923706055,27.270000457763672,20.108020782470703,CSCO
4376,28-06-2007,27.56999969482422,27.709999084472656,77966700,28.399999618530273,27.85000038146973,20.535694122314453,CSCO
4377,29-06-2007,27.649999618530273,27.979999542236328,44996100,28.059999465942386,27.85000038146973,20.535694122314453,CSCO
4378,02-07-2007,27.790000915527344,28.020000457763672,36955200,28.059999465942386,27.88999938964844,20.565187454223636,CSCO
4379,03-07-2007,27.809999465942386,27.96999931335449,22459300,28.10000038146973,28.10000038146973,20.72003936767578,CSCO
4380,05-07-2007,27.940000534057614,28.059999465942386,38774800,28.3799991607666,28.3700008392334,20.91912651062012,CSCO
4381,06-07-2007,28.239999771118164,28.34000015258789,34530200,28.5,28.46999931335449,20.99285888671875,CSCO
4382,09-07-2007,28.35000038146973,28.43000030517578,33283200,28.5,28.45000076293945,20.97811508178711,CSCO
4383,10-07-2007,28.10000038146973,28.18000030517578,39571700,28.479999542236328,28.309999465942386,20.8748779296875,CSCO
4384,11-07-2007,28.1299991607666,28.13999938964844,42390300,28.79999923706055,28.76000022888184,21.206693649291992,CSCO
4385,12-07-2007,27.559999465942386,28.88999938964844,91906700,29.96999931335449,29.79999923706055,21.973560333251953,CSCO
4386,13-07-2007,29.5,29.520000457763672,56273400,29.959999084472656,29.88999938964844,22.0399227142334,CSCO
4387,16-07-2007,29.71999931335449,29.71999931335449,44305500,30.0,29.88999938964844,22.0399227142334,CSCO
4388,17-07-2007,29.60000038146973,29.85000038146973,37508500,29.979999542236328,29.729999542236328,21.92194938659668,CSCO
4389,18-07-2007,28.8799991607666,29.45000076293945,47968900,29.54999923706055,29.440000534057614,21.70810890197754,CSCO
4390,19-07-2007,29.809999465942386,29.85000038146973,53279800,30.0,29.940000534057614,22.076791763305664,CSCO
4391,20-07-2007,29.399999618530273,29.940000534057614,45824600,29.940000534057614,29.59000015258789,21.81870460510254,CSCO
4392,23-07-2007,29.68000030517578,29.729999542236328,63484100,30.38999938964844,30.26000022888184,22.31275177001953,CSCO
4393,24-07-2007,29.57999992370605,29.95000076293945,69577300,30.36000061035156,29.76000022888184,21.944072723388672,CSCO
4394,25-07-2007,29.649999618530273,30.0,53082100,30.239999771118164,29.90999984741211,22.05466651916504,CSCO
4395,26-07-2007,29.07999992370605,29.489999771118164,75708200,29.95000076293945,29.670000076293945,21.87769889831543,CSCO
4396,27-07-2007,28.940000534057614,29.729999542236328,65845500,29.85000038146973,28.96999931335449,21.36154556274414,CSCO
4397,30-07-2007,28.6299991607666,29.01000022888184,44467000,29.559999465942386,29.489999771118164,21.744972229003906,CSCO
4398,31-07-2007,28.90999984741211,29.81999969482422,53750200,29.86000061035156,28.90999984741211,21.31730079650879,CSCO
4399,01-08-2007,28.75,28.770000457763672,60419600,29.81999969482422,29.770000457763672,21.95143699645996,CSCO
4400,02-08-2007,29.670000076293945,29.71999931335449,57743600,30.209999084472656,30.1299991607666,22.21688842773437,CSCO
4401,03-08-2007,29.440000534057614,30.0,51310500,30.1299991607666,29.459999084472656,21.72285270690918,CSCO
4402,06-08-2007,28.899999618530273,29.59000015258789,71355300,29.70000076293945,29.5,21.752347946166992,CSCO
4403,07-08-2007,28.93000030517578,29.520000457763672,80731400,29.86000061035156,29.690000534057614,21.8924503326416,CSCO
4404,08-08-2007,31.0,31.1299991607666,193438400,32.25,31.68000030517578,23.35980987548828,CSCO
4405,09-08-2007,31.18000030517578,31.20000076293945,102385500,32.470001220703125,31.399999618530273,23.153350830078125,CSCO
4406,10-08-2007,30.84000015258789,31.0,82953500,31.5,31.38999938964844,23.14596748352051,CSCO
4407,13-08-2007,30.78000068664551,31.56999969482422,76475600,31.60000038146973,30.82999992370605,22.733049392700195,CSCO
4408,14-08-2007,30.07999992370605,30.979999542236328,86429500,31.170000076293945,30.26000022888184,22.31275177001953,CSCO
4409,15-08-2007,29.88999938964844,30.149999618530273,67216700,30.739999771118164,29.920000076293945,22.062042236328125,CSCO
4410,16-08-2007,28.57999992370605,29.78000068664551,103117900,30.04999923706055,29.29999923706055,21.604869842529297,CSCO
4411,17-08-2007,29.559999465942386,30.01000022888184,78478700,30.459999084472656,29.989999771118164,22.1136531829834,CSCO
4412,20-08-2007,29.520000457763672,29.93000030517578,50697300,30.309999465942386,29.76000022888184,21.944072723388672,CSCO
4413,21-08-2007,29.690000534057614,29.76000022888184,39863000,30.29999923706055,30.10000038146973,22.194765090942386,CSCO
4414,22-08-2007,29.90999984741211,30.45000076293945,39826300,30.46999931335449,30.26000022888184,22.31275177001953,CSCO
4415,23-08-2007,30.059999465942386,30.489999771118164,38032000,30.6200008392334,30.270000457763672,22.320119857788086,CSCO
4416,24-08-2007,30.06999969482422,30.20000076293945,33962000,30.75,30.729999542236328,22.659311294555664,CSCO
4417,27-08-2007,30.51000022888184,30.51000022888184,43417300,31.25,31.10000038146973,22.9321346282959,CSCO
4418,28-08-2007,30.38999938964844,30.86000061035156,41973100,31.10000038146973,30.40999984741211,22.423355102539066,CSCO
4419,29-08-2007,30.489999771118164,30.540000915527344,39609200,31.020000457763672,31.0,22.8584041595459,CSCO
4420,30-08-2007,30.76000022888184,30.81999969482422,56344200,31.96999931335449,31.43000030517578,23.17546844482422,CSCO
4421,31-08-2007,31.670000076293945,31.8700008392334,39064400,31.979999542236328,31.920000076293945,23.53677749633789,CSCO
4422,04-09-2007,31.75,31.940000534057614,54173800,32.5,32.31999969482422,23.83172607421875,CSCO
4423,05-09-2007,31.920000076293945,32.09999847412109,53359500,32.290000915527344,32.220001220703125,23.75799369812012,CSCO
4424,06-09-2007,31.729999542236328,32.36999893188477,45735000,32.439998626708984,31.84000015258789,23.477787017822266,CSCO
4425,07-09-2007,31.09000015258789,31.43000030517578,60757200,31.770000457763672,31.520000457763672,23.241830825805664,CSCO
4426,10-09-2007,31.21999931335449,31.690000534057614,40171900,32.0,31.739999771118164,23.404052734375,CSCO
4427,11-09-2007,31.729999542236328,31.959999084472656,33080800,32.169998168945305,32.15999984741211,23.7137451171875,CSCO
4428,12-09-2007,31.729999542236328,32.06999969482422,35091700,32.11999893188477,31.78000068664551,23.43354606628418,CSCO
4429,13-09-2007,31.399999618530273,31.959999084472656,33575600,32.040000915527344,31.51000022888184,23.23446083068848,CSCO
4430,14-09-2007,31.149999618530273,31.43000030517578,31407400,31.690000534057614,31.559999465942386,23.271320343017575,CSCO
4431,17-09-2007,31.25,31.32999992370605,29943700,31.75,31.5,23.227087020874023,CSCO
4432,18-09-2007,31.40999984741211,31.57999992370605,56188700,32.040000915527344,32.040000915527344,23.62526130676269,CSCO
4433,19-09-2007,32.049999237060554,32.22999954223633,49602000,32.47999954223633,32.09000015258789,23.66213607788086,CSCO
4434,20-09-2007,31.90999984741211,31.989999771118164,33397100,32.389999389648445,32.209999084472656,23.75061416625977,CSCO
4435,21-09-2007,32.189998626708984,32.560001373291016,56843000,32.560001373291016,32.299999237060554,23.81698036193848,CSCO
4436,24-09-2007,31.75,32.220001220703125,41171000,32.43000030517578,31.8799991607666,23.507282257080078,CSCO
4437,25-09-2007,31.649999618530273,31.75,47893500,32.529998779296875,32.439998626708984,23.920207977294922,CSCO
4438,26-09-2007,32.59999847412109,32.650001525878906,64886200,33.0,32.990001678466804,24.32576560974121,CSCO
4439,27-09-2007,32.84999847412109,33.02000045776367,38079100,33.290000915527344,33.22999954223633,24.50273323059082,CSCO
4440,28-09-2007,32.970001220703125,33.139999389648445,33792100,33.380001068115234,33.130001068115234,24.428998947143555,CSCO
4441,01-10-2007,32.970001220703125,33.009998321533196,42086900,33.330001831054695,32.990001678466804,24.32576560974121,CSCO
4442,02-10-2007,32.86999893188477,33.0,31426300,33.130001068115234,33.009998321533196,24.34050750732422,CSCO
4443,03-10-2007,32.43000030517578,32.900001525878906,37321200,32.970001220703125,32.450000762939446,23.92758369445801,CSCO
4444,04-10-2007,31.8799991607666,32.59000015258789,50560900,32.68000030517578,32.150001525878906,23.706377029418945,CSCO
4445,05-10-2007,32.259998321533196,32.34000015258789,36316300,32.810001373291016,32.650001525878906,24.075061798095703,CSCO
4446,08-10-2007,32.509998321533196,32.529998779296875,19355200,32.900001525878906,32.709999084472656,24.11930084228516,CSCO
4447,09-10-2007,32.650001525878906,32.799999237060554,32963800,33.09000015258789,33.080001831054695,24.392131805419922,CSCO
4448,10-10-2007,33.150001525878906,33.389999389648445,36917700,33.5,33.27000045776367,24.532230377197266,CSCO
4449,11-10-2007,32.59999847412109,33.380001068115234,45218400,33.59999847412109,32.799999237060554,24.18565559387207,CSCO
4450,12-10-2007,32.75,32.830001831054695,29083700,33.11999893188477,32.919998168945305,24.27414321899414,CSCO
4451,15-10-2007,32.509998321533196,32.919998168945305,34711500,33.139999389648445,32.790000915527344,24.17828941345215,CSCO
4452,16-10-2007,31.85000038146973,32.40999984741211,51867400,32.5,32.290000915527344,23.80960273742676,CSCO
4453,17-10-2007,31.90999984741211,32.700000762939446,38775000,32.740001678466804,32.459999084472656,23.93495750427246,CSCO
4454,18-10-2007,32.18000030517578,32.189998626708984,33165700,32.93000030517578,32.68000030517578,24.0971794128418,CSCO
4455,19-10-2007,31.399999618530273,32.61999893188477,60430500,32.630001068115234,31.5,23.227087020874023,CSCO
4456,22-10-2007,30.95000076293945,31.10000038146973,41887400,31.46999931335449,31.3700008392334,23.1312255859375,CSCO
4457,23-10-2007,30.09000015258789,31.35000038146973,50306400,31.57999992370605,31.540000915527344,23.25657844543457,CSCO
4458,24-10-2007,30.520000457763672,31.170000076293945,48647400,31.36000061035156,31.26000022888184,23.050111770629886,CSCO
4459,25-10-2007,31.04999923706055,31.3700008392334,41326500,31.8799991607666,31.18000030517578,22.99112319946289,CSCO
4460,26-10-2007,31.309999465942386,31.809999465942386,42232000,32.09999847412109,31.899999618530273,23.52202796936035,CSCO
4461,29-10-2007,32.0,32.25,34941700,32.490001678466804,32.40999984741211,23.89808654785156,CSCO
4462,30-10-2007,32.130001068115234,32.259998321533196,39989100,32.950000762939446,32.610000610351555,24.045562744140625,CSCO
4463,31-10-2007,32.490001678466804,32.939998626708984,54876500,33.189998626708984,33.060001373291016,24.377376556396484,CSCO
4464,01-11-2007,32.130001068115234,32.84000015258789,49818300,33.25,32.18000030517578,23.728498458862305,CSCO
4465,02-11-2007,32.110000610351555,32.400001525878906,53250400,32.709999084472656,32.509998321533196,23.97182273864746,CSCO
4466,05-11-2007,32.380001068115234,32.639999389648445,69607200,33.25,33.080001831054695,24.392131805419922,CSCO
4467,06-11-2007,33.40999984741211,33.450000762939446,91068600,34.240001678466804,34.080001831054695,25.129493713378906,CSCO
4468,07-11-2007,32.540000915527344,34.040000915527344,138236000,34.09000015258789,32.75,24.14879608154297,CSCO
4469,08-11-2007,29.51000022888184,30.40999984741211,192353700,31.09000015258789,29.6299991607666,21.848201751708984,CSCO
4470,09-11-2007,28.149999618530273,29.059999465942386,120564300,29.28000068664551,28.57999992370605,21.0739688873291,CSCO
4471,12-11-2007,28.790000915527344,28.82999992370605,89644700,29.790000915527344,29.11000061035156,21.464771270751953,CSCO
4472,13-11-2007,29.11000061035156,29.61000061035156,64869800,30.149999618530273,30.13999938964844,22.22425651550293,CSCO
4473,14-11-2007,29.54999923706055,30.420000076293945,61079800,30.440000534057614,29.709999084472656,21.90718650817871,CSCO
4474,15-11-2007,29.059999465942386,29.5,59934000,29.68000030517578,29.29999923706055,21.604869842529297,CSCO
4475,16-11-2007,29.45000076293945,29.85000038146973,53853200,30.10000038146973,29.940000534057614,22.076791763305664,CSCO
4476,19-11-2007,29.28000068664551,29.76000022888184,43526000,29.989999771118164,29.43000030517578,21.70073699951172,CSCO
4477,20-11-2007,28.489999771118164,29.440000534057614,63284000,29.84000015258789,29.040000915527344,21.413158416748047,CSCO
4478,21-11-2007,28.11000061035156,28.3799991607666,53953700,28.75,28.25,20.830638885498047,CSCO
4479,23-11-2007,28.13999938964844,28.440000534057614,22126300,28.78000068664551,28.690000534057614,21.155080795288086,CSCO
4480,26-11-2007,27.420000076293945,28.76000022888184,84568600,28.790000915527344,27.5,20.27760887145996,CSCO
4481,27-11-2007,26.920000076293945,27.6299991607666,70141600,27.979999542236328,27.489999771118164,20.27024269104004,CSCO
4482,28-11-2007,27.79999923706055,27.899999618530273,71609300,28.440000534057614,28.04999923706055,20.683164596557614,CSCO
4483,29-11-2007,27.790000915527344,27.809999465942386,42602000,28.28000068664551,28.149999618530273,20.75690269470215,CSCO
4484,30-11-2007,27.68000030517578,28.399999618530273,65641700,28.40999984741211,28.020000457763672,20.661041259765625,CSCO
4485,03-12-2007,27.53000068664551,28.0,52984900,28.239999771118164,27.56999969482422,20.3292293548584,CSCO
4486,04-12-2007,26.81999969482422,27.459999084472656,71486400,27.5,26.959999084472656,19.879432678222656,CSCO
4487,05-12-2007,27.1200008392334,27.440000534057614,66642200,27.809999465942386,27.479999542236328,20.26286506652832,CSCO
4488,06-12-2007,27.5,27.649999618530273,53056600,27.95000076293945,27.790000915527344,20.491451263427734,CSCO
4489,07-12-2007,27.440000534057614,27.979999542236328,56313400,28.03000068664551,27.45000076293945,20.24075126647949,CSCO
4490,10-12-2007,27.420000076293945,27.68000030517578,58231300,28.0,27.65999984741211,20.39559364318848,CSCO
4491,11-12-2007,27.79999923706055,27.81999969482422,90163900,28.989999771118164,28.020000457763672,20.661041259765625,CSCO
4492,12-12-2007,28.3700008392334,28.920000076293945,86656700,29.440000534057614,28.79999923706055,21.236194610595703,CSCO
4493,13-12-2007,28.81999969482422,28.8799991607666,55224800,29.540000915527344,29.059999465942386,21.42790412902832,CSCO
4494,14-12-2007,28.51000022888184,28.989999771118164,53644700,29.63999938964844,28.649999618530273,21.125581741333008,CSCO
4495,17-12-2007,27.920000076293945,28.59000015258789,43977000,28.649999618530273,27.95000076293945,20.60943031311035,CSCO
4496,18-12-2007,27.57999992370605,28.13999938964844,49890100,28.46999931335449,28.149999618530273,20.75690269470215,CSCO
4497,19-12-2007,27.96999931335449,28.13999938964844,33411700,28.5,28.190000534057614,20.78639793395996,CSCO
4498,20-12-2007,28.15999984741211,28.60000038146973,47296000,28.6200008392334,28.28000068664551,20.852767944335934,CSCO
4499,21-12-2007,28.420000076293945,28.65999984741211,69126500,29.0,28.60000038146973,21.088716506958008,CSCO
4500,24-12-2007,28.6200008392334,28.68000030517578,16474100,28.95000076293945,28.71999931335449,21.17720031738281,CSCO
4501,26-12-2007,28.20000076293945,28.649999618530273,35458200,28.690000534057614,28.3799991607666,20.926498413085934,CSCO
4502,27-12-2007,27.68000030517578,28.15999984741211,46568900,28.3799991607666,27.790000915527344,20.491451263427734,CSCO
4503,28-12-2007,27.229999542236328,27.95000076293945,46861200,28.20000076293945,27.559999465942386,20.321855545043945,CSCO
4504,31-12-2007,27.0,27.25,60736600,27.5,27.06999969482422,19.96054077148437,CSCO
4505,02-01-2008,26.209999084472656,27.0,64338900,27.29999923706055,26.540000915527344,19.56974029541016,CSCO
4506,03-01-2008,26.29999923706055,26.399999618530273,50360100,27.020000457763672,26.75,19.724584579467773,CSCO
4507,04-01-2008,26.01000022888184,26.3700008392334,56897400,26.93000030517578,26.1200008392334,19.26003646850586,CSCO
4508,07-01-2008,25.68000030517578,26.10000038146973,54431100,26.3799991607666,26.1299991607666,19.267417907714844,CSCO
4509,08-01-2008,25.420000076293945,26.36000061035156,61248800,26.790000915527344,25.43000030517578,18.751266479492188,CSCO
4510,09-01-2008,25.53000068664551,25.59000015258789,66475800,26.29999923706055,26.239999771118164,19.348529815673828,CSCO
4511,10-01-2008,25.79999923706055,26.059999465942386,55332800,26.45000076293945,26.239999771118164,19.348529815673828,CSCO
4512,11-01-2008,25.649999618530273,25.959999084472656,51454300,26.25,25.8700008392334,19.075706481933594,CSCO
4513,14-01-2008,26.20000076293945,26.61000061035156,53665300,26.670000076293945,26.290000915527344,19.38539695739746,CSCO
4514,15-01-2008,25.0,26.1200008392334,51610500,26.190000534057614,25.85000038146973,19.06095695495605,CSCO
4515,16-01-2008,24.790000915527344,25.60000038146973,90232500,25.61000061035156,25.149999618530273,18.5447940826416,CSCO
4516,17-01-2008,23.979999542236328,25.13999938964844,110043400,25.31999969482422,24.32999992370605,17.940160751342773,CSCO
4517,18-01-2008,24.059999465942386,24.229999542236328,93409400,25.149999618530273,24.29999923706055,17.91803741455078,CSCO
4518,22-01-2008,22.309999465942386,22.38999938964844,108777800,24.04999923706055,23.479999542236328,17.313390731811527,CSCO
4519,23-01-2008,22.299999237060547,22.56999969482422,114430200,24.43000030517578,24.03000068664551,17.718948364257812,CSCO
4520,24-01-2008,24.11000061035156,24.13999938964844,69193200,25.15999984741211,25.11000061035156,18.51530265808105,CSCO
4521,25-01-2008,24.10000038146973,26.04999923706055,79692000,26.09000015258789,24.20000076293945,17.844303131103516,CSCO
4522,28-01-2008,23.79999923706055,24.290000915527344,60515200,24.65999984741211,24.10000038146973,17.770566940307614,CSCO
4523,29-01-2008,23.690000534057614,24.270000457763672,72069100,24.29999923706055,24.059999465942386,17.741069793701172,CSCO
4524,30-01-2008,23.809999465942386,23.989999771118164,62098300,24.93000030517578,24.36000061035156,17.96227264404297,CSCO
4525,31-01-2008,23.88999938964844,23.979999542236328,76312400,24.70000076293945,24.5,18.06551170349121,CSCO
4526,01-02-2008,24.0,24.6200008392334,57669700,25.1299991607666,24.940000534057614,18.38994789123535,CSCO
4527,04-02-2008,23.6200008392334,25.040000915527344,92153900,25.04999923706055,23.81999969482422,17.564096450805664,CSCO
4528,05-02-2008,23.21999931335449,23.51000022888184,95795900,23.690000534057614,23.26000022888184,17.151180267333984,CSCO
4529,06-02-2008,23.059999465942386,23.43000030517578,141691700,24.020000457763672,23.07999992370605,17.018447875976562,CSCO
4530,07-02-2008,21.770000457763672,21.850000381469727,248433600,23.43000030517578,23.3799991607666,17.239660263061527,CSCO
4531,08-02-2008,23.170000076293945,23.26000022888184,95339000,23.75,23.540000915527344,17.357635498046875,CSCO
4532,11-02-2008,23.29999923706055,23.649999618530273,69005100,23.70000076293945,23.520000457763672,17.342891693115234,CSCO
4533,12-02-2008,23.25,23.670000076293945,56712600,24.0,23.43000030517578,17.276531219482422,CSCO
4534,13-02-2008,23.520000457763672,23.6200008392334,65013700,24.20000076293945,24.059999465942386,17.741069793701172,CSCO
4535,14-02-2008,23.479999542236328,24.020000457763672,56133600,24.09000015258789,23.53000068664551,17.350263595581055,CSCO
4536,15-02-2008,23.209999084472656,23.3799991607666,53314900,23.559999465942386,23.29999923706055,17.180669784545902,CSCO
4537,19-02-2008,22.78000068664551,23.559999465942386,72073700,23.690000534057614,22.8799991607666,16.870973587036133,CSCO
4538,20-02-2008,22.709999084472656,22.78000068664551,50297500,23.32999992370605,23.20000076293945,17.10693359375,CSCO
4539,21-02-2008,23.09000015258789,23.809999465942386,64586300,23.989999771118164,23.190000534057614,17.09956169128418,CSCO
4540,22-02-2008,22.899999618530273,23.459999084472656,53739200,23.60000038146973,23.60000038146973,17.40187644958496,CSCO
4541,25-02-2008,23.190000534057614,23.520000457763672,57042500,23.88999938964844,23.79999923706055,17.549346923828125,CSCO
4542,26-02-2008,23.690000534057614,23.79999923706055,60932500,24.229999542236328,24.06999969482422,17.748441696166992,CSCO
4543,27-02-2008,23.82999992370605,23.920000076293945,88232300,25.149999618530273,24.95000076293945,18.39732360839844,CSCO
4544,28-02-2008,24.54999923706055,24.71999931335449,69469600,25.01000022888184,24.65999984741211,18.18348503112793,CSCO
4545,29-02-2008,24.28000068664551,24.29999923706055,72410000,24.770000457763672,24.38999938964844,17.984397888183594,CSCO
4546,03-03-2008,24.13999938964844,24.35000038146973,52575700,24.559999465942386,24.399999618530273,17.991771697998047,CSCO
4547,04-03-2008,23.739999771118164,24.09000015258789,96705100,24.479999542236328,24.290000915527344,17.910667419433594,CSCO
4548,05-03-2008,24.04999923706055,24.459999084472656,75778600,24.56999969482422,24.270000457763672,17.895910263061523,CSCO
4549,06-03-2008,23.920000076293945,24.31999969482422,71804000,24.399999618530273,23.940000534057614,17.652585983276367,CSCO
4550,07-03-2008,23.78000068664551,23.899999618530273,70314500,24.70000076293945,24.11000061035156,17.777938842773438,CSCO
4551,10-03-2008,23.989999771118164,24.1200008392334,48167600,24.489999771118164,23.989999771118164,17.689451217651367,CSCO
4552,11-03-2008,24.43000030517578,24.54999923706055,66505800,25.15999984741211,25.149999618530273,18.5447940826416,CSCO
4553,12-03-2008,25.0,25.170000076293945,56995700,25.60000038146973,25.13999938964844,18.537424087524414,CSCO
4554,13-03-2008,24.399999618530273,24.84000015258789,76975400,25.1200008392334,24.95000076293945,18.39732360839844,CSCO
4555,14-03-2008,24.040000915527344,25.04999923706055,74151500,25.13999938964844,24.31999969482422,17.932785034179688,CSCO
4556,17-03-2008,23.540000915527344,23.59000015258789,66377000,24.690000534057614,24.290000915527344,17.910667419433594,CSCO
4557,18-03-2008,24.6299991607666,24.690000534057614,70995800,25.61000061035156,25.57999992370605,18.86186981201172,CSCO
4558,19-03-2008,24.459999084472656,25.46999931335449,63988600,25.57999992370605,24.46999931335449,18.04339027404785,CSCO
4559,20-03-2008,24.32999992370605,24.60000038146973,70930100,24.93000030517578,24.770000457763672,18.264598846435547,CSCO
4560,24-03-2008,24.899999618530273,24.920000076293945,55003000,25.989999771118164,25.63999938964844,18.90610885620117,CSCO
4561,25-03-2008,25.3700008392334,25.729999542236328,46113300,25.8799991607666,25.75,18.98722076416016,CSCO
4562,26-03-2008,24.54999923706055,25.29999923706055,79022700,25.43000030517578,24.78000068664551,18.27197265625,CSCO
4563,27-03-2008,24.1200008392334,24.6299991607666,56566600,24.76000022888184,24.18000030517578,17.82955551147461,CSCO
4564,28-03-2008,24.0,24.28000068664551,46496900,24.57999992370605,24.07999992370605,17.75581932067871,CSCO
4565,31-03-2008,23.959999084472656,24.07999992370605,51471000,24.40999984741211,24.09000015258789,17.76319122314453,CSCO
4566,01-04-2008,24.3799991607666,24.520000457763672,53248300,25.01000022888184,24.979999542236328,18.41945075988769,CSCO
4567,02-04-2008,24.790000915527344,25.040000915527344,51506700,25.54999923706055,24.959999084472656,18.40469741821289,CSCO
4568,03-04-2008,24.01000022888184,24.09000015258789,62492700,24.399999618530273,24.229999542236328,17.866416931152344,CSCO
4569,04-04-2008,24.059999465942386,24.36000061035156,48348200,24.81999969482422,24.38999938964844,17.984397888183594,CSCO
4570,07-04-2008,23.8700008392334,24.559999465942386,54633000,24.57999992370605,23.940000534057614,17.652585983276367,CSCO
4571,08-04-2008,23.75,23.81999969482422,47070500,24.15999984741211,23.959999084472656,17.667329788208008,CSCO
4572,09-04-2008,23.34000015258789,23.95000076293945,60616600,24.13999938964844,23.53000068664551,17.350263595581055,CSCO
4573,10-04-2008,23.36000061035156,23.75,62580400,24.209999084472656,24.040000915527344,17.726322174072266,CSCO
4574,11-04-2008,23.35000038146973,23.649999618530273,49719600,23.78000068664551,23.3799991607666,17.239660263061527,CSCO
4575,14-04-2008,23.149999618530273,23.28000068664551,31406800,23.59000015258789,23.309999465942386,17.188037872314453,CSCO
4576,15-04-2008,22.90999984741211,23.40999984741211,48232600,23.46999931335449,23.11000061035156,17.040565490722653,CSCO
4577,16-04-2008,23.32999992370605,23.459999084472656,51221100,24.0,23.82999992370605,17.571474075317386,CSCO
4578,17-04-2008,23.57999992370605,23.989999771118164,38298000,24.01000022888184,23.88999938964844,17.615713119506836,CSCO
4579,18-04-2008,24.209999084472656,24.53000068664551,55199500,24.79999923706055,24.51000022888184,18.0728816986084,CSCO
4580,21-04-2008,24.26000022888184,24.35000038146973,43041200,25.0,24.88999938964844,18.35308265686035,CSCO
4581,22-04-2008,24.54999923706055,24.729999542236328,46747400,24.959999084472656,24.920000076293945,18.375205993652344,CSCO
4582,23-04-2008,25.15999984741211,25.36000061035156,51028600,25.559999465942386,25.440000534057614,18.75863647460937,CSCO
4583,24-04-2008,25.28000068664551,25.559999465942386,53911400,26.290000915527344,26.03000068664551,19.193679809570312,CSCO
4584,25-04-2008,25.10000038146973,26.11000061035156,53423700,26.1299991607666,25.60000038146973,18.876611709594727,CSCO
4585,28-04-2008,25.29999923706055,25.63999938964844,33970100,25.76000022888184,25.35000038146973,18.692270278930664,CSCO
4586,29-04-2008,25.25,25.26000022888184,37925900,25.81999969482422,25.51000022888184,18.810251235961914,CSCO
4587,30-04-2008,25.51000022888184,25.690000534057614,52347900,25.96999931335449,25.63999938964844,18.90610885620117,CSCO
4588,01-05-2008,25.5,25.63999938964844,71473800,26.8700008392334,26.670000076293945,19.665599822998047,CSCO
4589,02-05-2008,26.420000076293945,26.96999931335449,67180700,27.0,26.75,19.724584579467773,CSCO
4590,05-05-2008,26.149999618530273,26.459999084472656,62446500,26.709999084472656,26.28000068664551,19.378023147583008,CSCO
4591,06-05-2008,25.78000068664551,26.04999923706055,91592600,26.489999771118164,26.32999992370605,19.41489028930664,CSCO
4592,07-05-2008,25.649999618530273,26.25,91389100,27.0,25.78000068664551,19.00934410095215,CSCO
4593,08-05-2008,25.29999923706055,25.989999771118164,48304900,26.0,25.70000076293945,18.950349807739254,CSCO
4594,09-05-2008,25.26000022888184,25.399999618530273,38450700,25.63999938964844,25.489999771118164,18.795509338378906,CSCO
4595,12-05-2008,25.399999618530273,25.45000076293945,38118800,25.8700008392334,25.84000015258789,19.0535831451416,CSCO
4596,13-05-2008,25.649999618530273,25.86000061035156,36010200,26.04999923706055,25.88999938964844,19.090450286865234,CSCO
4597,14-05-2008,25.71999931335449,26.0,49857100,26.34000015258789,25.75,18.98722076416016,CSCO
4598,15-05-2008,25.63999938964844,25.68000030517578,55903300,26.559999465942386,26.5,19.54024887084961,CSCO
4599,16-05-2008,26.03000068664551,26.53000068664551,58111500,26.649999618530273,26.51000022888184,19.547622680664066,CSCO
4600,19-05-2008,26.149999618530273,26.51000022888184,41593800,26.899999618530273,26.3700008392334,19.444387435913086,CSCO
4601,20-05-2008,25.65999984741211,26.1299991607666,41092200,26.459999084472656,25.85000038146973,19.06095695495605,CSCO
4602,21-05-2008,25.15999984741211,25.85000038146973,42877500,26.1200008392334,25.3700008392334,18.707019805908203,CSCO
4603,22-05-2008,25.190000534057614,25.36000061035156,35030500,25.79999923706055,25.57999992370605,18.86186981201172,CSCO
4604,23-05-2008,24.899999618530273,25.399999618530273,41651800,25.43000030517578,25.10000038146973,18.5079288482666,CSCO
4605,27-05-2008,25.040000915527344,25.059999465942386,37305100,25.690000534057614,25.59000015258789,18.869239807128906,CSCO
4606,28-05-2008,25.31999969482422,26.01000022888184,45669300,26.040000915527344,25.540000915527344,18.832372665405273,CSCO
4607,29-05-2008,25.520000457763672,25.57999992370605,58347100,26.35000038146973,26.209999084472656,19.326412200927734,CSCO
4608,30-05-2008,26.1299991607666,26.149999618530273,61435900,26.920000076293945,26.71999931335449,19.70246124267578,CSCO
4609,02-06-2008,26.239999771118164,26.71999931335449,58968400,26.81999969482422,26.35000038146973,19.429643630981445,CSCO
4610,03-06-2008,26.21999931335449,26.35000038146973,46730200,26.79999923706055,26.34000015258789,19.422266006469727,CSCO
4611,04-06-2008,26.209999084472656,26.21999931335449,60375400,26.979999542236328,26.76000022888184,19.73196029663086,CSCO
4612,05-06-2008,26.75,26.76000022888184,78093300,27.71999931335449,27.540000915527344,20.30710792541504,CSCO
4613,06-06-2008,26.5,27.31999969482422,68881400,27.45000076293945,26.540000915527344,19.56974029541016,CSCO
4614,09-06-2008,26.03000068664551,26.71999931335449,44900700,26.739999771118164,26.43000030517578,19.48862838745117,CSCO
4615,10-06-2008,26.07999992370605,26.170000076293945,37626000,26.57999992370605,26.36000061035156,19.4370174407959,CSCO
4616,11-06-2008,25.520000457763672,26.35000038146973,53184200,26.43000030517578,25.649999618530273,18.913484573364254,CSCO
4617,12-06-2008,25.63999938964844,25.940000534057614,43925000,26.31999969482422,25.959999084472656,19.142066955566406,CSCO
4618,13-06-2008,25.90999984741211,26.239999771118164,48472500,26.70000076293945,26.3700008392334,19.444387435913086,CSCO
4619,16-06-2008,25.96999931335449,26.170000076293945,31552600,26.440000534057614,26.270000457763672,19.37064552307129,CSCO
4620,17-06-2008,25.90999984741211,26.36000061035156,38641200,26.6299991607666,25.96999931335449,19.14944076538086,CSCO
4621,18-06-2008,25.229999542236328,25.790000915527344,49941600,25.88999938964844,25.28000068664551,18.64065361022949,CSCO
4622,19-06-2008,24.809999465942386,25.239999771118164,43457600,25.739999771118164,25.520000457763672,18.817623138427734,CSCO
4623,20-06-2008,24.46999931335449,25.35000038146973,69549800,25.36000061035156,24.63999938964844,18.16873550415039,CSCO
4624,23-06-2008,24.38999938964844,24.82999992370605,44814500,24.989999771118164,24.54999923706055,18.102375030517575,CSCO
4625,24-06-2008,24.20000076293945,24.32999992370605,35425100,24.85000038146973,24.479999542236328,18.05076026916504,CSCO
4626,25-06-2008,24.35000038146973,24.540000915527344,44127100,25.11000061035156,24.70000076293945,18.212987899780273,CSCO
4627,26-06-2008,23.81999969482422,24.34000015258789,45055500,24.5,23.81999969482422,17.564096450805664,CSCO
4628,27-06-2008,23.3700008392334,23.75,50427500,23.8700008392334,23.61000061035156,17.409252166748047,CSCO
4629,30-06-2008,23.15999984741211,23.46999931335449,48836500,23.729999542236328,23.26000022888184,17.151180267333984,CSCO
4630,01-07-2008,22.940000534057614,23.04999923706055,58175600,23.399999618530273,23.149999618530273,17.070064544677734,CSCO
4631,02-07-2008,22.670000076293945,23.13999938964844,59375500,23.190000534057614,22.84000015258789,16.84147834777832,CSCO
4632,03-07-2008,22.85000038146973,22.979999542236328,30392100,23.35000038146973,23.1200008392334,17.047937393188473,CSCO
4633,07-07-2008,22.36000061035156,23.229999542236328,70623500,23.38999938964844,22.56999969482422,16.642391204833984,CSCO
4634,08-07-2008,22.420000076293945,22.57999992370605,54262700,22.899999618530273,22.8799991607666,16.870973587036133,CSCO
4635,09-07-2008,21.540000915527344,22.21999931335449,99429100,22.36000061035156,21.57999992370605,15.912398338317873,CSCO
4636,10-07-2008,21.51000022888184,21.57999992370605,67876000,22.18000030517578,22.1299991607666,16.317947387695312,CSCO
4637,11-07-2008,21.540000915527344,21.81999969482422,62739700,22.1299991607666,21.81999969482422,16.089363098144528,CSCO
4638,14-07-2008,21.1299991607666,22.020000457763672,52449600,22.1299991607666,21.299999237060547,15.7059326171875,CSCO
4639,15-07-2008,20.71999931335449,21.040000915527344,63839600,21.43000030517578,21.040000915527344,15.514217376708984,CSCO
4640,16-07-2008,20.559999465942386,20.700000762939453,63701400,21.32999992370605,21.100000381469727,15.558460235595705,CSCO
4641,17-07-2008,20.93000030517578,21.350000381469727,65111400,21.8799991607666,21.520000457763672,15.868154525756836,CSCO
4642,18-07-2008,21.25,21.46999931335449,52355300,21.81999969482422,21.65999984741211,15.97138500213623,CSCO
4643,21-07-2008,21.739999771118164,21.799999237060547,44836000,22.38999938964844,21.84000015258789,16.104114532470707,CSCO
4644,22-07-2008,21.459999084472656,21.600000381469727,54680100,21.940000534057614,21.899999618530273,16.14835548400879,CSCO
4645,23-07-2008,21.799999237060547,21.96999931335449,47143600,22.61000061035156,22.170000076293945,16.347448348999027,CSCO
4646,24-07-2008,21.690000534057614,22.040000915527344,46135200,22.059999465942386,21.76000022888184,16.045120239257812,CSCO
4647,25-07-2008,21.93000030517578,22.32999992370605,63683300,22.57999992370605,22.43000030517578,16.539154052734375,CSCO
4648,28-07-2008,21.940000534057614,22.31999969482422,43036900,22.809999465942386,21.979999542236328,16.207345962524414,CSCO
4649,29-07-2008,22.06999969482422,22.190000534057614,43082500,22.520000457763672,22.420000076293945,16.531787872314453,CSCO
4650,30-07-2008,21.799999237060547,22.60000038146973,52642900,22.690000534057614,22.170000076293945,16.347448348999027,CSCO
4651,31-07-2008,21.979999542236328,22.059999465942386,56591900,22.60000038146973,21.989999771118164,16.214717864990234,CSCO
4652,01-08-2008,21.670000076293945,22.200000762939453,43571000,22.350000381469727,21.989999771118164,16.214717864990234,CSCO
4653,04-08-2008,21.71999931335449,22.049999237060547,50009300,22.170000076293945,21.989999771118164,16.214717864990234,CSCO
4654,05-08-2008,22.020000457763672,22.26000022888184,77008500,22.649999618530273,22.649999618530273,16.70137596130371,CSCO
4655,06-08-2008,23.459999084472656,23.940000534057614,121768900,24.25,23.93000030517578,17.64521026611328,CSCO
4656,07-08-2008,23.440000534057614,23.690000534057614,86359400,24.309999465942386,23.57999992370605,17.387130737304688,CSCO
4657,08-08-2008,23.70000076293945,23.75,53695400,24.440000534057614,24.25,17.88117218017578,CSCO
4658,11-08-2008,24.13999938964844,24.170000076293945,43335700,24.84000015258789,24.6200008392334,18.15399932861328,CSCO
4659,12-08-2008,24.35000038146973,24.68000030517578,41152800,24.78000068664551,24.5,18.06551170349121,CSCO
4660,13-08-2008,24.01000022888184,24.38999938964844,35201000,24.5,24.309999465942386,17.92540740966797,CSCO
4661,14-08-2008,24.1200008392334,24.15999984741211,37541600,24.86000061035156,24.670000076293945,18.190860748291016,CSCO
4662,15-08-2008,24.68000030517578,24.75,45293700,25.25,24.90999984741211,18.367822647094727,CSCO
4663,18-08-2008,24.270000457763672,24.95000076293945,31878100,25.07999992370605,24.489999771118164,18.058128356933594,CSCO
4664,19-08-2008,24.06999969482422,24.290000915527344,26808300,24.51000022888184,24.239999771118164,17.873796463012695,CSCO
4665,20-08-2008,24.01000022888184,24.34000015258789,32032700,24.479999542236328,24.229999542236328,17.866416931152344,CSCO
4666,21-08-2008,23.8700008392334,24.04999923706055,23700500,24.34000015258789,24.229999542236328,17.866416931152344,CSCO
4667,22-08-2008,24.28000068664551,24.3799991607666,28201600,24.81999969482422,24.709999084472656,18.22035789489746,CSCO
4668,25-08-2008,24.11000061035156,24.5,28319500,24.729999542236328,24.209999084472656,17.851673126220703,CSCO
4669,26-08-2008,23.8799991607666,24.290000915527344,31379300,24.34000015258789,24.11000061035156,17.777938842773438,CSCO
4670,27-08-2008,24.149999618530273,24.239999771118164,28380300,24.59000015258789,24.3700008392334,17.969648361206055,CSCO
4671,28-08-2008,24.40999984741211,24.479999542236328,28525000,24.78000068664551,24.65999984741211,18.18348503112793,CSCO
4672,29-08-2008,23.90999984741211,24.35000038146973,33139500,24.35000038146973,24.04999923706055,17.73369789123535,CSCO
4673,02-09-2008,23.54999923706055,24.35000038146973,46603000,24.5,23.75,17.51247787475586,CSCO
4674,03-09-2008,23.149999618530273,23.739999771118164,44588000,23.739999771118164,23.309999465942386,17.188037872314453,CSCO
4675,04-09-2008,22.15999984741211,22.790000915527344,64083100,22.79999923706055,22.280000686645508,16.428556442260742,CSCO
4676,05-09-2008,22.06999969482422,22.09000015258789,46163100,22.670000076293945,22.26000022888184,16.413814544677734,CSCO
4677,08-09-2008,22.43000030517578,22.78000068664551,66139800,23.440000534057614,23.3700008392334,17.232284545898438,CSCO
4678,09-09-2008,22.90999984741211,23.420000076293945,71096300,23.57999992370605,22.96999931335449,16.93733787536621,CSCO
4679,10-09-2008,22.96999931335449,23.229999542236328,38934800,23.31999969482422,22.989999771118164,16.952079772949222,CSCO
4680,11-09-2008,22.38999938964844,22.68000030517578,46188400,23.059999465942386,23.04999923706055,16.99632453918457,CSCO
4681,12-09-2008,22.61000061035156,22.8700008392334,50770000,23.59000015258789,23.459999084472656,17.298650741577152,CSCO
4682,15-09-2008,22.36000061035156,22.61000061035156,55857400,23.32999992370605,22.3799991607666,16.502290725708008,CSCO
4683,16-09-2008,21.739999771118164,21.799999237060547,81074300,23.13999938964844,22.79999923706055,16.81197738647461,CSCO
4684,17-09-2008,21.770000457763672,22.489999771118164,69539100,23.040000915527344,21.799999237060547,16.074615478515625,CSCO
4685,18-09-2008,21.850000381469727,22.239999771118164,83355900,23.25,22.79999923706055,16.81197738647461,CSCO
4686,19-09-2008,24.290000915527344,24.290000915527344,922900,24.29999923706055,24.290000915527344,17.910667419433594,CSCO
4687,22-09-2008,23.040000915527344,23.899999618530273,52677200,24.20000076293945,23.11000061035156,17.040565490722653,CSCO
4688,23-09-2008,22.65999984741211,23.309999465942386,46356500,23.5,22.729999542236328,16.760370254516598,CSCO
4689,24-09-2008,22.57999992370605,22.81999969482422,43060600,23.209999084472656,22.79999923706055,16.81197738647461,CSCO
4690,25-09-2008,22.95000076293945,23.059999465942386,57642000,23.899999618530273,23.479999542236328,17.313390731811527,CSCO
4691,26-09-2008,22.8700008392334,22.920000076293945,59235700,24.0,23.81999969482422,17.564096450805664,CSCO
4692,29-09-2008,21.43000030517578,23.290000915527344,86481900,23.540000915527344,21.790000915527344,16.067243576049805,CSCO
4693,30-09-2008,21.84000015258789,22.25,60991400,22.61000061035156,22.559999465942386,16.635015487670902,CSCO
4694,01-10-2008,21.75,22.25,52085000,22.440000534057614,21.950000762939453,16.18522071838379,CSCO
4695,02-10-2008,21.049999237060547,21.950000762939453,61925200,21.989999771118164,21.200000762939453,15.63219928741455,CSCO
4696,03-10-2008,21.1299991607666,21.13999938964844,73504000,22.399999618530273,21.25,15.669066429138185,CSCO
4697,06-10-2008,19.309999465942386,20.38999938964844,105324200,20.96999931335449,20.459999084472656,15.086538314819336,CSCO
4698,07-10-2008,18.75,20.56999969482422,104679700,20.90999984741211,18.84000015258789,13.892009735107422,CSCO
4699,08-10-2008,17.799999237060547,18.020000457763672,130018800,19.600000381469727,18.34000015258789,13.523326873779295,CSCO
4700,09-10-2008,16.940000534057614,18.82999992370605,99112600,18.88999938964844,17.190000534057614,12.6753511428833,CSCO
4701,10-10-2008,16.290000915527347,16.489999771118164,137032200,18.21999931335449,17.229999542236328,12.704845428466795,CSCO
4702,13-10-2008,17.799999237060547,18.270000457763672,72700100,19.299999237060547,19.270000457763672,14.209077835083008,CSCO
4703,14-10-2008,18.030000686645508,19.90999984741211,86420900,20.149999618530273,18.540000915527344,13.670797348022461,CSCO
4704,15-10-2008,16.5,18.170000076293945,94666400,18.209999084472656,16.569999694824222,12.218185424804688,CSCO
4705,16-10-2008,16.200000762939453,16.719999313354492,104415000,17.75,17.75,13.088277816772461,CSCO
4706,17-10-2008,16.930000305175778,17.319999694824222,83475500,19.549999237060547,17.90999984741211,13.206255912780762,CSCO
4707,20-10-2008,17.809999465942386,18.350000381469727,66688900,19.01000022888184,18.959999084472656,13.980494499206545,CSCO
4708,21-10-2008,17.75,18.700000762939453,75117600,18.88999938964844,17.860000610351562,13.169390678405762,CSCO
4709,22-10-2008,16.809999465942386,17.34000015258789,75828000,17.84000015258789,17.40999984741211,12.837570190429688,CSCO
4710,23-10-2008,16.459999084472653,17.25,85364300,17.8799991607666,17.239999771118164,12.7122220993042,CSCO
4711,24-10-2008,15.899999618530273,16.079999923706055,88646000,16.930000305175778,16.309999465942386,12.026471138000488,CSCO
4712,27-10-2008,16.020000457763672,16.09000015258789,65715900,17.190000534057614,16.09000015258789,11.864249229431152,CSCO
4713,28-10-2008,16.450000762939453,16.760000228881836,88690300,18.350000381469727,18.309999465942386,13.50120449066162,CSCO
4714,29-10-2008,17.600000381469727,17.969999313354492,72619800,18.700000762939453,17.8700008392334,13.176764488220215,CSCO
4715,30-10-2008,17.5,18.290000915527344,67607100,18.31999969482422,17.790000915527344,13.11777400970459,CSCO
4716,31-10-2008,17.319999694824222,17.790000915527344,82517500,17.979999542236328,17.770000457763672,13.103025436401367,CSCO
4717,03-11-2008,17.0,17.68000030517578,56927000,17.700000762939453,17.200000762939453,12.682727813720705,CSCO
4718,04-11-2008,17.370000839233402,17.59000015258789,79952200,18.459999084472656,18.32999992370605,13.515948295593262,CSCO
4719,05-11-2008,17.290000915527347,18.049999237060547,91260100,18.299999237060547,17.389999389648438,12.822823524475098,CSCO
4720,06-11-2008,16.670000076293945,16.690000534057614,122484300,17.479999542236328,16.940000534057614,12.491007804870605,CSCO
4721,07-11-2008,17.129999160766598,17.180000305175778,64669200,17.729999542236328,17.579999923706055,12.96292495727539,CSCO
4722,10-11-2008,17.100000381469727,17.950000762939453,47597100,17.979999542236328,17.569999694824222,12.955546379089355,CSCO
4723,11-11-2008,16.940000534057614,17.379999160766598,49766000,17.450000762939453,17.180000305175778,12.66797924041748,CSCO
4724,12-11-2008,16.5,16.84000015258789,52608100,17.030000686645508,16.549999237060547,12.20343780517578,CSCO
4725,13-11-2008,15.600000381469727,16.370000839233402,90296200,17.299999237060547,17.260000228881836,12.726966857910154,CSCO
4726,14-11-2008,16.329999923706055,16.889999389648438,68825700,17.430000305175778,16.620000839233402,12.25505256652832,CSCO
4727,17-11-2008,16.110000610351562,16.469999313354492,47052200,16.809999465942386,16.209999084472653,11.952730178833008,CSCO
4728,18-11-2008,15.579999923706055,16.350000381469727,69149800,16.459999084472653,16.450000762939453,12.129697799682615,CSCO
4729,19-11-2008,15.0,16.180000305175778,72602300,16.229999542236328,15.079999923706055,11.11950397491455,CSCO
4730,20-11-2008,14.43000030517578,15.0,119455700,16.229999542236328,14.470000267028807,10.66971206665039,CSCO
4731,21-11-2008,14.199999809265135,14.8100004196167,104235300,15.300000190734865,15.170000076293945,11.185869216918944,CSCO
4732,24-11-2008,15.279999732971193,15.4399995803833,79847400,16.459999084472653,16.399999618530273,12.092827796936035,CSCO
4733,25-11-2008,15.279999732971193,16.489999771118164,82904500,16.489999771118164,15.420000076293945,11.370211601257324,CSCO
4734,26-11-2008,15.170000076293945,15.199999809265135,54903300,16.489999771118164,16.389999389648438,12.085455894470215,CSCO
4735,28-11-2008,16.15999984741211,16.190000534057614,22344900,16.549999237060547,16.540000915527347,12.196065902709961,CSCO
4736,01-12-2008,14.93000030517578,16.15999984741211,62915800,16.170000076293945,14.960000038146973,11.031021118164062,CSCO
4737,02-12-2008,14.75,15.170000076293945,65674100,15.390000343322756,15.31999969482422,11.296473503112793,CSCO
4738,03-12-2008,14.859999656677244,14.90999984741211,69603400,16.030000686645508,16.010000228881836,11.805257797241213,CSCO
4739,04-12-2008,15.020000457763672,15.649999618530273,59171400,16.09000015258789,15.329999923706055,11.303848266601562,CSCO
4740,05-12-2008,14.720000267028807,15.15999984741211,67565800,16.100000381469727,15.9399995803833,11.753641128540039,CSCO
4741,08-12-2008,16.450000762939453,16.5,82284800,17.450000762939453,17.25,12.71959114074707,CSCO
4742,09-12-2008,16.75,16.90999984741211,67340200,17.93000030517578,17.15999984741211,12.653228759765625,CSCO
4743,10-12-2008,17.079999923706055,17.299999237060547,50807000,17.760000228881836,17.329999923706055,12.778581619262695,CSCO
4744,11-12-2008,16.829999923706055,17.129999160766598,56266400,17.639999389648438,16.90999984741211,12.46888542175293,CSCO
4745,12-12-2008,16.510000228881836,16.530000686645508,47006400,17.190000534057614,16.989999771118164,12.527876853942873,CSCO
4746,15-12-2008,16.510000228881836,16.879999160766598,40172200,17.020000457763672,16.84000015258789,12.417272567749025,CSCO
4747,16-12-2008,16.690000534057614,17.040000915527347,77761400,17.450000762939453,17.420000076293945,12.844947814941404,CSCO
4748,17-12-2008,16.709999084472653,17.170000076293945,62795800,17.34000015258789,16.84000015258789,12.417272567749025,CSCO
4749,18-12-2008,16.440000534057614,16.870000839233402,52399400,16.90999984741211,16.65999984741211,12.2845458984375,CSCO
4750,19-12-2008,16.600000381469727,16.639999389648438,62204500,16.950000762939453,16.639999389648438,12.269798278808596,CSCO
4751,22-12-2008,15.989999771118164,16.610000610351562,38808800,16.709999084472653,16.370000839233402,12.07071304321289,CSCO
4752,23-12-2008,16.069999694824222,16.420000076293945,30390900,16.649999618530273,16.239999771118164,11.974851608276367,CSCO
4753,24-12-2008,16.209999084472653,16.25,11592100,16.430000305175778,16.350000381469727,12.055963516235352,CSCO
4754,26-12-2008,16.09000015258789,16.360000610351562,15163400,16.420000076293945,16.270000457763672,11.996973991394045,CSCO
4755,29-12-2008,15.729999542236328,16.15999984741211,33239800,16.25,16.010000228881836,11.805257797241213,CSCO
4756,30-12-2008,15.9399995803833,16.040000915527347,31088100,16.25,16.229999542236328,11.96747875213623,CSCO
4757,31-12-2008,16.120000839233402,16.180000305175778,37513700,16.549999237060547,16.299999237060547,12.019091606140135,CSCO
4758,02-01-2009,16.25,16.40999984741211,40980600,17.0,16.959999084472653,12.505757331848145,CSCO
4759,05-01-2009,16.75,16.850000381469727,45480200,17.299999237060547,17.110000610351562,12.61636734008789,CSCO
4760,06-01-2009,17.260000228881836,17.329999923706055,58256600,17.979999542236328,17.790000915527344,13.11777400970459,CSCO
4761,07-01-2009,17.110000610351562,17.370000839233402,50246600,17.579999923706055,17.319999694824222,12.771207809448242,CSCO
4762,08-01-2009,17.0,17.229999542236328,46484600,17.569999694824222,17.540000915527347,12.933429718017578,CSCO
4763,09-01-2009,16.610000610351562,17.239999771118164,68118900,17.260000228881836,16.700000762939453,12.314041137695312,CSCO
4764,12-01-2009,16.030000686645508,16.680000305175778,54927700,16.780000686645508,16.399999618530273,12.092827796936035,CSCO
4765,13-01-2009,16.110000610351562,16.290000915527347,51933800,16.540000915527347,16.450000762939453,12.129697799682615,CSCO
4766,14-01-2009,15.600000381469727,16.100000381469727,50111800,16.219999313354492,15.739999771118164,11.606167793273926,CSCO
4767,15-01-2009,15.1899995803833,15.619999885559082,61814500,15.949999809265135,15.8100004196167,11.657785415649414,CSCO
4768,16-01-2009,15.5,16.219999313354492,66930700,16.329999923706055,15.81999969482422,11.66515827178955,CSCO
4769,20-01-2009,15.010000228881836,15.8100004196167,57808600,15.93000030517578,15.010000228881836,11.067889213562012,CSCO
4770,21-01-2009,15.050000190734865,15.31999969482422,56231900,15.760000228881836,15.699999809265135,11.576675415039062,CSCO
4771,22-01-2009,15.0,15.380000114440918,56676100,15.59000015258789,15.369999885559082,11.333341598510742,CSCO
4772,23-01-2009,15.0,15.039999961853027,56556900,16.020000457763672,15.890000343322756,11.71677303314209,CSCO
4773,26-01-2009,15.779999732971193,15.850000381469727,44634800,16.5,16.299999237060547,12.019091606140135,CSCO
4774,27-01-2009,16.290000915527347,16.430000305175778,50346800,17.0,16.729999542236328,12.336162567138672,CSCO
4775,28-01-2009,16.690000534057614,17.059999465942386,60146800,17.190000534057614,16.879999160766598,12.446768760681152,CSCO
4776,29-01-2009,15.800000190734865,16.700000762939453,53220800,16.700000762939453,15.93000030517578,11.746267318725586,CSCO
4777,30-01-2009,14.90999984741211,15.90999984741211,75292400,16.09000015258789,14.970000267028807,11.038395881652832,CSCO
4778,02-02-2009,14.829999923706055,14.859999656677244,55290500,15.460000038146973,15.3100004196167,11.28909969329834,CSCO
4779,03-02-2009,15.010000228881836,15.479999542236328,65932300,15.75,15.619999885559082,11.517683029174805,CSCO
4780,04-02-2009,15.380000114440918,15.720000267028807,95781900,16.15999984741211,15.84000015258789,11.67990493774414,CSCO
4781,05-02-2009,15.449999809265135,15.539999961853027,115564600,16.649999618530273,16.350000381469727,12.055963516235352,CSCO
4782,06-02-2009,16.209999084472653,16.420000076293945,62910000,17.09000015258789,17.040000915527347,12.564746856689453,CSCO
4783,09-02-2009,16.620000839233402,16.989999771118164,37624300,17.049999237060547,16.850000381469727,12.424644470214846,CSCO
4784,10-02-2009,15.920000076293945,16.59000015258789,69149100,16.930000305175778,16.049999237060547,11.834753036499025,CSCO
4785,11-02-2009,15.850000381469727,16.180000305175778,46279800,16.270000457763672,16.170000076293945,11.923237800598145,CSCO
4786,12-02-2009,15.630000114440918,15.970000267028807,57645800,16.219999313354492,16.200000762939453,11.945357322692873,CSCO
4787,13-02-2009,15.949999809265135,16.200000762939453,43639500,16.459999084472653,16.100000381469727,11.871620178222654,CSCO
4788,17-02-2009,15.279999732971193,15.68000030517578,47981100,15.760000228881836,15.289999961853027,11.274352073669435,CSCO
4789,18-02-2009,15.149999618530273,15.449999809265135,40630400,15.729999542236328,15.369999885559082,11.333341598510742,CSCO
4790,19-02-2009,15.010000228881836,15.460000038146973,42978400,15.520000457763672,15.039999961853027,11.090011596679688,CSCO
4791,20-02-2009,14.880000114440918,14.960000038146973,59376600,15.34000015258789,15.079999923706055,11.11950397491455,CSCO
4792,23-02-2009,14.3100004196167,15.199999809265135,51687900,15.350000381469727,14.359999656677244,10.588600158691406,CSCO
4793,24-02-2009,14.380000114440918,14.390000343322756,55486800,15.050000190734865,14.989999771118164,11.053143501281738,CSCO
4794,25-02-2009,14.369999885559082,14.920000076293945,56278900,15.130000114440918,14.770000457763672,10.89092254638672,CSCO
4795,26-02-2009,14.489999771118164,15.050000190734865,51007600,15.210000038146973,14.489999771118164,10.684454917907717,CSCO
4796,27-02-2009,14.300000190734865,14.300000190734865,76734300,14.81999969482422,14.56999969482422,10.743448257446287,CSCO
4797,02-03-2009,14.270000457763672,14.329999923706055,59924500,14.779999732971193,14.31999969482422,10.559104919433594,CSCO
4798,03-03-2009,14.359999656677244,14.489999771118164,62320000,14.729999542236328,14.390000343322756,10.610721588134766,CSCO
4799,04-03-2009,14.630000114440918,14.640000343322756,69574200,15.520000457763672,15.25,11.244857788085938,CSCO
4800,05-03-2009,14.510000228881836,14.9399995803833,67034500,15.09000015258789,14.550000190734865,10.728699684143066,CSCO
4801,06-03-2009,13.979999542236328,14.579999923706055,113692300,14.93000030517578,14.18000030517578,10.455877304077148,CSCO
4802,09-03-2009,13.609999656677244,14.0,78274900,14.43000030517578,13.619999885559082,10.042948722839355,CSCO
4803,10-03-2009,13.920000076293945,14.039999961853027,71743300,14.789999961853027,14.640000343322756,10.795063018798828,CSCO
4804,11-03-2009,14.520000457763672,14.789999961853027,55002400,15.199999809265135,15.020000457763672,11.075264930725098,CSCO
4805,12-03-2009,14.770000457763672,15.0,49609300,15.510000228881836,15.510000228881836,11.436573028564453,CSCO
4806,13-03-2009,15.25,15.460000038146973,43118900,15.6899995803833,15.510000228881836,11.436573028564453,CSCO
4807,16-03-2009,15.350000381469727,15.789999961853027,50265100,15.880000114440918,15.449999809265135,11.39233112335205,CSCO
4808,17-03-2009,15.56999969482422,15.720000267028807,52090300,16.149999618530273,16.139999389648438,11.901113510131836,CSCO
4809,18-03-2009,16.020000457763672,16.030000686645508,85018400,16.940000534057614,16.5,12.166569709777832,CSCO
4810,19-03-2009,16.059999465942386,16.680000305175778,56670100,16.680000305175778,16.229999542236328,11.96747875213623,CSCO
4811,20-03-2009,15.75,16.370000839233402,66078200,16.569999694824222,15.90999984741211,11.731521606445312,CSCO
4812,23-03-2009,15.899999618530273,16.309999465942386,64333300,17.0,16.979999542236328,12.520502090454102,CSCO
4813,24-03-2009,16.579999923706055,16.700000762939453,44592600,17.040000915527347,16.680000305175778,12.299294471740724,CSCO
4814,25-03-2009,16.280000686645508,16.5,64202300,17.049999237060547,16.569999694824222,12.218185424804688,CSCO
4815,26-03-2009,16.760000228881836,16.799999237060547,58048800,17.389999389648438,17.309999465942386,12.763836860656738,CSCO
4816,27-03-2009,16.850000381469727,17.0,37833600,17.170000076293945,16.950000762939453,12.498382568359375,CSCO
4817,30-03-2009,16.079999923706055,16.569999694824222,45060500,16.569999694824222,16.309999465942386,12.026471138000488,CSCO
4818,31-03-2009,16.370000839233402,16.530000686645508,59050200,17.010000228881836,16.770000457763672,12.365655899047852,CSCO
4819,01-04-2009,16.299999237060547,16.510000228881836,73415300,17.540000915527347,17.459999084472653,12.87444019317627,CSCO
4820,02-04-2009,17.790000915527344,17.829999923706055,88337600,18.61000061035156,18.13999938964844,13.375848770141602,CSCO
4821,03-04-2009,17.950000762939453,18.299999237060547,59472600,18.540000915527344,18.15999984741211,13.390597343444824,CSCO
4822,06-04-2009,17.069999694824222,17.559999465942386,63355500,17.639999389648438,17.530000686645508,12.926054000854492,CSCO
4823,07-04-2009,16.579999923706055,17.200000762939453,59902600,17.25,16.850000381469727,12.424644470214846,CSCO
4824,08-04-2009,16.940000534057614,17.290000915527347,45389100,17.329999923706055,17.129999160766598,12.631107330322266,CSCO
4825,09-04-2009,17.579999923706055,17.670000076293945,53094200,18.07999992370605,17.81999969482422,13.139893531799315,CSCO
4826,13-04-2009,17.760000228881836,17.850000381469727,33965000,18.049999237060547,17.889999389648438,13.191505432128904,CSCO
4827,14-04-2009,17.610000610351562,17.799999237060547,42813500,18.18000030517578,17.93000030517578,13.221004486083984,CSCO
4828,15-04-2009,17.34000015258789,17.75,51890600,18.0,17.559999465942386,12.9481782913208,CSCO
4829,16-04-2009,17.649999618530273,17.81999969482422,51379800,18.18000030517578,18.07999992370605,13.331605911254885,CSCO
4830,17-04-2009,17.829999923706055,18.100000381469727,55983700,18.170000076293945,17.989999771118164,13.265244483947756,CSCO
4831,20-04-2009,17.200000762939453,17.709999084472656,55165100,17.790000915527344,17.309999465942386,12.763836860656738,CSCO
4832,21-04-2009,17.139999389648438,17.200000762939453,45749000,17.790000915527344,17.690000534057614,13.04403305053711,CSCO
4833,22-04-2009,17.430000305175778,17.450000762939453,54728000,18.020000457763672,17.440000534057614,12.85969066619873,CSCO
4834,23-04-2009,17.129999160766598,17.520000457763672,44000300,17.639999389648438,17.6200008392334,12.992422103881836,CSCO
4835,24-04-2009,17.969999313354492,18.1200008392334,55664900,18.5,18.420000076293945,13.58231258392334,CSCO
4836,27-04-2009,18.010000228881836,18.100000381469727,42312900,18.59000015258789,18.3700008392334,13.545446395874025,CSCO
4837,28-04-2009,18.149999618530273,18.299999237060547,47820200,18.959999084472656,18.670000076293945,13.766654014587402,CSCO
4838,29-04-2009,18.729999542236328,18.82999992370605,48496600,19.530000686645508,19.25,14.194331169128418,CSCO
4839,30-04-2009,19.100000381469727,19.690000534057614,60350800,19.93000030517578,19.31999969482422,14.245946884155273,CSCO
4840,01-05-2009,19.059999465942386,19.239999771118164,40337500,19.780000686645508,19.57999992370605,14.437660217285154,CSCO
4841,04-05-2009,19.26000022888184,19.81999969482422,63902300,19.8700008392334,19.5,14.378669738769533,CSCO
4842,05-05-2009,19.280000686645508,19.5,46373400,19.6299991607666,19.6299991607666,14.474529266357422,CSCO
4843,06-05-2009,19.030000686645508,19.76000022888184,93198900,19.850000381469727,19.61000061035156,14.4597806930542,CSCO
4844,07-05-2009,18.600000381469727,20.0,92373300,20.0,18.950000762939453,13.973121643066404,CSCO
4845,08-05-2009,18.549999237060547,19.0,65443000,19.21999931335449,18.729999542236328,13.810897827148438,CSCO
4846,11-05-2009,18.270000457763672,18.450000762939453,44319000,18.82999992370605,18.61000061035156,13.722411155700685,CSCO
4847,12-05-2009,18.549999237060547,18.670000076293945,39761800,18.81999969482422,18.71999931335449,13.803523063659668,CSCO
4848,13-05-2009,18.030000686645508,18.489999771118164,50715000,18.600000381469727,18.049999237060547,13.309483528137207,CSCO
4849,14-05-2009,18.049999237060547,18.06999969482422,43080700,18.290000915527344,18.09000015258789,13.338980674743652,CSCO
4850,15-05-2009,17.770000457763672,18.13999938964844,72110100,18.209999084472656,17.920000076293945,13.21363353729248,CSCO
4851,18-05-2009,18.059999465942386,18.13999938964844,67489600,18.809999465942386,18.71999931335449,13.803523063659668,CSCO
4852,19-05-2009,18.63999938964844,18.709999084472656,53818200,19.350000381469727,18.8799991607666,13.921504020690918,CSCO
4853,20-05-2009,18.459999084472656,19.020000457763672,49031000,19.059999465942386,18.600000381469727,13.715039253234865,CSCO
4854,21-05-2009,17.850000381469727,18.43000030517578,63308400,18.5,18.100000381469727,13.346352577209473,CSCO
4855,22-05-2009,17.65999984741211,18.09000015258789,33243700,18.149999618530273,17.899999618530273,13.198880195617676,CSCO
4856,26-05-2009,17.610000610351562,17.65999984741211,48659800,18.670000076293945,18.489999771118164,13.633928298950195,CSCO
4857,27-05-2009,18.11000061035156,18.40999984741211,40013400,18.709999084472656,18.21999931335449,13.43483829498291,CSCO
4858,28-05-2009,18.059999465942386,18.350000381469727,53071000,18.65999984741211,18.51000022888184,13.648677825927734,CSCO
4859,29-05-2009,18.09000015258789,18.540000915527344,61032200,18.600000381469727,18.5,13.641304969787598,CSCO
4860,01-06-2009,19.01000022888184,19.149999618530273,103321500,19.770000457763672,19.5,14.378669738769533,CSCO
4861,02-06-2009,19.40999984741211,19.56999969482422,53783700,19.86000061035156,19.61000061035156,14.4597806930542,CSCO
4862,03-06-2009,19.100000381469727,19.549999237060547,55115000,19.61000061035156,19.36000061035156,14.275440216064453,CSCO
4863,04-06-2009,19.299999237060547,19.459999084472656,40586000,19.809999465942386,19.670000076293945,14.504023551940918,CSCO
4864,05-06-2009,19.520000457763672,19.940000534057614,86043900,20.020000457763672,19.8700008392334,14.65149974822998,CSCO
4865,08-06-2009,19.530000686645508,19.739999771118164,42855000,20.059999465942386,19.8700008392334,14.65149974822998,CSCO
4866,09-06-2009,19.68000030517578,19.950000762939453,49764200,20.200000762939453,20.07999992370605,14.80634593963623,CSCO
4867,10-06-2009,19.600000381469727,20.190000534057614,58386500,20.239999771118164,19.950000762939453,14.710484504699707,CSCO
4868,11-06-2009,19.899999618530273,19.93000030517578,44781700,20.350000381469727,20.100000381469727,14.821094512939453,CSCO
4869,12-06-2009,19.6299991607666,19.93000030517578,41365200,20.0,19.90999984741211,14.68099308013916,CSCO
4870,15-06-2009,19.100000381469727,19.68000030517578,47976000,19.700000762939453,19.36000061035156,14.275440216064453,CSCO
4871,16-06-2009,19.030000686645508,19.420000076293945,45359200,19.479999542236328,19.07999992370605,14.068974494934082,CSCO
4872,17-06-2009,18.96999931335449,19.040000915527344,48812300,19.489999771118164,19.200000762939453,14.157464027404785,CSCO
4873,18-06-2009,18.920000076293945,19.229999542236328,37563900,19.290000915527344,18.989999771118164,14.00261402130127,CSCO
4874,19-06-2009,18.799999237060547,19.18000030517578,71703600,19.200000762939453,18.920000076293945,13.950997352600098,CSCO
4875,22-06-2009,18.350000381469727,18.75,46178100,18.799999237060547,18.40999984741211,13.57493782043457,CSCO
4876,23-06-2009,18.25,18.43000030517578,42673600,18.709999084472656,18.56999969482422,13.692914009094238,CSCO
4877,24-06-2009,18.520000457763672,18.739999771118164,47138200,19.0,18.61000061035156,13.722411155700685,CSCO
4878,25-06-2009,18.5,18.59000015258789,43535600,19.190000534057614,19.030000686645508,14.032108306884766,CSCO
4879,26-06-2009,18.850000381469727,18.920000076293945,47177400,19.15999984741211,18.90999984741211,13.943625450134276,CSCO
4880,29-06-2009,18.790000915527344,19.0,49234600,19.049999237060547,18.989999771118164,14.00261402130127,CSCO
4881,30-06-2009,18.530000686645508,18.940000534057614,53792300,19.06999969482422,18.649999618530273,13.751906394958494,CSCO
4882,01-07-2009,18.76000022888184,18.84000015258789,36650000,19.100000381469727,18.799999237060547,13.862509727478027,CSCO
4883,02-07-2009,18.450000762939453,18.670000076293945,41562600,18.729999542236328,18.5,13.641304969787598,CSCO
4884,06-07-2009,18.299999237060547,18.31999969482422,35302300,18.700000762939453,18.530000686645508,13.663423538208008,CSCO
4885,07-07-2009,18.190000534057614,18.540000915527344,41560400,18.6200008392334,18.239999771118164,13.449590682983398,CSCO
4886,08-07-2009,17.81999969482422,18.25,53554200,18.32999992370605,18.1299991607666,13.368475914001465,CSCO
4887,09-07-2009,18.059999465942386,18.270000457763672,52949400,18.51000022888184,18.170000076293945,13.397970199584961,CSCO
4888,10-07-2009,18.020000457763672,18.07999992370605,46638100,18.450000762939453,18.34000015258789,13.523326873779295,CSCO
4889,13-07-2009,17.920000076293945,18.40999984741211,62374700,18.57999992370605,18.56999969482422,13.692914009094238,CSCO
4890,14-07-2009,18.43000030517578,18.43000030517578,46982000,18.940000534057614,18.729999542236328,13.810897827148438,CSCO
4891,15-07-2009,19.15999984741211,19.31999969482422,87943200,19.8799991607666,19.809999465942386,14.60725212097168,CSCO
4892,16-07-2009,19.709999084472656,19.739999771118164,57779400,20.200000762939453,20.1200008392334,14.835837364196776,CSCO
4893,17-07-2009,19.979999542236328,20.18000030517578,69173300,20.57999992370605,20.51000022888184,15.1234130859375,CSCO
4894,20-07-2009,20.799999237060547,20.81999969482422,78883200,21.270000457763672,21.149999618530273,15.595329284667967,CSCO
4895,21-07-2009,20.8799991607666,21.270000457763672,72575100,21.59000015258789,21.59000015258789,15.91977310180664,CSCO
4896,22-07-2009,21.270000457763672,21.440000534057614,52608700,21.82999992370605,21.450000762939453,15.816535949707033,CSCO
4897,23-07-2009,21.280000686645508,21.440000534057614,62820700,22.06999969482422,21.899999618530273,16.14835548400879,CSCO
4898,24-07-2009,21.420000076293945,21.479999542236328,40636200,21.96999931335449,21.8799991607666,16.133602142333984,CSCO
4899,27-07-2009,21.670000076293945,21.850000381469727,31602000,21.950000762939453,21.84000015258789,16.104114532470707,CSCO
4900,28-07-2009,21.3700008392334,21.6200008392334,40081700,21.989999771118164,21.93000030517578,16.170473098754886,CSCO
4901,29-07-2009,21.5,21.799999237060547,33623500,21.8700008392334,21.71999931335449,16.015626907348633,CSCO
4902,30-07-2009,21.84000015258789,21.979999542236328,52880000,22.399999618530273,21.979999542236328,16.207345962524414,CSCO
4903,31-07-2009,21.850000381469727,21.940000534057614,41668100,22.18000030517578,22.01000022888184,16.229467391967773,CSCO
4904,03-08-2009,22.190000534057614,22.209999084472656,61219800,22.61000061035156,22.56999969482422,16.642391204833984,CSCO
4905,04-08-2009,22.190000534057614,22.450000762939453,55890100,22.54999923706055,22.440000534057614,16.546533584594727,CSCO
4906,05-08-2009,22.01000022888184,22.54999923706055,79003200,22.56999969482422,22.170000076293945,16.347448348999027,CSCO
4907,06-08-2009,21.68000030517578,22.040000915527344,83322000,22.40999984741211,22.309999465942386,16.450674057006836,CSCO
4908,07-08-2009,22.149999618530273,22.489999771118164,46921300,22.739999771118164,22.190000534057614,16.362192153930664,CSCO
4909,10-08-2009,21.5,21.979999542236328,46634300,22.1200008392334,21.63999938964844,15.956639289855955,CSCO
4910,11-08-2009,21.059999465942386,21.46999931335449,53601800,21.530000686645508,21.170000076293945,15.61007595062256,CSCO
4911,12-08-2009,21.18000030517578,21.229999542236328,49469600,21.61000061035156,21.43000030517578,15.801793098449707,CSCO
4912,13-08-2009,21.34000015258789,21.540000915527344,38927800,21.649999618530273,21.51000022888184,15.8607816696167,CSCO
4913,14-08-2009,21.0,21.46999931335449,35178700,21.549999237060547,21.309999465942386,15.713306427001953,CSCO
4914,17-08-2009,20.68000030517578,20.940000534057614,32440200,20.959999084472656,20.729999542236328,15.28563404083252,CSCO
4915,18-08-2009,20.790000915527344,20.81999969482422,33338700,21.149999618530273,21.01000022888184,15.492095947265625,CSCO
4916,19-08-2009,20.739999771118164,20.76000022888184,39235200,21.440000534057614,21.239999771118164,15.66168975830078,CSCO
4917,20-08-2009,21.200000762939453,21.25,55774700,21.959999084472656,21.88999938964844,16.140981674194336,CSCO
4918,21-08-2009,21.770000457763672,22.07999992370605,56585800,22.270000457763672,22.190000534057614,16.362192153930664,CSCO
4919,24-08-2009,21.93000030517578,22.21999931335449,52702800,22.63999938964844,22.059999465942386,16.266338348388672,CSCO
4920,25-08-2009,21.850000381469727,22.15999984741211,28402400,22.25,22.0,16.22208595275879,CSCO
4921,26-08-2009,21.809999465942386,21.90999984741211,33585100,22.0,21.93000030517578,16.170473098754886,CSCO
4922,27-08-2009,21.46999931335449,21.670000076293945,30283800,21.90999984741211,21.8799991607666,16.133602142333984,CSCO
4923,28-08-2009,21.799999237060547,22.149999618530273,35945600,22.350000381469727,22.0,16.22208595275879,CSCO
4924,31-08-2009,21.51000022888184,21.739999771118164,31405700,21.84000015258789,21.600000381469727,15.927145957946776,CSCO
4925,01-09-2009,21.07999992370605,21.459999084472656,48752000,21.8700008392334,21.170000076293945,15.61007595062256,CSCO
4926,02-09-2009,21.06999969482422,21.09000015258789,40254300,21.729999542236328,21.549999237060547,15.890277862548828,CSCO
4927,03-09-2009,21.34000015258789,21.729999542236328,33833000,21.899999618530273,21.489999771118164,15.84603786468506,CSCO
4928,04-09-2009,21.399999618530273,21.59000015258789,28951700,21.959999084472656,21.84000015258789,16.104114532470707,CSCO
4929,08-09-2009,21.790000915527344,22.0,39951400,22.209999084472656,21.920000076293945,16.163103103637695,CSCO
4930,09-09-2009,21.959999084472656,21.96999931335449,45120800,22.520000457763672,22.229999542236328,16.391685485839847,CSCO
4931,10-09-2009,22.01000022888184,22.149999618530273,76624200,23.04999923706055,23.01000022888184,16.96683120727539,CSCO
4932,11-09-2009,22.61000061035156,22.920000076293945,53497100,23.1299991607666,23.09000015258789,17.025819778442386,CSCO
4933,14-09-2009,22.61000061035156,22.85000038146973,60616000,22.989999771118164,22.790000915527344,16.804609298706055,CSCO
4934,15-09-2009,22.65999984741211,22.82999992370605,50922100,23.190000534057614,22.979999542236328,16.944713592529293,CSCO
4935,16-09-2009,23.0,23.06999969482422,53658500,23.45000076293945,23.36000061035156,17.224906921386722,CSCO
4936,17-09-2009,23.15999984741211,23.21999931335449,40431200,23.489999771118164,23.38999938964844,17.247028350830078,CSCO
4937,18-09-2009,23.239999771118164,23.5,53795300,23.61000061035156,23.399999618530273,17.254404067993164,CSCO
4938,21-09-2009,23.18000030517578,23.20000076293945,51075300,23.85000038146973,23.6299991607666,17.423999786376953,CSCO
4939,22-09-2009,23.29999923706055,23.709999084472656,34927600,23.71999931335449,23.40999984741211,17.261783599853516,CSCO
4940,23-09-2009,22.75,23.520000457763672,65546000,23.53000068664551,22.79999923706055,16.81197738647461,CSCO
4941,24-09-2009,22.459999084472656,22.84000015258789,39003000,22.989999771118164,22.649999618530273,16.70137596130371,CSCO
4942,25-09-2009,22.56999969482422,22.56999969482422,41074700,22.920000076293945,22.6200008392334,16.679258346557614,CSCO
4943,28-09-2009,23.270000457763672,23.290000915527344,68919000,23.8700008392334,23.61000061035156,17.409252166748047,CSCO
4944,29-09-2009,23.209999084472656,23.6200008392334,40230500,23.739999771118164,23.29999923706055,17.180669784545902,CSCO
4945,30-09-2009,22.959999084472656,23.54999923706055,64479300,23.790000915527344,23.540000915527344,17.357635498046875,CSCO
4946,01-10-2009,23.06999969482422,23.35000038146973,63043900,23.57999992370605,23.09000015258789,17.025819778442386,CSCO
4947,02-10-2009,22.6200008392334,22.86000061035156,42035100,23.07999992370605,22.670000076293945,16.716129302978516,CSCO
4948,05-10-2009,22.57999992370605,22.90999984741211,38746900,23.11000061035156,22.940000534057614,16.915218353271484,CSCO
4949,06-10-2009,23.06999969482422,23.15999984741211,41395900,23.56999969482422,23.35000038146973,17.217536926269528,CSCO
4950,07-10-2009,23.40999984741211,23.479999542236328,43251500,23.78000068664551,23.61000061035156,17.409252166748047,CSCO
4951,08-10-2009,23.54999923706055,23.82999992370605,45902600,23.920000076293945,23.670000076293945,17.453493118286133,CSCO
4952,09-10-2009,23.5,23.63999938964844,45650000,24.07999992370605,24.03000068664551,17.718948364257812,CSCO
4953,12-10-2009,23.6200008392334,24.06999969482422,32797500,24.21999931335449,23.78000068664551,17.534601211547848,CSCO
4954,13-10-2009,23.56999969482422,23.57999992370605,45600500,24.1299991607666,23.88999938964844,17.615713119506836,CSCO
4955,14-10-2009,24.18000030517578,24.26000022888184,49209400,24.5,24.3799991607666,17.977020263671875,CSCO
4956,15-10-2009,24.059999465942386,24.25,35858400,24.3700008392334,24.3700008392334,17.969648361206055,CSCO
4957,16-10-2009,23.70000076293945,24.10000038146973,38024200,24.1299991607666,24.020000457763672,17.711572647094727,CSCO
4958,19-10-2009,23.959999084472656,24.1299991607666,30644700,24.82999992370605,24.25,17.88117218017578,CSCO
4959,20-10-2009,23.959999084472656,24.3700008392334,52450500,24.54999923706055,24.11000061035156,17.777938842773438,CSCO
4960,21-10-2009,23.85000038146973,24.1200008392334,41880500,24.5,23.959999084472656,17.667329788208008,CSCO
4961,22-10-2009,23.82999992370605,23.899999618530273,33909000,24.25,24.18000030517578,17.82955551147461,CSCO
4962,23-10-2009,24.03000068664551,24.520000457763672,42526300,24.520000457763672,24.170000076293945,17.82218360900879,CSCO
4963,26-10-2009,23.6299991607666,24.149999618530273,45679600,24.399999618530273,23.70000076293945,17.475614547729492,CSCO
4964,27-10-2009,23.399999618530273,23.71999931335449,42696300,23.95000076293945,23.540000915527344,17.357635498046875,CSCO
4965,28-10-2009,22.96999931335449,23.3700008392334,47534500,23.53000068664551,23.020000457763672,16.97420310974121,CSCO
4966,29-10-2009,23.059999465942386,23.11000061035156,40053400,23.57999992370605,23.520000457763672,17.342891693115234,CSCO
4967,30-10-2009,22.63999938964844,23.459999084472656,61218300,23.479999542236328,22.809999465942386,16.81936264038086,CSCO
4968,02-11-2009,22.6200008392334,22.8700008392334,55068200,23.20000076293945,23.0,16.959449768066403,CSCO
4969,03-11-2009,22.54999923706055,22.81999969482422,46384000,23.040000915527344,22.90999984741211,16.893091201782227,CSCO
4970,04-11-2009,23.0,23.309999465942386,65580900,23.43000030517578,23.290000915527344,17.17329978942871,CSCO
4971,05-11-2009,23.6200008392334,24.04999923706055,87742300,24.06999969482422,23.93000030517578,17.64521026611328,CSCO
4972,06-11-2009,23.65999984741211,23.709999084472656,36617400,24.0,23.81999969482422,17.564096450805664,CSCO
4973,09-11-2009,23.71999931335449,23.93000030517578,46891200,24.0,23.989999771118164,17.689451217651367,CSCO
4974,10-11-2009,23.54999923706055,23.70000076293945,43081900,23.8700008392334,23.649999618530273,17.438749313354492,CSCO
4975,11-11-2009,23.709999084472656,23.729999542236328,39237500,24.0,23.920000076293945,17.637832641601562,CSCO
4976,12-11-2009,23.170000076293945,23.739999771118164,63813300,23.84000015258789,23.399999618530273,17.254404067993164,CSCO
4977,13-11-2009,23.45000076293945,23.51000022888184,35797700,23.79999923706055,23.709999084472656,17.48299217224121,CSCO
4978,16-11-2009,23.649999618530273,23.770000457763672,47598200,24.10000038146973,23.8700008392334,17.600967407226562,CSCO
4979,17-11-2009,23.81999969482422,23.920000076293945,37209300,24.11000061035156,24.09000015258789,17.76319122314453,CSCO
4980,18-11-2009,23.790000915527344,24.01000022888184,27234800,24.040000915527344,24.0,17.696826934814453,CSCO
4981,19-11-2009,23.40999984741211,23.8700008392334,38099900,23.8799991607666,23.68000030517578,17.460868835449222,CSCO
4982,20-11-2009,23.29999923706055,23.5,36317900,23.56999969482422,23.459999084472656,17.298650741577152,CSCO
4983,23-11-2009,23.649999618530273,23.690000534057614,29300500,23.90999984741211,23.899999618530273,17.623088836669922,CSCO
4984,24-11-2009,23.559999465942386,23.82999992370605,29988300,23.899999618530273,23.739999771118164,17.505111694335938,CSCO
4985,25-11-2009,23.649999618530273,23.76000022888184,27084300,23.8700008392334,23.739999771118164,17.505111694335938,CSCO
4986,27-11-2009,23.020000457763672,23.10000038146973,21773900,23.520000457763672,23.3799991607666,17.239660263061527,CSCO
4987,30-11-2009,23.190000534057614,23.309999465942386,34349100,23.540000915527344,23.399999618530273,17.254404067993164,CSCO
4988,01-12-2009,23.38999938964844,23.43000030517578,39946800,24.0,23.920000076293945,17.637832641601562,CSCO
4989,02-12-2009,23.739999771118164,23.84000015258789,30982600,24.10000038146973,23.8700008392334,17.600967407226562,CSCO
4990,03-12-2009,23.82999992370605,23.979999542236328,35484600,24.190000534057614,23.82999992370605,17.571474075317386,CSCO
4991,04-12-2009,23.90999984741211,24.07999992370605,49537500,24.420000076293945,24.15999984741211,17.81480598449707,CSCO
4992,07-12-2009,24.10000038146973,24.11000061035156,33094700,24.399999618530273,24.209999084472656,17.851673126220703,CSCO
4993,08-12-2009,23.75,24.020000457763672,44128100,24.209999084472656,23.809999465942386,17.556726455688473,CSCO
4994,09-12-2009,23.440000534057614,23.78000068664551,38449700,23.88999938964844,23.86000061035156,17.59359359741211,CSCO
4995,10-12-2009,23.809999465942386,24.0,33704400,24.20000076293945,23.940000534057614,17.652585983276367,CSCO
4996,11-12-2009,23.670000076293945,24.040000915527344,27735900,24.06999969482422,23.770000457763672,17.527233123779293,CSCO
4997,14-12-2009,23.84000015258789,24.01000022888184,35439600,24.149999618530273,23.84000015258789,17.578842163085938,CSCO
4998,15-12-2009,23.46999931335449,23.809999465942386,52394700,23.899999618530273,23.479999542236328,17.313390731811527,CSCO
4999,16-12-2009,23.35000038146973,23.56999969482422,41819300,23.690000534057614,23.45000076293945,17.29127311706543,CSCO
5000,17-12-2009,23.13999938964844,23.459999084472656,33439200,23.46999931335449,23.18000030517578,17.092185974121097,CSCO
5001,18-12-2009,23.020000457763672,23.1299991607666,67220300,23.3700008392334,23.32999992370605,17.20279312133789,CSCO
5002,21-12-2009,23.479999542236328,23.53000068664551,35588700,23.81999969482422,23.63999938964844,17.431371688842773,CSCO
5003,22-12-2009,23.56999969482422,23.6299991607666,27139900,23.8700008392334,23.75,17.51247787475586,CSCO
5004,23-12-2009,23.70000076293945,23.790000915527344,23857600,23.93000030517578,23.78000068664551,17.534601211547848,CSCO
5005,24-12-2009,23.790000915527344,23.79999923706055,9900600,23.989999771118164,23.959999084472656,17.667329788208008,CSCO
5006,28-12-2009,23.809999465942386,23.88999938964844,20191200,24.10000038146973,24.07999992370605,17.75581932067871,CSCO
5007,29-12-2009,24.0,24.03000068664551,21897300,24.170000076293945,24.10000038146973,17.770566940307614,CSCO
5008,30-12-2009,24.0,24.01000022888184,17202900,24.20000076293945,24.18000030517578,17.82955551147461,CSCO
5009,31-12-2009,23.940000534057614,24.10000038146973,25208100,24.170000076293945,23.940000534057614,17.652585983276367,CSCO
5010,04-01-2010,24.01000022888184,24.11000061035156,59853700,24.84000015258789,24.690000534057614,18.205612182617188,CSCO
5011,05-01-2010,24.3799991607666,24.60000038146973,45124500,24.729999542236328,24.57999992370605,18.12449836730957,CSCO
5012,06-01-2010,24.34000015258789,24.540000915527344,35715700,24.739999771118164,24.420000076293945,18.006519317626953,CSCO
5013,07-01-2010,24.170000076293945,24.29999923706055,31531200,24.56999969482422,24.53000068664551,18.087631225585934,CSCO
5014,08-01-2010,24.25,24.3799991607666,39115900,24.70000076293945,24.65999984741211,18.18348503112793,CSCO
5015,11-01-2010,24.40999984741211,24.63999938964844,35852900,24.88999938964844,24.59000015258789,18.131874084472656,CSCO
5016,12-01-2010,24.07999992370605,24.440000534057614,35780400,24.5,24.20000076293945,17.844303131103516,CSCO
5017,13-01-2010,24.20000076293945,24.28000068664551,43683900,24.70000076293945,24.63999938964844,18.16873550415039,CSCO
5018,14-01-2010,24.520000457763672,24.57999992370605,52302100,25.07999992370605,24.95000076293945,18.39732360839844,CSCO
5019,15-01-2010,24.29999923706055,25.0,51648100,25.10000038146973,24.399999618530273,17.991771697998047,CSCO
5020,19-01-2010,24.5,24.540000915527344,37607500,24.8799991607666,24.85000038146973,18.323585510253906,CSCO
5021,20-01-2010,24.1200008392334,24.6200008392334,42125400,24.729999542236328,24.40999984741211,17.999143600463867,CSCO
5022,21-01-2010,23.86000061035156,24.51000022888184,54767500,24.649999618530273,23.979999542236328,17.68208122253418,CSCO
5023,22-01-2010,22.8700008392334,23.84000015258789,70424300,23.93000030517578,22.96999931335449,16.93733787536621,CSCO
5024,25-01-2010,22.739999771118164,23.10000038146973,51288800,23.18000030517578,22.989999771118164,16.952079772949222,CSCO
5025,26-01-2010,22.63999938964844,22.79999923706055,55312800,23.20000076293945,22.899999618530273,16.885723114013672,CSCO
5026,27-01-2010,22.76000022888184,22.88999938964844,51802900,23.26000022888184,23.149999618530273,17.070064544677734,CSCO
5027,28-01-2010,22.350000381469727,23.18000030517578,63620000,23.21999931335449,22.520000457763672,16.605520248413086,CSCO
5028,29-01-2010,22.440000534057614,22.95000076293945,73431900,23.1299991607666,22.46999931335449,16.56865119934082,CSCO
5029,01-02-2010,22.3799991607666,22.649999618530273,54386100,22.940000534057614,22.729999542236328,16.760370254516598,CSCO
5030,02-02-2010,22.51000022888184,22.809999465942386,54108900,23.11000061035156,23.020000457763672,16.97420310974121,CSCO
5031,03-02-2010,22.85000038146973,23.15999984741211,80035500,23.25,23.06999969482422,17.011072158813473,CSCO
5032,04-02-2010,23.10000038146973,23.40999984741211,126098600,23.770000457763672,23.15999984741211,17.077438354492188,CSCO
5033,05-02-2010,23.15999984741211,23.29999923706055,99148600,23.8799991607666,23.70000076293945,17.475614547729492,CSCO
5034,08-02-2010,23.479999542236328,23.78000068664551,69909000,23.899999618530273,23.5,17.328140258789062,CSCO
5035,09-02-2010,23.57999992370605,23.79999923706055,60331600,24.0,23.88999938964844,17.615713119506836,CSCO
5036,10-02-2010,23.6200008392334,23.86000061035156,50574100,24.0,23.76000022888184,17.519861221313473,CSCO
5037,11-02-2010,23.540000915527344,23.670000076293945,42458500,23.989999771118164,23.93000030517578,17.64521026611328,CSCO
5038,12-02-2010,23.51000022888184,23.71999931335449,56455000,23.79999923706055,23.76000022888184,17.519861221313473,CSCO
5039,16-02-2010,23.79999923706055,23.959999084472656,46758200,24.0,24.0,17.696826934814453,CSCO
5040,17-02-2010,23.739999771118164,23.989999771118164,48505500,24.09000015258789,24.06999969482422,17.748441696166992,CSCO
5041,18-02-2010,23.899999618530273,24.04999923706055,41154700,24.36000061035156,24.28000068664551,17.903287887573242,CSCO
5042,19-02-2010,24.059999465942386,24.1299991607666,38781900,24.3799991607666,24.36000061035156,17.96227264404297,CSCO
5043,22-02-2010,24.149999618530273,24.38999938964844,31374800,24.459999084472656,24.29999923706055,17.91803741455078,CSCO
5044,23-02-2010,23.82999992370605,24.15999984741211,36286000,24.229999542236328,24.04999923706055,17.73369789123535,CSCO
5045,24-02-2010,24.09000015258789,24.09000015258789,33182100,24.45000076293945,24.34000015258789,17.94753074645996,CSCO
5046,25-02-2010,23.8700008392334,24.0,37112100,24.38999938964844,24.32999992370605,17.940160751342773,CSCO
5047,26-02-2010,24.209999084472656,24.36000061035156,30719800,24.459999084472656,24.32999992370605,17.940160751342773,CSCO
5048,01-03-2010,24.31999969482422,24.32999992370605,41777800,24.649999618530273,24.60000038146973,18.13925170898437,CSCO
5049,02-03-2010,24.440000534057614,24.65999984741211,51403800,24.75,24.61000061035156,18.146625518798828,CSCO
5050,03-03-2010,24.60000038146973,24.70000076293945,50693400,24.93000030517578,24.84000015258789,18.316211700439453,CSCO
5051,04-03-2010,24.65999984741211,24.84000015258789,40262000,24.979999542236328,24.95000076293945,18.39732360839844,CSCO
5052,05-03-2010,24.920000076293945,24.96999931335449,57057100,25.239999771118164,25.209999084472656,18.589040756225586,CSCO
5053,08-03-2010,25.26000022888184,25.309999465942386,116178200,26.36000061035156,26.1299991607666,19.267417907714844,CSCO
5054,09-03-2010,25.70000076293945,26.32999992370605,160887600,26.479999542236328,26.1299991607666,19.267417907714844,CSCO
5055,10-03-2010,25.75,25.85000038146973,69660800,26.059999465942386,25.8700008392334,19.075706481933594,CSCO
5056,11-03-2010,25.71999931335449,25.790000915527344,37340500,25.979999542236328,25.96999931335449,19.14944076538086,CSCO
5057,12-03-2010,25.78000068664551,26.0,31167200,26.03000068664551,25.8799991607666,19.083078384399414,CSCO
5058,15-03-2010,25.739999771118164,25.76000022888184,36759300,26.09000015258789,26.07999992370605,19.23055458068848,CSCO
5059,16-03-2010,26.01000022888184,26.03000068664551,53887500,26.34000015258789,26.149999618530273,19.282161712646484,CSCO
5060,17-03-2010,26.18000030517578,26.20000076293945,32456000,26.399999618530273,26.26000022888184,19.363279342651367,CSCO
5061,18-03-2010,26.21999931335449,26.239999771118164,27088000,26.43000030517578,26.34000015258789,19.422266006469727,CSCO
5062,19-03-2010,26.06999969482422,26.3700008392334,55661800,26.440000534057614,26.149999618530273,19.282161712646484,CSCO
5063,22-03-2010,25.88999938964844,25.920000076293945,31899500,26.3799991607666,26.28000068664551,19.378023147583008,CSCO
5064,23-03-2010,26.170000076293945,26.190000534057614,48863100,26.75,26.63999938964844,19.64347648620605,CSCO
5065,24-03-2010,26.440000534057614,26.559999465942386,35293400,26.6200008392334,26.45000076293945,19.50337791442871,CSCO
5066,25-03-2010,26.420000076293945,26.65999984741211,35137800,26.85000038146973,26.43000030517578,19.48862838745117,CSCO
5067,26-03-2010,26.34000015258789,26.440000534057614,37524500,26.75,26.46999931335449,19.51811981201172,CSCO
5068,29-03-2010,26.45000076293945,26.61000061035156,30387800,26.690000534057614,26.51000022888184,19.547622680664066,CSCO
5069,30-03-2010,26.34000015258789,26.63999938964844,32975900,26.709999084472656,26.649999618530273,19.650854110717773,CSCO
5070,31-03-2010,25.959999084472656,26.520000457763672,54745100,26.61000061035156,26.03000068664551,19.193679809570312,CSCO
5071,01-04-2010,25.65999984741211,26.20000076293945,56193700,26.29999923706055,25.82999992370605,19.046213150024414,CSCO
5072,05-04-2010,25.79999923706055,25.8700008392334,34804200,26.239999771118164,26.170000076293945,19.296916961669922,CSCO
5073,06-04-2010,26.04999923706055,26.1299991607666,31121900,26.3799991607666,26.21999931335449,19.333782196044922,CSCO
5074,07-04-2010,26.10000038146973,26.10000038146973,43837800,26.59000015258789,26.34000015258789,19.422266006469727,CSCO
5075,08-04-2010,26.0,26.28000068664551,38623400,26.38999938964844,26.28000068664551,19.378023147583008,CSCO
5076,09-04-2010,26.21999931335449,26.28000068664551,34610800,26.63999938964844,26.60000038146973,19.613983154296875,CSCO
5077,12-04-2010,26.489999771118164,26.56999969482422,28374400,26.739999771118164,26.53000068664551,19.56237030029297,CSCO
5078,13-04-2010,26.170000076293945,26.45000076293945,42863900,26.5,26.440000534057614,19.496007919311523,CSCO
5079,14-04-2010,26.559999465942386,26.6299991607666,44610100,26.93000030517578,26.8799991607666,19.820446014404297,CSCO
5080,15-04-2010,26.95000076293945,27.0,47016500,27.25,27.209999084472656,20.06377601623535,CSCO
5081,16-04-2010,26.790000915527344,27.149999618530273,68523400,27.440000534057614,26.979999542236328,19.89418029785156,CSCO
5082,19-04-2010,26.54999923706055,26.93000030517578,43888900,27.11000061035156,27.06999969482422,19.96054077148437,CSCO
5083,20-04-2010,27.059999465942386,27.190000534057614,47166000,27.45000076293945,27.18000030517578,20.041650772094727,CSCO
5084,21-04-2010,27.1200008392334,27.170000076293945,42737800,27.399999618530273,27.239999771118164,20.08589744567871,CSCO
5085,22-04-2010,26.71999931335449,27.07999992370605,44843600,27.3700008392334,27.31999969482422,20.14488983154297,CSCO
5086,23-04-2010,27.209999084472656,27.3799991607666,39305500,27.51000022888184,27.46999931335449,20.255495071411133,CSCO
5087,26-04-2010,27.479999542236328,27.57999992370605,35663400,27.70000076293945,27.56999969482422,20.3292293548584,CSCO
5088,27-04-2010,26.729999542236328,27.40999984741211,57167400,27.57999992370605,27.01000022888184,19.916305541992188,CSCO
5089,28-04-2010,26.81999969482422,27.11000061035156,54475300,27.3799991607666,27.040000915527344,19.93842315673828,CSCO
5090,29-04-2010,27.10000038146973,27.10000038146973,41865500,27.63999938964844,27.53000068664551,20.29973793029785,CSCO
5091,30-04-2010,26.920000076293945,27.68000030517578,41886700,27.739999771118164,26.93000030517578,19.857311248779297,CSCO
5092,03-05-2010,27.01000022888184,27.03000068664551,44974900,27.690000534057614,27.540000915527344,20.30710792541504,CSCO
5093,04-05-2010,26.399999618530273,27.239999771118164,52347200,27.25,26.559999465942386,19.58448600769043,CSCO
5094,05-05-2010,26.149999618530273,26.309999465942386,49889300,26.81999969482422,26.54999923706055,19.57711410522461,CSCO
5095,06-05-2010,23.229999542236328,26.399999618530273,97908000,26.649999618530273,25.489999771118164,18.795509338378906,CSCO
5096,07-05-2010,24.32999992370605,25.520000457763672,95894500,25.63999938964844,24.709999084472656,18.22035789489746,CSCO
5097,10-05-2010,25.899999618530273,26.1200008392334,74912200,26.53000068664551,26.1299991607666,19.267417907714844,CSCO
5098,11-05-2010,25.81999969482422,26.059999465942386,53718000,26.770000457763672,25.959999084472656,19.142066955566406,CSCO
5099,12-05-2010,26.190000534057614,26.21999931335449,66161700,26.79999923706055,26.739999771118164,19.71722221374512,CSCO
5100,13-05-2010,25.3700008392334,26.09000015258789,143656300,26.10000038146973,25.53000068664551,18.824996948242188,CSCO
5101,14-05-2010,24.690000534057614,25.26000022888184,82159400,25.29999923706055,24.940000534057614,18.38994789123535,CSCO
5102,17-05-2010,24.26000022888184,24.96999931335449,72483200,24.979999542236328,24.8700008392334,18.33833885192871,CSCO
5103,18-05-2010,24.18000030517578,25.0,59688900,25.020000457763672,24.36000061035156,17.96227264404297,CSCO
5104,19-05-2010,23.96999931335449,24.229999542236328,62394300,24.520000457763672,24.26000022888184,17.888540267944336,CSCO
5105,20-05-2010,23.1299991607666,23.559999465942386,97381300,23.88999938964844,23.309999465942386,17.188037872314453,CSCO
5106,21-05-2010,22.559999465942386,22.670000076293945,88178000,23.51000022888184,23.459999084472656,17.298650741577152,CSCO
5107,24-05-2010,23.1299991607666,23.459999084472656,48173300,23.70000076293945,23.3700008392334,17.232284545898438,CSCO
5108,25-05-2010,22.60000038146973,22.729999542236328,64859000,23.309999465942386,23.309999465942386,17.188037872314453,CSCO
5109,26-05-2010,22.84000015258789,23.559999465942386,72466100,23.75,22.88999938964844,16.878345489501953,CSCO
5110,27-05-2010,23.020000457763672,23.38999938964844,59790400,23.68000030517578,23.670000076293945,17.453493118286133,CSCO
5111,28-05-2010,22.989999771118164,23.520000457763672,56435900,23.56999969482422,23.15999984741211,17.077438354492188,CSCO
5112,01-06-2010,22.920000076293945,22.940000534057614,56341200,23.479999542236328,23.0,16.959449768066403,CSCO
5113,02-06-2010,22.739999771118164,23.06999969482422,45748300,23.3700008392334,23.35000038146973,17.217536926269528,CSCO
5114,03-06-2010,23.270000457763672,23.489999771118164,49009800,23.770000457763672,23.71999931335449,17.490360260009766,CSCO
5115,04-06-2010,22.76000022888184,23.31999969482422,60603900,23.54999923706055,22.959999084472656,16.929962158203125,CSCO
5116,07-06-2010,22.68000030517578,23.01000022888184,50257700,23.290000915527344,22.76000022888184,16.782487869262695,CSCO
5117,08-06-2010,22.520000457763672,22.90999984741211,71516900,23.0,22.959999084472656,16.929962158203125,CSCO
5118,09-06-2010,22.739999771118164,23.020000457763672,47727700,23.45000076293945,22.78000068664551,16.797233581542972,CSCO
5119,10-06-2010,22.51000022888184,23.0,98936100,23.10000038146973,22.770000457763672,16.789865493774414,CSCO
5120,11-06-2010,22.520000457763672,22.53000068664551,56318300,22.989999771118164,22.90999984741211,16.893091201782227,CSCO
5121,14-06-2010,22.729999542236328,23.07999992370605,57270100,23.28000068664551,22.76000022888184,16.782487869262695,CSCO
5122,15-06-2010,22.79999923706055,22.81999969482422,77834700,23.45000076293945,23.32999992370605,17.20279312133789,CSCO
5123,16-06-2010,23.09000015258789,23.11000061035156,73638000,23.78000068664551,23.290000915527344,17.17329978942871,CSCO
5124,17-06-2010,23.04999923706055,23.489999771118164,52811800,23.5,23.170000076293945,17.084806442260742,CSCO
5125,18-06-2010,23.149999618530273,23.28000068664551,52422500,23.649999618530273,23.489999771118164,17.320770263671875,CSCO
5126,21-06-2010,23.1299991607666,23.84000015258789,54836700,23.940000534057614,23.34000015258789,17.210163116455078,CSCO
5127,22-06-2010,22.920000076293945,23.31999969482422,42148200,23.649999618530273,22.96999931335449,16.93733787536621,CSCO
5128,23-06-2010,22.63999938964844,23.11000061035156,54086100,23.13999938964844,22.86000061035156,16.856225967407227,CSCO
5129,24-06-2010,22.46999931335449,22.68000030517578,58002300,22.979999542236328,22.56999969482422,16.642391204833984,CSCO
5130,25-06-2010,22.11000061035156,22.59000015258789,76899200,22.670000076293945,22.18000030517578,16.354816436767578,CSCO
5131,28-06-2010,22.290000915527344,22.299999237060547,43365000,22.75,22.420000076293945,16.531787872314453,CSCO
5132,29-06-2010,21.399999618530273,22.149999618530273,68951400,22.190000534057614,21.6200008392334,15.941889762878418,CSCO
5133,30-06-2010,21.239999771118164,21.520000457763672,57128000,21.729999542236328,21.309999465942386,15.713306427001953,CSCO
5134,01-07-2010,20.93000030517578,21.200000762939453,66345400,21.489999771118164,21.26000022888184,15.676433563232422,CSCO
5135,02-07-2010,20.989999771118164,21.209999084472656,46262200,21.309999465942386,21.1299991607666,15.580585479736328,CSCO
5136,06-07-2010,21.049999237060547,21.420000076293945,51187800,21.670000076293945,21.34000015258789,15.735428810119627,CSCO
5137,07-07-2010,21.450000762939453,21.489999771118164,70496900,22.489999771118164,22.479999542236328,16.576026916503903,CSCO
5138,08-07-2010,22.149999618530273,22.670000076293945,55310300,22.790000915527344,22.54999923706055,16.627647399902347,CSCO
5139,09-07-2010,22.43000030517578,22.54999923706055,41488800,22.809999465942386,22.70000076293945,16.738248825073242,CSCO
5140,12-07-2010,22.61000061035156,22.61000061035156,30563100,22.979999542236328,22.86000061035156,16.856225967407227,CSCO
5141,13-07-2010,22.989999771118164,23.040000915527344,45007700,23.28000068664551,23.09000015258789,17.025819778442386,CSCO
5142,14-07-2010,23.38999938964844,23.43000030517578,61467200,23.88999938964844,23.739999771118164,17.505111694335938,CSCO
5143,15-07-2010,23.420000076293945,23.70000076293945,51771300,23.959999084472656,23.920000076293945,17.637832641601562,CSCO
5144,16-07-2010,22.61000061035156,23.8700008392334,77069000,23.8700008392334,22.75,16.775117874145508,CSCO
5145,19-07-2010,22.54999923706055,22.8700008392334,54701900,23.03000068664551,22.729999542236328,16.760370254516598,CSCO
5146,20-07-2010,22.049999237060547,22.270000457763672,66161600,23.07999992370605,23.04999923706055,16.99632453918457,CSCO
5147,21-07-2010,22.399999618530273,23.059999465942386,45752100,23.21999931335449,22.559999465942386,16.635015487670902,CSCO
5148,22-07-2010,22.729999542236328,22.729999542236328,57947100,23.36000061035156,23.270000457763672,17.15854263305664,CSCO
5149,23-07-2010,23.01000022888184,23.15999984741211,39345400,23.40999984741211,23.35000038146973,17.217536926269528,CSCO
5150,26-07-2010,23.20000076293945,23.31999969482422,38325000,23.61000061035156,23.61000061035156,17.409252166748047,CSCO
5151,27-07-2010,23.20000076293945,23.68000030517578,47984200,23.71999931335449,23.29999923706055,17.180669784545902,CSCO
5152,28-07-2010,23.25,23.290000915527344,41757900,23.6200008392334,23.38999938964844,17.247028350830078,CSCO
5153,29-07-2010,22.959999084472656,23.53000068664551,37489200,26.0,23.209999084472656,17.114307403564453,CSCO
5154,30-07-2010,22.8799991607666,23.020000457763672,42185400,23.399999618530273,23.06999969482422,17.011072158813473,CSCO
5155,02-08-2010,23.399999618530273,23.43000030517578,43032200,23.940000534057614,23.79999923706055,17.549346923828125,CSCO
5156,03-08-2010,23.6200008392334,23.84000015258789,27135900,23.88999938964844,23.81999969482422,17.564096450805664,CSCO
5157,04-08-2010,23.78000068664551,23.790000915527344,48329300,24.25,24.13999938964844,17.800052642822266,CSCO
5158,05-08-2010,23.82999992370605,24.03000068664551,30206900,24.18000030517578,24.170000076293945,17.82218360900879,CSCO
5159,06-08-2010,23.60000038146973,23.920000076293945,40439300,24.170000076293945,24.06999969482422,17.748441696166992,CSCO
5160,09-08-2010,24.20000076293945,24.209999084472656,64011100,24.8700008392334,24.770000457763672,18.264598846435547,CSCO
5161,10-08-2010,24.15999984741211,24.459999084472656,59163700,24.59000015258789,24.309999465942386,17.92540740966797,CSCO
5162,11-08-2010,23.45000076293945,23.86000061035156,71535700,23.95000076293945,23.729999542236328,17.497735977172848,CSCO
5163,12-08-2010,21.0,21.420000076293945,227307900,21.61000061035156,21.36000061035156,15.750178337097168,CSCO
5164,13-08-2010,21.25,21.51000022888184,67924100,21.57999992370605,21.36000061035156,15.750178337097168,CSCO
5165,16-08-2010,21.21999931335449,21.239999771118164,88596200,22.1200008392334,21.90999984741211,16.155725479125973,CSCO
5166,17-08-2010,21.950000762939453,22.06999969482422,82948700,22.290000915527344,22.049999237060547,16.25895881652832,CSCO
5167,18-08-2010,22.020000457763672,22.040000915527344,73044200,22.51000022888184,22.40999984741211,16.524412155151367,CSCO
5168,19-08-2010,22.01000022888184,22.34000015258789,71331800,22.5,22.21999931335449,16.38430404663086,CSCO
5169,20-08-2010,22.1299991607666,22.190000534057614,54657100,22.40999984741211,22.229999542236328,16.391685485839847,CSCO
5170,23-08-2010,21.649999618530273,22.46999931335449,49300700,22.479999542236328,21.68000030517578,15.986132621765135,CSCO
5171,24-08-2010,21.100000381469727,21.43000030517578,74151900,21.450000762939453,21.1299991607666,15.580585479736328,CSCO
5172,25-08-2010,20.81999969482422,20.989999771118164,54311000,21.350000381469727,21.209999084472656,15.639566421508787,CSCO
5173,26-08-2010,20.690000534057614,21.18000030517578,53499700,21.309999465942386,20.700000762939453,15.263509750366213,CSCO
5174,27-08-2010,20.36000061035156,20.84000015258789,62116800,20.940000534057614,20.809999465942386,15.344622611999512,CSCO
5175,30-08-2010,20.290000915527344,20.799999237060547,58983000,20.88999938964844,20.31999969482422,14.98331069946289,CSCO
5176,31-08-2010,19.81999969482422,20.11000061035156,94440300,20.3700008392334,19.989999771118164,14.739983558654785,CSCO
5177,01-09-2010,20.25,20.350000381469727,80173000,20.700000762939453,20.26000022888184,14.939067840576172,CSCO
5178,02-09-2010,20.309999465942386,20.479999542236328,59439000,20.700000762939453,20.520000457763672,15.13078498840332,CSCO
5179,03-09-2010,20.76000022888184,20.96999931335449,54485200,21.1299991607666,21.040000915527344,15.514217376708984,CSCO
5180,07-09-2010,20.530000686645508,20.899999618530273,60556800,20.989999771118164,20.57999992370605,15.175027847290039,CSCO
5181,08-09-2010,20.549999237060547,20.68000030517578,40603000,20.88999938964844,20.63999938964844,15.219273567199707,CSCO
5182,09-09-2010,20.57999992370605,20.959999084472656,43601000,21.049999237060547,20.61000061035156,15.19714641571045,CSCO
5183,10-09-2010,20.31999969482422,20.6299991607666,48400600,20.68000030517578,20.6200008392334,15.20452117919922,CSCO
5184,13-09-2010,20.86000061035156,20.920000076293945,62445900,21.34000015258789,21.26000022888184,15.676433563232422,CSCO
5185,14-09-2010,21.209999084472656,21.36000061035156,109222400,22.170000076293945,21.450000762939453,15.816535949707033,CSCO
5186,15-09-2010,21.489999771118164,21.540000915527344,60902400,21.86000061035156,21.59000015258789,15.91977310180664,CSCO
5187,16-09-2010,21.520000457763672,21.57999992370605,47579200,21.959999084472656,21.93000030517578,16.170473098754886,CSCO
5188,17-09-2010,21.770000457763672,22.06999969482422,54756000,22.1200008392334,21.86000061035156,16.118860244750973,CSCO
5189,20-09-2010,21.63999938964844,21.96999931335449,55723700,21.989999771118164,21.75,16.037750244140625,CSCO
5190,21-09-2010,21.3700008392334,21.780000686645508,69743300,21.959999084472656,21.63999938964844,15.956639289855955,CSCO
5191,22-09-2010,21.399999618530273,21.670000076293945,49272200,21.88999938964844,21.670000076293945,15.978763580322266,CSCO
5192,23-09-2010,21.43000030517578,21.549999237060547,36037000,21.809999465942386,21.530000686645508,15.875528335571287,CSCO
5193,24-09-2010,21.75,21.84000015258789,54235100,22.25,22.09000015258789,16.288454055786133,CSCO
5194,27-09-2010,21.86000061035156,22.01000022888184,48649000,22.309999465942386,22.11000061035156,16.303205490112305,CSCO
5195,28-09-2010,21.450000762939453,22.0,64748400,22.11000061035156,21.86000061035156,16.118860244750973,CSCO
5196,29-09-2010,21.559999465942386,21.6299991607666,46307300,21.90999984741211,21.8700008392334,16.126237869262695,CSCO
5197,30-09-2010,21.670000076293945,22.049999237060547,56848900,22.280000686645508,21.899999618530273,16.14835548400879,CSCO
5198,01-10-2010,21.780000686645508,22.1200008392334,42184000,22.21999931335449,21.90999984741211,16.155725479125973,CSCO
5199,04-10-2010,21.5,21.809999465942386,31731200,22.0,21.76000022888184,16.045120239257812,CSCO
5200,05-10-2010,21.770000457763672,22.020000457763672,59683800,22.1200008392334,21.989999771118164,16.214717864990234,CSCO
5201,06-10-2010,22.01000022888184,22.030000686645508,52793100,22.399999618530273,22.299999237060547,16.443296432495114,CSCO
5202,07-10-2010,22.11000061035156,22.46999931335449,37842400,22.5,22.38999938964844,16.509666442871097,CSCO
5203,08-10-2010,22.09000015258789,22.3700008392334,37806400,22.520000457763672,22.479999542236328,16.576026916503903,CSCO
5204,11-10-2010,22.3799991607666,22.479999542236328,28434500,22.649999618530273,22.46999931335449,16.56865119934082,CSCO
5205,12-10-2010,22.270000457763672,22.3799991607666,35299100,22.75,22.6200008392334,16.679258346557614,CSCO
5206,13-10-2010,22.82999992370605,22.93000030517578,66127100,23.399999618530273,23.18000030517578,17.092185974121097,CSCO
5207,14-10-2010,22.85000038146973,23.26000022888184,38847200,23.29999923706055,23.06999969482422,17.011072158813473,CSCO
5208,15-10-2010,23.0,23.239999771118164,50265800,23.399999618530273,23.36000061035156,17.224906921386722,CSCO
5209,18-10-2010,23.229999542236328,23.35000038146973,40606700,23.5,23.29999923706055,17.180669784545902,CSCO
5210,19-10-2010,22.76000022888184,23.10000038146973,53769400,23.18000030517578,22.96999931335449,16.93733787536621,CSCO
5211,20-10-2010,22.90999984741211,22.90999984741211,44947300,23.57999992370605,23.399999618530273,17.254404067993164,CSCO
5212,21-10-2010,22.979999542236328,23.479999542236328,38509300,23.54999923706055,23.26000022888184,17.151180267333984,CSCO
5213,22-10-2010,23.18000030517578,23.25,23672100,23.489999771118164,23.479999542236328,17.313390731811527,CSCO
5214,25-10-2010,23.56999969482422,23.6299991607666,37084400,23.899999618530273,23.61000061035156,17.409252166748047,CSCO
5215,26-10-2010,23.36000061035156,23.489999771118164,37680000,23.75,23.399999618530273,17.254404067993164,CSCO
5216,27-10-2010,23.03000068664551,23.25,39164400,23.36000061035156,23.290000915527344,17.17329978942871,CSCO
5217,28-10-2010,23.06999969482422,23.43000030517578,33677600,23.489999771118164,23.190000534057614,17.09956169128418,CSCO
5218,29-10-2010,22.81999969482422,23.1200008392334,44587900,23.21999931335449,22.86000061035156,16.856225967407227,CSCO
5219,01-11-2010,22.8799991607666,22.95000076293945,49174300,23.29999923706055,22.920000076293945,16.900466918945312,CSCO
5220,02-11-2010,23.059999465942386,23.170000076293945,37374800,23.29999923706055,23.170000076293945,17.084806442260742,CSCO
5221,03-11-2010,23.18000030517578,23.290000915527344,53861200,23.739999771118164,23.709999084472656,17.48299217224121,CSCO
5222,04-11-2010,23.88999938964844,23.920000076293945,55897800,24.34000015258789,24.209999084472656,17.851673126220703,CSCO
5223,05-11-2010,23.8799991607666,24.26000022888184,41012300,24.34000015258789,24.26000022888184,17.888540267944336,CSCO
5224,08-11-2010,24.28000068664551,24.35000038146973,40378100,24.57999992370605,24.38999938964844,17.984397888183594,CSCO
5225,09-11-2010,24.18000030517578,24.489999771118164,51149000,24.60000038146973,24.35000038146973,17.95490264892578,CSCO
5226,10-11-2010,23.989999771118164,24.290000915527344,115576200,24.51000022888184,24.489999771118164,18.058128356933594,CSCO
5227,11-11-2010,20.25,20.459999084472656,553080300,20.959999084472656,20.520000457763672,15.13078498840332,CSCO
5228,12-11-2010,20.030000686645508,20.6200008392334,234765700,20.670000076293945,20.149999618530273,14.85795783996582,CSCO
5229,15-11-2010,19.920000076293945,20.3700008392334,137862000,20.3700008392334,19.950000762939453,14.710484504699707,CSCO
5230,16-11-2010,19.34000015258789,19.8799991607666,212301700,19.940000534057614,19.440000534057614,14.334425926208494,CSCO
5231,17-11-2010,19.38999938964844,19.6200008392334,112439000,19.68000030517578,19.40999984741211,14.312307357788086,CSCO
5232,18-11-2010,19.530000686645508,19.729999542236328,102255900,19.799999237060547,19.61000061035156,14.4597806930542,CSCO
5233,19-11-2010,19.5,19.82999992370605,100759700,19.84000015258789,19.61000061035156,14.4597806930542,CSCO
5234,22-11-2010,19.3799991607666,19.649999618530273,65402000,19.68000030517578,19.559999465942386,14.4229097366333,CSCO
5235,23-11-2010,19.18000030517578,19.440000534057614,91969500,19.440000534057614,19.200000762939453,14.157464027404785,CSCO
5236,24-11-2010,19.31999969482422,19.32999992370605,63880400,19.549999237060547,19.459999084472656,14.349177360534668,CSCO
5237,26-11-2010,19.40999984741211,19.489999771118164,26257400,19.71999931335449,19.489999771118164,14.371297836303713,CSCO
5238,29-11-2010,19.229999542236328,19.46999931335449,51951000,19.540000915527344,19.440000534057614,14.334425926208494,CSCO
5239,30-11-2010,19.1299991607666,19.239999771118164,63406700,19.350000381469727,19.15999984741211,14.127964973449707,CSCO
5240,01-12-2010,19.26000022888184,19.34000015258789,79322800,19.38999938964844,19.31999969482422,14.245946884155273,CSCO
5241,02-12-2010,19.1200008392334,19.36000061035156,113636300,19.399999618530273,19.21999931335449,14.17220687866211,CSCO
5242,03-12-2010,19.0,19.15999984741211,89385000,19.170000076293945,19.06999969482422,14.061602592468262,CSCO
5243,06-12-2010,19.270000457763672,19.309999465942386,79017400,19.600000381469727,19.43000030517578,14.327056884765625,CSCO
5244,07-12-2010,19.36000061035156,19.700000762939453,74980300,19.700000762939453,19.38999938964844,14.297564506530762,CSCO
5245,08-12-2010,19.309999465942386,19.3700008392334,53976900,19.450000762939453,19.350000381469727,14.26806640625,CSCO
5246,09-12-2010,19.38999938964844,19.489999771118164,91965400,19.81999969482422,19.700000762939453,14.526145935058596,CSCO
5247,10-12-2010,19.51000022888184,19.75,64813100,19.76000022888184,19.700000762939453,14.526145935058596,CSCO
5248,13-12-2010,19.559999465942386,19.850000381469727,62987200,19.920000076293945,19.57999992370605,14.437660217285154,CSCO
5249,14-12-2010,19.520000457763672,19.649999618530273,57015900,19.8700008392334,19.540000915527344,14.408167839050293,CSCO
5250,15-12-2010,19.43000030517578,19.57999992370605,57939500,19.670000076293945,19.46999931335449,14.356550216674805,CSCO
5251,16-12-2010,19.43000030517578,19.440000534057614,61253000,19.76000022888184,19.75,14.563009262084961,CSCO
5252,17-12-2010,19.5,19.700000762939453,115525000,19.780000686645508,19.549999237060547,14.41553783416748,CSCO
5253,20-12-2010,19.520000457763672,19.57999992370605,49113500,19.71999931335449,19.6200008392334,14.467159271240234,CSCO
5254,21-12-2010,19.5,19.63999938964844,62386300,19.770000457763672,19.530000686645508,14.400795936584473,CSCO
5255,22-12-2010,19.51000022888184,19.540000915527344,42787100,19.56999969482422,19.559999465942386,14.4229097366333,CSCO
5256,23-12-2010,19.5,19.540000915527344,41599200,19.76000022888184,19.690000534057614,14.51877498626709,CSCO
5257,27-12-2010,19.809999465942386,19.84000015258789,62054900,20.399999618530273,20.15999984741211,14.865337371826172,CSCO
5258,28-12-2010,20.280000686645508,20.3700008392334,57275400,20.51000022888184,20.350000381469727,15.005434036254885,CSCO
5259,29-12-2010,20.25,20.489999771118164,32977000,20.51000022888184,20.25,14.931697845458984,CSCO
5260,30-12-2010,20.209999084472656,20.31999969482422,25576700,20.350000381469727,20.229999542236328,14.916951179504395,CSCO
5261,31-12-2010,20.07999992370605,20.239999771118164,28677200,20.239999771118164,20.229999542236328,14.916951179504395,CSCO
5262,03-01-2011,20.3799991607666,20.450000762939453,54310200,20.6200008392334,20.489999771118164,15.108663558959961,CSCO
5263,04-01-2011,20.399999618530273,20.51000022888184,46273800,20.600000381469727,20.520000457763672,15.13078498840332,CSCO
5264,05-01-2011,20.530000686645508,20.57999992370605,69380400,20.850000381469727,20.770000457763672,15.315130233764648,CSCO
5265,06-01-2011,20.76000022888184,20.90999984741211,65845400,20.959999084472656,20.950000762939453,15.447851181030273,CSCO
5266,07-01-2011,20.82999992370605,20.86000061035156,67732200,21.0,20.96999931335449,15.462596893310547,CSCO
5267,10-01-2011,20.700000762939453,20.940000534057614,40679700,20.950000762939453,20.790000915527344,15.329876899719238,CSCO
5268,11-01-2011,20.790000915527344,20.899999618530273,38343800,20.959999084472656,20.8799991607666,15.396240234375,CSCO
5269,12-01-2011,20.959999084472656,21.0,40646100,21.13999938964844,21.1200008392334,15.57320785522461,CSCO
5270,13-01-2011,21.01000022888184,21.18000030517578,35006700,21.229999542236328,21.07999992370605,15.543709754943848,CSCO
5271,14-01-2011,21.059999465942386,21.1299991607666,35176400,21.239999771118164,21.209999084472656,15.639566421508787,CSCO
5272,18-01-2011,21.209999084472656,21.21999931335449,46668500,21.32999992370605,21.21999931335449,15.646944046020508,CSCO
5273,19-01-2011,20.700000762939453,21.31999969482422,53574600,21.32999992370605,20.81999969482422,15.351985931396484,CSCO
5274,20-01-2011,20.5,20.61000061035156,53291700,20.90999984741211,20.770000457763672,15.315130233764648,CSCO
5275,21-01-2011,20.68000030517578,20.96999931335449,40172600,20.979999542236328,20.729999542236328,15.28563404083252,CSCO
5276,24-01-2011,20.729999542236328,20.84000015258789,44068400,21.18000030517578,21.170000076293945,15.61007595062256,CSCO
5277,25-01-2011,21.07999992370605,21.15999984741211,72726400,21.56999969482422,21.540000915527344,15.88290309906006,CSCO
5278,26-01-2011,21.26000022888184,21.479999542236328,65525000,21.61000061035156,21.420000076293945,15.794419288635256,CSCO
5279,27-01-2011,21.26000022888184,21.3700008392334,36827200,21.489999771118164,21.440000534057614,15.809165000915527,CSCO
5280,28-01-2011,20.86000061035156,21.489999771118164,46540500,21.56999969482422,20.93000030517578,15.43310546875,CSCO
5281,31-01-2011,20.709999084472656,20.93000030517578,40390800,21.18000030517578,21.149999618530273,15.595329284667967,CSCO
5282,01-02-2011,21.26000022888184,21.270000457763672,40519800,21.559999465942386,21.46999931335449,15.831281661987305,CSCO
5283,02-02-2011,21.420000076293945,21.520000457763672,41287400,21.690000534057614,21.6200008392334,15.941889762878418,CSCO
5284,03-02-2011,21.649999618530273,21.700000762939453,54002000,21.96999931335449,21.90999984741211,16.155725479125973,CSCO
5285,04-02-2011,21.809999465942386,21.899999618530273,60134800,22.149999618530273,22.049999237060547,16.25895881652832,CSCO
5286,07-02-2011,22.030000686645508,22.11000061035156,52408400,22.34000015258789,22.030000686645508,16.244213104248047,CSCO
5287,08-02-2011,21.709999084472656,21.950000762939453,73163000,22.01000022888184,21.989999771118164,16.214717864990234,CSCO
5288,09-02-2011,21.899999618530273,21.920000076293945,125425600,22.149999618530273,22.040000915527344,16.251585006713867,CSCO
5289,10-02-2011,18.790000915527344,19.649999618530273,560040200,19.700000762939453,18.920000076293945,13.950997352600098,CSCO
5290,11-02-2011,18.61000061035156,19.11000061035156,189326900,19.13999938964844,18.700000762939453,13.788776397705078,CSCO
5291,14-02-2011,18.68000030517578,18.84000015258789,109308400,18.950000762939453,18.809999465942386,13.86988639831543,CSCO
5292,15-02-2011,18.6299991607666,18.88999938964844,90320500,18.920000076293945,18.670000076293945,13.766654014587402,CSCO
5293,16-02-2011,18.559999465942386,18.770000457763672,101531800,18.790000915527344,18.57999992370605,13.70029354095459,CSCO
5294,17-02-2011,18.57999992370605,18.6299991607666,89097600,18.76000022888184,18.68000030517578,13.774030685424805,CSCO
5295,18-02-2011,18.68000030517578,18.739999771118164,90035800,19.020000457763672,18.850000381469727,13.89938259124756,CSCO
5296,22-02-2011,18.549999237060547,18.729999542236328,74954500,18.739999771118164,18.59000015258789,13.70766830444336,CSCO
5297,23-02-2011,18.290000915527344,18.56999969482422,89185300,18.65999984741211,18.399999618530273,13.567566871643065,CSCO
5298,24-02-2011,18.229999542236328,18.38999938964844,71863700,18.51000022888184,18.36000061035156,13.53807258605957,CSCO
5299,25-02-2011,18.46999931335449,18.51000022888184,49209600,18.700000762939453,18.63999938964844,13.744534492492676,CSCO
5300,28-02-2011,18.51000022888184,18.6200008392334,62256300,18.75,18.559999465942386,13.685544967651367,CSCO
5301,01-03-2011,18.5,18.670000076293945,61977900,18.790000915527344,18.559999465942386,13.685544967651367,CSCO
5302,02-03-2011,18.440000534057614,18.489999771118164,63392600,18.6200008392334,18.5,13.641304969787598,CSCO
5303,03-03-2011,18.5,18.6299991607666,57031300,18.649999618530273,18.530000686645508,13.663423538208008,CSCO
5304,04-03-2011,18.309999465942386,18.530000686645508,57403000,18.59000015258789,18.399999618530273,13.567566871643065,CSCO
5305,07-03-2011,18.030000686645508,18.36000061035156,70862500,18.3700008392334,18.200000762939453,13.42009735107422,CSCO
5306,08-03-2011,18.020000457763672,18.170000076293945,54964300,18.299999237060547,18.21999931335449,13.43483829498291,CSCO
5307,09-03-2011,18.020000457763672,18.11000061035156,53213800,18.200000762939453,18.1200008392334,13.361105918884276,CSCO
5308,10-03-2011,17.899999618530273,18.040000915527344,63935800,18.06999969482422,17.920000076293945,13.21363353729248,CSCO
5309,11-03-2011,17.760000228881836,17.809999465942386,68251500,18.010000228881836,17.950000762939453,13.235748291015625,CSCO
5310,14-03-2011,17.739999771118164,17.809999465942386,45156200,17.8799991607666,17.850000381469727,13.162009239196776,CSCO
5311,15-03-2011,17.25,17.309999465942386,97003700,17.479999542236328,17.389999389648438,12.822823524475098,CSCO
5312,16-03-2011,17.010000228881836,17.329999923706055,93486600,17.569999694824222,17.049999237060547,12.572118759155273,CSCO
5313,17-03-2011,16.969999313354492,17.129999160766598,83343500,17.200000762939453,17.0,12.535253524780273,CSCO
5314,18-03-2011,17.069999694824222,17.350000381469727,125171000,17.420000076293945,17.139999389648438,12.638484001159668,CSCO
5315,21-03-2011,17.299999237060547,17.34000015258789,57397200,17.549999237060547,17.389999389648438,12.822823524475098,CSCO
5316,22-03-2011,17.290000915527347,17.420000076293945,63906900,17.610000610351562,17.450000762939453,12.867066383361815,CSCO
5317,23-03-2011,17.34000015258789,17.420000076293945,52147800,17.600000381469727,17.579999923706055,12.96292495727539,CSCO
5318,24-03-2011,17.350000381469727,17.6200008392334,57829100,17.639999389648438,17.360000610351562,12.80070686340332,CSCO
5319,25-03-2011,17.200000762939453,17.379999160766598,53219900,17.40999984741211,17.280000686645508,12.741714477539062,CSCO
5320,28-03-2011,17.170000076293945,17.360000610351562,63408300,17.540000915527347,17.190000534057614,12.6753511428833,CSCO
5321,29-03-2011,17.190000534057614,17.209999084472653,57191900,17.450000762939453,17.440000534057614,12.904732704162598,CSCO
5322,30-03-2011,17.299999237060547,17.579999923706055,60260900,17.600000381469727,17.329999923706055,12.82334041595459,CSCO
5323,31-03-2011,17.149999618530273,17.319999694824222,64974000,17.450000762939453,17.149999618530273,12.690149307250975,CSCO
5324,01-04-2011,16.989999771118164,17.290000915527347,62747100,17.299999237060547,17.040000915527347,12.608757019042967,CSCO
5325,04-04-2011,17.0,17.010000228881836,57644300,17.139999389648438,17.059999465942386,12.623558044433596,CSCO
5326,05-04-2011,17.120000839233402,17.15999984741211,103442400,17.489999771118164,17.219999313354492,12.74194622039795,CSCO
5327,06-04-2011,17.379999160766598,17.440000534057614,176814200,18.190000534057614,18.06999969482422,13.370902061462402,CSCO
5328,07-04-2011,17.719999313354492,18.15999984741211,119269200,18.290000915527344,17.90999984741211,13.25251293182373,CSCO
5329,08-04-2011,17.530000686645508,17.969999313354492,82734700,17.989999771118164,17.649999618530273,13.060126304626465,CSCO
5330,11-04-2011,17.360000610351562,17.709999084472656,56427900,17.760000228881836,17.469999313354492,12.926932334899902,CSCO
5331,12-04-2011,17.360000610351562,17.5,65853700,17.579999923706055,17.440000534057614,12.904732704162598,CSCO
5332,13-04-2011,17.219999313354492,17.5,60912400,17.5,17.25,12.76414394378662,CSCO
5333,14-04-2011,17.049999237060547,17.149999618530273,58261800,17.219999313354492,17.170000076293945,12.704948425292967,CSCO
5334,15-04-2011,16.969999313354492,17.190000534057614,82667700,17.299999237060547,17.030000686645508,12.60135555267334,CSCO
5335,18-04-2011,16.59000015258789,16.879999160766598,86550700,16.899999618530273,16.729999542236328,12.379371643066404,CSCO
5336,19-04-2011,16.520000457763672,16.649999618530273,76498000,16.760000228881836,16.610000610351562,12.290575981140135,CSCO
5337,20-04-2011,16.790000915527347,16.899999618530273,86372600,16.959999084472653,16.930000305175778,12.527359008789062,CSCO
5338,21-04-2011,16.860000610351562,16.940000534057614,57013900,16.989999771118164,16.940000534057614,12.534759521484375,CSCO
5339,25-04-2011,16.899999618530273,16.930000305175778,42745400,17.15999984741211,17.100000381469727,12.653153419494627,CSCO
5340,26-04-2011,17.139999389648438,17.209999084472653,81600000,17.639999389648438,17.520000457763672,12.963933944702148,CSCO
5341,27-04-2011,17.079999923706055,17.600000381469727,97724100,17.639999389648438,17.190000534057614,12.719747543334961,CSCO
5342,28-04-2011,17.180000305175778,17.200000762939453,52900000,17.379999160766598,17.290000915527347,12.793741226196287,CSCO
5343,29-04-2011,17.260000228881836,17.319999694824222,137455300,17.559999465942386,17.520000457763672,12.963933944702148,CSCO
5344,02-05-2011,17.389999389648438,17.510000228881836,46838800,17.600000381469727,17.579999923706055,13.008328437805176,CSCO
5345,03-05-2011,17.290000915527347,17.530000686645508,56900000,17.569999694824222,17.40999984741211,12.882534980773926,CSCO
5346,04-05-2011,17.280000686645508,17.370000839233402,58190500,17.559999465942386,17.469999313354492,12.926932334899902,CSCO
5347,05-05-2011,17.450000762939453,17.479999542236328,67908600,17.68000030517578,17.479999542236328,12.934333801269533,CSCO
5348,06-05-2011,17.5,17.6299991607666,60439500,17.700000762939453,17.559999465942386,12.993531227111815,CSCO
5349,09-05-2011,17.469999313354492,17.530000686645508,46982400,17.670000076293945,17.600000381469727,13.0231294631958,CSCO
5350,10-05-2011,17.649999618530273,17.649999618530273,68810700,17.940000534057614,17.790000915527344,13.16372013092041,CSCO
5351,11-05-2011,17.649999618530273,17.81999969482422,129200000,17.989999771118164,17.780000686645508,13.156319618225098,CSCO
5352,12-05-2011,16.639999389648438,16.959999084472653,238300000,17.079999923706055,16.930000305175778,12.527359008789062,CSCO
5353,13-05-2011,16.780000686645508,16.860000610351562,80195400,16.959999084472653,16.879999160766598,12.490365028381348,CSCO
5354,16-05-2011,16.600000381469727,16.819999694824222,81604100,16.870000839233402,16.600000381469727,12.283180236816404,CSCO
5355,17-05-2011,16.459999084472653,16.5,78204700,16.719999313354492,16.639999389648438,12.312774658203125,CSCO
5356,18-05-2011,16.34000015258789,16.639999389648438,92724700,16.65999984741211,16.649999618530273,12.320172309875488,CSCO
5357,19-05-2011,16.559999465942386,16.75,68259900,16.829999923706055,16.65999984741211,12.327573776245115,CSCO
5358,20-05-2011,16.510000228881836,16.680000305175778,50894200,16.719999313354492,16.530000686645508,12.231380462646484,CSCO
5359,23-05-2011,16.219999313354492,16.40999984741211,68300000,16.440000534057614,16.350000381469727,12.098191261291506,CSCO
5360,24-05-2011,16.25,16.399999618530273,42476600,16.459999084472653,16.270000457763672,12.03899383544922,CSCO
5361,25-05-2011,16.110000610351562,16.149999618530273,59601900,16.260000228881836,16.190000534057614,11.979796409606935,CSCO
5362,26-05-2011,16.149999618530273,16.15999984741211,64698900,16.370000839233402,16.25,12.024195671081545,CSCO
5363,27-05-2011,16.239999771118164,16.239999771118164,49534400,16.510000228881836,16.459999084472653,12.179583549499512,CSCO
5364,31-05-2011,16.510000228881836,16.59000015258789,56638700,16.819999694824222,16.799999237060547,12.431166648864744,CSCO
5365,01-06-2011,16.360000610351562,16.760000228881836,61885900,16.770000457763672,16.379999160766598,12.12038803100586,CSCO
5366,02-06-2011,16.229999542236328,16.309999465942386,62685200,16.520000457763672,16.25,12.024195671081545,CSCO
5367,03-06-2011,15.979999542236328,16.139999389648438,74861100,16.190000534057614,16.010000228881836,11.846607208251953,CSCO
5368,06-06-2011,15.880000114440918,16.020000457763672,58219800,16.170000076293945,15.989999771118164,11.831807136535645,CSCO
5369,07-06-2011,15.489999771118164,16.040000915527347,107881100,16.040000915527347,15.510000228881836,11.47663116455078,CSCO
5370,08-06-2011,15.210000038146973,15.40999984741211,100248400,15.579999923706055,15.300000190734865,11.321242332458494,CSCO
5371,09-06-2011,15.25,15.31999969482422,67591200,15.470000267028807,15.3100004196167,11.328640937805176,CSCO
5372,10-06-2011,15.010000228881836,15.3100004196167,78257800,15.359999656677244,15.119999885559082,11.18804931640625,CSCO
5373,13-06-2011,15.039999961853027,15.140000343322756,63586100,15.279999732971193,15.0600004196167,11.143655776977539,CSCO
5374,14-06-2011,14.920000076293945,15.109999656677244,91526300,15.220000267028807,15.079999923706055,11.158451080322266,CSCO
5375,15-06-2011,14.779999732971193,14.960000038146973,92323100,14.989999771118164,14.84000015258789,10.980862617492676,CSCO
5376,16-06-2011,14.800000190734865,14.84000015258789,73024300,15.100000381469727,15.050000190734865,11.136252403259276,CSCO
5377,17-06-2011,14.899999618530273,15.18000030517578,80876700,15.199999809265135,14.970000267028807,11.077059745788574,CSCO
5378,20-06-2011,14.93000030517578,14.9399995803833,54052600,15.170000076293945,15.140000343322756,11.202852249145508,CSCO
5379,21-06-2011,15.149999618530273,15.199999809265135,85430700,15.56999969482422,15.510000228881836,11.47663116455078,CSCO
5380,22-06-2011,15.329999923706055,15.479999542236328,48404300,15.640000343322756,15.359999656677244,11.365636825561525,CSCO
5381,23-06-2011,15.079999923706055,15.18000030517578,63981500,15.489999771118164,15.470000267028807,11.447033882141113,CSCO
5382,24-06-2011,14.920000076293945,15.4399995803833,177861600,15.4399995803833,14.93000030517578,11.047460556030273,CSCO
5383,27-06-2011,14.9399995803833,14.9399995803833,76915200,15.149999618530273,15.050000190734865,11.136252403259276,CSCO
5384,28-06-2011,14.960000038146973,15.079999923706055,52428700,15.140000343322756,15.130000114440918,11.195451736450195,CSCO
5385,29-06-2011,15.119999885559082,15.18000030517578,47452800,15.399999618530273,15.34000015258789,11.35084056854248,CSCO
5386,30-06-2011,15.34000015258789,15.359999656677244,52609600,15.65999984741211,15.609999656677244,11.550625801086426,CSCO
5387,01-07-2011,15.600000381469727,15.630000114440918,65130300,15.949999809265135,15.859999656677244,11.735615730285645,CSCO
5388,05-07-2011,15.550000190734865,15.869999885559082,44364600,15.920000076293945,15.670000076293945,11.639055252075195,CSCO
5389,06-07-2011,15.449999809265135,15.619999885559082,43221700,15.68000030517578,15.5600004196167,11.557353019714355,CSCO
5390,07-07-2011,15.609999656677244,15.640000343322756,70174000,15.989999771118164,15.899999618530273,11.809892654418945,CSCO
5391,08-07-2011,15.5600004196167,15.760000228881836,50343200,15.899999618530273,15.739999771118164,11.691047668457033,CSCO
5392,11-07-2011,15.329999923706055,15.550000190734865,44407800,15.619999885559082,15.43000030517578,11.460792541503904,CSCO
5393,12-07-2011,15.420000076293945,15.43000030517578,88242600,15.960000038146973,15.600000381469727,11.587061882019045,CSCO
5394,13-07-2011,15.5,15.699999809265135,47732700,15.850000381469727,15.56999969482422,11.564778327941895,CSCO
5395,14-07-2011,15.399999618530273,15.5600004196167,50153300,15.760000228881836,15.43000030517578,11.460792541503904,CSCO
5396,15-07-2011,15.449999809265135,15.520000457763672,54798300,15.699999809265135,15.59000015258789,11.579633712768555,CSCO
5397,18-07-2011,15.270000457763672,15.489999771118164,45271200,15.539999961853027,15.4399995803833,11.468221664428713,CSCO
5398,19-07-2011,15.420000076293945,15.550000190734865,58280600,15.699999809265135,15.65999984741211,11.631624221801758,CSCO
5399,20-07-2011,15.579999923706055,15.640000343322756,60146400,15.949999809265135,15.81999969482422,11.750469207763672,CSCO
5400,21-07-2011,15.81999969482422,15.81999969482422,93220600,16.469999313354492,16.350000381469727,12.144134521484375,CSCO
5401,22-07-2011,16.25,16.440000534057614,48364800,16.5,16.459999084472653,12.225834846496582,CSCO
5402,25-07-2011,16.15999984741211,16.34000015258789,33870200,16.379999160766598,16.280000686645508,12.09213924407959,CSCO
5403,26-07-2011,16.200000762939453,16.260000228881836,40154000,16.389999389648438,16.290000915527347,12.099564552307127,CSCO
5404,27-07-2011,15.579999923706055,15.920000076293945,80752600,16.010000228881836,15.6899995803833,11.653910636901855,CSCO
5405,28-07-2011,15.829999923706055,15.960000038146973,79457800,16.299999237060547,16.010000228881836,11.891594886779785,CSCO
5406,29-07-2011,15.800000190734865,15.899999618530273,66844900,16.129999160766598,15.970000267028807,11.861882209777832,CSCO
5407,01-08-2011,15.550000190734865,16.079999923706055,60652700,16.25,15.829999923706055,11.757896423339846,CSCO
5408,02-08-2011,15.449999809265135,15.609999656677244,56227200,15.8100004196167,15.460000038146973,11.483078002929688,CSCO
5409,03-08-2011,15.18000030517578,15.479999542236328,70369500,15.539999961853027,15.489999771118164,11.50535774230957,CSCO
5410,04-08-2011,14.8100004196167,15.270000457763672,92196500,15.31999969482422,14.81999969482422,11.007711410522461,CSCO
5411,05-08-2011,14.359999656677244,14.90999984741211,122400100,15.279999732971193,14.9399995803833,11.096840858459473,CSCO
5412,08-08-2011,13.9399995803833,14.40999984741211,125326200,14.630000114440918,13.9399995803833,10.354083061218262,CSCO
5413,09-08-2011,13.300000190734865,14.06999969482422,144579300,14.119999885559082,14.0600004196167,10.443212509155273,CSCO
5414,10-08-2011,13.699999809265135,13.93000030517578,146477100,14.229999542236328,13.729999542236328,10.198099136352539,CSCO
5415,11-08-2011,15.359999656677244,15.449999809265135,286920000,16.239999771118164,15.920000076293945,11.824745178222654,CSCO
5416,12-08-2011,15.640000343322756,15.9399995803833,95554300,16.200000762939453,15.989999771118164,11.876737594604492,CSCO
5417,15-08-2011,15.829999923706055,16.010000228881836,65125900,16.069999694824222,16.030000686645508,11.906448364257812,CSCO
5418,16-08-2011,15.699999809265135,15.859999656677244,58987000,16.059999465942386,16.0,11.884166717529295,CSCO
5419,17-08-2011,15.649999618530273,15.970000267028807,54508900,16.069999694824222,15.850000381469727,11.772753715515135,CSCO
5420,18-08-2011,14.899999618530273,15.390000343322756,104626600,15.470000267028807,15.010000228881836,11.148833274841307,CSCO
5421,19-08-2011,14.899999618530273,14.920000076293945,90584300,15.460000038146973,15.079999923706055,11.200825691223145,CSCO
5422,22-08-2011,14.949999809265135,15.229999542236328,68733900,15.399999618530273,15.010000228881836,11.148833274841307,CSCO
5423,23-08-2011,15.010000228881836,15.010000228881836,57774500,15.4399995803833,15.4399995803833,11.468221664428713,CSCO
5424,24-08-2011,15.15999984741211,15.359999656677244,59278900,15.5600004196167,15.460000038146973,11.483078002929688,CSCO
5425,25-08-2011,15.020000457763672,15.520000457763672,54369300,15.539999961853027,15.079999923706055,11.200825691223145,CSCO
5426,26-08-2011,15.020000457763672,15.079999923706055,49949400,15.550000190734865,15.31999969482422,11.379088401794435,CSCO
5427,29-08-2011,15.399999618530273,15.510000228881836,39188200,15.760000228881836,15.739999771118164,11.691047668457033,CSCO
5428,30-08-2011,15.390000343322756,15.670000076293945,51028200,15.779999732971193,15.630000114440918,11.60934352874756,CSCO
5429,31-08-2011,15.539999961853027,15.729999542236328,50687300,15.949999809265135,15.670000076293945,11.639055252075195,CSCO
5430,01-09-2011,15.609999656677244,15.6899995803833,73754200,16.0,15.81999969482422,11.750469207763672,CSCO
5431,02-09-2011,15.300000190734865,15.510000228881836,55499700,15.720000267028807,15.40999984741211,11.445937156677244,CSCO
5432,06-09-2011,15.010000228881836,15.100000381469727,62388100,15.289999961853027,15.279999732971193,11.349380493164062,CSCO
5433,07-09-2011,15.40999984741211,15.420000076293945,58515000,15.90999984741211,15.880000114440918,11.79503345489502,CSCO
5434,08-09-2011,15.81999969482422,15.850000381469727,103787400,16.450000762939453,16.290000915527347,12.099564552307127,CSCO
5435,09-09-2011,15.720000267028807,16.149999618530273,79002800,16.180000305175778,15.81999969482422,11.750469207763672,CSCO
5436,12-09-2011,15.550000190734865,15.550000190734865,53937300,16.100000381469727,16.09000015258789,11.951016426086426,CSCO
5437,13-09-2011,15.9399995803833,16.079999923706055,82622700,16.5,16.350000381469727,12.144134521484375,CSCO
5438,14-09-2011,16.309999465942386,16.389999389648438,79447500,16.65999984741211,16.329999923706055,12.129278182983398,CSCO
5439,15-09-2011,16.319999694824222,16.469999313354492,47652400,16.700000762939453,16.670000076293945,12.381816864013672,CSCO
5440,16-09-2011,16.530000686645508,16.719999313354492,62292100,16.84000015258789,16.620000839233402,12.344677925109865,CSCO
5441,19-09-2011,16.15999984741211,16.450000762939453,42149400,16.579999923706055,16.510000228881836,12.262971878051758,CSCO
5442,20-09-2011,16.329999923706055,16.450000762939453,48832400,16.670000076293945,16.530000686645508,12.27782917022705,CSCO
5443,21-09-2011,15.829999923706055,16.530000686645508,70842500,16.600000381469727,15.84000015258789,11.765324592590332,CSCO
5444,22-09-2011,14.960000038146973,15.489999771118164,92151700,15.710000038146973,15.329999923706055,11.386517524719238,CSCO
5445,23-09-2011,15.119999885559082,15.15999984741211,66118200,15.84000015258789,15.609999656677244,11.594489097595215,CSCO
5446,26-09-2011,15.5,15.649999618530273,53217300,16.020000457763672,15.989999771118164,11.876737594604492,CSCO
5447,27-09-2011,15.970000267028807,16.15999984741211,64908200,16.360000610351562,16.069999694824222,11.936158180236815,CSCO
5448,28-09-2011,15.8100004196167,16.180000305175778,47967800,16.360000610351562,15.84000015258789,11.765324592590332,CSCO
5449,29-09-2011,15.529999732971193,16.09000015258789,59527500,16.25,15.850000381469727,11.772753715515135,CSCO
5450,30-09-2011,15.479999542236328,15.630000114440918,50447300,15.770000457763672,15.5,11.512787818908693,CSCO
5451,03-10-2011,15.170000076293945,15.300000190734865,79202800,15.470000267028807,15.1899995803833,11.282529830932615,CSCO
5452,04-10-2011,14.93000030517578,14.949999809265135,80847200,15.619999885559082,15.579999923706055,11.618098258972168,CSCO
5453,05-10-2011,15.5,15.56999969482422,119792300,16.520000457763672,16.15999984741211,12.05060863494873,CSCO
5454,06-10-2011,16.170000076293945,16.209999084472653,74775100,16.760000228881836,16.75,12.490574836730955,CSCO
5455,07-10-2011,16.5,16.760000228881836,58373900,16.940000534057614,16.65999984741211,12.423460960388185,CSCO
5456,10-10-2011,16.850000381469727,16.90999984741211,48940100,17.139999389648438,17.09000015258789,12.74411392211914,CSCO
5457,11-10-2011,16.860000610351562,17.0,53682000,17.100000381469727,16.989999771118164,12.66954231262207,CSCO
5458,12-10-2011,17.010000228881836,17.129999160766598,70255500,17.399999618530273,17.25,12.863424301147461,CSCO
5459,13-10-2011,17.170000076293945,17.170000076293945,44234300,17.430000305175778,17.420000076293945,12.99019718170166,CSCO
5460,14-10-2011,17.350000381469727,17.540000915527347,43852200,17.670000076293945,17.549999237060547,13.087136268615724,CSCO
5461,17-10-2011,17.020000457763672,17.370000839233402,37621700,17.469999313354492,17.170000076293945,12.803770065307615,CSCO
5462,18-10-2011,16.969999313354492,17.180000305175778,42784700,17.670000076293945,17.510000228881836,13.057310104370115,CSCO
5463,19-10-2011,17.049999237060547,17.399999618530273,35829200,17.540000915527347,17.15999984741211,12.79631233215332,CSCO
5464,20-10-2011,16.799999237060547,17.200000762939453,39739700,17.260000228881836,17.190000534057614,12.818683624267578,CSCO
5465,21-10-2011,17.190000534057614,17.329999923706055,46176900,17.600000381469727,17.379999160766598,12.960365295410154,CSCO
5466,24-10-2011,17.260000228881836,17.379999160766598,37792500,17.670000076293945,17.540000915527347,13.079681396484375,CSCO
5467,25-10-2011,17.489999771118164,17.540000915527347,44039200,17.739999771118164,17.6200008392334,13.139341354370115,CSCO
5468,26-10-2011,17.299999237060547,17.760000228881836,44776600,17.889999389648438,17.610000610351562,13.131876945495605,CSCO
5469,27-10-2011,17.989999771118164,18.040000915527344,105736800,18.57999992370605,18.440000534057614,13.750816345214846,CSCO
5470,28-10-2011,18.209999084472656,18.280000686645508,47736100,18.600000381469727,18.559999465942386,13.840298652648926,CSCO
5471,31-10-2011,18.209999084472656,18.34000015258789,50718200,18.549999237060547,18.530000686645508,13.817926406860352,CSCO
5472,01-11-2011,17.530000686645508,18.049999237060547,67814500,18.049999237060547,17.59000015258789,13.116963386535645,CSCO
5473,02-11-2011,17.59000015258789,17.739999771118164,38986200,17.940000534057614,17.850000381469727,13.310846328735352,CSCO
5474,03-11-2011,17.709999084472656,17.979999542236328,39658500,18.200000762939453,18.18000030517578,13.556929588317873,CSCO
5475,04-11-2011,17.75,18.07999992370605,39823600,18.100000381469727,18.030000686645508,13.445077896118164,CSCO
5476,07-11-2011,17.790000915527344,18.0,44475200,18.239999771118164,18.010000228881836,13.430164337158205,CSCO
5477,08-11-2011,17.959999084472656,18.149999618530273,50448200,18.34000015258789,18.309999465942386,13.653878211975098,CSCO
5478,09-11-2011,17.440000534057614,18.040000915527344,80049500,18.040000915527344,17.610000610351562,13.131876945495605,CSCO
5479,10-11-2011,18.420000076293945,18.690000534057614,148101900,18.90999984741211,18.61000061035156,13.877581596374512,CSCO
5480,11-11-2011,18.76000022888184,18.790000915527344,80558400,19.149999618530273,19.020000457763672,14.18332290649414,CSCO
5481,14-11-2011,18.86000061035156,18.950000762939453,46650700,19.100000381469727,18.940000534057614,14.123669624328613,CSCO
5482,15-11-2011,18.790000915527344,18.809999465942386,45564300,19.190000534057614,19.1200008392334,14.257898330688475,CSCO
5483,16-11-2011,18.770000457763672,18.950000762939453,54561100,19.149999618530273,18.799999237060547,14.019266128540039,CSCO
5484,17-11-2011,18.21999931335449,18.799999237060547,55373800,18.81999969482422,18.479999542236328,13.780644416809082,CSCO
5485,18-11-2011,18.21999931335449,18.459999084472656,38219600,18.6299991607666,18.420000076293945,13.735901832580565,CSCO
5486,21-11-2011,17.780000686645508,18.1299991607666,54357100,18.309999465942386,18.0,13.422708511352539,CSCO
5487,22-11-2011,17.700000762939453,17.899999618530273,39697900,18.1299991607666,17.920000076293945,13.363052368164062,CSCO
5488,23-11-2011,17.399999618530273,17.719999313354492,47636000,17.799999237060547,17.40999984741211,12.982736587524414,CSCO
5489,25-11-2011,17.219999313354492,17.25,24466200,17.799999237060547,17.5,13.049854278564453,CSCO
5490,28-11-2011,17.84000015258789,17.920000076293945,45992200,18.100000381469727,18.010000228881836,13.430164337158205,CSCO
5491,29-11-2011,17.65999984741211,18.010000228881836,53296800,18.149999618530273,17.68000030517578,13.184081077575685,CSCO
5492,30-11-2011,18.15999984741211,18.239999771118164,74532800,18.790000915527344,18.63999938964844,13.899958610534668,CSCO
5493,01-12-2011,18.31999969482422,18.68000030517578,41438400,18.71999931335449,18.57999992370605,13.85521411895752,CSCO
5494,02-12-2011,18.530000686645508,18.68000030517578,46249200,18.979999542236328,18.549999237060547,13.832840919494627,CSCO
5495,05-12-2011,18.65999984741211,18.84000015258789,43528500,18.88999938964844,18.790000915527344,14.011812210083008,CSCO
5496,06-12-2011,18.709999084472656,18.780000686645508,29136200,18.88999938964844,18.729999542236328,13.967070579528807,CSCO
5497,07-12-2011,18.56999969482422,18.76000022888184,54876800,19.049999237060547,18.989999771118164,14.1609525680542,CSCO
5498,08-12-2011,18.450000762939453,18.8700008392334,47298800,19.06999969482422,18.56999969482422,13.847756385803224,CSCO
5499,09-12-2011,18.489999771118164,18.57999992370605,44018700,18.959999084472656,18.8799991607666,14.078929901123047,CSCO
5500,12-12-2011,18.26000022888184,18.6200008392334,44118300,18.700000762939453,18.530000686645508,13.817926406860352,CSCO
5501,13-12-2011,18.34000015258789,18.56999969482422,48006900,18.850000381469727,18.46999931335449,13.773185729980467,CSCO
5502,14-12-2011,17.8799991607666,18.459999084472656,59671000,18.5,17.979999542236328,13.407792091369627,CSCO
5503,15-12-2011,17.93000030517578,18.170000076293945,39810900,18.25,18.040000915527344,13.452536582946776,CSCO
5504,16-12-2011,17.940000534057614,18.190000534057614,94963600,18.530000686645508,17.940000534057614,13.377962112426758,CSCO
5505,19-12-2011,17.6200008392334,17.959999084472656,39711600,18.010000228881836,17.690000534057614,13.191535949707033,CSCO
5506,20-12-2011,17.90999984741211,17.920000076293945,44825500,18.479999542236328,18.40999984741211,13.728442192077635,CSCO
5507,21-12-2011,17.81999969482422,18.229999542236328,57677700,18.350000381469727,17.920000076293945,13.363052368164062,CSCO
5508,22-12-2011,17.969999313354492,18.010000228881836,37599700,18.21999931335449,18.1299991607666,13.519644737243652,CSCO
5509,23-12-2011,18.1299991607666,18.149999618530273,23341700,18.489999771118164,18.46999931335449,13.773185729980467,CSCO
5510,27-12-2011,18.459999084472656,18.479999542236328,22932400,18.63999938964844,18.57999992370605,13.85521411895752,CSCO
5511,28-12-2011,18.11000061035156,18.520000457763672,26740600,18.59000015258789,18.15999984741211,13.542017936706545,CSCO
5512,29-12-2011,18.13999938964844,18.149999618530273,17640100,18.270000457763672,18.25,13.609131813049315,CSCO
5513,30-12-2011,18.049999237060547,18.190000534057614,20775000,18.290000915527344,18.07999992370605,13.48236083984375,CSCO
5514,03-01-2012,18.479999542236328,18.549999237060547,41236600,18.86000061035156,18.6299991607666,13.938756942749025,CSCO
5515,04-01-2012,18.350000381469727,18.440000534057614,52927700,19.0,18.989999771118164,14.208104133605955,CSCO
5516,05-01-2012,18.670000076293945,18.93000030517578,37865300,19.0,18.920000076293945,14.155733108520508,CSCO
5517,06-01-2012,18.82999992370605,18.950000762939453,27796900,19.0,18.850000381469727,14.10336208343506,CSCO
5518,09-01-2012,18.790000915527344,18.8700008392334,37811500,19.100000381469727,18.96999931335449,14.193145751953125,CSCO
5519,10-01-2012,18.770000457763672,19.07999992370605,45488300,19.25,18.82999992370605,14.088399887084961,CSCO
5520,11-01-2012,18.8700008392334,18.940000534057614,32482200,19.13999938964844,19.06999969482422,14.267963409423828,CSCO
5521,12-01-2012,18.959999084472656,19.1200008392334,31101700,19.200000762939453,19.149999618530273,14.32781982421875,CSCO
5522,13-01-2012,18.8799991607666,19.01000022888184,32143700,19.170000076293945,19.059999465942386,14.260480880737305,CSCO
5523,17-01-2012,19.11000061035156,19.229999542236328,40402800,19.31999969482422,19.309999465942386,14.447522163391113,CSCO
5524,18-01-2012,19.32999992370605,19.3700008392334,56573500,19.6299991607666,19.540000915527344,14.619614601135256,CSCO
5525,19-01-2012,19.600000381469727,19.68000030517578,52482100,19.950000762939453,19.790000915527344,14.806659698486328,CSCO
5526,20-01-2012,19.670000076293945,19.75,42046700,19.93000030517578,19.920000076293945,14.903923988342285,CSCO
5527,23-01-2012,19.559999465942386,19.850000381469727,50013100,20.06999969482422,19.82999992370605,14.836585998535154,CSCO
5528,24-01-2012,19.559999465942386,19.75,30828500,19.86000061035156,19.81999969482422,14.8291015625,CSCO
5529,25-01-2012,19.479999542236328,19.799999237060547,37205000,19.8700008392334,19.82999992370605,14.836585998535154,CSCO
5530,26-01-2012,19.709999084472656,19.96999931335449,36818500,19.989999771118164,19.82999992370605,14.836585998535154,CSCO
5531,27-01-2012,19.36000061035156,19.57999992370605,43539600,19.690000534057614,19.559999465942386,14.634570121765135,CSCO
5532,30-01-2012,19.270000457763672,19.399999618530273,31384800,19.6299991607666,19.559999465942386,14.634570121765135,CSCO
5533,31-01-2012,19.440000534057614,19.690000534057614,40629600,19.729999542236328,19.649999618530273,14.701912879943848,CSCO
5534,01-02-2012,19.700000762939453,19.84000015258789,57074800,19.950000762939453,19.799999237060547,14.814136505126953,CSCO
5535,02-02-2012,19.799999237060547,19.82999992370605,36405200,19.979999542236328,19.799999237060547,14.814136505126953,CSCO
5536,03-02-2012,19.90999984741211,19.989999771118164,54491000,20.200000762939453,20.09000015258789,15.03111457824707,CSCO
5537,06-02-2012,19.920000076293945,20.040000915527344,37141900,20.200000762939453,20.190000534057614,15.105934143066404,CSCO
5538,07-02-2012,20.0,20.09000015258789,61422400,20.32999992370605,20.200000762939453,15.11341381072998,CSCO
5539,08-02-2012,20.09000015258789,20.21999931335449,91349200,20.450000762939453,20.43000030517578,15.28549861907959,CSCO
5540,09-02-2012,19.8700008392334,20.229999542236328,131157200,20.489999771118164,20.0,14.963775634765625,CSCO
5541,10-02-2012,19.729999542236328,19.790000915527344,63115200,20.059999465942386,19.899999618530273,14.888960838317873,CSCO
5542,13-02-2012,19.899999618530273,20.01000022888184,50426600,20.059999465942386,20.030000686645508,14.986226081848145,CSCO
5543,14-02-2012,19.82999992370605,19.899999618530273,31854000,20.06999969482422,20.06999969482422,15.016149520874025,CSCO
5544,15-02-2012,19.850000381469727,20.09000015258789,44880700,20.209999084472656,19.90999984741211,14.896441459655762,CSCO
5545,16-02-2012,19.90999984741211,19.979999542236328,42558500,20.270000457763672,20.190000534057614,15.105934143066404,CSCO
5546,17-02-2012,20.0,20.200000762939453,54249700,20.350000381469727,20.290000915527344,15.18075180053711,CSCO
5547,21-02-2012,20.170000076293945,20.299999237060547,41222900,20.489999771118164,20.36000061035156,15.23312759399414,CSCO
5548,22-02-2012,20.049999237060547,20.40999984741211,36219200,20.459999084472656,20.1200008392334,15.05355453491211,CSCO
5549,23-02-2012,19.920000076293945,20.07999992370605,30008000,20.25,20.229999542236328,15.135857582092285,CSCO
5550,24-02-2012,20.11000061035156,20.270000457763672,27220500,20.32999992370605,20.13999938964844,15.068525314331055,CSCO
5551,27-02-2012,19.96999931335449,19.989999771118164,37170200,20.26000022888184,20.170000076293945,15.090968132019045,CSCO
5552,28-02-2012,20.020000457763672,20.15999984741211,34349100,20.21999931335449,20.200000762939453,15.11341381072998,CSCO
5553,29-02-2012,19.84000015258789,20.18000030517578,46229800,20.200000762939453,19.8799991607666,14.873995780944824,CSCO
5554,01-03-2012,19.739999771118164,19.90999984741211,43149300,19.959999084472656,19.8799991607666,14.873995780944824,CSCO
5555,02-03-2012,19.709999084472656,19.84000015258789,27449600,19.88999938964844,19.76000022888184,14.784212112426758,CSCO
5556,05-03-2012,19.459999084472656,19.729999542236328,31971300,19.75,19.600000381469727,14.66450309753418,CSCO
5557,06-03-2012,19.31999969482422,19.43000030517578,36742300,19.530000686645508,19.479999542236328,14.574719429016113,CSCO
5558,07-03-2012,19.399999618530273,19.5,34751400,19.530000686645508,19.40999984741211,14.522345542907715,CSCO
5559,08-03-2012,19.530000686645508,19.56999969482422,36655500,19.780000686645508,19.68000030517578,14.724358558654785,CSCO
5560,09-03-2012,19.68000030517578,19.729999542236328,26274400,19.88999938964844,19.799999237060547,14.814136505126953,CSCO
5561,12-03-2012,19.65999984741211,19.81999969482422,26316200,19.8799991607666,19.82999992370605,14.836585998535154,CSCO
5562,13-03-2012,19.88999938964844,19.899999618530273,33326000,20.21999931335449,20.21999931335449,15.128377914428713,CSCO
5563,14-03-2012,20.059999465942386,20.15999984741211,41190400,20.3799991607666,20.200000762939453,15.11341381072998,CSCO
5564,15-03-2012,19.799999237060547,20.059999465942386,55020200,20.200000762939453,19.90999984741211,14.896441459655762,CSCO
5565,16-03-2012,19.899999618530273,20.01000022888184,56363000,20.049999237060547,20.030000686645508,14.986226081848145,CSCO
5566,19-03-2012,19.940000534057614,19.940000534057614,30276500,20.280000686645508,20.13999938964844,15.068525314331055,CSCO
5567,20-03-2012,20.01000022888184,20.040000915527344,61659600,20.63999938964844,20.56999969482422,15.390239715576172,CSCO
5568,21-03-2012,20.350000381469727,20.559999465942386,39135200,20.649999618530273,20.5,15.337870597839355,CSCO
5569,22-03-2012,20.270000457763672,20.350000381469727,32211700,20.56999969482422,20.3799991607666,15.248085021972654,CSCO
5570,23-03-2012,20.25,20.34000015258789,27646700,20.59000015258789,20.530000686645508,15.360321044921875,CSCO
5571,26-03-2012,20.649999618530273,20.700000762939453,29098800,20.86000061035156,20.84000015258789,15.592252731323242,CSCO
5572,27-03-2012,20.8799991607666,20.93000030517578,44476400,21.049999237060547,20.90999984741211,15.644630432128904,CSCO
5573,28-03-2012,20.729999542236328,20.850000381469727,39839300,21.11000061035156,21.07999992370605,15.771818161010742,CSCO
5574,29-03-2012,20.850000381469727,20.959999084472656,36518000,21.239999771118164,21.030000686645508,15.734408378601074,CSCO
5575,30-03-2012,20.979999542236328,21.1200008392334,35673900,21.190000534057614,21.149999618530273,15.824198722839355,CSCO
5576,02-04-2012,21.049999237060547,21.13999938964844,30716500,21.299999237060547,21.190000534057614,15.85412311553955,CSCO
5577,03-04-2012,20.6299991607666,21.11000061035156,64106700,21.190000534057614,20.81999969482422,15.636322021484375,CSCO
5578,04-04-2012,20.25,20.63999938964844,43848100,20.770000457763672,20.36000061035156,15.290853500366213,CSCO
5579,05-04-2012,20.06999969482422,20.18000030517578,30611900,20.3700008392334,20.21999931335449,15.185708999633787,CSCO
5580,09-04-2012,19.8700008392334,19.96999931335449,26416300,20.15999984741211,19.959999084472656,14.990445137023926,CSCO
5581,10-04-2012,19.520000457763672,19.940000534057614,44896400,20.100000381469727,19.549999237060547,14.68252182006836,CSCO
5582,11-04-2012,19.6200008392334,19.68000030517578,40610100,20.040000915527344,20.020000457763672,15.035505294799805,CSCO
5583,12-04-2012,19.979999542236328,20.09000015258789,32041300,20.280000686645508,20.059999465942386,15.065545082092285,CSCO
5584,13-04-2012,19.790000915527344,20.020000457763672,27901500,20.040000915527344,19.850000381469727,14.907832145690918,CSCO
5585,16-04-2012,19.56999969482422,19.920000076293945,35250100,19.959999084472656,19.729999542236328,14.817706108093262,CSCO
5586,17-04-2012,19.75,19.809999465942386,28770700,20.149999618530273,20.07999992370605,15.080570220947266,CSCO
5587,18-04-2012,19.8799991607666,19.950000762939453,27563400,20.149999618530273,20.059999465942386,15.065545082092285,CSCO
5588,19-04-2012,19.780000686645508,20.020000457763672,34583500,20.309999465942386,19.90999984741211,14.952890396118164,CSCO
5589,20-04-2012,19.84000015258789,19.93000030517578,34257200,20.040000915527344,19.90999984741211,14.952890396118164,CSCO
5590,23-04-2012,19.57999992370605,19.770000457763672,27406400,19.780000686645508,19.68000030517578,14.780160903930664,CSCO
5591,24-04-2012,19.350000381469727,19.76000022888184,67526600,19.850000381469727,19.420000076293945,14.584888458251953,CSCO
5592,25-04-2012,19.270000457763672,19.59000015258789,48461800,19.690000534057614,19.489999771118164,14.637462615966795,CSCO
5593,26-04-2012,19.3700008392334,19.479999542236328,43037600,19.670000076293945,19.600000381469727,14.720077514648438,CSCO
5594,27-04-2012,19.57999992370605,19.63999938964844,47505900,20.030000686645508,19.979999542236328,15.005462646484375,CSCO
5595,30-04-2012,19.81999969482422,19.850000381469727,36405500,20.170000076293945,20.15999984741211,15.14064884185791,CSCO
5596,01-05-2012,19.979999542236328,20.11000061035156,31761800,20.15999984741211,19.979999542236328,15.005462646484375,CSCO
5597,02-05-2012,19.6299991607666,19.90999984741211,32168300,19.940000534057614,19.84000015258789,14.90031909942627,CSCO
5598,03-05-2012,19.649999618530273,19.920000076293945,29626200,19.950000762939453,19.71999931335449,14.81019401550293,CSCO
5599,04-05-2012,19.030000686645508,19.520000457763672,41733900,19.530000686645508,19.1200008392334,14.359582901000975,CSCO
5600,07-05-2012,19.0,19.020000457763672,34078500,19.26000022888184,19.07999992370605,14.329541206359865,CSCO
5601,08-05-2012,18.6200008392334,18.899999618530273,52278000,18.899999618530273,18.709999084472656,14.05166244506836,CSCO
5602,09-05-2012,18.479999542236328,18.57999992370605,78275200,18.88999938964844,18.780000686645508,14.104232788085938,CSCO
5603,10-05-2012,16.760000228881836,17.170000076293945,198450600,17.319999694824222,16.809999465942386,12.624715805053713,CSCO
5604,11-05-2012,16.5,16.760000228881836,75215300,16.989999771118164,16.510000228881836,12.399410247802734,CSCO
5605,14-05-2012,16.370000839233402,16.399999618530273,57497300,16.829999923706055,16.709999084472653,12.549615859985352,CSCO
5606,15-05-2012,16.510000228881836,16.739999771118164,66148000,16.760000228881836,16.540000915527347,12.421944618225098,CSCO
5607,16-05-2012,16.610000610351562,16.829999923706055,57794300,16.889999389648438,16.690000534057614,12.53459358215332,CSCO
5608,17-05-2012,16.549999237060547,16.690000534057614,41625200,16.799999237060547,16.549999237060547,12.429449081420898,CSCO
5609,18-05-2012,16.370000839233402,16.610000610351562,57520600,16.639999389648438,16.469999313354492,12.369370460510256,CSCO
5610,21-05-2012,16.370000839233402,16.510000228881836,37628500,16.700000762939453,16.670000076293945,12.519574165344238,CSCO
5611,22-05-2012,16.620000839233402,16.65999984741211,42979200,16.819999694824222,16.729999542236328,12.5646333694458,CSCO
5612,23-05-2012,16.430000305175778,16.559999465942386,42459500,16.760000228881836,16.690000534057614,12.53459358215332,CSCO
5613,24-05-2012,16.350000381469727,16.690000534057614,52604300,16.700000762939453,16.389999389648438,12.309288024902346,CSCO
5614,25-05-2012,16.319999694824222,16.459999084472653,41838300,16.559999465942386,16.329999923706055,12.264225006103516,CSCO
5615,29-05-2012,16.389999389648438,16.510000228881836,37091400,16.639999389648438,16.59000015258789,12.459490776062012,CSCO
5616,30-05-2012,16.350000381469727,16.459999084472653,36488300,16.479999542236328,16.389999389648438,12.309288024902346,CSCO
5617,31-05-2012,16.260000228881836,16.360000610351562,51969400,16.520000457763672,16.329999923706055,12.264225006103516,CSCO
5618,01-06-2012,15.9399995803833,16.079999923706055,48493800,16.149999618530273,15.960000038146973,11.98634433746338,CSCO
5619,04-06-2012,15.920000076293945,15.979999542236328,29743500,16.129999160766598,16.110000610351562,12.098999977111815,CSCO
5620,05-06-2012,15.979999542236328,16.059999465942386,34648800,16.280000686645508,16.120000839233402,12.106510162353516,CSCO
5621,06-06-2012,16.229999542236328,16.290000915527347,33224400,16.690000534057614,16.690000534057614,12.53459358215332,CSCO
5622,07-06-2012,16.530000686645508,16.879999160766598,34270300,16.920000076293945,16.579999923706055,12.451981544494627,CSCO
5623,08-06-2012,16.489999771118164,16.559999465942386,29773800,16.780000686645508,16.729999542236328,12.5646333694458,CSCO
5624,11-06-2012,16.450000762939453,16.870000839233402,31130800,16.889999389648438,16.479999542236328,12.376880645751953,CSCO
5625,12-06-2012,16.510000228881836,16.569999694824222,32713000,16.84000015258789,16.790000915527347,12.609699249267578,CSCO
5626,13-06-2012,16.559999465942386,16.739999771118164,39106800,16.850000381469727,16.65999984741211,12.512065887451172,CSCO
5627,14-06-2012,16.600000381469727,16.680000305175778,39580100,17.040000915527347,16.920000076293945,12.707327842712402,CSCO
5628,15-06-2012,16.930000305175778,16.969999313354492,42601400,17.170000076293945,17.100000381469727,12.842516899108887,CSCO
5629,18-06-2012,17.030000686645508,17.079999923706055,35400800,17.25,17.139999389648438,12.872552871704102,CSCO
5630,19-06-2012,17.110000610351562,17.280000686645508,41827300,17.360000610351562,17.180000305175778,12.90259838104248,CSCO
5631,20-06-2012,17.299999237060547,17.370000839233402,46238300,17.6299991607666,17.510000228881836,13.150436401367188,CSCO
5632,21-06-2012,16.870000839233402,17.510000228881836,44123400,17.549999237060547,16.930000305175778,12.714838027954102,CSCO
5633,22-06-2012,16.950000762939453,16.979999542236328,46489700,17.190000534057614,17.129999160766598,12.865042686462402,CSCO
5634,25-06-2012,16.780000686645508,17.010000228881836,33219000,17.030000686645508,16.940000534057614,12.72235107421875,CSCO
5635,26-06-2012,16.649999618530273,16.969999313354492,31870100,16.989999771118164,16.819999694824222,12.632229804992676,CSCO
5636,27-06-2012,16.639999389648438,16.870000839233402,43502200,16.959999084472653,16.729999542236328,12.5646333694458,CSCO
5637,28-06-2012,16.219999313354492,16.629999160766598,56585800,16.629999160766598,16.479999542236328,12.376880645751953,CSCO
5638,29-06-2012,16.729999542236328,16.790000915527347,51020200,17.170000076293945,17.170000076293945,12.895085334777832,CSCO
5639,02-07-2012,16.959999084472653,17.110000610351562,20020400,17.15999984741211,17.079999923706055,12.88753890991211,CSCO
5640,03-07-2012,17.010000228881836,17.020000457763672,15823200,17.229999542236328,17.149999618530273,12.94035816192627,CSCO
5641,05-07-2012,16.879999160766598,16.989999771118164,26299500,17.030000686645508,16.940000534057614,12.781906127929688,CSCO
5642,06-07-2012,16.670000076293945,16.879999160766598,27190800,16.940000534057614,16.770000457763672,12.653634071350098,CSCO
5643,09-07-2012,16.59000015258789,16.729999542236328,25580700,16.770000457763672,16.649999618530273,12.563087463378904,CSCO
5644,10-07-2012,16.329999923706055,16.760000228881836,35583200,16.780000686645508,16.40999984741211,12.381999015808105,CSCO
5645,11-07-2012,16.260000228881836,16.399999618530273,45504300,16.59000015258789,16.379999160766598,12.35935878753662,CSCO
5646,12-07-2012,15.960000038146973,16.15999984741211,70081400,16.239999771118164,15.979999542236328,12.057547569274902,CSCO
5647,13-07-2012,15.979999542236328,15.989999771118164,24553400,16.370000839233402,16.309999465942386,12.306544303894045,CSCO
5648,16-07-2012,16.020000457763672,16.209999084472653,26437700,16.25,16.190000534057614,12.216001510620115,CSCO
5649,17-07-2012,15.9399995803833,16.370000839233402,30992900,16.370000839233402,16.229999542236328,12.24618148803711,CSCO
5650,18-07-2012,16.200000762939453,16.25,33888400,16.760000228881836,16.700000762939453,12.60081672668457,CSCO
5651,19-07-2012,16.59000015258789,16.729999542236328,30426300,16.799999237060547,16.680000305175778,12.585725784301758,CSCO
5652,20-07-2012,16.350000381469727,16.579999923706055,36050000,16.739999771118164,16.360000610351562,12.344271659851074,CSCO
5653,23-07-2012,15.93000030517578,16.059999465942386,40090000,16.149999618530273,16.069999694824222,12.125455856323242,CSCO
5654,24-07-2012,15.0,15.75,101816000,15.75,15.119999885559082,11.408644676208494,CSCO
5655,25-07-2012,14.960000038146973,15.199999809265135,61477900,15.5600004196167,15.420000076293945,11.635003089904785,CSCO
5656,26-07-2012,15.350000381469727,15.699999809265135,55945200,15.779999732971193,15.380000114440918,11.604825019836426,CSCO
5657,27-07-2012,15.300000190734865,15.510000228881836,40305400,15.760000228881836,15.6899995803833,11.838729858398438,CSCO
5658,30-07-2012,15.670000076293945,15.710000038146973,36366500,16.069999694824222,15.869999885559082,11.974546432495115,CSCO
5659,31-07-2012,15.850000381469727,15.869999885559082,33961900,16.110000610351562,15.949999809265135,12.034910202026367,CSCO
5660,01-08-2012,15.760000228881836,16.010000228881836,47398000,16.069999694824222,15.979999542236328,12.057547569274902,CSCO
5661,02-08-2012,15.649999618530273,15.800000190734865,47426700,16.110000610351562,15.739999771118164,11.876455307006836,CSCO
5662,03-08-2012,15.970000267028807,16.079999923706055,40928300,16.440000534057614,16.350000381469727,12.336727142333984,CSCO
5663,06-08-2012,16.459999084472653,16.489999771118164,32129000,16.829999923706055,16.690000534057614,12.593274116516113,CSCO
5664,07-08-2012,16.809999465942386,16.84000015258789,41694700,17.209999084472653,17.139999389648438,12.932812690734865,CSCO
5665,08-08-2012,16.860000610351562,17.040000915527347,24821800,17.15999984741211,17.15999984741211,12.94790267944336,CSCO
5666,09-08-2012,17.479999542236328,17.610000610351562,61054300,17.790000915527344,17.700000762939453,13.35535717010498,CSCO
5667,10-08-2012,17.299999237060547,17.489999771118164,38278100,17.559999465942386,17.540000915527347,13.234628677368164,CSCO
5668,13-08-2012,17.229999542236328,17.540000915527347,33823200,17.59000015258789,17.34000015258789,13.083723068237305,CSCO
5669,14-08-2012,17.110000610351562,17.399999618530273,40256600,17.399999618530273,17.170000076293945,12.955451965332033,CSCO
5670,15-08-2012,17.120000839233402,17.149999618530273,63235200,17.530000686645508,17.350000381469727,13.091266632080078,CSCO
5671,16-08-2012,18.56999969482422,18.6299991607666,152184100,19.13999938964844,19.020000457763672,14.351347923278807,CSCO
5672,17-08-2012,18.959999084472656,19.030000686645508,55706700,19.229999542236328,19.059999465942386,14.3815336227417,CSCO
5673,20-08-2012,18.799999237060547,19.0,39384600,19.149999618530273,18.940000534057614,14.290985107421875,CSCO
5674,21-08-2012,18.979999542236328,19.0,45522300,19.270000457763672,19.15999984741211,14.45698070526123,CSCO
5675,22-08-2012,18.959999084472656,19.06999969482422,47546000,19.21999931335449,19.21999931335449,14.502254486083984,CSCO
5676,23-08-2012,19.040000915527344,19.149999618530273,37601200,19.38999938964844,19.1299991607666,14.434351921081545,CSCO
5677,24-08-2012,18.93000030517578,19.040000915527344,32440300,19.239999771118164,19.200000762939453,14.48716640472412,CSCO
5678,27-08-2012,19.13999938964844,19.239999771118164,32091900,19.3700008392334,19.36000061035156,14.607895851135256,CSCO
5679,28-08-2012,19.15999984741211,19.309999465942386,30468900,19.350000381469727,19.21999931335449,14.502254486083984,CSCO
5680,29-08-2012,19.0,19.21999931335449,29766800,19.26000022888184,19.200000762939453,14.48716640472412,CSCO
5681,30-08-2012,18.82999992370605,19.07999992370605,24683300,19.07999992370605,18.899999618530273,14.260799407958984,CSCO
5682,31-08-2012,18.920000076293945,19.100000381469727,38502400,19.25,19.07999992370605,14.39661979675293,CSCO
5683,04-09-2012,18.799999237060547,18.989999771118164,27006700,19.13999938964844,19.0,14.336255073547365,CSCO
5684,05-09-2012,18.8700008392334,19.0,30580300,19.1200008392334,18.899999618530273,14.260799407958984,CSCO
5685,06-09-2012,19.049999237060547,19.06999969482422,59444100,19.75,19.729999542236328,14.88707447052002,CSCO
5686,07-09-2012,19.25,19.549999237060547,44786600,19.649999618530273,19.559999465942386,14.758795738220215,CSCO
5687,10-09-2012,19.100000381469727,19.43000030517578,40047200,19.46999931335449,19.149999618530273,14.449442863464355,CSCO
5688,11-09-2012,18.93000030517578,19.1200008392334,31320100,19.25,19.040000915527344,14.366436004638672,CSCO
5689,12-09-2012,19.040000915527344,19.11000061035156,28482200,19.270000457763672,19.07999992370605,14.39661979675293,CSCO
5690,13-09-2012,19.020000457763672,19.059999465942386,37780500,19.520000457763672,19.36000061035156,14.607895851135256,CSCO
5691,14-09-2012,19.34000015258789,19.36000061035156,46351900,19.690000534057614,19.489999771118164,14.70598030090332,CSCO
5692,17-09-2012,19.059999465942386,19.15999984741211,36731800,19.309999465942386,19.15999984741211,14.45698070526123,CSCO
5693,18-09-2012,19.01000022888184,19.059999465942386,45475300,19.270000457763672,19.049999237060547,14.373983383178713,CSCO
5694,19-09-2012,18.950000762939453,19.18000030517578,29693900,19.209999084472656,19.1200008392334,14.426802635192873,CSCO
5695,20-09-2012,18.899999618530273,19.030000686645508,25116000,19.11000061035156,19.11000061035156,14.419257164001465,CSCO
5696,21-09-2012,18.88999938964844,19.149999618530273,42198200,19.200000762939453,18.899999618530273,14.260799407958984,CSCO
5697,24-09-2012,18.690000534057614,18.86000061035156,32180400,18.979999542236328,18.809999465942386,14.192899703979492,CSCO
5698,25-09-2012,18.6299991607666,18.950000762939453,33991600,18.96999931335449,18.670000076293945,14.087259292602539,CSCO
5699,26-09-2012,18.350000381469727,18.690000534057614,30273700,18.75,18.57999992370605,14.019350051879885,CSCO
5700,27-09-2012,18.549999237060547,18.68000030517578,29813600,18.8799991607666,18.799999237060547,14.185347557067873,CSCO
5701,28-09-2012,19.0,19.0,61124700,19.36000061035156,19.100000381469727,14.411709785461426,CSCO
5702,01-10-2012,18.940000534057614,19.229999542236328,37481100,19.399999618530273,19.040000915527344,14.366436004638672,CSCO
5703,02-10-2012,18.729999542236328,19.09000015258789,34712100,19.13999938964844,18.8700008392334,14.343633651733398,CSCO
5704,03-10-2012,18.8799991607666,18.959999084472656,33816700,19.100000381469727,18.93000030517578,14.389246940612793,CSCO
5705,04-10-2012,18.850000381469727,19.01000022888184,29734700,19.049999237060547,18.899999618530273,14.366436004638672,CSCO
5706,05-10-2012,18.799999237060547,19.040000915527344,27750400,19.13999938964844,18.86000061035156,14.336033821105955,CSCO
5707,08-10-2012,18.809999465942386,18.88999938964844,24170900,19.07999992370605,18.899999618530273,14.366436004638672,CSCO
5708,09-10-2012,18.76000022888184,18.93000030517578,42377800,19.059999465942386,18.799999237060547,14.290422439575195,CSCO
5709,10-10-2012,18.290000915527344,18.799999237060547,42085700,18.799999237060547,18.309999465942386,13.917962074279785,CSCO
5710,11-10-2012,18.149999618530273,18.46999931335449,28339700,18.479999542236328,18.26000022888184,13.879958152770994,CSCO
5711,12-10-2012,18.21999931335449,18.26000022888184,27099200,18.459999084472656,18.40999984741211,13.993976593017578,CSCO
5712,15-10-2012,18.40999984741211,18.489999771118164,27799100,18.63999938964844,18.549999237060547,14.100388526916506,CSCO
5713,16-10-2012,18.549999237060547,18.6299991607666,28580200,18.90999984741211,18.850000381469727,14.328434944152832,CSCO
5714,17-10-2012,18.5,18.56999969482422,28359400,18.799999237060547,18.709999084472656,14.222013473510742,CSCO
5715,18-10-2012,18.5,18.61000061035156,40270300,18.75,18.61000061035156,14.146000862121582,CSCO
5716,19-10-2012,18.0,18.57999992370605,63724300,18.600000381469727,18.040000915527344,13.712728500366213,CSCO
5717,22-10-2012,18.010000228881836,18.1200008392334,26334500,18.229999542236328,18.190000534057614,13.826745986938475,CSCO
5718,23-10-2012,17.940000534057614,18.0,33985300,18.170000076293945,18.010000228881836,13.68992519378662,CSCO
5719,24-10-2012,17.290000915527347,18.030000686645508,61961200,18.07999992370605,17.379999160766598,13.211039543151855,CSCO
5720,25-10-2012,17.069999694824222,17.530000686645508,46349800,17.530000686645508,17.200000762939453,13.074219703674315,CSCO
5721,26-10-2012,17.110000610351562,17.200000762939453,31188400,17.389999389648438,17.290000915527347,13.14262866973877,CSCO
5722,31-10-2012,17.010000228881836,17.379999160766598,36797100,17.430000305175778,17.149999618530273,13.036213874816895,CSCO
5723,01-11-2012,17.0,17.170000076293945,32484300,17.579999923706055,17.510000228881836,13.309863090515135,CSCO
5724,02-11-2012,17.309999465942386,17.639999389648438,28769400,17.68000030517578,17.350000381469727,13.188237190246582,CSCO
5725,05-11-2012,17.200000762939453,17.329999923706055,22190800,17.440000534057614,17.399999618530273,13.22624397277832,CSCO
5726,06-11-2012,17.350000381469727,17.440000534057614,35544700,17.709999084472656,17.479999542236328,13.28705596923828,CSCO
5727,07-11-2012,17.09000015258789,17.450000762939453,49610000,17.899999618530273,17.209999084472653,13.081820487976074,CSCO
5728,08-11-2012,16.780000686645508,17.219999313354492,56064800,17.360000610351562,16.829999923706055,12.792974472045898,CSCO
5729,09-11-2012,16.680000305175778,16.700000762939453,43085800,17.030000686645508,16.819999694824222,12.785372734069824,CSCO
5730,12-11-2012,16.75,16.860000610351562,28768400,17.09000015258789,16.860000610351562,12.815776824951172,CSCO
5731,13-11-2012,16.690000534057614,16.709999084472653,72206200,16.940000534057614,16.850000381469727,12.80817413330078,CSCO
5732,14-11-2012,17.6200008392334,18.049999237060547,97058200,18.25,17.65999984741211,13.423879623413086,CSCO
5733,15-11-2012,17.739999771118164,17.75,55885900,18.07999992370605,17.940000534057614,13.63671588897705,CSCO
5734,16-11-2012,17.799999237060547,17.93000030517578,60820500,18.049999237060547,17.989999771118164,13.674718856811525,CSCO
5735,19-11-2012,18.100000381469727,18.270000457763672,40616400,18.34000015258789,18.299999237060547,13.910364151000975,CSCO
5736,20-11-2012,18.06999969482422,18.290000915527344,30378100,18.36000061035156,18.34000015258789,13.940770149230955,CSCO
5737,21-11-2012,18.270000457763672,18.3700008392334,30479300,18.6200008392334,18.479999542236328,14.047184944152832,CSCO
5738,23-11-2012,18.530000686645508,18.600000381469727,17263100,18.88999938964844,18.84000015258789,14.320831298828125,CSCO
5739,26-11-2012,18.59000015258789,18.790000915527344,34603000,19.06999969482422,19.059999465942386,14.488059043884276,CSCO
5740,27-11-2012,18.84000015258789,18.899999618530273,53080000,19.100000381469727,18.959999084472656,14.518686294555664,CSCO
5741,28-11-2012,18.549999237060547,18.88999938964844,41262800,18.959999084472656,18.82999992370605,14.419143676757812,CSCO
5742,29-11-2012,18.920000076293945,18.979999542236328,32450600,19.100000381469727,19.01000022888184,14.556977272033693,CSCO
5743,30-11-2012,18.82999992370605,19.040000915527344,45199100,19.1299991607666,18.90999984741211,14.48039722442627,CSCO
5744,03-12-2012,18.950000762939453,19.020000457763672,32381500,19.15999984741211,19.030000686645508,14.57229232788086,CSCO
5745,04-12-2012,19.0,19.07999992370605,34313500,19.200000762939453,19.170000076293945,14.679498672485352,CSCO
5746,05-12-2012,19.13999938964844,19.15999984741211,36982900,19.450000762939453,19.209999084472656,14.710125923156738,CSCO
5747,06-12-2012,19.200000762939453,19.21999931335449,35834800,19.5,19.479999542236328,14.916877746582033,CSCO
5748,07-12-2012,19.15999984741211,19.600000381469727,50602300,19.739999771118164,19.34000015258789,14.80967903137207,CSCO
5749,10-12-2012,19.34000015258789,19.350000381469727,62863500,19.899999618530273,19.790000915527344,15.154261589050293,CSCO
5750,11-12-2012,19.670000076293945,19.850000381469727,58464200,20.06999969482422,19.780000686645508,15.1466064453125,CSCO
5751,12-12-2012,19.690000534057614,19.84000015258789,38701100,19.88999938964844,19.729999542236328,15.108319282531738,CSCO
5752,13-12-2012,19.600000381469727,19.690000534057614,37844200,19.84000015258789,19.739999771118164,15.115974426269533,CSCO
5753,14-12-2012,19.690000534057614,19.739999771118164,40804400,20.0,19.86000061035156,15.207870483398438,CSCO
5754,17-12-2012,19.799999237060547,19.8799991607666,46857100,20.13999938964844,20.11000061035156,15.399309158325195,CSCO
5755,18-12-2012,20.020000457763672,20.100000381469727,41963100,20.420000076293945,20.3799991607666,15.606060981750488,CSCO
5756,19-12-2012,20.239999771118164,20.420000076293945,38097400,20.540000915527344,20.270000457763672,15.521824836730955,CSCO
5757,20-12-2012,20.149999618530273,20.270000457763672,29942600,20.32999992370605,20.239999771118164,15.498855590820312,CSCO
5758,21-12-2012,19.59000015258789,19.950000762939453,67611700,20.049999237060547,19.959999084472656,15.28444004058838,CSCO
5759,24-12-2012,19.739999771118164,19.8700008392334,12550700,19.959999084472656,19.82999992370605,15.184889793395994,CSCO
5760,26-12-2012,19.75,19.82999992370605,22083800,20.06999969482422,19.920000076293945,15.253813743591307,CSCO
5761,27-12-2012,19.450000762939453,19.88999938964844,35286600,19.90999984741211,19.649999618530273,15.0470609664917,CSCO
5762,28-12-2012,19.420000076293945,19.489999771118164,24596400,19.63999938964844,19.450000762939453,14.893906593322756,CSCO
5763,31-12-2012,19.309999465942386,19.3799991607666,32388300,19.76000022888184,19.649999618530273,15.0470609664917,CSCO
5764,02-01-2013,20.01000022888184,20.1200008392334,40304500,20.34000015258789,20.34000015258789,15.575430870056152,CSCO
5765,03-01-2013,20.299999237060547,20.459999084472656,50603500,20.5,20.450000762939453,15.659663200378418,CSCO
5766,04-01-2013,20.38999938964844,20.40999984741211,36378900,20.68000030517578,20.479999542236328,15.682635307312012,CSCO
5767,07-01-2013,20.15999984741211,20.3799991607666,30790700,20.420000076293945,20.290000915527344,15.537145614624025,CSCO
5768,08-01-2013,20.07999992370605,20.18000030517578,33218100,20.34000015258789,20.309999465942386,15.552459716796875,CSCO
5769,09-01-2013,20.25,20.26000022888184,30380100,20.540000915527344,20.299999237060547,15.54479694366455,CSCO
5770,10-01-2013,20.290000915527344,20.350000381469727,31419200,20.489999771118164,20.440000534057614,15.652005195617676,CSCO
5771,11-01-2013,20.32999992370605,20.399999618530273,23423800,20.51000022888184,20.479999542236328,15.682635307312012,CSCO
5772,14-01-2013,20.649999618530273,20.68000030517578,55156900,20.989999771118164,20.96999931335449,16.057857513427734,CSCO
5773,15-01-2013,20.780000686645508,20.920000076293945,29550900,20.989999771118164,20.979999542236328,16.065513610839847,CSCO
5774,16-01-2013,20.8799991607666,20.90999984741211,39685100,21.18000030517578,21.030000686645508,16.10379981994629,CSCO
5775,17-01-2013,20.780000686645508,20.790000915527344,41951400,21.030000686645508,20.950000762939453,16.042537689208984,CSCO
5776,18-01-2013,20.809999465942386,20.850000381469727,42835000,21.040000915527344,21.020000457763672,16.096145629882812,CSCO
5777,22-01-2013,20.61000061035156,20.950000762939453,35955400,21.0,20.8700008392334,15.981277465820312,CSCO
5778,23-01-2013,20.61000061035156,20.88999938964844,37130100,20.88999938964844,20.6200008392334,15.789841651916506,CSCO
5779,24-01-2013,20.81999969482422,20.850000381469727,47256000,21.100000381469727,21.020000457763672,16.096145629882812,CSCO
5780,25-01-2013,21.049999237060547,21.100000381469727,28354800,21.25,21.149999618530273,16.195688247680664,CSCO
5781,28-01-2013,21.049999237060547,21.209999084472656,30431400,21.26000022888184,21.059999465942386,16.126771926879886,CSCO
5782,29-01-2013,20.649999618530273,20.979999542236328,35300200,20.989999771118164,20.780000686645508,15.912360191345215,CSCO
5783,30-01-2013,20.399999618530273,20.86000061035156,35260400,20.8700008392334,20.57999992370605,15.759209632873535,CSCO
5784,31-01-2013,20.559999465942386,20.6200008392334,29992500,20.899999618530273,20.56999969482422,15.751551628112793,CSCO
5785,01-02-2013,20.600000381469727,20.729999542236328,25754100,20.90999984741211,20.82999992370605,15.950650215148926,CSCO
5786,04-02-2013,20.790000915527344,20.8700008392334,32053300,21.1299991607666,20.81999969482422,15.942991256713867,CSCO
5787,05-02-2013,20.8799991607666,20.8799991607666,24952600,21.200000762939453,21.07999992370605,16.142086029052734,CSCO
5788,06-02-2013,20.979999542236328,21.049999237060547,27848400,21.21999931335449,21.190000534057614,16.226320266723633,CSCO
5789,07-02-2013,21.0,21.209999084472656,34442900,21.26000022888184,21.100000381469727,16.157400131225586,CSCO
5790,08-02-2013,21.1299991607666,21.170000076293945,23056900,21.299999237060547,21.15999984741211,16.20334815979004,CSCO
5791,11-02-2013,21.149999618530273,21.239999771118164,33552000,21.34000015258789,21.270000457763672,16.28757667541504,CSCO
5792,12-02-2013,20.940000534057614,21.25,46463500,21.270000457763672,20.96999931335449,16.057857513427734,CSCO
5793,13-02-2013,20.93000030517578,21.0,63608700,21.13999938964844,21.13999938964844,16.188032150268555,CSCO
5794,14-02-2013,20.51000022888184,20.8799991607666,67172100,21.0,20.989999771118164,16.073171615600586,CSCO
5795,15-02-2013,20.920000076293945,20.940000534057614,44439700,21.06999969482422,20.989999771118164,16.073171615600586,CSCO
5796,19-02-2013,20.950000762939453,21.01000022888184,45590500,21.479999542236328,21.459999084472656,16.433074951171875,CSCO
5797,20-02-2013,21.06999969482422,21.489999771118164,47494700,21.670000076293945,21.11000061035156,16.16506004333496,CSCO
5798,21-02-2013,20.709999084472656,21.0,33007100,21.020000457763672,20.76000022888184,15.89704132080078,CSCO
5799,22-02-2013,20.71999931335449,20.809999465942386,20483300,20.93000030517578,20.899999618530273,16.00425148010254,CSCO
5800,25-02-2013,20.649999618530273,21.0,37391400,21.200000762939453,20.65999984741211,15.820469856262207,CSCO
5801,26-02-2013,20.5,20.540000915527344,34254700,20.780000686645508,20.61000061035156,15.782183647155762,CSCO
5802,27-02-2013,20.440000534057614,20.600000381469727,25190900,21.020000457763672,20.88999938964844,15.996588706970215,CSCO
5803,28-02-2013,20.739999771118164,20.88999938964844,30337500,21.049999237060547,20.86000061035156,15.973620414733887,CSCO
5804,01-03-2013,20.549999237060547,20.709999084472656,24174800,20.899999618530273,20.82999992370605,15.950650215148926,CSCO
5805,04-03-2013,20.57999992370605,20.739999771118164,22634600,20.780000686645508,20.739999771118164,15.881732940673828,CSCO
5806,05-03-2013,20.82999992370605,20.82999992370605,32829500,21.25,21.21999931335449,16.24928855895996,CSCO
5807,06-03-2013,21.239999771118164,21.299999237060547,45966600,21.790000915527344,21.71999931335449,16.632173538208008,CSCO
5808,07-03-2013,21.68000030517578,21.71999931335449,37379500,21.96999931335449,21.799999237060547,16.693428039550778,CSCO
5809,08-03-2013,21.770000457763672,21.84000015258789,23839100,21.96999931335449,21.82999992370605,16.71640396118164,CSCO
5810,11-03-2013,21.649999618530273,21.770000457763672,29120000,21.979999542236328,21.8799991607666,16.754688262939453,CSCO
5811,12-03-2013,21.540000915527344,21.76000022888184,25987300,21.84000015258789,21.700000762939453,16.616859436035153,CSCO
5812,13-03-2013,21.51000022888184,21.649999618530273,30188200,21.799999237060547,21.57999992370605,16.524959564208984,CSCO
5813,14-03-2013,21.450000762939453,21.700000762939453,40479600,21.86000061035156,21.59000015258789,16.532623291015625,CSCO
5814,15-03-2013,21.3799991607666,21.56999969482422,59804200,21.950000762939453,21.93000030517578,16.792974472045902,CSCO
5815,18-03-2013,21.61000061035156,21.739999771118164,30222300,21.950000762939453,21.670000076293945,16.593883514404293,CSCO
5816,19-03-2013,21.299999237060547,21.709999084472656,27264100,21.75,21.520000457763672,16.479015350341793,CSCO
5817,20-03-2013,21.57999992370605,21.6299991607666,24571600,21.739999771118164,21.670000076293945,16.593883514404293,CSCO
5818,21-03-2013,20.71999931335449,21.0,64437700,21.18000030517578,20.84000015258789,15.958307266235352,CSCO
5819,22-03-2013,20.690000534057614,20.93000030517578,39902900,21.06999969482422,20.75,15.889391899108887,CSCO
5820,25-03-2013,20.709999084472656,20.8799991607666,36429100,20.989999771118164,20.850000381469727,15.965961456298828,CSCO
5821,26-03-2013,20.690000534057614,20.940000534057614,27627800,20.959999084472656,20.850000381469727,15.965961456298828,CSCO
5822,27-03-2013,20.61000061035156,20.68000030517578,27760900,20.899999618530273,20.82999992370605,15.950650215148926,CSCO
5823,28-03-2013,20.770000457763672,20.84000015258789,28323200,20.940000534057614,20.899999618530273,16.00425148010254,CSCO
5824,01-04-2013,20.780000686645508,21.040000915527344,40009200,21.3799991607666,20.82999992370605,15.950650215148926,CSCO
5825,02-04-2013,20.899999618530273,20.959999084472656,34098100,21.290000915527344,21.21999931335449,16.24928855895996,CSCO
5826,03-04-2013,21.11000061035156,21.280000686645508,30101400,21.3700008392334,21.200000762939453,16.233980178833008,CSCO
5827,04-04-2013,20.959999084472656,21.01000022888184,25075100,21.09000015258789,21.040000915527344,16.241703033447266,CSCO
5828,05-04-2013,20.0,20.25,54767100,20.700000762939453,20.61000061035156,15.90975570678711,CSCO
5829,08-04-2013,20.46999931335449,20.690000534057614,22968600,20.729999542236328,20.56999969482422,15.878880500793455,CSCO
5830,09-04-2013,20.57999992370605,20.63999938964844,27529500,21.049999237060547,20.96999931335449,16.187658309936527,CSCO
5831,10-04-2013,21.020000457763672,21.06999969482422,39308100,21.600000381469727,21.46999931335449,16.573633193969727,CSCO
5832,11-04-2013,21.270000457763672,21.32999992370605,35992200,21.700000762939453,21.690000534057614,16.743459701538086,CSCO
5833,12-04-2013,21.1200008392334,21.670000076293945,31584600,21.700000762939453,21.540000915527344,16.62767219543457,CSCO
5834,15-04-2013,21.049999237060547,21.450000762939453,27961000,21.63999938964844,21.049999237060547,16.249412536621097,CSCO
5835,16-04-2013,20.950000762939453,21.149999618530273,32745100,21.170000076293945,21.15999984741211,16.334327697753903,CSCO
5836,17-04-2013,20.59000015258789,20.950000762939453,30873000,21.020000457763672,20.6299991607666,15.925198554992676,CSCO
5837,18-04-2013,20.450000762939453,20.739999771118164,35401400,20.850000381469727,20.57999992370605,15.886603355407715,CSCO
5838,19-04-2013,19.979999542236328,20.200000762939453,51142000,20.549999237060547,20.459999084472656,15.79397201538086,CSCO
5839,22-04-2013,20.270000457763672,20.530000686645508,31452800,20.649999618530273,20.59000015258789,15.894317626953125,CSCO
5840,23-04-2013,20.729999542236328,20.75,34873500,21.100000381469727,20.90999984741211,16.141342163085938,CSCO
5841,24-04-2013,20.26000022888184,20.46999931335449,55759200,20.530000686645508,20.38999938964844,15.739931106567385,CSCO
5842,25-04-2013,20.38999938964844,20.5,40488500,20.770000457763672,20.63999938964844,15.932913780212402,CSCO
5843,26-04-2013,20.51000022888184,20.61000061035156,33713500,20.709999084472656,20.670000076293945,15.956076622009276,CSCO
5844,29-04-2013,20.46999931335449,20.649999618530273,29476200,21.06999969482422,20.979999542236328,16.19538688659668,CSCO
5845,30-04-2013,20.799999237060547,20.989999771118164,37777300,21.25,20.920000076293945,16.149065017700195,CSCO
5846,01-05-2013,20.350000381469727,20.82999992370605,44773400,20.899999618530273,20.3799991607666,15.732213020324707,CSCO
5847,02-05-2013,20.440000534057614,20.46999931335449,54869800,20.75,20.729999542236328,16.002395629882812,CSCO
5848,03-05-2013,20.76000022888184,20.93000030517578,41962700,20.959999084472656,20.82999992370605,16.07958984375,CSCO
5849,06-05-2013,20.739999771118164,20.8700008392334,31315900,20.920000076293945,20.809999465942386,16.06414794921875,CSCO
5850,07-05-2013,20.290000915527344,20.68000030517578,55003400,20.709999084472656,20.3799991607666,15.732213020324707,CSCO
5851,08-05-2013,20.399999618530273,20.399999618530273,37412500,20.76000022888184,20.71999931335449,15.994670867919922,CSCO
5852,09-05-2013,20.6200008392334,20.71999931335449,25790200,20.950000762939453,20.82999992370605,16.07958984375,CSCO
5853,10-05-2013,20.81999969482422,20.82999992370605,26926900,21.100000381469727,21.100000381469727,16.288007736206055,CSCO
5854,13-05-2013,21.049999237060547,21.13999938964844,35347200,21.280000686645508,21.270000457763672,16.419244766235348,CSCO
5855,14-05-2013,21.149999618530273,21.209999084472656,38494300,21.420000076293945,21.270000457763672,16.419244766235348,CSCO
5856,15-05-2013,21.1200008392334,21.25,55412900,21.290000915527344,21.209999084472656,16.372920989990234,CSCO
5857,16-05-2013,23.36000061035156,23.51000022888184,201626500,24.239999771118164,23.88999938964844,18.44173812866211,CSCO
5858,17-05-2013,23.70000076293945,23.85000038146973,78569900,24.25,24.239999771118164,18.711917877197266,CSCO
5859,20-05-2013,23.63999938964844,23.899999618530273,54632000,23.96999931335449,23.95000076293945,18.48805427551269,CSCO
5860,21-05-2013,23.59000015258789,23.88999938964844,48135200,24.059999465942386,24.01000022888184,18.534372329711914,CSCO
5861,22-05-2013,23.25,24.0,46836300,24.020000457763672,23.34000015258789,18.017169952392575,CSCO
5862,23-05-2013,23.059999465942386,23.1200008392334,44376600,23.61000061035156,23.51000022888184,18.148401260375977,CSCO
5863,24-05-2013,23.309999465942386,23.38999938964844,25036200,23.65999984741211,23.53000068664551,18.163837432861328,CSCO
5864,28-05-2013,23.690000534057614,23.809999465942386,40023900,24.1200008392334,23.88999938964844,18.44173812866211,CSCO
5865,29-05-2013,23.70000076293945,23.709999084472656,37314000,24.239999771118164,24.1200008392334,18.61928367614746,CSCO
5866,30-05-2013,24.020000457763672,24.149999618530273,45162100,24.68000030517578,24.3700008392334,18.81226921081543,CSCO
5867,31-05-2013,24.07999992370605,24.20000076293945,40885800,24.53000068664551,24.1200008392334,18.61928367614746,CSCO
5868,03-06-2013,24.03000068664551,24.26000022888184,30815300,24.5,24.3799991607666,18.819992065429688,CSCO
5869,04-06-2013,24.03000068664551,24.270000457763672,30628500,24.60000038146973,24.36000061035156,18.80455207824707,CSCO
5870,05-06-2013,24.209999084472656,24.270000457763672,45742100,24.63999938964844,24.31999969482422,18.77367401123047,CSCO
5871,06-06-2013,24.239999771118164,24.479999542236328,44830200,24.690000534057614,24.54999923706055,18.951221466064453,CSCO
5872,07-06-2013,24.3799991607666,24.6200008392334,42729400,24.78000068664551,24.489999771118164,18.904905319213867,CSCO
5873,10-06-2013,24.28000068664551,24.56999969482422,33779400,24.670000076293945,24.36000061035156,18.80455207824707,CSCO
5874,11-06-2013,24.04999923706055,24.1299991607666,28060200,24.45000076293945,24.06999969482422,18.5806827545166,CSCO
5875,12-06-2013,23.979999542236328,24.21999931335449,29980300,24.309999465942386,23.989999771118164,18.518930435180664,CSCO
5876,13-06-2013,23.8799991607666,23.93000030517578,27238900,24.399999618530273,24.35000038146973,18.796823501586914,CSCO
5877,14-06-2013,24.07999992370605,24.309999465942386,29841100,24.5,24.09000015258789,18.59613037109375,CSCO
5878,17-06-2013,24.229999542236328,24.26000022888184,46042800,24.959999084472656,24.70000076293945,19.067012786865234,CSCO
5879,18-06-2013,24.70000076293945,24.71999931335449,34939200,24.979999542236328,24.81999969482422,19.15964126586914,CSCO
5880,19-06-2013,24.68000030517578,24.78000068664551,29472900,24.959999084472656,24.68000030517578,19.05156898498535,CSCO
5881,20-06-2013,24.29999923706055,24.479999542236328,47759000,24.729999542236328,24.440000534057614,18.86630630493164,CSCO
5882,21-06-2013,24.209999084472656,24.3799991607666,62052200,24.6200008392334,24.479999542236328,18.89718246459961,CSCO
5883,24-06-2013,24.040000915527344,24.31999969482422,35972700,24.46999931335449,24.059999465942386,18.57296562194824,CSCO
5884,25-06-2013,23.989999771118164,24.309999465942386,41334800,24.440000534057614,24.01000022888184,18.534372329711914,CSCO
5885,26-06-2013,24.18000030517578,24.29999923706055,32721400,24.45000076293945,24.38999938964844,18.827707290649414,CSCO
5886,27-06-2013,24.459999084472656,24.46999931335449,27115400,24.709999084472656,24.6299991607666,19.01297187805176,CSCO
5887,28-06-2013,24.29999923706055,24.43000030517578,35574300,24.61000061035156,24.34000015258789,18.789108276367188,CSCO
5888,01-07-2013,24.309999465942386,24.420000076293945,33674000,24.82999992370605,24.34000015258789,18.921268463134766,CSCO
5889,02-07-2013,24.21999931335449,24.239999771118164,31098600,24.63999938964844,24.31999969482422,18.90571594238281,CSCO
5890,03-07-2013,24.270000457763672,24.36000061035156,24775000,24.84000015258789,24.59000015258789,19.11561393737793,CSCO
5891,05-07-2013,24.25,24.63999938964844,19984900,24.65999984741211,24.56999969482422,19.10006332397461,CSCO
5892,08-07-2013,24.38999938964844,24.65999984741211,34669400,24.75,24.6299991607666,19.146703720092773,CSCO
5893,09-07-2013,24.739999771118164,24.76000022888184,46103900,25.20000076293945,25.15999984741211,19.558712005615234,CSCO
5894,10-07-2013,25.059999465942386,25.06999969482422,37757800,25.559999465942386,25.40999984741211,19.753049850463867,CSCO
5895,11-07-2013,25.56999969482422,25.6200008392334,45944600,25.93000030517578,25.8700008392334,20.11064338684082,CSCO
5896,12-07-2013,25.65999984741211,25.85000038146973,28410100,25.95000076293945,25.940000534057614,20.165061950683594,CSCO
5897,15-07-2013,25.63999938964844,25.78000068664551,26879600,25.989999771118164,25.93000030517578,20.157289505004886,CSCO
5898,16-07-2013,25.6299991607666,25.86000061035156,26336200,25.989999771118164,25.709999084472656,19.986263275146484,CSCO
5899,17-07-2013,25.60000038146973,25.79999923706055,22080800,25.86000061035156,25.71999931335449,19.994043350219727,CSCO
5900,18-07-2013,25.729999542236328,25.8700008392334,32996900,26.149999618530273,25.86000061035156,20.102872848510746,CSCO
5901,19-07-2013,25.6200008392334,25.86000061035156,39224200,26.0,25.81999969482422,20.07177734375,CSCO
5902,22-07-2013,25.479999542236328,26.0,30419600,26.040000915527344,25.71999931335449,19.994043350219727,CSCO
5903,23-07-2013,25.489999771118164,25.70000076293945,27954800,25.770000457763672,25.559999465942386,19.869665145874023,CSCO
5904,24-07-2013,25.45000076293945,25.84000015258789,27330800,25.989999771118164,25.59000015258789,19.892980575561523,CSCO
5905,25-07-2013,25.309999465942386,25.60000038146973,31482600,25.6200008392334,25.5,19.823017120361328,CSCO
5906,26-07-2013,25.229999542236328,25.25,19946400,25.5,25.5,19.823017120361328,CSCO
5907,29-07-2013,25.229999542236328,25.36000061035156,17839400,25.46999931335449,25.32999992370605,19.690860748291016,CSCO
5908,30-07-2013,25.40999984741211,25.459999084472656,45348500,26.040000915527344,25.670000076293945,19.955171585083008,CSCO
5909,31-07-2013,25.54999923706055,25.79999923706055,30709400,25.88999938964844,25.59000015258789,19.892980575561523,CSCO
5910,01-08-2013,25.649999618530273,25.790000915527344,23330000,25.93000030517578,25.88999938964844,20.12619400024414,CSCO
5911,02-08-2013,25.729999542236328,25.79999923706055,26496700,26.190000534057614,26.190000534057614,20.35940742492676,CSCO
5912,05-08-2013,26.11000061035156,26.11000061035156,28701800,26.420000076293945,26.309999465942386,20.452688217163086,CSCO
5913,06-08-2013,26.059999465942386,26.40999984741211,26093500,26.40999984741211,26.209999084472656,20.374958038330078,CSCO
5914,07-08-2013,26.1200008392334,26.309999465942386,33489600,26.489999771118164,26.1200008392334,20.304988861083984,CSCO
5915,08-08-2013,26.18000030517578,26.270000457763672,20512100,26.31999969482422,26.26000022888184,20.413820266723636,CSCO
5916,09-08-2013,25.86000061035156,26.29999923706055,27309000,26.35000038146973,26.04999923706055,20.25057029724121,CSCO
5917,12-08-2013,25.85000038146973,25.86000061035156,32103600,26.45000076293945,26.34000015258789,20.47601127624512,CSCO
5918,13-08-2013,26.06999969482422,26.45000076293945,36466000,26.479999542236328,26.31999969482422,20.460464477539066,CSCO
5919,14-08-2013,25.96999931335449,26.45000076293945,77049400,26.45000076293945,26.3799991607666,20.50710678100586,CSCO
5920,15-08-2013,24.28000068664551,24.38999938964844,130110100,24.82999992370605,24.479999542236328,19.03009414672852,CSCO
5921,16-08-2013,24.25,24.53000068664551,42426200,24.65999984741211,24.270000457763672,18.866846084594727,CSCO
5922,19-08-2013,24.25,24.31999969482422,39630400,24.65999984741211,24.270000457763672,18.866846084594727,CSCO
5923,20-08-2013,24.21999931335449,24.28000068664551,43650200,24.559999465942386,24.31999969482422,18.90571594238281,CSCO
5924,21-08-2013,24.04999923706055,24.36000061035156,33392900,24.479999542236328,24.06999969482422,18.71137046813965,CSCO
5925,22-08-2013,23.959999084472656,24.06999969482422,24327000,24.21999931335449,24.01000022888184,18.66473197937012,CSCO
5926,23-08-2013,23.84000015258789,24.06999969482422,41268600,24.15999984741211,23.86000061035156,18.54812431335449,CSCO
5927,26-08-2013,23.76000022888184,23.84000015258789,35708500,24.04999923706055,23.82999992370605,18.52480697631836,CSCO
5928,27-08-2013,23.440000534057614,23.71999931335449,39768700,23.790000915527344,23.479999542236328,18.25271987915039,CSCO
5929,28-08-2013,23.3799991607666,23.54999923706055,28035900,23.57999992370605,23.45000076293945,18.229406356811523,CSCO
5930,29-08-2013,23.45000076293945,23.46999931335449,26605500,23.75,23.45000076293945,18.229406356811523,CSCO
5931,30-08-2013,23.21999931335449,23.459999084472656,35248400,23.54999923706055,23.309999465942386,18.12057113647461,CSCO
5932,03-09-2013,23.459999084472656,23.57999992370605,31875000,23.770000457763672,23.479999542236328,18.25271987915039,CSCO
5933,04-09-2013,23.5,23.520000457763672,27443900,23.920000076293945,23.770000457763672,18.47816276550293,CSCO
5934,05-09-2013,23.540000915527344,23.809999465942386,23926000,23.84000015258789,23.690000534057614,18.415971755981445,CSCO
5935,06-09-2013,23.38999938964844,23.81999969482422,28615800,23.84000015258789,23.54999923706055,18.307138442993164,CSCO
5936,09-09-2013,23.57999992370605,23.61000061035156,22744700,23.979999542236328,23.920000076293945,18.59476661682129,CSCO
5937,10-09-2013,24.0,24.03000068664551,29302400,24.25,24.15999984741211,18.781333923339844,CSCO
5938,11-09-2013,24.18000030517578,24.20000076293945,25153200,24.40999984741211,24.3799991607666,18.95235824584961,CSCO
5939,12-09-2013,24.239999771118164,24.420000076293945,22340000,24.45000076293945,24.290000915527344,18.88239097595215,CSCO
5940,13-09-2013,24.20000076293945,24.32999992370605,18509900,24.40999984741211,24.31999969482422,18.90571594238281,CSCO
5941,16-09-2013,24.1299991607666,24.43000030517578,32119900,24.46999931335449,24.3799991607666,18.95235824584961,CSCO
5942,17-09-2013,24.29999923706055,24.38999938964844,19999500,24.54999923706055,24.3700008392334,18.944581985473636,CSCO
5943,18-09-2013,24.29999923706055,24.32999992370605,29541300,24.79999923706055,24.79999923706055,19.278852462768555,CSCO
5944,19-09-2013,24.40999984741211,24.5,40090900,24.75,24.61000061035156,19.13115692138672,CSCO
5945,20-09-2013,24.43000030517578,24.729999542236328,37420400,24.75,24.51000022888184,19.053415298461914,CSCO
5946,23-09-2013,24.11000061035156,24.3799991607666,26910300,24.45000076293945,24.270000457763672,18.866846084594727,CSCO
5947,24-09-2013,23.940000534057614,24.13999938964844,29762400,24.31999969482422,24.13999938964844,18.76579093933105,CSCO
5948,25-09-2013,24.1200008392334,24.190000534057614,26563800,24.54999923706055,24.43000030517578,18.99122810363769,CSCO
5949,26-09-2013,23.690000534057614,24.29999923706055,54577900,24.36000061035156,23.770000457763672,18.47816276550293,CSCO
5950,27-09-2013,23.04999923706055,23.35000038146973,82455500,23.54999923706055,23.32999992370605,18.13611602783203,CSCO
5951,30-09-2013,23.020000457763672,23.1200008392334,40335700,23.53000068664551,23.43000030517578,18.21385383605957,CSCO
5952,01-10-2013,23.20000076293945,23.32999992370605,30137600,23.479999542236328,23.239999771118164,18.198192596435547,CSCO
5953,02-10-2013,23.0,23.10000038146973,40084700,23.36000061035156,23.31999969482422,18.260841369628906,CSCO
5954,03-10-2013,22.940000534057614,23.239999771118164,38161100,23.35000038146973,23.01000022888184,18.018085479736328,CSCO
5955,04-10-2013,22.85000038146973,22.959999084472656,33607800,23.09000015258789,23.020000457763672,18.025924682617188,CSCO
5956,07-10-2013,22.6299991607666,22.76000022888184,29575900,23.040000915527344,22.88999938964844,17.924123764038086,CSCO
5957,08-10-2013,22.6200008392334,22.96999931335449,31865700,22.96999931335449,22.63999938964844,17.728364944458008,CSCO
5958,09-10-2013,22.290000915527344,22.65999984741211,45438300,22.76000022888184,22.5,17.61873435974121,CSCO
5959,10-10-2013,22.60000038146973,22.70000076293945,38817500,23.07999992370605,23.01000022888184,18.018085479736328,CSCO
5960,11-10-2013,22.96999931335449,23.020000457763672,27773800,23.3799991607666,23.28000068664551,18.229511260986328,CSCO
5961,14-10-2013,23.06999969482422,23.15999984741211,29103100,23.36000061035156,23.34000015258789,18.276498794555664,CSCO
5962,15-10-2013,23.170000076293945,23.36000061035156,26201200,23.420000076293945,23.18000030517578,18.15121078491211,CSCO
5963,16-10-2013,22.809999465942386,23.21999931335449,40483000,23.29999923706055,23.0,18.010257720947266,CSCO
5964,17-10-2013,22.420000076293945,22.79999923706055,69366300,22.8799991607666,22.78000068664551,17.837987899780273,CSCO
5965,18-10-2013,22.76000022888184,22.86000061035156,44486600,23.13999938964844,22.959999084472656,17.97893714904785,CSCO
5966,21-10-2013,22.809999465942386,23.11000061035156,34594600,23.11000061035156,22.93000030517578,17.955446243286133,CSCO
5967,22-10-2013,22.420000076293945,22.989999771118164,64553000,23.0,22.649999618530273,17.736190795898438,CSCO
5968,23-10-2013,22.200000762939453,22.61000061035156,49021400,22.63999938964844,22.26000022888184,17.430805206298828,CSCO
5969,24-10-2013,22.100000381469727,22.34000015258789,50130300,22.43000030517578,22.3700008392334,17.516935348510742,CSCO
5970,25-10-2013,22.350000381469727,22.59000015258789,34253400,22.6299991607666,22.459999084472656,17.587408065795902,CSCO
5971,28-10-2013,22.309999465942386,22.399999618530273,24072100,22.54999923706055,22.54999923706055,17.657882690429688,CSCO
5972,29-10-2013,22.559999465942386,22.65999984741211,30074200,22.93000030517578,22.82999992370605,17.877138137817386,CSCO
5973,30-10-2013,22.65999984741211,22.8700008392334,30465600,22.940000534057614,22.709999084472656,17.783172607421875,CSCO
5974,31-10-2013,22.440000534057614,22.63999938964844,34497400,22.709999084472656,22.559999465942386,17.66571617126465,CSCO
5975,01-11-2013,22.399999618530273,22.65999984741211,33328700,22.68000030517578,22.56999969482422,17.673545837402344,CSCO
5976,04-11-2013,22.420000076293945,22.54999923706055,28617000,22.63999938964844,22.57999992370605,17.681379318237305,CSCO
5977,05-11-2013,22.420000076293945,22.61000061035156,46343600,23.25,23.06999969482422,18.065074920654297,CSCO
5978,06-11-2013,23.020000457763672,23.209999084472656,48257800,23.3700008392334,23.28000068664551,18.229511260986328,CSCO
5979,07-11-2013,23.06999969482422,23.40999984741211,35502900,23.559999465942386,23.11000061035156,18.096397399902344,CSCO
5980,08-11-2013,23.09000015258789,23.28000068664551,30884100,23.520000457763672,23.51000022888184,18.40962219238281,CSCO
5981,11-11-2013,23.399999618530273,23.5,22694900,23.57999992370605,23.45000076293945,18.36263656616211,CSCO
5982,12-11-2013,23.43000030517578,23.43000030517578,38031100,23.84000015258789,23.729999542236328,18.581892013549805,CSCO
5983,13-11-2013,23.51000022888184,23.60000038146973,75234900,24.0,24.0,18.79331588745117,CSCO
5984,14-11-2013,20.770000457763672,20.940000534057614,243255400,21.440000534057614,21.3700008392334,16.733884811401367,CSCO
5985,15-11-2013,21.26000022888184,21.459999084472656,85506000,21.690000534057614,21.540000915527344,16.866998672485348,CSCO
5986,18-11-2013,21.200000762939453,21.600000381469727,66008900,21.71999931335449,21.290000915527344,16.671236038208008,CSCO
5987,19-11-2013,21.1200008392334,21.309999465942386,57309700,21.540000915527344,21.420000076293945,16.773035049438473,CSCO
5988,20-11-2013,21.21999931335449,21.46999931335449,44299700,21.46999931335449,21.229999542236328,16.62425422668457,CSCO
5989,21-11-2013,21.25,21.36000061035156,40695500,21.489999771118164,21.46999931335449,16.812187194824222,CSCO
5990,22-11-2013,21.309999465942386,21.40999984741211,41105000,21.5,21.459999084472656,16.80436134338379,CSCO
5991,25-11-2013,21.270000457763672,21.450000762939453,37566000,21.520000457763672,21.270000457763672,16.655574798583984,CSCO
5992,26-11-2013,21.07999992370605,21.299999237060547,48629300,21.40999984741211,21.209999084472656,16.608592987060547,CSCO
5993,27-11-2013,21.149999618530273,21.290000915527344,40021100,21.350000381469727,21.270000457763672,16.655574798583984,CSCO
5994,29-11-2013,21.200000762939453,21.38999938964844,25043700,21.440000534057614,21.25,16.63991355895996,CSCO
5995,02-12-2013,21.059999465942386,21.290000915527344,35385200,21.299999237060547,21.09000015258789,16.514623641967773,CSCO
5996,03-12-2013,21.020000457763672,21.049999237060547,52496700,21.26000022888184,21.26000022888184,16.64774513244629,CSCO
5997,04-12-2013,21.06999969482422,21.09000015258789,44535000,21.350000381469727,21.25,16.63991355895996,CSCO
5998,05-12-2013,20.88999938964844,21.200000762939453,61782100,21.299999237060547,20.90999984741211,16.373674392700195,CSCO
5999,06-12-2013,21.06999969482422,21.1200008392334,51266300,21.31999969482422,21.280000686645508,16.663406372070312,CSCO
6000,09-12-2013,21.200000762939453,21.299999237060547,41430000,21.32999992370605,21.21999931335449,16.61642074584961,CSCO
6001,10-12-2013,21.149999618530273,21.26000022888184,45957600,21.34000015258789,21.209999084472656,16.608592987060547,CSCO
6002,11-12-2013,20.649999618530273,20.989999771118164,66075000,21.01000022888184,20.8799991607666,16.350183486938473,CSCO
6003,12-12-2013,20.26000022888184,20.81999969482422,69575100,20.82999992370605,20.51000022888184,16.060453414916992,CSCO
6004,13-12-2013,20.21999931335449,20.57999992370605,51883000,20.57999992370605,20.239999771118164,15.849032402038574,CSCO
6005,16-12-2013,20.25,20.350000381469727,54485600,20.75,20.68000030517578,16.193580627441403,CSCO
6006,17-12-2013,20.68000030517578,20.739999771118164,45343300,21.1299991607666,20.920000076293945,16.381505966186527,CSCO
6007,18-12-2013,20.520000457763672,20.8799991607666,55495300,21.040000915527344,21.0,16.444154739379886,CSCO
6008,19-12-2013,20.770000457763672,21.06999969482422,36678100,21.07999992370605,21.06999969482422,16.498960494995114,CSCO
6009,20-12-2013,20.959999084472656,21.059999465942386,64140500,21.25,21.1299991607666,16.545949935913086,CSCO
6010,23-12-2013,21.21999931335449,21.25,41245900,21.6299991607666,21.56999969482422,16.89048957824707,CSCO
6011,24-12-2013,21.440000534057614,21.459999084472656,18372000,21.76000022888184,21.690000534057614,16.984460830688473,CSCO
6012,26-12-2013,21.71999931335449,21.71999931335449,17064400,21.8799991607666,21.799999237060547,17.07059097290039,CSCO
6013,27-12-2013,21.780000686645508,21.790000915527344,24098500,22.049999237060547,22.020000457763672,17.24287223815918,CSCO
6014,30-12-2013,22.0,22.0,27711600,22.32999992370605,22.25,17.422969818115234,CSCO
6015,31-12-2013,22.149999618530273,22.25,33240500,22.46999931335449,22.43000030517578,17.563922882080078,CSCO
6016,02-01-2014,21.90999984741211,22.170000076293945,44377000,22.290000915527344,22.0,17.358772277832028,CSCO
6017,03-01-2014,21.82999992370605,22.09000015258789,36328200,22.1200008392334,21.979999542236328,17.342988967895508,CSCO
6018,06-01-2014,21.93000030517578,21.959999084472656,34150300,22.229999542236328,22.01000022888184,17.366666793823242,CSCO
6019,07-01-2014,22.149999618530273,22.26000022888184,37368800,22.40999984741211,22.309999465942386,17.603376388549805,CSCO
6020,08-01-2014,22.149999618530273,22.290000915527344,38362700,22.36000061035156,22.290000915527344,17.587591171264652,CSCO
6021,09-01-2014,21.920000076293945,22.290000915527344,31794000,22.309999465942386,22.09000015258789,17.429786682128903,CSCO
6022,10-01-2014,21.989999771118164,22.229999542236328,30318600,22.280000686645508,22.21999931335449,17.532358169555664,CSCO
6023,13-01-2014,22.13999938964844,22.38999938964844,59600000,22.81999969482422,22.190000534057614,17.508689880371097,CSCO
6024,14-01-2014,22.200000762939453,22.32999992370605,44300800,22.520000457763672,22.40999984741211,17.682275772094727,CSCO
6025,15-01-2014,22.420000076293945,22.5,61767800,23.0,22.78000068664551,17.974220275878906,CSCO
6026,16-01-2014,22.6299991607666,22.85000038146973,38918100,22.90999984741211,22.78000068664551,17.974220275878906,CSCO
6027,17-01-2014,22.57999992370605,22.57999992370605,44349100,22.78000068664551,22.739999771118164,17.94265365600586,CSCO
6028,21-01-2014,22.63999938964844,22.90999984741211,33423000,22.95000076293945,22.82999992370605,18.013673782348633,CSCO
6029,22-01-2014,22.78000068664551,22.90999984741211,30700100,22.95000076293945,22.84000015258789,18.02155876159668,CSCO
6030,23-01-2014,22.459999084472656,22.690000534057614,37013600,22.85000038146973,22.559999465942386,17.800626754760742,CSCO
6031,24-01-2014,22.170000076293945,22.399999618530273,40917300,22.540000915527344,22.200000762939453,17.51658058166504,CSCO
6032,27-01-2014,21.76000022888184,21.770000457763672,60510000,22.11000061035156,22.0,17.358772277832028,CSCO
6033,28-01-2014,21.700000762939453,21.8799991607666,41431800,22.0,21.75,17.16151237487793,CSCO
6034,29-01-2014,21.600000381469727,21.6200008392334,35406500,21.84000015258789,21.649999618530273,17.082609176635742,CSCO
6035,30-01-2014,21.6299991607666,21.770000457763672,42883000,21.989999771118164,21.979999542236328,17.342988967895508,CSCO
6036,31-01-2014,21.61000061035156,21.61000061035156,43325300,21.989999771118164,21.90999984741211,17.287755966186527,CSCO
6037,03-02-2014,21.459999084472656,21.93000030517578,60693300,21.950000762939453,21.549999237060547,17.003711700439453,CSCO
6038,04-02-2014,21.399999618530273,21.57999992370605,46626500,21.81999969482422,21.799999237060547,17.200958251953125,CSCO
6039,05-02-2014,21.57999992370605,21.690000534057614,46291400,22.06999969482422,21.979999542236328,17.342988967895508,CSCO
6040,06-02-2014,21.96999931335449,22.040000915527344,49584300,22.57999992370605,22.489999771118164,17.745397567749023,CSCO
6041,07-02-2014,22.299999237060547,22.520000457763672,54109200,22.71999931335449,22.670000076293945,17.887418746948242,CSCO
6042,10-02-2014,22.559999465942386,22.63999938964844,45300500,22.8799991607666,22.82999992370605,18.013673782348633,CSCO
6043,11-02-2014,22.670000076293945,22.78000068664551,45804800,22.8799991607666,22.709999084472656,17.91898536682129,CSCO
6044,12-02-2014,22.520000457763672,22.61000061035156,69832400,22.920000076293945,22.85000038146973,18.02945327758789,CSCO
6045,13-02-2014,21.68000030517578,21.989999771118164,153739400,22.270000457763672,22.270000457763672,17.571807861328125,CSCO
6046,14-02-2014,22.200000762939453,22.21999931335449,64513500,22.770000457763672,22.559999465942386,17.800626754760742,CSCO
6047,18-02-2014,22.32999992370605,22.489999771118164,31014400,22.540000915527344,22.40999984741211,17.682275772094727,CSCO
6048,19-02-2014,22.21999931335449,22.32999992370605,29309100,22.559999465942386,22.280000686645508,17.57969856262207,CSCO
6049,20-02-2014,22.15999984741211,22.239999771118164,26215000,22.399999618530273,22.299999237060547,17.595483779907227,CSCO
6050,21-02-2014,22.1299991607666,22.3700008392334,31483000,22.450000762939453,22.1299991607666,17.46134376525879,CSCO
6051,24-02-2014,22.0,22.190000534057614,41858000,22.34000015258789,22.1200008392334,17.453454971313473,CSCO
6052,25-02-2014,21.76000022888184,22.149999618530273,45303600,22.21999931335449,21.84000015258789,17.232528686523438,CSCO
6053,26-02-2014,21.549999237060547,21.84000015258789,43574600,22.020000457763672,21.93000030517578,17.303535461425778,CSCO
6054,27-02-2014,21.86000061035156,21.8799991607666,25804000,22.049999237060547,21.920000076293945,17.295646667480472,CSCO
6055,28-02-2014,21.700000762939453,21.96999931335449,40863200,22.11000061035156,21.799999237060547,17.200958251953125,CSCO
6056,03-03-2014,21.440000534057614,21.56999969482422,37292900,21.81999969482422,21.56999969482422,17.019487380981445,CSCO
6057,04-03-2014,21.700000762939453,21.780000686645508,35673900,21.88999938964844,21.81999969482422,17.216739654541016,CSCO
6058,05-03-2014,21.809999465942386,21.899999618530273,28203400,22.049999237060547,21.8700008392334,17.256196975708008,CSCO
6059,06-03-2014,21.75,21.8799991607666,23567000,21.979999542236328,21.81999969482422,17.216739654541016,CSCO
6060,07-03-2014,21.65999984741211,21.920000076293945,33180000,21.940000534057614,21.729999542236328,17.145729064941403,CSCO
6061,10-03-2014,21.600000381469727,21.6299991607666,26163300,21.81999969482422,21.690000534057614,17.114173889160153,CSCO
6062,11-03-2014,21.57999992370605,21.86000061035156,34642200,21.93000030517578,21.61000061035156,17.051048278808597,CSCO
6063,12-03-2014,21.530000686645508,21.530000686645508,31854300,21.920000076293945,21.81999969482422,17.216739654541016,CSCO
6064,13-03-2014,21.5,21.88999938964844,42144400,21.920000076293945,21.520000457763672,16.980035781860348,CSCO
6065,14-03-2014,21.280000686645508,21.549999237060547,38256700,21.649999618530273,21.350000381469727,16.845895767211914,CSCO
6066,17-03-2014,21.270000457763672,21.350000381469727,33221900,21.6200008392334,21.51000022888184,16.972145080566403,CSCO
6067,18-03-2014,21.290000915527344,21.34000015258789,45849600,21.709999084472656,21.6299991607666,17.066829681396484,CSCO
6068,19-03-2014,21.559999465942386,21.690000534057614,32674300,21.799999237060547,21.6299991607666,17.066829681396484,CSCO
6069,20-03-2014,21.59000015258789,21.59000015258789,34952800,22.0,21.82999992370605,17.224634170532227,CSCO
6070,21-03-2014,21.57999992370605,21.940000534057614,97372900,22.100000381469727,21.63999938964844,17.074716567993164,CSCO
6071,24-03-2014,21.46999931335449,21.68000030517578,32782100,21.790000915527344,21.56999969482422,17.019487380981445,CSCO
6072,25-03-2014,21.649999618530273,21.690000534057614,53374300,22.36000061035156,22.34000015258789,17.62704086303711,CSCO
6073,26-03-2014,22.31999969482422,22.440000534057614,67098900,22.690000534057614,22.31999969482422,17.611257553100586,CSCO
6074,27-03-2014,21.940000534057614,22.1299991607666,52152300,22.38999938964844,22.020000457763672,17.374553680419922,CSCO
6075,28-03-2014,22.049999237060547,22.09000015258789,49289400,22.540000915527344,22.32999992370605,17.619152069091797,CSCO
6076,31-03-2014,22.399999618530273,22.489999771118164,32887800,22.63999938964844,22.420000076293945,17.690162658691406,CSCO
6077,01-04-2014,22.299999237060547,22.32999992370605,80106400,23.309999465942386,23.10000038146973,18.382492065429688,CSCO
6078,02-04-2014,22.76000022888184,23.11000061035156,38363700,23.1299991607666,22.989999771118164,18.294952392578125,CSCO
6079,03-04-2014,23.0,23.04999923706055,30311200,23.29999923706055,23.09000015258789,18.37454414367676,CSCO
6080,04-04-2014,22.60000038146973,23.28000068664551,49382300,23.35000038146973,22.709999084472656,18.072139739990234,CSCO
6081,07-04-2014,22.5,22.60000038146973,55317100,23.06999969482422,22.85000038146973,18.18354797363281,CSCO
6082,08-04-2014,22.60000038146973,22.63999938964844,37373900,22.96999931335449,22.940000534057614,18.255168914794922,CSCO
6083,09-04-2014,22.88999938964844,23.0,37888600,23.31999969482422,23.1200008392334,18.398408889770508,CSCO
6084,10-04-2014,22.5,23.170000076293945,53927000,23.26000022888184,22.649999618530273,18.024391174316406,CSCO
6085,11-04-2014,22.43000030517578,22.54999923706055,47253900,22.989999771118164,22.459999084472656,17.873191833496094,CSCO
6086,14-04-2014,22.479999542236328,22.6299991607666,35804300,22.940000534057614,22.85000038146973,18.18354797363281,CSCO
6087,15-04-2014,22.61000061035156,22.84000015258789,29845400,23.0,22.88999938964844,18.215381622314453,CSCO
6088,16-04-2014,22.82999992370605,23.03000068664551,31451900,23.149999618530273,23.03000068664551,18.3267879486084,CSCO
6089,17-04-2014,22.78000068664551,23.01000022888184,47813400,23.290000915527344,23.209999084472656,18.470029830932614,CSCO
6090,21-04-2014,23.18000030517578,23.21999931335449,38795200,23.59000015258789,23.399999618530273,18.6212215423584,CSCO
6091,22-04-2014,23.399999618530273,23.43000030517578,28725000,23.61000061035156,23.520000457763672,18.716720581054688,CSCO
6092,23-04-2014,23.239999771118164,23.520000457763672,29972800,23.56999969482422,23.5,18.7008056640625,CSCO
6093,24-04-2014,23.239999771118164,23.63999938964844,33976700,23.63999938964844,23.32999992370605,18.565523147583008,CSCO
6094,25-04-2014,22.8799991607666,23.270000457763672,25087300,23.31999969482422,23.0,18.30291748046875,CSCO
6095,28-04-2014,22.790000915527344,23.149999618530273,36817100,23.239999771118164,23.020000457763672,18.318830490112305,CSCO
6096,29-04-2014,23.059999465942386,23.20000076293945,14582400,23.209999084472656,23.15999984741211,18.43024444580078,CSCO
6097,30-04-2014,22.920000076293945,23.07999992370605,23979300,23.13999938964844,23.11000061035156,18.39045524597168,CSCO
6098,01-05-2014,22.90999984741211,23.13999938964844,17463700,23.149999618530273,23.01000022888184,18.31087303161621,CSCO
6099,02-05-2014,22.899999618530273,23.11000061035156,18757000,23.1200008392334,22.940000534057614,18.255168914794922,CSCO
6100,05-05-2014,22.71999931335449,22.899999618530273,17859200,23.0,22.959999084472656,18.27108192443848,CSCO
6101,06-05-2014,22.6299991607666,22.84000015258789,21815200,22.88999938964844,22.71999931335449,18.08009529113769,CSCO
6102,07-05-2014,22.43000030517578,22.71999931335449,38895200,22.899999618530273,22.8700008392334,18.199464797973636,CSCO
6103,08-05-2014,22.76000022888184,22.899999618530273,32181400,23.170000076293945,23.020000457763672,18.318830490112305,CSCO
6104,09-05-2014,22.920000076293945,22.959999084472656,22593900,23.11000061035156,23.020000457763672,18.318830490112305,CSCO
6105,12-05-2014,23.0,23.040000915527344,40216100,23.34000015258789,23.190000534057614,18.454116821289066,CSCO
6106,13-05-2014,22.76000022888184,23.13999938964844,57933100,23.209999084472656,22.86000061035156,18.191511154174805,CSCO
6107,14-05-2014,22.6299991607666,22.920000076293945,59330100,23.04999923706055,22.809999465942386,18.15171432495117,CSCO
6108,15-05-2014,24.1200008392334,24.270000457763672,120944500,24.690000534057614,24.18000030517578,19.241939544677734,CSCO
6109,16-05-2014,24.059999465942386,24.13999938964844,40477000,24.45000076293945,24.3700008392334,19.39313507080078,CSCO
6110,19-05-2014,24.1200008392334,24.239999771118164,39388900,24.45000076293945,24.35000038146973,19.37721824645996,CSCO
6111,20-05-2014,24.020000457763672,24.26000022888184,56321600,24.38999938964844,24.1200008392334,19.194190979003906,CSCO
6112,21-05-2014,24.170000076293945,24.21999931335449,65262600,24.649999618530273,24.479999542236328,19.48066520690918,CSCO
6113,22-05-2014,24.290000915527344,24.420000076293945,26751000,24.540000915527344,24.3799991607666,19.40108871459961,CSCO
6114,23-05-2014,24.35000038146973,24.3799991607666,27778000,24.56999969482422,24.520000457763672,19.512496948242188,CSCO
6115,27-05-2014,24.6299991607666,24.739999771118164,32365700,24.8799991607666,24.709999084472656,19.663694381713867,CSCO
6116,28-05-2014,24.6299991607666,24.6299991607666,28650600,24.93000030517578,24.81999969482422,19.75123786926269,CSCO
6117,29-05-2014,24.559999465942386,24.85000038146973,21642000,24.920000076293945,24.68000030517578,19.63982582092285,CSCO
6118,30-05-2014,24.479999542236328,24.709999084472656,29368700,24.75,24.6200008392334,19.59208106994629,CSCO
6119,02-06-2014,24.559999465942386,24.63999938964844,20393300,24.79999923706055,24.78000068664551,19.719402313232425,CSCO
6120,03-06-2014,24.45000076293945,24.75,23339100,24.81999969482422,24.68000030517578,19.63982582092285,CSCO
6121,04-06-2014,24.399999618530273,24.61000061035156,20635100,24.649999618530273,24.5,19.496583938598636,CSCO
6122,05-06-2014,24.40999984741211,24.6200008392334,23320300,24.739999771118164,24.70000076293945,19.655744552612305,CSCO
6123,06-06-2014,24.709999084472656,24.729999542236328,22485100,24.95000076293945,24.82999992370605,19.75919342041016,CSCO
6124,09-06-2014,24.71999931335449,24.790000915527344,18818400,24.95000076293945,24.79999923706055,19.73531723022461,CSCO
6125,10-06-2014,24.60000038146973,24.729999542236328,36582000,25.10000038146973,25.0,19.89446830749512,CSCO
6126,11-06-2014,24.790000915527344,24.85000038146973,36170300,25.170000076293945,25.040000915527344,19.926307678222656,CSCO
6127,12-06-2014,24.6200008392334,24.95000076293945,26900400,25.01000022888184,24.65999984741211,19.623910903930664,CSCO
6128,13-06-2014,24.60000038146973,24.670000076293945,20947600,24.78000068664551,24.70000076293945,19.655744552612305,CSCO
6129,16-06-2014,24.45000076293945,24.520000457763672,19251300,24.729999542236328,24.53000068664551,19.52046203613281,CSCO
6130,17-06-2014,24.40999984741211,24.489999771118164,17972800,24.6200008392334,24.5,19.496583938598636,CSCO
6131,18-06-2014,24.459999084472656,24.70000076293945,24723700,24.75,24.6299991607666,19.600032806396484,CSCO
6132,19-06-2014,24.45000076293945,24.6200008392334,20646800,24.709999084472656,24.709999084472656,19.663694381713867,CSCO
6133,20-06-2014,24.61000061035156,24.6299991607666,39707300,24.899999618530273,24.82999992370605,19.75919342041016,CSCO
6134,23-06-2014,24.649999618530273,24.809999465942386,18751100,24.899999618530273,24.70000076293945,19.655744552612305,CSCO
6135,24-06-2014,24.520000457763672,24.6200008392334,24302000,24.739999771118164,24.53000068664551,19.52046203613281,CSCO
6136,25-06-2014,24.40999984741211,24.54999923706055,22579500,24.78000068664551,24.71999931335449,19.671653747558594,CSCO
6137,26-06-2014,24.479999542236328,24.65999984741211,19134400,24.809999465942386,24.649999618530273,19.61594581604004,CSCO
6138,27-06-2014,24.479999542236328,24.60000038146973,34999300,24.78000068664551,24.70000076293945,19.655744552612305,CSCO
6139,30-06-2014,24.6200008392334,24.670000076293945,23992100,24.899999618530273,24.85000038146973,19.775108337402344,CSCO
6140,01-07-2014,24.770000457763672,24.989999771118164,34613200,25.11000061035156,25.07999992370605,19.9581356048584,CSCO
6141,02-07-2014,24.8700008392334,24.96999931335449,30197200,25.13999938964844,25.03000068664551,20.070396423339844,CSCO
6142,03-07-2014,25.1299991607666,25.149999618530273,19598800,25.25,25.190000534057614,20.19869613647461,CSCO
6143,07-07-2014,24.96999931335449,25.0,21293500,25.25,25.229999542236328,20.230762481689453,CSCO
6144,08-07-2014,25.059999465942386,25.209999084472656,34622900,25.309999465942386,25.06999969482422,20.10247039794922,CSCO
6145,09-07-2014,25.13999938964844,25.21999931335449,35610300,25.5,25.440000534057614,20.399154663085934,CSCO
6146,10-07-2014,25.21999931335449,25.25,27278600,25.520000457763672,25.440000534057614,20.399154663085934,CSCO
6147,11-07-2014,25.440000534057614,25.520000457763672,20945900,25.649999618530273,25.520000457763672,20.46330451965332,CSCO
6148,14-07-2014,25.399999618530273,25.61000061035156,19243600,25.649999618530273,25.440000534057614,20.399154663085934,CSCO
6149,15-07-2014,25.36000061035156,25.3799991607666,29468800,25.68000030517578,25.670000076293945,20.58358192443848,CSCO
6150,16-07-2014,25.729999542236328,25.729999542236328,40458600,26.04999923706055,25.979999542236328,20.832151412963867,CSCO
6151,17-07-2014,25.57999992370605,25.84000015258789,29568000,26.0,25.6299991607666,20.55150413513184,CSCO
6152,18-07-2014,25.670000076293945,25.70000076293945,25465300,25.959999084472656,25.90999984741211,20.77602767944336,CSCO
6153,21-07-2014,25.71999931335449,25.88999938964844,20825400,25.95000076293945,25.85000038146973,20.72791290283203,CSCO
6154,22-07-2014,25.90999984741211,25.95000076293945,28734800,26.07999992370605,25.95000076293945,20.808103561401367,CSCO
6155,23-07-2014,25.54999923706055,25.71999931335449,28759200,25.790000915527344,25.68000030517578,20.591604232788086,CSCO
6156,24-07-2014,25.68000030517578,25.78000068664551,21876300,25.899999618530273,25.82999992370605,20.711875915527344,CSCO
6157,25-07-2014,25.68000030517578,25.79999923706055,28640100,26.020000457763672,25.96999931335449,20.82413482666016,CSCO
6158,28-07-2014,25.56999969482422,25.729999542236328,27686400,26.0,25.920000076293945,20.78404426574707,CSCO
6159,29-07-2014,25.690000534057614,25.8799991607666,22441500,26.01000022888184,25.709999084472656,20.61565399169922,CSCO
6160,30-07-2014,25.46999931335449,25.82999992370605,26119900,25.84000015258789,25.6299991607666,20.55150413513184,CSCO
6161,31-07-2014,25.170000076293945,25.479999542236328,28219900,25.5,25.229999542236328,20.230762481689453,CSCO
6162,01-08-2014,24.79999923706055,25.13999938964844,28609200,25.209999084472656,25.0,20.046335220336914,CSCO
6163,04-08-2014,24.86000061035156,24.940000534057614,17252200,25.21999931335449,25.170000076293945,20.182653427124023,CSCO
6164,05-08-2014,24.8700008392334,25.020000457763672,21176500,25.1200008392334,24.96999931335449,20.02228546142578,CSCO
6165,06-08-2014,24.85000038146973,24.93000030517578,20990600,25.209999084472656,24.93000030517578,19.990209579467773,CSCO
6166,07-08-2014,24.690000534057614,25.01000022888184,24123500,25.11000061035156,24.86000061035156,19.934080123901367,CSCO
6167,08-08-2014,24.739999771118164,24.8700008392334,21648600,25.059999465942386,25.03000068664551,20.070396423339844,CSCO
6168,11-08-2014,25.01000022888184,25.09000015258789,25946200,25.3700008392334,25.229999542236328,20.230762481689453,CSCO
6169,12-08-2014,25.0,25.209999084472656,21928200,25.270000457763672,25.149999618530273,20.16661834716797,CSCO
6170,13-08-2014,24.93000030517578,25.170000076293945,43708600,25.270000457763672,25.20000076293945,20.20671272277832,CSCO
6171,14-08-2014,24.31999969482422,24.940000534057614,63790200,24.940000534057614,24.540000915527344,19.677486419677734,CSCO
6172,15-08-2014,24.270000457763672,24.65999984741211,33624000,24.65999984741211,24.43000030517578,19.589282989501953,CSCO
6173,18-08-2014,24.43000030517578,24.489999771118164,27666900,24.65999984741211,24.6299991607666,19.749650955200195,CSCO
6174,19-08-2014,24.60000038146973,24.6299991607666,20347000,24.690000534057614,24.63999938964844,19.75766944885254,CSCO
6175,20-08-2014,24.520000457763672,24.54999923706055,20228900,24.75,24.709999084472656,19.813798904418945,CSCO
6176,21-08-2014,24.71999931335449,24.75,20880800,24.90999984741211,24.88999938964844,19.958133697509766,CSCO
6177,22-08-2014,24.63999938964844,24.8700008392334,22453700,24.96999931335449,24.649999618530273,19.76568603515625,CSCO
6178,25-08-2014,24.690000534057614,24.70000076293945,19355800,24.84000015258789,24.70000076293945,19.805788040161133,CSCO
6179,26-08-2014,24.670000076293945,24.70000076293945,17053400,24.93000030517578,24.809999465942386,19.893985748291016,CSCO
6180,27-08-2014,24.709999084472656,24.790000915527344,15748800,24.86000061035156,24.79999923706055,19.885969161987305,CSCO
6181,28-08-2014,24.63999938964844,24.70000076293945,15506400,24.899999618530273,24.85000038146973,19.926063537597656,CSCO
6182,29-08-2014,24.76000022888184,24.899999618530273,17972300,24.989999771118164,24.989999771118164,20.038326263427734,CSCO
6183,02-09-2014,24.75,24.940000534057614,19836000,25.0,24.8799991607666,19.950119018554688,CSCO
6184,03-09-2014,24.920000076293945,24.940000534057614,22043200,25.1299991607666,25.040000915527344,20.07841682434082,CSCO
6185,04-09-2014,24.82999992370605,25.07999992370605,20268900,25.13999938964844,24.90999984741211,19.974172592163086,CSCO
6186,05-09-2014,24.86000061035156,24.86000061035156,19865200,25.06999969482422,25.0,20.046335220336914,CSCO
6187,08-09-2014,24.809999465942386,24.93000030517578,14188500,25.09000015258789,24.95000076293945,20.006248474121094,CSCO
6188,09-09-2014,24.60000038146973,24.8799991607666,19075800,24.96999931335449,24.86000061035156,19.934080123901367,CSCO
6189,10-09-2014,24.84000015258789,24.84000015258789,15738500,25.0,24.93000030517578,19.990209579467773,CSCO
6190,11-09-2014,24.85000038146973,24.920000076293945,22105400,25.20000076293945,25.18000030517578,20.190673828125,CSCO
6191,12-09-2014,25.06999969482422,25.15999984741211,33197300,25.26000022888184,25.15999984741211,20.174638748168945,CSCO
6192,15-09-2014,24.8700008392334,24.95000076293945,33411400,25.09000015258789,25.059999465942386,20.094453811645508,CSCO
6193,16-09-2014,24.979999542236328,25.0,31902300,25.420000076293945,25.21999931335449,20.22274208068848,CSCO
6194,17-09-2014,25.06999969482422,25.13999938964844,25703300,25.309999465942386,25.209999084472656,20.21472930908203,CSCO
6195,18-09-2014,25.149999618530273,25.170000076293945,15939900,25.270000457763672,25.21999931335449,20.22274208068848,CSCO
6196,19-09-2014,25.01000022888184,25.209999084472656,47343700,25.29999923706055,25.20000076293945,20.20671272277832,CSCO
6197,22-09-2014,24.86000061035156,25.190000534057614,21346700,25.190000534057614,24.96999931335449,20.02228546142578,CSCO
6198,23-09-2014,24.670000076293945,24.8700008392334,20747900,25.03000068664551,24.70000076293945,19.805788040161133,CSCO
6199,24-09-2014,24.6299991607666,24.729999542236328,19700400,25.040000915527344,24.979999542236328,20.03030204772949,CSCO
6200,25-09-2014,24.5,24.959999084472656,27242000,24.959999084472656,24.540000915527344,19.677486419677734,CSCO
6201,26-09-2014,24.459999084472656,24.5,29863700,25.09000015258789,25.0,20.046335220336914,CSCO
6202,29-09-2014,24.729999542236328,24.729999542236328,28707700,25.20000076293945,25.1200008392334,20.142562866210934,CSCO
6203,30-09-2014,24.85000038146973,24.899999618530273,36919300,25.25,25.170000076293945,20.336471557617188,CSCO
6204,01-10-2014,24.940000534057614,25.20000076293945,44916200,25.25,25.03000068664551,20.223358154296875,CSCO
6205,02-10-2014,24.75,25.04999923706055,28334000,25.11000061035156,25.059999465942386,20.247596740722656,CSCO
6206,03-10-2014,25.040000915527344,25.209999084472656,29038300,25.3700008392334,25.309999465942386,20.4495849609375,CSCO
6207,06-10-2014,24.959999084472656,25.35000038146973,23952600,25.420000076293945,25.01000022888184,20.20720100402832,CSCO
6208,07-10-2014,24.59000015258789,25.01000022888184,29309600,25.25,24.63999938964844,19.90825080871582,CSCO
6209,08-10-2014,24.18000030517578,24.56999969482422,40348300,24.68000030517578,24.65999984741211,19.924413681030273,CSCO
6210,09-10-2014,24.18000030517578,24.51000022888184,29341200,24.63999938964844,24.190000534057614,19.54467010498047,CSCO
6211,10-10-2014,23.34000015258789,23.90999984741211,48313600,24.01000022888184,23.34000015258789,18.85789680480957,CSCO
6212,13-10-2014,22.93000030517578,23.239999771118164,33227700,23.45000076293945,22.93000030517578,18.526634216308594,CSCO
6213,14-10-2014,22.959999084472656,23.059999465942386,29317500,23.35000038146973,23.059999465942386,18.631668090820312,CSCO
6214,15-10-2014,22.489999771118164,22.790000915527344,40079600,23.149999618530273,22.959999084472656,18.55087280273437,CSCO
6215,16-10-2014,22.559999465942386,22.649999618530273,30929300,23.07999992370605,22.81999969482422,18.43775749206543,CSCO
6216,17-10-2014,22.920000076293945,22.979999542236328,28485000,23.32999992370605,23.25,18.78517723083496,CSCO
6217,20-10-2014,22.690000534057614,22.899999618530273,34386900,23.07999992370605,22.93000030517578,18.526634216308594,CSCO
6218,21-10-2014,22.959999084472656,23.10000038146973,33712700,23.60000038146973,23.51000022888184,18.99525451660156,CSCO
6219,22-10-2014,23.239999771118164,23.670000076293945,25172900,23.68000030517578,23.26000022888184,18.79326057434082,CSCO
6220,23-10-2014,23.420000076293945,23.61000061035156,21669900,23.76000022888184,23.56999969482422,19.043731689453125,CSCO
6221,24-10-2014,23.459999084472656,23.60000038146973,19942900,23.79999923706055,23.78000068664551,19.213403701782227,CSCO
6222,27-10-2014,23.60000038146973,23.6200008392334,16862700,23.809999465942386,23.76000022888184,19.197248458862305,CSCO
6223,28-10-2014,23.81999969482422,23.81999969482422,17798600,24.06999969482422,24.06999969482422,19.44771385192871,CSCO
6224,29-10-2014,23.920000076293945,24.01000022888184,18885500,24.29999923706055,24.10000038146973,19.47195053100586,CSCO
6225,30-10-2014,23.8799991607666,24.0,32212000,24.149999618530273,24.07999992370605,19.455791473388672,CSCO
6226,31-10-2014,24.18000030517578,24.59000015258789,30379100,24.63999938964844,24.46999931335449,19.770898818969727,CSCO
6227,03-11-2014,24.45000076293945,24.45000076293945,16383400,24.59000015258789,24.57999992370605,19.859773635864254,CSCO
6228,04-11-2014,24.57999992370605,24.60000038146973,24620900,24.90999984741211,24.8799991607666,20.10216522216797,CSCO
6229,05-11-2014,24.84000015258789,24.96999931335449,21979600,25.170000076293945,25.149999618530273,20.320314407348636,CSCO
6230,06-11-2014,25.020000457763672,25.10000038146973,18373700,25.28000068664551,25.26000022888184,20.4091911315918,CSCO
6231,07-11-2014,25.15999984741211,25.29999923706055,34001900,25.399999618530273,25.32999992370605,20.46574592590332,CSCO
6232,10-11-2014,24.8799991607666,25.040000915527344,32152700,25.229999542236328,25.149999618530273,20.320314407348636,CSCO
6233,11-11-2014,25.020000457763672,25.20000076293945,19801700,25.209999084472656,25.149999618530273,20.320314407348636,CSCO
6234,12-11-2014,24.8799991607666,24.90999984741211,42258800,25.190000534057614,25.11000061035156,20.287996292114254,CSCO
6235,13-11-2014,24.8799991607666,24.93000030517578,57138800,25.88999938964844,25.68000030517578,20.74854278564453,CSCO
6236,14-11-2014,25.649999618530273,25.76000022888184,48667000,26.34000015258789,26.31999969482422,21.2656364440918,CSCO
6237,17-11-2014,26.0,26.11000061035156,33224000,26.54999923706055,26.46999931335449,21.38683319091797,CSCO
6238,18-11-2014,26.399999618530273,26.5,27223100,26.739999771118164,26.60000038146973,21.49186515808105,CSCO
6239,19-11-2014,26.29999923706055,26.57999992370605,19882500,26.6200008392334,26.59000015258789,21.483783721923828,CSCO
6240,20-11-2014,26.35000038146973,26.489999771118164,23440100,26.84000015258789,26.809999465942386,21.661535263061523,CSCO
6241,21-11-2014,26.670000076293945,26.95000076293945,31912100,27.04999923706055,26.8799991607666,21.71809196472168,CSCO
6242,24-11-2014,26.8799991607666,26.8799991607666,26994800,27.1200008392334,27.03000068664551,21.83928871154785,CSCO
6243,25-11-2014,27.03000068664551,27.03000068664551,28110100,27.29999923706055,27.28000068664551,22.04128074645996,CSCO
6244,26-11-2014,27.13999938964844,27.29999923706055,19466000,27.459999084472656,27.43000030517578,22.162473678588867,CSCO
6245,28-11-2014,27.36000061035156,27.520000457763672,18138900,27.78000068664551,27.63999938964844,22.33214569091797,CSCO
6246,01-12-2014,27.32999992370605,27.5,19670200,27.61000061035156,27.59000015258789,22.291749954223636,CSCO
6247,02-12-2014,27.60000038146973,27.60000038146973,28247400,27.959999084472656,27.81999969482422,22.477577209472656,CSCO
6248,03-12-2014,27.51000022888184,27.709999084472656,27858600,27.989999771118164,27.95000076293945,22.582616806030273,CSCO
6249,04-12-2014,27.57999992370605,27.920000076293945,23797800,27.989999771118164,27.770000457763672,22.437185287475586,CSCO
6250,05-12-2014,27.399999618530273,27.790000915527344,26722300,27.85000038146973,27.5,22.21903419494629,CSCO
6251,08-12-2014,27.149999618530273,27.420000076293945,24275900,27.53000068664551,27.229999542236328,22.00088119506836,CSCO
6252,09-12-2014,26.82999992370605,26.95000076293945,25885900,27.479999542236328,27.420000076293945,22.154394149780273,CSCO
6253,10-12-2014,26.790000915527344,27.26000022888184,31773400,27.36000061035156,26.8700008392334,21.71001434326172,CSCO
6254,11-12-2014,26.940000534057614,26.96999931335449,22902400,27.36000061035156,26.989999771118164,21.80697250366211,CSCO
6255,12-12-2014,26.70000076293945,26.709999084472656,27032000,27.149999618530273,26.86000061035156,21.701934814453125,CSCO
6256,15-12-2014,26.479999542236328,26.88999938964844,27503200,27.170000076293945,26.68000030517578,21.55649948120117,CSCO
6257,16-12-2014,26.149999618530273,26.5,36622000,27.170000076293945,26.59000015258789,21.483783721923828,CSCO
6258,17-12-2014,26.46999931335449,26.6200008392334,36617700,26.899999618530273,26.809999465942386,21.661535263061523,CSCO
6259,18-12-2014,27.040000915527344,27.040000915527344,34927700,27.65999984741211,27.649999618530273,22.34022521972656,CSCO
6260,19-12-2014,27.54999923706055,27.649999618530273,59644100,27.85000038146973,27.770000457763672,22.437185287475586,CSCO
6261,22-12-2014,27.75,27.79999923706055,28858600,28.290000915527344,28.21999931335449,22.800764083862305,CSCO
6262,23-12-2014,28.190000534057614,28.21999931335449,23538600,28.5,28.25,22.82500648498535,CSCO
6263,24-12-2014,28.290000915527344,28.290000915527344,11411200,28.59000015258789,28.29999923706055,22.86540412902832,CSCO
6264,26-12-2014,28.28000068664551,28.5,9739600,28.5,28.35000038146973,22.905803680419922,CSCO
6265,29-12-2014,28.31999969482422,28.35000038146973,13445600,28.56999969482422,28.459999084472656,22.99467468261719,CSCO
6266,30-12-2014,28.309999465942386,28.440000534057614,15487700,28.479999542236328,28.36000061035156,22.91388320922852,CSCO
6267,31-12-2014,27.809999465942386,28.28000068664551,21478700,28.40999984741211,27.81999969482422,22.477577209472656,CSCO
6268,02-01-2015,27.3799991607666,27.86000061035156,22926500,28.1200008392334,27.61000061035156,22.461313247680664,CSCO
6269,05-01-2015,27.0,27.31999969482422,29460600,27.45000076293945,27.059999465942386,22.01387596130371,CSCO
6270,06-01-2015,27.040000915527344,27.13999938964844,47297600,27.68000030517578,27.04999923706055,22.0057373046875,CSCO
6271,07-01-2015,26.979999542236328,27.13999938964844,27570800,27.399999618530273,27.29999923706055,22.20912170410156,CSCO
6272,08-01-2015,27.46999931335449,27.540000915527344,40907000,28.09000015258789,27.51000022888184,22.379955291748047,CSCO
6273,09-01-2015,27.45000076293945,27.670000076293945,33619600,28.06999969482422,27.790000915527344,22.60774230957031,CSCO
6274,12-01-2015,27.81999969482422,28.0,38648400,28.20000076293945,28.04999923706055,22.819255828857425,CSCO
6275,13-01-2015,27.899999618530273,28.209999084472656,36074200,28.70000076293945,28.10000038146973,22.85993957519531,CSCO
6276,14-01-2015,27.63999938964844,27.84000015258789,29494400,28.04999923706055,27.920000076293945,22.7135009765625,CSCO
6277,15-01-2015,27.35000038146973,28.09000015258789,29521100,28.20000076293945,27.40999984741211,22.298606872558594,CSCO
6278,16-01-2015,27.209999084472656,27.36000061035156,26655100,27.770000457763672,27.68000030517578,22.51825714111328,CSCO
6279,20-01-2015,27.65999984741211,27.76000022888184,33684200,28.270000457763672,28.06999969482422,22.835527420043945,CSCO
6280,21-01-2015,27.70000076293945,28.059999465942386,29298500,28.190000534057614,27.84000015258789,22.648422241210934,CSCO
6281,22-01-2015,27.21999931335449,27.54999923706055,49494700,28.51000022888184,28.5,23.185340881347656,CSCO
6282,23-01-2015,28.13999938964844,28.36000061035156,21802500,28.5,28.209999084472656,22.949419021606445,CSCO
6283,26-01-2015,27.70000076293945,28.21999931335449,18370100,28.229999542236328,27.96999931335449,22.75417900085449,CSCO
6284,27-01-2015,26.65999984741211,27.520000457763672,46110500,27.59000015258789,26.899999618530273,21.88371086120605,CSCO
6285,28-01-2015,26.79999923706055,27.38999938964844,32381700,27.60000038146973,26.809999465942386,21.81049346923828,CSCO
6286,29-01-2015,26.63999938964844,26.739999771118164,28095400,27.309999465942386,27.21999931335449,22.1440372467041,CSCO
6287,30-01-2015,26.31999969482422,26.8799991607666,38419100,27.11000061035156,26.3700008392334,21.452545166015625,CSCO
6288,02-02-2015,25.920000076293945,26.38999938964844,29417000,26.8700008392334,26.82999992370605,21.82676124572754,CSCO
6289,03-02-2015,26.690000534057614,26.899999618530273,28044300,27.1200008392334,27.1200008392334,22.06268310546875,CSCO
6290,04-02-2015,26.61000061035156,27.059999465942386,27696300,27.21999931335449,26.690000534057614,21.712873458862305,CSCO
6291,05-02-2015,26.57999992370605,26.75,20548400,27.29999923706055,27.26000022888184,22.17657852172852,CSCO
6292,06-02-2015,27.13999938964844,27.3700008392334,25482400,27.65999984741211,27.239999771118164,22.160308837890625,CSCO
6293,09-02-2015,27.059999465942386,27.209999084472656,23681000,27.40999984741211,27.1200008392334,22.06268310546875,CSCO
6294,10-02-2015,27.149999618530273,27.15999984741211,22250300,27.540000915527344,27.489999771118164,22.36368751525879,CSCO
6295,11-02-2015,26.899999618530273,27.649999618530273,46213500,27.649999618530273,26.93000030517578,21.90812110900879,CSCO
6296,12-02-2015,28.84000015258789,28.989999771118164,117439100,29.57999992370605,29.459999084472656,23.966323852539066,CSCO
6297,13-02-2015,29.11000061035156,29.3799991607666,50656700,29.5,29.43000030517578,23.94191551208496,CSCO
6298,17-02-2015,29.03000068664551,29.26000022888184,34217200,29.35000038146973,29.309999465942386,23.84429359436035,CSCO
6299,18-02-2015,29.1200008392334,29.190000534057614,24503700,29.54999923706055,29.489999771118164,23.99073028564453,CSCO
6300,19-02-2015,29.1299991607666,29.309999465942386,21477800,29.38999938964844,29.309999465942386,23.84429359436035,CSCO
6301,20-02-2015,29.15999984741211,29.35000038146973,25985600,29.65999984741211,29.61000061035156,24.08835411071777,CSCO
6302,23-02-2015,29.420000076293945,29.6299991607666,24026800,29.649999618530273,29.6299991607666,24.1046199798584,CSCO
6303,24-02-2015,29.43000030517578,29.559999465942386,18479500,29.709999084472656,29.6299991607666,24.1046199798584,CSCO
6304,25-02-2015,29.31999969482422,29.440000534057614,17368100,29.56999969482422,29.489999771118164,23.99073028564453,CSCO
6305,26-02-2015,29.520000457763672,29.520000457763672,28305200,29.989999771118164,29.90999984741211,24.332408905029297,CSCO
6306,27-02-2015,29.3799991607666,29.88999938964844,29135500,29.90999984741211,29.51000022888184,24.006999969482425,CSCO
6307,02-03-2015,29.34000015258789,29.36000061035156,35981900,30.309999465942386,30.190000534057614,24.560197830200195,CSCO
6308,03-03-2015,29.46999931335449,30.10000038146973,32990300,30.1200008392334,29.540000915527344,24.03140640258789,CSCO
6309,04-03-2015,29.11000061035156,29.35000038146973,32866900,29.520000457763672,29.32999992370605,23.86056327819824,CSCO
6310,05-03-2015,29.1200008392334,29.46999931335449,17985000,29.489999771118164,29.29999923706055,23.83615684509277,CSCO
6311,06-03-2015,28.79999923706055,29.11000061035156,27035000,29.270000457763672,28.93000030517578,23.535158157348636,CSCO
6312,09-03-2015,28.76000022888184,28.899999618530273,23007700,29.45000076293945,29.36000061035156,23.88497543334961,CSCO
6313,10-03-2015,28.65999984741211,29.149999618530273,26542300,29.170000076293945,28.65999984741211,23.315507888793945,CSCO
6314,11-03-2015,28.209999084472656,28.68000030517578,25160200,28.76000022888184,28.26000022888184,22.990102767944336,CSCO
6315,12-03-2015,28.04999923706055,28.04999923706055,22978700,28.540000915527344,28.239999771118164,22.973833084106445,CSCO
6316,13-03-2015,27.56999969482422,28.020000457763672,36511000,28.26000022888184,27.940000534057614,22.72976875305176,CSCO
6317,16-03-2015,28.040000915527344,28.10000038146973,25358900,28.3799991607666,28.29999923706055,23.02263832092285,CSCO
6318,17-03-2015,27.95000076293945,28.190000534057614,21895700,28.28000068664551,28.149999618530273,22.90060997009277,CSCO
6319,18-03-2015,27.71999931335449,27.8799991607666,34910900,28.34000015258789,28.149999618530273,22.90060997009277,CSCO
6320,19-03-2015,28.03000068664551,28.10000038146973,27980400,28.540000915527344,28.26000022888184,22.990102767944336,CSCO
6321,20-03-2015,28.31999969482422,28.45000076293945,37628700,28.6200008392334,28.440000534057614,23.13653564453125,CSCO
6322,23-03-2015,28.36000061035156,28.440000534057614,23478600,28.690000534057614,28.40999984741211,23.11212539672852,CSCO
6323,24-03-2015,27.989999771118164,28.290000915527344,23263600,28.56999969482422,28.0,22.77858924865723,CSCO
6324,25-03-2015,27.459999084472656,27.920000076293945,27158700,28.09000015258789,27.459999084472656,22.339284896850586,CSCO
6325,26-03-2015,26.6200008392334,27.190000534057614,48928100,27.309999465942386,27.09000015258789,22.03828239440918,CSCO
6326,27-03-2015,26.940000534057614,27.06999969482422,20464500,27.209999084472656,27.1299991607666,22.070816040039066,CSCO
6327,30-03-2015,27.21999931335449,27.21999931335449,29056300,27.75,27.649999618530273,22.49384880065918,CSCO
6328,31-03-2015,27.28000068664551,27.34000015258789,29258300,27.690000534057614,27.53000068664551,22.567626953125,CSCO
6329,01-04-2015,27.10000038146973,27.309999465942386,22420500,27.63999938964844,27.25,22.33810043334961,CSCO
6330,02-04-2015,27.1299991607666,27.21999931335449,19527200,27.5,27.1299991607666,22.23973274230957,CSCO
6331,06-04-2015,26.84000015258789,26.959999084472656,20004000,27.31999969482422,27.21999931335449,22.31350517272949,CSCO
6332,07-04-2015,27.1299991607666,27.20000076293945,16861800,27.559999465942386,27.38999938964844,22.452861785888672,CSCO
6333,08-04-2015,27.3700008392334,27.3700008392334,19076400,27.65999984741211,27.54999923706055,22.584022521972656,CSCO
6334,09-04-2015,27.420000076293945,27.59000015258789,16684500,27.739999771118164,27.6299991607666,22.649600982666016,CSCO
6335,10-04-2015,27.559999465942386,27.57999992370605,24634600,28.07999992370605,28.040000915527344,22.985700607299805,CSCO
6336,13-04-2015,27.940000534057614,27.989999771118164,22769600,28.28000068664551,27.979999542236328,22.9365177154541,CSCO
6337,14-04-2015,27.68000030517578,28.0,19296300,28.059999465942386,27.809999465942386,22.79715347290039,CSCO
6338,15-04-2015,27.96999931335449,28.10000038146973,31160900,28.420000076293945,28.25,23.157848358154297,CSCO
6339,16-04-2015,28.10000038146973,28.190000534057614,29863500,28.63999938964844,28.60000038146973,23.444759368896484,CSCO
6340,17-04-2015,27.899999618530273,28.26000022888184,36904700,28.399999618530273,27.920000076293945,22.8873291015625,CSCO
6341,20-04-2015,28.15999984741211,28.15999984741211,21921800,28.6299991607666,28.479999542236328,23.34638214111328,CSCO
6342,21-04-2015,28.65999984741211,28.71999931335449,23956900,28.920000076293945,28.690000534057614,23.518537521362305,CSCO
6343,22-04-2015,28.420000076293945,28.670000076293945,19111700,28.790000915527344,28.6200008392334,23.461151123046875,CSCO
6344,23-04-2015,28.20000076293945,28.399999618530273,22230100,28.81999969482422,28.68000030517578,23.51033973693848,CSCO
6345,24-04-2015,28.670000076293945,29.190000534057614,27145600,29.28000068664551,28.81999969482422,23.625104904174805,CSCO
6346,27-04-2015,28.709999084472656,28.8799991607666,22952000,29.03000068664551,28.88999938964844,23.682483673095703,CSCO
6347,28-04-2015,28.76000022888184,28.79999923706055,24315300,29.32999992370605,29.31999969482422,24.034975051879886,CSCO
6348,29-04-2015,28.899999618530273,29.059999465942386,22463700,29.25,29.04999923706055,23.813640594482425,CSCO
6349,30-04-2015,28.68000030517578,28.85000038146973,26514500,29.020000457763672,28.82999992370605,23.633302688598636,CSCO
6350,01-05-2015,28.78000068664551,28.809999465942386,18936000,29.20000076293945,29.1299991607666,23.87922286987305,CSCO
6351,04-05-2015,29.06999969482422,29.07999992370605,16484100,29.36000061035156,29.170000076293945,23.91201019287109,CSCO
6352,05-05-2015,28.84000015258789,29.170000076293945,22463800,29.209999084472656,28.88999938964844,23.682483673095703,CSCO
6353,06-05-2015,28.690000534057614,28.899999618530273,23572000,29.07999992370605,28.96999931335449,23.748065948486328,CSCO
6354,07-05-2015,28.739999771118164,28.989999771118164,22643800,29.1200008392334,28.809999465942386,23.616905212402344,CSCO
6355,08-05-2015,28.989999771118164,28.989999771118164,22572400,29.3700008392334,29.229999542236328,23.961191177368164,CSCO
6356,11-05-2015,29.20000076293945,29.5,27045200,29.790000915527344,29.209999084472656,23.94480323791504,CSCO
6357,12-05-2015,28.79999923706055,29.06999969482422,31761000,29.440000534057614,29.229999542236328,23.961191177368164,CSCO
6358,13-05-2015,29.1299991607666,29.13999938964844,38264000,29.46999931335449,29.35000038146973,24.05956649780273,CSCO
6359,14-05-2015,28.96999931335449,29.290000915527344,56696300,29.65999984741211,29.04999923706055,23.813640594482425,CSCO
6360,15-05-2015,29.15999984741211,29.239999771118164,37677300,29.81999969482422,29.54999923706055,24.22351837158203,CSCO
6361,18-05-2015,29.420000076293945,29.420000076293945,23953000,29.899999618530273,29.76000022888184,24.39566421508789,CSCO
6362,19-05-2015,29.6299991607666,29.8700008392334,18926300,29.899999618530273,29.739999771118164,24.37927436828613,CSCO
6363,20-05-2015,29.53000068664551,29.79999923706055,19410900,29.85000038146973,29.6200008392334,24.28089904785156,CSCO
6364,21-05-2015,29.43000030517578,29.61000061035156,20806900,29.770000457763672,29.43000030517578,24.12514877319336,CSCO
6365,22-05-2015,29.26000022888184,29.38999938964844,20079700,29.45000076293945,29.26000022888184,23.98578643798828,CSCO
6366,26-05-2015,28.75,29.190000534057614,25877100,29.25,28.95000076293945,23.73166465759277,CSCO
6367,27-05-2015,29.020000457763672,29.059999465942386,23959900,29.479999542236328,29.309999465942386,24.026775360107425,CSCO
6368,28-05-2015,29.15999984741211,29.34000015258789,18219600,29.559999465942386,29.35000038146973,24.05956649780273,CSCO
6369,29-05-2015,29.190000534057614,29.31999969482422,26018100,29.59000015258789,29.309999465942386,24.026775360107425,CSCO
6370,01-06-2015,29.04999923706055,29.60000038146973,23799400,29.6200008392334,29.18000030517578,23.920209884643555,CSCO
6371,02-06-2015,28.95000076293945,29.09000015258789,15995600,29.270000457763672,29.07999992370605,23.838237762451172,CSCO
6372,03-06-2015,29.04999923706055,29.209999084472656,20536900,29.29999923706055,29.09000015258789,23.846437454223636,CSCO
6373,04-06-2015,28.540000915527344,28.899999618530273,26774500,29.10000038146973,28.61000061035156,23.45295524597168,CSCO
6374,05-06-2015,28.489999771118164,28.54999923706055,25357900,28.709999084472656,28.57999992370605,23.42835807800293,CSCO
6375,08-06-2015,28.229999542236328,28.670000076293945,19011700,28.70000076293945,28.28000068664551,23.18243980407715,CSCO
6376,09-06-2015,28.01000022888184,28.270000457763672,15527500,28.420000076293945,28.239999771118164,23.1496524810791,CSCO
6377,10-06-2015,28.270000457763672,28.46999931335449,26223300,28.90999984741211,28.65999984741211,23.49394226074219,CSCO
6378,11-06-2015,28.75,28.75,24387100,29.21999931335449,28.86000061035156,23.65789031982422,CSCO
6379,12-06-2015,28.309999465942386,28.65999984741211,21919500,28.670000076293945,28.540000915527344,23.39557266235352,CSCO
6380,15-06-2015,28.11000061035156,28.229999542236328,25722100,28.520000457763672,28.479999542236328,23.34638214111328,CSCO
6381,16-06-2015,28.28000068664551,28.35000038146973,16920300,28.790000915527344,28.709999084472656,23.53492927551269,CSCO
6382,17-06-2015,28.65999984741211,28.84000015258789,20959000,29.040000915527344,28.93000030517578,23.715272903442386,CSCO
6383,18-06-2015,28.81999969482422,28.85000038146973,24156100,29.35000038146973,29.209999084472656,23.94480323791504,CSCO
6384,19-06-2015,28.940000534057614,29.239999771118164,31970100,29.31999969482422,29.03000068664551,23.79724884033203,CSCO
6385,22-06-2015,28.81999969482422,29.10000038146973,20160000,29.21999931335449,28.940000534057614,23.72347068786621,CSCO
6386,23-06-2015,28.6200008392334,29.0,21041300,29.040000915527344,28.790000915527344,23.60051155090332,CSCO
6387,24-06-2015,28.489999771118164,28.790000915527344,20978800,28.85000038146973,28.51000022888184,23.370981216430664,CSCO
6388,25-06-2015,28.3799991607666,28.559999465942386,14606100,28.649999618530273,28.399999618530273,23.28080940246582,CSCO
6389,26-06-2015,28.01000022888184,28.489999771118164,28087800,28.489999771118164,28.28000068664551,23.18243980407715,CSCO
6390,29-06-2015,27.5,27.989999771118164,31838300,28.11000061035156,27.540000915527344,22.57582664489746,CSCO
6391,30-06-2015,27.32999992370605,27.82999992370605,31236800,27.82999992370605,27.459999084472656,22.51024436950684,CSCO
6392,01-07-2015,27.06999969482422,27.420000076293945,24461300,27.5,27.35000038146973,22.59285545349121,CSCO
6393,02-07-2015,27.290000915527344,27.3700008392334,15635500,27.56999969482422,27.32999992370605,22.57633399963379,CSCO
6394,06-07-2015,26.88999938964844,27.0,22858200,27.26000022888184,27.21999931335449,22.485464096069336,CSCO
6395,07-07-2015,26.88999938964844,27.21999931335449,25436700,27.45000076293945,27.36000061035156,22.601112365722656,CSCO
6396,08-07-2015,26.84000015258789,27.07999992370605,27863400,27.15999984741211,26.989999771118164,22.29547119140625,CSCO
6397,09-07-2015,26.899999618530273,27.3799991607666,20129700,27.45000076293945,26.90999984741211,22.22938537597656,CSCO
6398,10-07-2015,27.040000915527344,27.270000457763672,16079300,27.36000061035156,27.28000068664551,22.53502655029297,CSCO
6399,13-07-2015,27.420000076293945,27.489999771118164,20623100,27.79999923706055,27.790000915527344,22.95631980895996,CSCO
6400,14-07-2015,27.70000076293945,27.8700008392334,20932800,28.040000915527344,28.03000068664551,23.15457344055176,CSCO
6401,15-07-2015,27.809999465942386,27.86000061035156,23378400,28.239999771118164,28.11000061035156,23.220661163330078,CSCO
6402,16-07-2015,28.209999084472656,28.239999771118164,21058100,28.420000076293945,28.31999969482422,23.39413452148437,CSCO
6403,17-07-2015,27.96999931335449,28.270000457763672,24248900,28.309999465942386,28.18000030517578,23.278484344482425,CSCO
6404,20-07-2015,27.8799991607666,28.1299991607666,19477000,28.15999984741211,28.03000068664551,23.15457344055176,CSCO
6405,21-07-2015,27.790000915527344,27.959999084472656,23874000,28.25,27.84000015258789,22.99762725830078,CSCO
6406,22-07-2015,27.440000534057614,27.82999992370605,26889200,28.059999465942386,27.53000068664551,22.74154281616211,CSCO
6407,23-07-2015,27.57999992370605,27.70000076293945,34103200,28.25,28.01000022888184,23.13805961608887,CSCO
6408,24-07-2015,28.3799991607666,28.45000076293945,39471700,28.770000457763672,28.399999618530273,23.460220336914066,CSCO
6409,27-07-2015,28.190000534057614,28.309999465942386,30914400,28.559999465942386,28.209999084472656,23.303264617919922,CSCO
6410,28-07-2015,27.85000038146973,28.34000015258789,23573200,28.35000038146973,28.209999084472656,23.303264617919922,CSCO
6411,29-07-2015,28.020000457763672,28.20000076293945,21419900,28.520000457763672,28.399999618530273,23.460220336914066,CSCO
6412,30-07-2015,28.20000076293945,28.21999931335449,17458100,28.459999084472656,28.29999923706055,23.377614974975586,CSCO
6413,31-07-2015,28.15999984741211,28.38999938964844,20376000,28.559999465942386,28.420000076293945,23.476741790771484,CSCO
6414,03-08-2015,28.11000061035156,28.40999984741211,17450900,28.59000015258789,28.36000061035156,23.42717742919922,CSCO
6415,04-08-2015,27.88999938964844,28.21999931335449,18578100,28.459999084472656,28.03000068664551,23.15457344055176,CSCO
6416,05-08-2015,28.10000038146973,28.11000061035156,19236200,28.60000038146973,28.270000457763672,23.35283088684082,CSCO
6417,06-08-2015,28.0,28.3700008392334,20143800,28.670000076293945,28.209999084472656,23.303264617919922,CSCO
6418,07-08-2015,27.899999618530273,28.170000076293945,16039400,28.229999542236328,28.149999618530273,23.253704071044922,CSCO
6419,10-08-2015,28.270000457763672,28.479999542236328,23740000,28.70000076293945,28.59000015258789,23.617172241210934,CSCO
6420,11-08-2015,27.85000038146973,28.239999771118164,25391900,28.38999938964844,28.020000457763672,23.146318435668945,CSCO
6421,12-08-2015,27.40999984741211,27.79999923706055,41085000,28.10000038146973,27.899999618530273,23.04718971252441,CSCO
6422,13-08-2015,28.690000534057614,28.78000068664551,61154000,29.209999084472656,28.70000076293945,23.70804023742676,CSCO
6423,14-08-2015,28.75,28.78000068664551,24890800,29.04999923706055,29.03000068664551,23.980640411376953,CSCO
6424,17-08-2015,28.51000022888184,28.649999618530273,21264000,28.96999931335449,28.82999992370605,23.8154296875,CSCO
6425,18-08-2015,28.18000030517578,28.709999084472656,32210400,28.71999931335449,28.25,23.3363094329834,CSCO
6426,19-08-2015,27.71999931335449,28.10000038146973,30023900,28.239999771118164,27.79999923706055,22.96457672119141,CSCO
6427,20-08-2015,27.040000915527344,27.559999465942386,37889400,27.75,27.040000915527344,22.336780548095703,CSCO
6428,21-08-2015,26.46999931335449,26.8799991607666,48502400,27.34000015258789,26.46999931335449,21.865915298461914,CSCO
6429,24-08-2015,23.03000068664551,24.88999938964844,61667000,26.07999992370605,25.190000534057614,20.808551788330078,CSCO
6430,25-08-2015,24.60000038146973,25.940000534057614,40610100,25.989999771118164,24.6200008392334,20.337697982788086,CSCO
6431,26-08-2015,24.709999084472656,25.28000068664551,54783200,25.739999771118164,25.68000030517578,21.21333122253418,CSCO
6432,27-08-2015,25.61000061035156,26.0,36504700,26.190000534057614,26.170000076293945,21.61809730529785,CSCO
6433,28-08-2015,25.81999969482422,25.90999984741211,26918900,26.04999923706055,26.0,21.47766876220703,CSCO
6434,31-08-2015,25.739999771118164,25.940000534057614,32388300,26.11000061035156,25.8799991607666,21.378538131713867,CSCO
6435,01-09-2015,25.01000022888184,25.21999931335449,32705400,25.6200008392334,25.1200008392334,20.750732421875,CSCO
6436,02-09-2015,25.07999992370605,25.59000015258789,27925300,25.65999984741211,25.649999618530273,21.18854331970215,CSCO
6437,03-09-2015,25.729999542236328,25.8799991607666,27958400,26.149999618530273,25.899999618530273,21.395055770874023,CSCO
6438,04-09-2015,25.35000038146973,25.420000076293945,26903500,25.649999618530273,25.520000457763672,21.08115768432617,CSCO
6439,08-09-2015,25.90999984741211,25.979999542236328,20932900,26.32999992370605,26.29999923706055,21.72548484802246,CSCO
6440,09-09-2015,25.8799991607666,26.5,25032300,26.729999542236328,25.940000534057614,21.428104400634766,CSCO
6441,10-09-2015,25.85000038146973,25.899999618530273,26424600,26.489999771118164,26.26000022888184,21.692441940307614,CSCO
6442,11-09-2015,25.809999465942386,26.0,21529100,26.18000030517578,26.020000457763672,21.494186401367188,CSCO
6443,14-09-2015,25.65999984741211,26.149999618530273,18636000,26.170000076293945,25.70000076293945,21.229848861694336,CSCO
6444,15-09-2015,25.559999465942386,25.559999465942386,20479400,26.07999992370605,25.979999542236328,21.461145401000977,CSCO
6445,16-09-2015,25.85000038146973,26.06999969482422,21245300,26.10000038146973,26.06999969482422,21.53549194335937,CSCO
6446,17-09-2015,25.809999465942386,25.959999084472656,25409600,26.28000068664551,25.8799991607666,21.378538131713867,CSCO
6447,18-09-2015,25.25,25.56999969482422,40020100,25.739999771118164,25.540000915527344,21.09767723083496,CSCO
6448,21-09-2015,25.35000038146973,25.45000076293945,21945600,25.81999969482422,25.540000915527344,21.09767723083496,CSCO
6449,22-09-2015,24.96999931335449,25.059999465942386,21305200,25.209999084472656,25.13999938964844,20.76725006103516,CSCO
6450,23-09-2015,25.01000022888184,25.21999931335449,18804200,25.309999465942386,25.28000068664551,20.88290405273437,CSCO
6451,24-09-2015,24.920000076293945,25.09000015258789,35598000,25.5,25.40999984741211,20.99028778076172,CSCO
6452,25-09-2015,25.79999923706055,25.809999465942386,37618300,26.29999923706055,26.03000068664551,21.502450942993164,CSCO
6453,28-09-2015,25.59000015258789,25.82999992370605,27211200,26.020000457763672,25.65999984741211,21.196807861328125,CSCO
6454,29-09-2015,25.559999465942386,25.63999938964844,27095600,25.93000030517578,25.63999938964844,21.18028259277344,CSCO
6455,30-09-2015,25.8799991607666,26.0,32093700,26.3799991607666,26.25,21.68418312072754,CSCO
6456,01-10-2015,25.54999923706055,26.04999923706055,26933200,26.15999984741211,25.729999542236328,21.426034927368164,CSCO
6457,02-10-2015,25.34000015258789,25.399999618530273,34910700,25.790000915527344,25.76000022888184,21.451017379760746,CSCO
6458,05-10-2015,25.96999931335449,26.040000915527344,30217900,26.979999542236328,26.85000038146973,22.358692169189453,CSCO
6459,06-10-2015,26.979999542236328,27.03000068664551,33758200,27.46999931335449,27.229999542236328,22.67512512207031,CSCO
6460,07-10-2015,27.0,27.520000457763672,29749700,27.95000076293945,27.540000915527344,22.93327522277832,CSCO
6461,08-10-2015,27.43000030517578,27.51000022888184,22500200,28.020000457763672,27.90999984741211,23.241382598876953,CSCO
6462,09-10-2015,27.81999969482422,28.01000022888184,22125800,28.149999618530273,27.90999984741211,23.241382598876953,CSCO
6463,12-10-2015,27.76000022888184,27.93000030517578,14486000,28.10000038146973,27.959999084472656,23.28301429748535,CSCO
6464,13-10-2015,27.739999771118164,27.75,15107200,27.95000076293945,27.85000038146973,23.19141960144043,CSCO
6465,14-10-2015,27.59000015258789,27.75,20144000,27.899999618530273,27.81999969482422,23.16643714904785,CSCO
6466,15-10-2015,27.8700008392334,28.10000038146973,18996900,28.190000534057614,28.149999618530273,23.44123077392578,CSCO
6467,16-10-2015,28.0,28.34000015258789,19948300,28.35000038146973,28.25,23.52450561523437,CSCO
6468,19-10-2015,27.940000534057614,28.1200008392334,20778100,28.290000915527344,28.25,23.52450561523437,CSCO
6469,20-10-2015,28.149999618530273,28.20000076293945,20335800,28.520000457763672,28.5,23.73268699645996,CSCO
6470,21-10-2015,28.21999931335449,28.60000038146973,19008900,28.81999969482422,28.28000068664551,23.549489974975586,CSCO
6471,22-10-2015,28.5,28.559999465942386,32162500,29.209999084472656,29.01000022888184,24.15737724304199,CSCO
6472,23-10-2015,28.93000030517578,29.020000457763672,26076900,29.3799991607666,29.35000038146973,24.44050407409668,CSCO
6473,26-10-2015,28.8799991607666,29.31999969482422,20354800,29.489999771118164,28.95000076293945,24.1074161529541,CSCO
6474,27-10-2015,28.57999992370605,28.71999931335449,19480600,29.059999465942386,29.04999923706055,24.1906852722168,CSCO
6475,28-10-2015,29.040000915527344,29.290000915527344,23741400,29.45000076293945,29.36000061035156,24.448833465576172,CSCO
6476,29-10-2015,28.93000030517578,29.149999618530273,16717800,29.209999084472656,29.13999938964844,24.265634536743164,CSCO
6477,30-10-2015,28.85000038146973,29.0,22334100,29.25,28.85000038146973,24.02414131164551,CSCO
6478,02-11-2015,28.51000022888184,28.8700008392334,28912600,28.8700008392334,28.770000457763672,23.957523345947266,CSCO
6479,03-11-2015,28.489999771118164,28.61000061035156,30555300,28.709999084472656,28.61000061035156,23.82428932189941,CSCO
6480,04-11-2015,28.3700008392334,28.790000915527344,28591800,28.81999969482422,28.46999931335449,23.707706451416016,CSCO
6481,05-11-2015,28.290000915527344,28.5,21988600,28.61000061035156,28.43000030517578,23.67439842224121,CSCO
6482,06-11-2015,28.15999984741211,28.309999465942386,26107600,28.54999923706055,28.45000076293945,23.69105339050293,CSCO
6483,09-11-2015,28.0,28.35000038146973,25865900,28.489999771118164,28.18000030517578,23.466218948364254,CSCO
6484,10-11-2015,27.899999618530273,28.18000030517578,26701800,28.21999931335449,27.979999542236328,23.2996768951416,CSCO
6485,11-11-2015,27.75,28.10000038146973,32599300,28.10000038146973,27.81999969482422,23.16643714904785,CSCO
6486,12-11-2015,27.71999931335449,27.739999771118164,38135900,28.06999969482422,27.82999992370605,23.174762725830078,CSCO
6487,13-11-2015,25.81999969482422,26.290000915527344,94556200,26.68000030517578,26.209999084472656,21.82574462890625,CSCO
6488,16-11-2015,26.059999465942386,26.06999969482422,44949600,27.0,26.790000915527344,22.30873107910156,CSCO
6489,17-11-2015,26.68000030517578,26.79999923706055,30490200,27.270000457763672,26.809999465942386,22.325382232666016,CSCO
6490,18-11-2015,26.729999542236328,27.0,27015700,27.15999984741211,27.1200008392334,22.583526611328125,CSCO
6491,19-11-2015,27.04999923706055,27.10000038146973,27417400,27.649999618530273,27.3700008392334,22.79170799255371,CSCO
6492,20-11-2015,27.459999084472656,27.59000015258789,26502800,27.78000068664551,27.56999969482422,22.9582576751709,CSCO
6493,23-11-2015,27.34000015258789,27.649999618530273,24684600,27.84000015258789,27.43000030517578,22.8416690826416,CSCO
6494,24-11-2015,27.0,27.25,32859200,27.440000534057614,27.270000457763672,22.70844078063965,CSCO
6495,25-11-2015,27.0,27.31999969482422,22472500,27.38999938964844,27.239999771118164,22.683452606201172,CSCO
6496,27-11-2015,27.239999771118164,27.25,9532300,27.479999542236328,27.31999969482422,22.75007438659668,CSCO
6497,30-11-2015,27.20000076293945,27.34000015258789,30736700,27.479999542236328,27.25,22.69178581237793,CSCO
6498,01-12-2015,27.20000076293945,27.20000076293945,31406300,27.649999618530273,27.56999969482422,22.9582576751709,CSCO
6499,02-12-2015,27.3700008392334,27.489999771118164,29178200,27.899999618530273,27.440000534057614,22.85000038146973,CSCO
6500,03-12-2015,26.81999969482422,27.6299991607666,25783800,27.690000534057614,26.95000076293945,22.44196319580078,CSCO
6501,04-12-2015,26.95000076293945,26.95000076293945,28143700,27.54999923706055,27.479999542236328,22.883304595947266,CSCO
6502,07-12-2015,27.26000022888184,27.559999465942386,15350200,27.559999465942386,27.489999771118164,22.89163398742676,CSCO
6503,08-12-2015,27.020000457763672,27.170000076293945,18635700,27.290000915527344,27.149999618530273,22.608509063720703,CSCO
6504,09-12-2015,26.65999984741211,26.959999084472656,24127400,27.35000038146973,26.729999542236328,22.25876235961914,CSCO
6505,10-12-2015,26.65999984741211,26.739999771118164,23382400,27.040000915527344,26.770000457763672,22.29207420349121,CSCO
6506,11-12-2015,26.1299991607666,26.489999771118164,34295700,26.489999771118164,26.15999984741211,21.784107208251953,CSCO
6507,14-12-2015,25.959999084472656,26.29999923706055,32642100,26.520000457763672,26.489999771118164,22.058908462524414,CSCO
6508,15-12-2015,26.61000061035156,26.71999931335449,30393700,27.11000061035156,26.85000038146973,22.358692169189453,CSCO
6509,16-12-2015,26.68000030517578,27.0,22731500,27.290000915527344,27.239999771118164,22.683452606201172,CSCO
6510,17-12-2015,26.70000076293945,27.290000915527344,24812200,27.309999465942386,26.71999931335449,22.25044059753418,CSCO
6511,18-12-2015,26.26000022888184,26.60000038146973,36732700,26.81999969482422,26.270000457763672,21.875713348388672,CSCO
6512,21-12-2015,26.40999984741211,26.57999992370605,20242900,26.649999618530273,26.63999938964844,22.183818817138672,CSCO
6513,22-12-2015,26.559999465942386,26.85000038146973,18966300,26.899999618530273,26.88999938964844,22.39200210571289,CSCO
6514,23-12-2015,27.0,27.040000915527344,18803700,27.40999984741211,27.399999618530273,22.816688537597656,CSCO
6515,24-12-2015,27.3700008392334,27.40999984741211,8166300,27.54999923706055,27.3799991607666,22.80003547668457,CSCO
6516,28-12-2015,27.1299991607666,27.29999923706055,14204900,27.3700008392334,27.309999465942386,22.741743087768555,CSCO
6517,29-12-2015,27.399999618530273,27.440000534057614,16319600,27.81999969482422,27.770000457763672,23.124799728393555,CSCO
6518,30-12-2015,27.520000457763672,27.65999984741211,10620300,27.770000457763672,27.53000068664551,22.924943923950195,CSCO
6519,31-12-2015,27.13999938964844,27.3799991607666,17041500,27.45000076293945,27.15999984741211,22.61683464050293,CSCO
6520,04-01-2016,25.8799991607666,26.38999938964844,35827100,26.420000076293945,26.40999984741211,22.163663864135746,CSCO
6521,05-01-2016,26.18000030517578,26.540000915527344,22024900,26.65999984741211,26.290000915527344,22.06295585632324,CSCO
6522,06-01-2016,25.81999969482422,26.07999992370605,30799800,26.13999938964844,26.01000022888184,21.827974319458008,CSCO
6523,07-01-2016,25.1200008392334,25.489999771118164,43235400,25.739999771118164,25.40999984741211,21.324445724487305,CSCO
6524,08-01-2016,24.71999931335449,25.54999923706055,28609700,25.6299991607666,24.78000068664551,20.79573631286621,CSCO
6525,11-01-2016,24.93000030517578,24.93000030517578,32346900,25.35000038146973,25.270000457763672,21.20695686340332,CSCO
6526,12-01-2016,25.03000068664551,25.51000022888184,30122400,25.56999969482422,25.35000038146973,21.274093627929688,CSCO
6527,13-01-2016,24.56999969482422,25.420000076293945,33431600,25.520000457763672,24.60000038146973,20.644683837890625,CSCO
6528,14-01-2016,24.459999084472656,24.690000534057614,42902400,24.899999618530273,24.65999984741211,20.69503402709961,CSCO
6529,15-01-2016,23.56999969482422,23.93000030517578,64092800,24.43000030517578,23.6200008392334,19.82225227355957,CSCO
6530,19-01-2016,23.59000015258789,23.79999923706055,52533500,24.03000068664551,23.85000038146973,20.015270233154297,CSCO
6531,20-01-2016,22.46999931335449,23.399999618530273,83632400,23.51000022888184,22.899999618530273,19.218015670776367,CSCO
6532,21-01-2016,22.8700008392334,23.09000015258789,46267900,23.45000076293945,22.899999618530273,19.218015670776367,CSCO
6533,22-01-2016,22.989999771118164,23.60000038146973,55049000,23.63999938964844,23.3700008392334,19.61244773864746,CSCO
6534,25-01-2016,23.13999938964844,23.3799991607666,64066100,23.520000457763672,23.170000076293945,19.444602966308594,CSCO
6535,26-01-2016,23.239999771118164,23.239999771118164,25162200,23.85000038146973,23.71999931335449,19.906173706054688,CSCO
6536,27-01-2016,23.29999923706055,23.690000534057614,24654000,23.899999618530273,23.43000030517578,19.662797927856445,CSCO
6537,28-01-2016,22.979999542236328,23.729999542236328,31833500,23.790000915527344,23.11000061035156,19.39425468444824,CSCO
6538,29-01-2016,23.20000076293945,23.399999618530273,39692600,23.79999923706055,23.790000915527344,19.964920043945312,CSCO
6539,01-02-2016,23.229999542236328,23.459999084472656,24006400,23.56999969482422,23.479999542236328,19.70475959777832,CSCO
6540,02-02-2016,22.729999542236328,23.229999542236328,36203700,23.25,22.82999992370605,19.15927505493164,CSCO
6541,03-02-2016,22.57999992370605,23.09000015258789,32231400,23.18000030517578,23.10000038146973,19.385860443115234,CSCO
6542,04-02-2016,22.93000030517578,23.170000076293945,29280500,23.56999969482422,23.540000915527344,19.75511360168457,CSCO
6543,05-02-2016,22.809999465942386,23.51000022888184,32641000,23.65999984741211,22.88999938964844,19.209619522094727,CSCO
6544,08-02-2016,22.479999542236328,22.6299991607666,38842100,23.020000457763672,22.93000030517578,19.24319648742676,CSCO
6545,09-02-2016,22.53000068664551,22.60000038146973,30767200,22.86000061035156,22.649999618530273,19.008211135864254,CSCO
6546,10-02-2016,22.459999084472656,23.1299991607666,36896100,23.1299991607666,22.51000022888184,18.89072608947754,CSCO
6547,11-02-2016,24.09000015258789,24.09000015258789,92696000,24.96999931335449,24.68000030517578,20.71181869506836,CSCO
6548,12-02-2016,24.520000457763672,24.88999938964844,49753600,25.36000061035156,25.11000061035156,21.07267951965332,CSCO
6549,16-02-2016,25.190000534057614,25.270000457763672,40401700,25.979999542236328,25.84000015258789,21.6853084564209,CSCO
6550,17-02-2016,26.07999992370605,26.170000076293945,36904700,26.59000015258789,26.459999084472656,22.20561981201172,CSCO
6551,18-02-2016,26.28000068664551,26.440000534057614,31288200,26.57999992370605,26.43000030517578,22.180444717407227,CSCO
6552,19-02-2016,26.25,26.270000457763672,28791700,26.559999465942386,26.54999923706055,22.281150817871094,CSCO
6553,22-02-2016,26.420000076293945,26.8700008392334,24608100,26.90999984741211,26.6299991607666,22.348285675048828,CSCO
6554,23-02-2016,26.059999465942386,26.540000915527344,28097500,26.540000915527344,26.1200008392334,21.920286178588867,CSCO
6555,24-02-2016,25.649999618530273,25.88999938964844,22960800,26.32999992370605,26.31999969482422,22.088132858276367,CSCO
6556,25-02-2016,26.20000076293945,26.489999771118164,18655100,26.60000038146973,26.60000038146973,22.32311248779297,CSCO
6557,26-02-2016,26.31999969482422,26.79999923706055,18113000,26.85000038146973,26.40999984741211,22.163663864135746,CSCO
6558,29-02-2016,26.149999618530273,26.420000076293945,24763100,26.649999618530273,26.18000030517578,21.97064018249512,CSCO
6559,01-03-2016,26.239999771118164,26.45000076293945,25245400,26.93000030517578,26.82999992370605,22.51613044738769,CSCO
6560,02-03-2016,26.60000038146973,26.79999923706055,19020100,26.90999984741211,26.899999618530273,22.574878692626953,CSCO
6561,03-03-2016,26.59000015258789,26.95000076293945,19002200,26.96999931335449,26.8700008392334,22.549701690673828,CSCO
6562,04-03-2016,26.670000076293945,26.920000076293945,19429900,26.959999084472656,26.79999923706055,22.49095344543457,CSCO
6563,07-03-2016,26.32999992370605,26.57999992370605,21500100,27.18000030517578,27.13999938964844,22.776287078857425,CSCO
6564,08-03-2016,26.690000534057614,26.96999931335449,23821300,27.29999923706055,27.04999923706055,22.70075607299805,CSCO
6565,09-03-2016,27.1200008392334,27.239999771118164,38890200,27.79999923706055,27.61000061035156,23.17072296142578,CSCO
6566,10-03-2016,27.03000068664551,27.76000022888184,33327300,27.979999542236328,27.3799991607666,22.97769927978516,CSCO
6567,11-03-2016,27.670000076293945,27.81999969482422,21873100,27.90999984741211,27.86000061035156,23.380523681640625,CSCO
6568,14-03-2016,27.60000038146973,27.81999969482422,18291700,27.86000061035156,27.70000076293945,23.246248245239254,CSCO
6569,15-03-2016,27.45000076293945,27.479999542236328,16917200,27.690000534057614,27.65999984741211,23.21267890930176,CSCO
6570,16-03-2016,27.51000022888184,27.520000457763672,19087800,27.95000076293945,27.8799991607666,23.39730453491211,CSCO
6571,17-03-2016,27.8700008392334,27.920000076293945,28501900,28.440000534057614,28.190000534057614,23.65746688842773,CSCO
6572,18-03-2016,27.96999931335449,28.229999542236328,43132400,28.3799991607666,28.32999992370605,23.774946212768555,CSCO
6573,21-03-2016,28.040000915527344,28.10000038146973,23799200,28.35000038146973,28.190000534057614,23.65746688842773,CSCO
6574,22-03-2016,27.899999618530273,28.20000076293945,23599300,28.3799991607666,28.28000068664551,23.73299217224121,CSCO
6575,23-03-2016,27.729999542236328,28.26000022888184,19217500,28.28000068664551,27.82999992370605,23.3553466796875,CSCO
6576,24-03-2016,27.59000015258789,27.770000457763672,15871900,28.01000022888184,27.959999084472656,23.46444129943848,CSCO
6577,28-03-2016,27.790000915527344,27.989999771118164,12785900,28.03000068664551,27.899999618530273,23.414093017578125,CSCO
6578,29-03-2016,27.690000534057614,27.8700008392334,17139300,28.190000534057614,28.10000038146973,23.58193206787109,CSCO
6579,30-03-2016,28.26000022888184,28.34000015258789,19390200,28.68000030517578,28.459999084472656,23.88405036926269,CSCO
6580,31-03-2016,28.35000038146973,28.53000068664551,18377600,28.670000076293945,28.46999931335449,23.892444610595703,CSCO
6581,01-04-2016,28.1200008392334,28.29999923706055,23026400,28.70000076293945,28.690000534057614,24.07707214355469,CSCO
6582,04-04-2016,28.01000022888184,28.3700008392334,17890000,28.40999984741211,28.13999938964844,23.831472396850586,CSCO
6583,05-04-2016,27.459999084472656,27.63999938964844,24245700,27.82999992370605,27.57999992370605,23.357219696044922,CSCO
6584,06-04-2016,27.6200008392334,27.70000076293945,20395800,28.040000915527344,28.0,23.71290779113769,CSCO
6585,07-04-2016,27.53000068664551,27.899999618530273,17016800,27.899999618530273,27.60000038146973,23.374156951904297,CSCO
6586,08-04-2016,27.57999992370605,27.709999084472656,14495600,27.95000076293945,27.690000534057614,23.450368881225586,CSCO
6587,11-04-2016,27.61000061035156,27.8799991607666,18762900,28.18000030517578,27.6200008392334,23.39109039306641,CSCO
6588,12-04-2016,26.95000076293945,27.13999938964844,27741400,27.65999984741211,27.63999938964844,23.40802764892578,CSCO
6589,13-04-2016,27.71999931335449,27.959999084472656,25433300,28.28000068664551,28.229999542236328,23.90769386291504,CSCO
6590,14-04-2016,28.10000038146973,28.3799991607666,15049100,28.399999618530273,28.25,23.92462921142578,CSCO
6591,15-04-2016,27.729999542236328,28.10000038146973,23804400,28.1299991607666,27.899999618530273,23.62821960449219,CSCO
6592,18-04-2016,27.79999923706055,27.899999618530273,15762900,28.25,28.190000534057614,23.873817443847656,CSCO
6593,19-04-2016,28.20000076293945,28.32999992370605,20307700,28.440000534057614,28.32999992370605,23.992380142211914,CSCO
6594,20-04-2016,28.26000022888184,28.399999618530273,19937800,28.68000030517578,28.440000534057614,24.08554267883301,CSCO
6595,21-04-2016,28.15999984741211,28.420000076293945,17339900,28.51000022888184,28.239999771118164,23.91616058349609,CSCO
6596,22-04-2016,28.06999969482422,28.29999923706055,23147600,28.54999923706055,28.149999618530273,23.83993530273437,CSCO
6597,25-04-2016,27.979999542236328,28.11000061035156,16434800,28.28000068664551,28.229999542236328,23.90769386291504,CSCO
6598,26-04-2016,28.21999931335449,28.270000457763672,18151500,28.489999771118164,28.45000076293945,24.094009399414066,CSCO
6599,27-04-2016,28.309999465942386,28.440000534057614,20931000,28.649999618530273,28.63999938964844,24.254919052124023,CSCO
6600,28-04-2016,27.790000915527344,28.45000076293945,29616200,28.59000015258789,27.959999084472656,23.67902755737305,CSCO
6601,29-04-2016,27.13999938964844,27.71999931335449,33890100,27.82999992370605,27.489999771118164,23.28099250793457,CSCO
6602,02-05-2016,27.20000076293945,27.479999542236328,27361700,27.520000457763672,27.3700008392334,23.17936706542969,CSCO
6603,03-05-2016,26.61000061035156,27.15999984741211,35319600,27.190000534057614,26.86000061035156,22.747453689575195,CSCO
6604,04-05-2016,26.28000068664551,26.79999923706055,32850800,26.81999969482422,26.440000534057614,22.39176368713379,CSCO
6605,05-05-2016,26.209999084472656,26.459999084472656,23082200,26.56999969482422,26.209999084472656,22.19697570800781,CSCO
6606,06-05-2016,25.809999465942386,26.190000534057614,25625300,26.540000915527344,26.53000068664551,22.467981338500977,CSCO
6607,09-05-2016,26.38999938964844,26.520000457763672,16990400,26.68000030517578,26.51000022888184,22.45104217529297,CSCO
6608,10-05-2016,26.51000022888184,26.670000076293945,22642500,27.10000038146973,27.03000068664551,22.89142227172852,CSCO
6609,11-05-2016,26.68000030517578,27.09000015258789,19326100,27.11000061035156,26.70000076293945,22.61195373535156,CSCO
6610,12-05-2016,26.40999984741211,26.809999465942386,19681900,26.809999465942386,26.670000076293945,22.58654594421387,CSCO
6611,13-05-2016,26.459999084472656,26.54999923706055,20865100,26.88999938964844,26.53000068664551,22.467981338500977,CSCO
6612,16-05-2016,26.559999465942386,26.56999969482422,20885900,27.1200008392334,26.96999931335449,22.84061050415039,CSCO
6613,17-05-2016,26.54999923706055,26.899999618530273,25921300,27.059999465942386,26.649999618530273,22.56960868835449,CSCO
6614,18-05-2016,26.489999771118164,26.61000061035156,32345500,26.959999084472656,26.71999931335449,22.628887176513672,CSCO
6615,19-05-2016,27.399999618530273,27.989999771118164,50174600,28.290000915527344,27.56999969482422,23.348745346069336,CSCO
6616,20-05-2016,27.6200008392334,27.6299991607666,32703000,28.149999618530273,27.96999931335449,23.68749809265137,CSCO
6617,23-05-2016,27.78000068664551,27.78000068664551,19850000,28.25,27.940000534057614,23.662094116210934,CSCO
6618,24-05-2016,28.01000022888184,28.01000022888184,26514800,28.57999992370605,28.46999931335449,24.11094665527344,CSCO
6619,25-05-2016,28.520000457763672,28.57999992370605,25696800,29.0,28.920000076293945,24.492046356201172,CSCO
6620,26-05-2016,28.79999923706055,28.86000061035156,19366300,29.040000915527344,28.899999618530273,24.4751091003418,CSCO
6621,27-05-2016,28.790000915527344,28.95000076293945,16673300,29.040000915527344,28.920000076293945,24.492046356201172,CSCO
6622,31-05-2016,28.76000022888184,28.79999923706055,28606300,29.07999992370605,29.04999923706055,24.60214233398437,CSCO
6623,01-06-2016,28.79999923706055,28.84000015258789,22268700,29.040000915527344,28.899999618530273,24.4751091003418,CSCO
6624,02-06-2016,28.920000076293945,28.979999542236328,19538200,29.149999618530273,29.07999992370605,24.62755012512207,CSCO
6625,03-06-2016,28.899999618530273,29.1299991607666,18677700,29.209999084472656,29.1299991607666,24.66989326477051,CSCO
6626,06-06-2016,29.059999465942386,29.06999969482422,16167100,29.40999984741211,29.10000038146973,24.64448547363281,CSCO
6627,07-06-2016,28.81999969482422,28.899999618530273,21566600,29.35000038146973,29.06999969482422,24.61907768249512,CSCO
6628,08-06-2016,29.059999465942386,29.09000015258789,17772900,29.270000457763672,29.13999938964844,24.67835998535156,CSCO
6629,09-06-2016,28.82999992370605,28.96999931335449,18349900,29.190000534057614,29.13999938964844,24.67835998535156,CSCO
6630,10-06-2016,28.770000457763672,28.790000915527344,18244200,29.03000068664551,29.03000068664551,24.585205078125,CSCO
6631,13-06-2016,28.81999969482422,28.96999931335449,17137000,29.190000534057614,28.84000015258789,24.42429542541504,CSCO
6632,14-06-2016,28.6299991607666,28.65999984741211,19279700,29.0,28.959999084472656,24.525922775268555,CSCO
6633,15-06-2016,28.40999984741211,28.489999771118164,30738600,28.86000061035156,28.649999618530273,24.263385772705078,CSCO
6634,16-06-2016,28.3700008392334,28.3799991607666,17504100,28.920000076293945,28.8700008392334,24.4497013092041,CSCO
6635,17-06-2016,28.690000534057614,28.8799991607666,32333500,29.0,28.95000076293945,24.5174560546875,CSCO
6636,20-06-2016,28.78000068664551,29.040000915527344,22100800,29.21999931335449,28.79999923706055,24.390419006347656,CSCO
6637,21-06-2016,28.729999542236328,28.96999931335449,19098600,29.0,28.770000457763672,24.36501502990723,CSCO
6638,22-06-2016,28.68000030517578,28.8700008392334,18273300,29.07999992370605,28.71999931335449,24.322668075561523,CSCO
6639,23-06-2016,28.959999084472656,29.03000068664551,19415600,29.229999542236328,29.21999931335449,24.746116638183594,CSCO
6640,24-06-2016,27.70000076293945,28.15999984741211,44408900,28.56999969482422,27.75,23.50118637084961,CSCO
6641,27-06-2016,27.1299991607666,27.479999542236328,29973100,27.54999923706055,27.309999465942386,23.12855339050293,CSCO
6642,28-06-2016,27.5,27.54999923706055,24646900,27.85000038146973,27.790000915527344,23.535064697265625,CSCO
6643,29-06-2016,27.899999618530273,28.1299991607666,25593000,28.32999992370605,28.26000022888184,23.9330997467041,CSCO
6644,30-06-2016,28.06999969482422,28.3799991607666,25184400,28.690000534057614,28.690000534057614,24.297260284423828,CSCO
6645,01-07-2016,28.59000015258789,28.78000068664551,20901300,28.93000030517578,28.79999923706055,24.390419006347656,CSCO
6646,05-07-2016,28.21999931335449,28.229999542236328,22116900,28.6200008392334,28.32999992370605,24.210952758789066,CSCO
6647,06-07-2016,28.170000076293945,28.45000076293945,24844000,28.770000457763672,28.71999931335449,24.544248580932614,CSCO
6648,07-07-2016,28.61000061035156,28.71999931335449,17394900,28.899999618530273,28.739999771118164,24.561342239379886,CSCO
6649,08-07-2016,28.8799991607666,28.90999984741211,24647400,29.28000068664551,29.26000022888184,25.00573539733887,CSCO
6650,11-07-2016,29.26000022888184,29.34000015258789,22045200,29.70000076293945,29.43000030517578,25.151020050048828,CSCO
6651,12-07-2016,29.520000457763672,29.71999931335449,22157500,29.739999771118164,29.61000061035156,25.304851531982425,CSCO
6652,13-07-2016,29.57999992370605,29.71999931335449,18038100,29.82999992370605,29.75,25.424495697021484,CSCO
6653,14-07-2016,29.63999938964844,29.84000015258789,19332200,29.989999771118164,29.76000022888184,25.43303680419922,CSCO
6654,15-07-2016,29.65999984741211,29.93000030517578,17800400,29.95000076293945,29.81999969482422,25.48431396484375,CSCO
6655,18-07-2016,29.739999771118164,29.75,17484900,30.0,29.90999984741211,25.56122970581055,CSCO
6656,19-07-2016,29.770000457763672,29.90999984741211,18516000,30.01000022888184,29.920000076293945,25.56977653503418,CSCO
6657,20-07-2016,29.979999542236328,30.040000915527344,50168800,30.690000534057614,30.6299991607666,26.17654228210449,CSCO
6658,21-07-2016,30.3700008392334,30.63999938964844,21582700,30.71999931335449,30.57999992370605,26.133811950683594,CSCO
6659,22-07-2016,30.540000915527344,30.70000076293945,19399600,30.8700008392334,30.709999084472656,26.244909286499023,CSCO
6660,25-07-2016,30.6299991607666,30.670000076293945,15174200,30.82999992370605,30.790000915527344,26.31328010559082,CSCO
6661,26-07-2016,30.709999084472656,30.79999923706055,21328200,31.149999618530273,30.8799991607666,26.390193939208984,CSCO
6662,27-07-2016,30.65999984741211,30.95000076293945,22723000,30.96999931335449,30.76000022888184,26.28764343261719,CSCO
6663,28-07-2016,30.3700008392334,30.649999618530273,22470500,30.739999771118164,30.520000457763672,26.08253669738769,CSCO
6664,29-07-2016,30.46999931335449,30.60000038146973,23807200,30.690000534057614,30.53000068664551,26.09108543395996,CSCO
6665,01-08-2016,30.36000061035156,30.70000076293945,22438700,30.75,30.729999542236328,26.262006759643555,CSCO
6666,02-08-2016,30.399999618530273,30.81999969482422,24485200,30.81999969482422,30.6200008392334,26.16799736022949,CSCO
6667,03-08-2016,30.51000022888184,30.51000022888184,15962500,30.739999771118164,30.71999931335449,26.253459930419922,CSCO
6668,04-08-2016,30.709999084472656,30.78000068664551,18586500,30.90999984741211,30.79999923706055,26.32182884216309,CSCO
6669,05-08-2016,30.690000534057614,30.899999618530273,18873300,31.06999969482422,31.040000915527344,26.526935577392575,CSCO
6670,08-08-2016,30.86000061035156,31.0,19019900,31.190000534057614,31.01000022888184,26.50129508972168,CSCO
6671,09-08-2016,30.84000015258789,31.11000061035156,19159500,31.25,30.940000534057614,26.441469192504886,CSCO
6672,10-08-2016,30.739999771118164,31.01000022888184,16684300,31.1299991607666,30.85000038146973,26.36455535888672,CSCO
6673,11-08-2016,30.86000061035156,30.95000076293945,24020900,31.020000457763672,30.95000076293945,26.45001983642578,CSCO
6674,12-08-2016,30.79999923706055,30.920000076293945,13430600,30.989999771118164,30.8700008392334,26.38164710998535,CSCO
6675,15-08-2016,30.88999938964844,30.979999542236328,21944700,31.239999771118164,31.190000534057614,26.65512466430664,CSCO
6676,16-08-2016,30.979999542236328,31.21999931335449,23399700,31.229999542236328,31.1200008392334,26.59530067443848,CSCO
6677,17-08-2016,30.32999992370605,30.96999931335449,55071200,30.96999931335449,30.71999931335449,26.253459930419922,CSCO
6678,18-08-2016,30.059999465942386,30.40999984741211,48710500,30.670000076293945,30.479999542236328,26.048355102539066,CSCO
6679,19-08-2016,30.239999771118164,30.3700008392334,25131300,30.649999618530273,30.520000457763672,26.08253669738769,CSCO
6680,22-08-2016,30.3700008392334,30.440000534057614,28680000,30.78000068664551,30.6299991607666,26.17654228210449,CSCO
6681,23-08-2016,30.790000915527344,30.82999992370605,23493600,31.059999465942386,30.979999542236328,26.47565460205078,CSCO
6682,24-08-2016,30.95000076293945,30.979999542236328,24474700,31.20000076293945,31.059999465942386,26.54402160644531,CSCO
6683,25-08-2016,31.020000457763672,31.059999465942386,22917100,31.38999938964844,31.290000915527344,26.740583419799805,CSCO
6684,26-08-2016,31.190000534057614,31.34000015258789,21106200,31.65999984741211,31.35000038146973,26.791858673095703,CSCO
6685,29-08-2016,31.40999984741211,31.43000030517578,21101700,31.70000076293945,31.57999992370605,26.98841857910156,CSCO
6686,30-08-2016,31.40999984741211,31.61000061035156,17794800,31.65999984741211,31.540000915527344,26.954235076904297,CSCO
6687,31-08-2016,31.25,31.45000076293945,20418800,31.57999992370605,31.440000534057614,26.8687744140625,CSCO
6688,01-09-2016,31.26000022888184,31.420000076293945,15980500,31.63999938964844,31.57999992370605,26.98841857910156,CSCO
6689,02-09-2016,31.649999618530273,31.649999618530273,18156500,31.95000076293945,31.82999992370605,27.20207214355469,CSCO
6690,06-09-2016,31.70000076293945,31.93000030517578,17656500,31.940000534057614,31.8700008392334,27.236255645751953,CSCO
6691,07-09-2016,31.75,31.790000915527344,14050500,31.93000030517578,31.790000915527344,27.16788482666016,CSCO
6692,08-09-2016,31.420000076293945,31.71999931335449,19913700,31.75,31.46999931335449,26.8944091796875,CSCO
6693,09-09-2016,30.85000038146973,31.13999938964844,25450500,31.34000015258789,30.85000038146973,26.36455535888672,CSCO
6694,12-09-2016,30.60000038146973,30.61000061035156,22612500,31.5,31.440000534057614,26.8687744140625,CSCO
6695,13-09-2016,30.899999618530273,31.26000022888184,23617900,31.35000038146973,31.059999465942386,26.54402160644531,CSCO
6696,14-09-2016,30.809999465942386,31.01000022888184,24262900,31.229999542236328,31.0,26.49274826049805,CSCO
6697,15-09-2016,30.61000061035156,30.6299991607666,25554500,31.38999938964844,31.309999465942386,26.75767517089844,CSCO
6698,16-09-2016,30.70000076293945,31.1200008392334,37416300,31.13999938964844,30.84000015258789,26.35600852966309,CSCO
6699,19-09-2016,30.81999969482422,30.85000038146973,16833500,31.25,31.020000457763672,26.50983810424805,CSCO
6700,20-09-2016,31.040000915527344,31.07999992370605,15878900,31.21999931335449,31.10000038146973,26.578208923339844,CSCO
6701,21-09-2016,30.96999931335449,31.11000061035156,21169400,31.3799991607666,31.36000061035156,26.800403594970703,CSCO
6702,22-09-2016,31.489999771118164,31.5,20261900,31.79999923706055,31.65999984741211,27.05678749084473,CSCO
6703,23-09-2016,31.309999465942386,31.709999084472656,20442200,31.79999923706055,31.34000015258789,26.783308029174805,CSCO
6704,26-09-2016,30.790000915527344,31.10000038146973,20361500,31.15999984741211,31.06999969482422,26.55256652832031,CSCO
6705,27-09-2016,30.959999084472656,31.09000015258789,18045400,31.61000061035156,31.479999542236328,26.90295600891113,CSCO
6706,28-09-2016,31.36000061035156,31.440000534057614,15841000,31.59000015258789,31.5,26.920053482055664,CSCO
6707,29-09-2016,31.25,31.51000022888184,15417100,31.56999969482422,31.38999938964844,26.826045989990234,CSCO
6708,30-09-2016,31.559999465942386,31.61000061035156,30380600,31.79999923706055,31.71999931335449,27.108064651489254,CSCO
6709,03-10-2016,31.20000076293945,31.309999465942386,14070500,31.57999992370605,31.5,27.14253234863281,CSCO
6710,04-10-2016,31.149999618530273,31.459999084472656,18460400,31.6299991607666,31.35000038146973,27.01327896118164,CSCO
6711,05-10-2016,31.40999984741211,31.40999984741211,11808600,31.68000030517578,31.59000015258789,27.220075607299805,CSCO
6712,06-10-2016,31.209999084472656,31.56999969482422,14077100,31.6299991607666,31.479999542236328,27.12529373168945,CSCO
6713,07-10-2016,31.229999542236328,31.479999542236328,13073200,31.60000038146973,31.46999931335449,27.11667633056641,CSCO
6714,10-10-2016,31.440000534057614,31.540000915527344,12759400,31.68000030517578,31.46999931335449,27.11667633056641,CSCO
6715,11-10-2016,30.85000038146973,31.520000457763672,19412000,31.53000068664551,31.040000915527344,26.74616432189941,CSCO
6716,12-10-2016,29.940000534057614,30.53000068664551,36899900,30.6299991607666,30.34000015258789,26.142995834350586,CSCO
6717,13-10-2016,29.86000061035156,30.09000015258789,24286600,30.25,30.170000076293945,25.99651336669922,CSCO
6718,14-10-2016,30.15999984741211,30.35000038146973,20545100,30.54999923706055,30.18000030517578,26.005128860473636,CSCO
6719,17-10-2016,30.10000038146973,30.1299991607666,13957500,30.420000076293945,30.21999931335449,26.03959083557129,CSCO
6720,18-10-2016,30.43000030517578,30.690000534057614,14444900,30.690000534057614,30.440000534057614,26.229162216186523,CSCO
6721,19-10-2016,30.190000534057614,30.440000534057614,14830900,30.45000076293945,30.35000038146973,26.15160942077637,CSCO
6722,20-10-2016,30.040000915527344,30.28000068664551,17315300,30.3700008392334,30.15999984741211,25.987892150878906,CSCO
6723,21-10-2016,29.920000076293945,30.01000022888184,15140500,30.20000076293945,30.149999618530273,25.97928237915039,CSCO
6724,24-10-2016,30.29999923706055,30.34000015258789,14115300,30.5,30.459999084472656,26.24639320373535,CSCO
6725,25-10-2016,30.229999542236328,30.5,15257800,30.51000022888184,30.34000015258789,26.142995834350586,CSCO
6726,26-10-2016,30.31999969482422,30.59000015258789,18008600,30.86000061035156,30.54999923706055,26.32394790649414,CSCO
6727,27-10-2016,30.36000061035156,30.60000038146973,16926200,30.670000076293945,30.3799991607666,26.17746162414551,CSCO
6728,28-10-2016,30.35000038146973,30.36000061035156,19946800,30.79999923706055,30.59000015258789,26.358413696289066,CSCO
6729,31-10-2016,30.31999969482422,30.34000015258789,23225400,30.770000457763672,30.68000030517578,26.43596076965332,CSCO
6730,01-11-2016,30.229999542236328,30.85000038146973,17542100,30.86000061035156,30.479999542236328,26.26363182067871,CSCO
6731,02-11-2016,30.229999542236328,30.43000030517578,19174000,30.68000030517578,30.38999938964844,26.186079025268555,CSCO
6732,03-11-2016,30.239999771118164,30.5,15937100,30.559999465942386,30.31999969482422,26.12575912475586,CSCO
6733,04-11-2016,29.6299991607666,29.979999542236328,18524000,30.5,30.190000534057614,26.01374626159668,CSCO
6734,07-11-2016,30.61000061035156,30.709999084472656,23061100,31.059999465942386,30.940000534057614,26.659996032714844,CSCO
6735,08-11-2016,30.729999542236328,30.940000534057614,19399800,31.20000076293945,31.0,26.71169662475586,CSCO
6736,09-11-2016,30.70000076293945,31.040000915527344,38564100,31.489999771118164,31.36000061035156,27.02189445495605,CSCO
6737,10-11-2016,30.809999465942386,31.40999984741211,38345000,31.76000022888184,31.0,26.71169662475586,CSCO
6738,11-11-2016,30.920000076293945,30.93000030517578,23150300,31.46999931335449,31.36000061035156,27.02189445495605,CSCO
6739,14-11-2016,31.35000038146973,31.43000030517578,22917600,31.670000076293945,31.3700008392334,27.03051567077637,CSCO
6740,15-11-2016,31.270000457763672,31.270000457763672,24160200,31.85000038146973,31.70000076293945,27.31486511230469,CSCO
6741,16-11-2016,31.51000022888184,31.6200008392334,27097100,31.88999938964844,31.56999969482422,27.20284652709961,CSCO
6742,17-11-2016,29.61000061035156,29.90999984741211,75252300,30.04999923706055,30.04999923706055,25.893108367919922,CSCO
6743,18-11-2016,30.01000022888184,30.11000061035156,38748600,30.36000061035156,30.18000030517578,26.005128860473636,CSCO
6744,21-11-2016,30.01000022888184,30.29999923706055,27481700,30.32999992370605,30.04999923706055,25.893108367919922,CSCO
6745,22-11-2016,29.85000038146973,30.07999992370605,26769300,30.190000534057614,29.88999938964844,25.75524139404297,CSCO
6746,23-11-2016,29.559999465942386,29.82999992370605,24496800,29.95000076293945,29.709999084472656,25.60014343261719,CSCO
6747,25-11-2016,29.54999923706055,29.60000038146973,17678900,30.149999618530273,30.09000015258789,25.92757797241211,CSCO
6748,28-11-2016,29.81999969482422,30.07999992370605,21468900,30.09000015258789,29.920000076293945,25.781095504760746,CSCO
6749,29-11-2016,29.790000915527344,29.940000534057614,23553700,30.10000038146973,29.82999992370605,25.70354461669922,CSCO
6750,30-11-2016,29.68000030517578,29.76000022888184,26224900,29.95000076293945,29.81999969482422,25.694927215576172,CSCO
6751,01-12-2016,29.399999618530273,29.84000015258789,25996200,29.85000038146973,29.45000076293945,25.37611198425293,CSCO
6752,02-12-2016,29.1200008392334,29.309999465942386,27069500,29.559999465942386,29.25,25.203777313232425,CSCO
6753,05-12-2016,29.290000915527344,29.32999992370605,20865800,29.60000038146973,29.53000068664551,25.44504547119141,CSCO
6754,06-12-2016,29.239999771118164,29.420000076293945,27352100,29.59000015258789,29.32999992370605,25.272708892822266,CSCO
6755,07-12-2016,29.31999969482422,29.479999542236328,30180100,30.040000915527344,29.95000076293945,25.806943893432614,CSCO
6756,08-12-2016,29.920000076293945,30.11000061035156,21369900,30.32999992370605,29.95000076293945,25.806943893432614,CSCO
6757,09-12-2016,29.729999542236328,29.979999542236328,21362000,30.06999969482422,30.059999465942386,25.90172576904297,CSCO
6758,12-12-2016,30.03000068664551,30.07999992370605,17287800,30.20000076293945,30.170000076293945,25.99651336669922,CSCO
6759,13-12-2016,30.20000076293945,30.29999923706055,25052900,30.63999938964844,30.59000015258789,26.358413696289066,CSCO
6760,14-12-2016,30.40999984741211,30.60000038146973,27556000,31.06999969482422,30.459999084472656,26.24639320373535,CSCO
6761,15-12-2016,30.51000022888184,30.59000015258789,20914100,30.79999923706055,30.6299991607666,26.39287757873535,CSCO
6762,16-12-2016,30.270000457763672,30.70000076293945,45875500,30.71999931335449,30.59000015258789,26.358413696289066,CSCO
6763,19-12-2016,30.540000915527344,30.649999618530273,18178500,30.8700008392334,30.75,26.496280670166016,CSCO
6764,20-12-2016,30.459999084472656,30.82999992370605,17475200,30.8700008392334,30.559999465942386,26.33255958557129,CSCO
6765,21-12-2016,30.40999984741211,30.690000534057614,14488900,30.690000534057614,30.420000076293945,26.2119255065918,CSCO
6766,22-12-2016,30.25,30.399999618530273,12935800,30.479999542236328,30.459999084472656,26.24639320373535,CSCO
6767,23-12-2016,30.399999618530273,30.540000915527344,9167500,30.60000038146973,30.53000068664551,26.30671501159668,CSCO
6768,27-12-2016,30.60000038146973,30.63999938964844,14175500,30.81999969482422,30.68000030517578,26.43596076965332,CSCO
6769,28-12-2016,30.35000038146973,30.70000076293945,12022200,30.770000457763672,30.420000076293945,26.2119255065918,CSCO
6770,29-12-2016,30.32999992370605,30.3700008392334,10995600,30.54999923706055,30.459999084472656,26.24639320373535,CSCO
6771,30-12-2016,30.1299991607666,30.559999465942386,20190000,30.60000038146973,30.21999931335449,26.03959083557129,CSCO
6772,03-01-2017,30.209999084472656,30.3700008392334,22370600,30.559999465942386,30.540000915527344,26.31532859802246,CSCO
6773,04-01-2017,30.020000457763672,30.239999771118164,22281000,30.420000076293945,30.10000038146973,26.158899307250977,CSCO
6774,05-01-2017,30.06999969482422,30.10000038146973,18372500,30.36000061035156,30.170000076293945,26.2197322845459,CSCO
6775,06-01-2017,30.03000068664551,30.170000076293945,15923200,30.35000038146973,30.229999542236328,26.27187728881836,CSCO
6776,09-01-2017,30.07999992370605,30.21999931335449,17177800,30.32999992370605,30.18000030517578,26.22842216491699,CSCO
6777,10-01-2017,30.10000038146973,30.190000534057614,21046000,30.54999923706055,30.3799991607666,26.40223693847656,CSCO
6778,11-01-2017,30.03000068664551,30.32999992370605,22291300,30.40999984741211,30.149999618530273,26.20235252380371,CSCO
6779,12-01-2017,29.79999923706055,30.149999618530273,18611100,30.15999984741211,30.040000915527344,26.10675621032715,CSCO
6780,13-01-2017,30.01000022888184,30.10000038146973,17136600,30.21999931335449,30.06999969482422,26.132822036743164,CSCO
6781,17-01-2017,29.84000015258789,30.0,21983500,30.25,29.989999771118164,26.063295364379886,CSCO
6782,18-01-2017,29.95000076293945,30.1200008392334,15724000,30.18000030517578,30.03000068664551,26.098064422607425,CSCO
6783,19-01-2017,29.920000076293945,30.01000022888184,16866000,30.190000534057614,29.979999542236328,26.05460929870605,CSCO
6784,20-01-2017,30.0,30.1200008392334,22754400,30.25,30.10000038146973,26.158899307250977,CSCO
6785,23-01-2017,30.09000015258789,30.13999938964844,17155300,30.29999923706055,30.270000457763672,26.306644439697266,CSCO
6786,24-01-2017,30.290000915527344,30.34000015258789,24934200,30.75,30.60000038146973,26.59343147277832,CSCO
6787,25-01-2017,30.649999618530273,31.040000915527344,23630500,31.04999923706055,30.70000076293945,26.68033790588379,CSCO
6788,26-01-2017,30.559999465942386,30.76000022888184,20116800,30.84000015258789,30.739999771118164,26.715103149414066,CSCO
6789,27-01-2017,30.6299991607666,30.76000022888184,18461900,30.979999542236328,30.979999542236328,26.92367935180664,CSCO
6790,30-01-2017,30.6299991607666,30.940000534057614,15481800,31.0,30.82999992370605,26.793312072753906,CSCO
6791,31-01-2017,30.57999992370605,30.68000030517578,16603100,30.88999938964844,30.71999931335449,26.69772148132324,CSCO
6792,01-02-2017,30.420000076293945,30.85000038146973,19504600,30.85000038146973,30.5,26.506526947021484,CSCO
6793,02-02-2017,30.53000068664551,30.690000534057614,27456700,31.26000022888184,31.18000030517578,27.097490310668945,CSCO
6794,03-02-2017,31.1200008392334,31.270000457763672,21288800,31.35000038146973,31.31999969482422,27.219158172607425,CSCO
6795,06-02-2017,31.1200008392334,31.290000915527344,16774200,31.309999465942386,31.29999923706055,27.2017765045166,CSCO
6796,07-02-2017,31.32999992370605,31.3799991607666,18420200,31.63999938964844,31.45000076293945,27.33213806152344,CSCO
6797,08-02-2017,31.25,31.459999084472656,20434300,31.54999923706055,31.270000457763672,27.17570495605469,CSCO
6798,09-02-2017,31.29999923706055,31.35000038146973,18706900,31.690000534057614,31.5,27.375593185424805,CSCO
6799,10-02-2017,31.239999771118164,31.479999542236328,21557700,31.6299991607666,31.51000022888184,27.384281158447266,CSCO
6800,13-02-2017,31.54999923706055,31.670000076293945,26518800,32.0,31.96999931335449,27.784053802490234,CSCO
6801,14-02-2017,31.770000457763672,31.899999618530273,31463500,32.310001373291016,32.310001373291016,28.07953643798828,CSCO
6802,15-02-2017,32.290000915527344,32.34999847412109,41169400,32.84000015258789,32.81999969482422,28.52275848388672,CSCO
6803,16-02-2017,33.25,33.259998321533196,50143700,33.970001220703125,33.59999847412109,29.200632095336914,CSCO
6804,17-02-2017,33.43000030517578,33.52000045776367,31841200,33.77000045776367,33.740001678466804,29.32229423522949,CSCO
6805,21-02-2017,33.65999984741211,33.689998626708984,26992700,34.209999084472656,34.130001068115234,29.66123390197754,CSCO
6806,22-02-2017,33.65999984741211,34.040000915527344,26632700,34.150001525878906,34.09000015258789,29.6264705657959,CSCO
6807,23-02-2017,33.950000762939446,34.279998779296875,17450100,34.279998779296875,34.040000915527344,29.583011627197266,CSCO
6808,24-02-2017,33.799999237060554,33.97999954223633,21137300,34.31999969482422,34.31999969482422,29.826351165771484,CSCO
6809,27-02-2017,34.11999893188477,34.209999084472656,15625400,34.31999969482422,34.259998321533196,29.77421569824219,CSCO
6810,28-02-2017,34.040000915527344,34.15999984741211,23093100,34.290000915527344,34.18000030517578,29.704689025878906,CSCO
6811,01-03-2017,34.18000030517578,34.279998779296875,22754200,34.509998321533196,34.439998626708984,29.93064308166504,CSCO
6812,02-03-2017,34.209999084472656,34.40999984741211,16137700,34.529998779296875,34.389999389648445,29.887187957763672,CSCO
6813,03-03-2017,34.22999954223633,34.419998168945305,14175000,34.439998626708984,34.290000915527344,29.80028343200684,CSCO
6814,06-03-2017,33.959999084472656,34.040000915527344,17605100,34.279998779296875,34.189998626708984,29.713380813598636,CSCO
6815,07-03-2017,33.990001678466804,34.0,21033700,34.25,34.200000762939446,29.72206878662109,CSCO
6816,08-03-2017,33.93000030517578,34.18000030517578,18686700,34.22999954223633,34.02000045776367,29.56564140319824,CSCO
6817,09-03-2017,33.86999893188477,34.040000915527344,17490200,34.110000610351555,34.06999969482422,29.60909652709961,CSCO
6818,10-03-2017,34.080001831054695,34.240001678466804,19038400,34.299999237060554,34.259998321533196,29.77421569824219,CSCO
6819,13-03-2017,34.0,34.220001220703125,16164800,34.330001831054695,34.09999847412109,29.63516044616699,CSCO
6820,14-03-2017,33.84000015258789,33.939998626708984,14578400,34.139999389648445,34.11999893188477,29.65253829956055,CSCO
6821,15-03-2017,34.049999237060554,34.06999969482422,14961700,34.34999847412109,34.240001678466804,29.75683403015137,CSCO
6822,16-03-2017,34.09999847412109,34.25,14521600,34.47999954223633,34.22999954223633,29.748144149780273,CSCO
6823,17-03-2017,34.189998626708984,34.34999847412109,26787200,34.380001068115234,34.22999954223633,29.748144149780273,CSCO
6824,20-03-2017,34.200000762939446,34.200000762939446,14974100,34.389999389648445,34.279998779296875,29.79159164428711,CSCO
6825,21-03-2017,33.779998779296875,34.450000762939446,21406000,34.470001220703125,33.880001068115234,29.4439697265625,CSCO
6826,22-03-2017,33.779998779296875,33.779998779296875,16646100,34.200000762939446,34.09999847412109,29.63516044616699,CSCO
6827,23-03-2017,33.90999984741211,34.080001831054695,16709300,34.259998321533196,33.959999084472656,29.51349449157715,CSCO
6828,24-03-2017,33.950000762939446,34.06999969482422,18125100,34.299999237060554,34.080001831054695,29.617778778076172,CSCO
6829,27-03-2017,33.75,33.81999969482422,17740600,34.029998779296875,33.990001678466804,29.539566040039066,CSCO
6830,28-03-2017,33.81999969482422,33.900001525878906,21179300,34.209999084472656,34.02000045776367,29.56564140319824,CSCO
6831,29-03-2017,33.650001525878906,34.0,16504100,34.049999237060554,33.740001678466804,29.32229423522949,CSCO
6832,30-03-2017,33.720001220703125,33.799999237060554,12801600,33.93000030517578,33.740001678466804,29.32229423522949,CSCO
6833,31-03-2017,33.65999984741211,33.720001220703125,14038500,33.880001068115234,33.799999237060554,29.37444496154785,CSCO
6834,03-04-2017,33.459999084472656,33.700000762939446,19367800,33.939998626708984,33.580001831054695,29.18324851989746,CSCO
6835,04-04-2017,32.93000030517578,33.25,18602600,33.419998168945305,33.40999984741211,29.2884521484375,CSCO
6836,05-04-2017,32.970001220703125,33.490001678466804,17572500,33.529998779296875,33.0,28.92901992797852,CSCO
6837,06-04-2017,32.889999389648445,33.0,15316800,33.279998779296875,33.080001831054695,28.99915885925293,CSCO
6838,07-04-2017,32.919998168945305,33.09999847412109,13942800,33.150001525878906,32.959999084472656,28.89396095275879,CSCO
6839,10-04-2017,32.86999893188477,32.959999084472656,14824100,33.220001220703125,33.009998321533196,28.937788009643555,CSCO
6840,11-04-2017,32.639999389648445,33.040000915527344,18945800,33.080001831054695,32.919998168945305,28.858890533447266,CSCO
6841,12-04-2017,32.5,32.860000610351555,25455100,32.959999084472656,32.61999893188477,28.59589958190918,CSCO
6842,13-04-2017,32.419998168945305,32.709999084472656,16234900,32.84999847412109,32.419998168945305,28.42057037353516,CSCO
6843,17-04-2017,32.450000762939446,32.47999954223633,11961200,32.669998168945305,32.610000610351555,28.587139129638672,CSCO
6844,18-04-2017,32.450000762939446,32.560001373291016,13349600,32.72999954223633,32.669998168945305,28.639732360839844,CSCO
6845,19-04-2017,32.610000610351555,32.799999237060554,16373800,32.889999389648445,32.650001525878906,28.622201919555664,CSCO
6846,20-04-2017,32.720001220703125,32.790000915527344,11927500,32.950000762939446,32.830001831054695,28.78000068664551,CSCO
6847,21-04-2017,32.669998168945305,32.939998626708984,13877700,32.939998626708984,32.81999969482422,28.771228790283203,CSCO
6848,24-04-2017,33.130001068115234,33.240001678466804,15400500,33.360000610351555,33.279998779296875,29.17448234558105,CSCO
6849,25-04-2017,33.34999847412109,33.389999389648445,15058800,33.52000045776367,33.419998168945305,29.29721069335937,CSCO
6850,26-04-2017,33.36999893188477,33.580001831054695,17949700,33.630001068115234,33.400001525878906,29.279680252075195,CSCO
6851,27-04-2017,33.61999893188477,34.009998321533196,26639000,34.110000610351555,33.75,29.58649826049805,CSCO
6852,28-04-2017,33.669998168945305,33.880001068115234,20461700,34.080001831054695,34.06999969482422,29.867027282714844,CSCO
6853,01-05-2017,33.810001373291016,34.110000610351555,13577300,34.139999389648445,33.970001220703125,29.779359817504886,CSCO
6854,02-05-2017,33.93000030517578,34.060001373291016,15983600,34.240001678466804,34.240001678466804,30.01605224609375,CSCO
6855,03-05-2017,34.11999893188477,34.15999984741211,14432200,34.34000015258789,34.25,30.02482032775879,CSCO
6856,04-05-2017,34.06999969482422,34.330001831054695,13638500,34.490001678466804,34.18000030517578,29.96345520019531,CSCO
6857,05-05-2017,34.06999969482422,34.25,15091800,34.400001525878906,34.389999389648445,30.147544860839844,CSCO
6858,08-05-2017,34.150001525878906,34.459999084472656,13232700,34.59999847412109,34.290000915527344,30.05988502502441,CSCO
6859,09-05-2017,33.84000015258789,34.139999389648445,18855900,34.259998321533196,33.900001525878906,29.717998504638672,CSCO
6860,10-05-2017,33.580001831054695,33.900001525878906,17481400,33.900001525878906,33.740001678466804,29.57773208618164,CSCO
6861,11-05-2017,33.47999954223633,33.720001220703125,17515600,33.81999969482422,33.630001068115234,29.48130226135254,CSCO
6862,12-05-2017,33.139999389648445,33.59999847412109,20194300,33.61999893188477,33.450000762939446,29.32351303100586,CSCO
6863,15-05-2017,33.970001220703125,34.0,31531000,34.459999084472656,34.22999954223633,30.007286071777344,CSCO
6864,16-05-2017,34.029998779296875,34.240001678466804,18950000,34.330001831054695,34.299999237060554,30.06865310668945,CSCO
6865,17-05-2017,33.799999237060554,34.200000762939446,38787800,34.310001373291016,33.81999969482422,29.647859573364254,CSCO
6866,18-05-2017,30.3700008392334,31.10000038146973,85500500,31.51000022888184,31.3799991607666,27.508869171142575,CSCO
6867,19-05-2017,31.020000457763672,31.739999771118164,39859200,31.78000068664551,31.209999084472656,27.35984230041504,CSCO
6868,22-05-2017,31.149999618530273,31.149999618530273,35085200,31.979999542236328,31.59000015258789,27.692968368530273,CSCO
6869,23-05-2017,31.520000457763672,31.82999992370605,29827500,31.8700008392334,31.76000022888184,27.84199333190918,CSCO
6870,24-05-2017,31.21999931335449,31.93000030517578,23446300,31.940000534057614,31.489999771118164,27.605304718017575,CSCO
6871,25-05-2017,31.3700008392334,31.54999923706055,21586500,31.690000534057614,31.440000534057614,27.56147003173828,CSCO
6872,26-05-2017,31.36000061035156,31.51000022888184,16403100,31.59000015258789,31.5,27.614070892333984,CSCO
6873,30-05-2017,31.38999938964844,31.399999618530273,17108300,31.809999465942386,31.68000030517578,27.77186393737793,CSCO
6874,31-05-2017,31.46999931335449,31.78000068664551,30196700,31.88999938964844,31.53000068664551,27.64036750793457,CSCO
6875,01-06-2017,31.46999931335449,31.520000457763672,15525500,31.81999969482422,31.81999969482422,27.89459228515625,CSCO
6876,02-06-2017,31.68000030517578,31.93000030517578,20085200,32.060001373291016,31.979999542236328,28.034854888916016,CSCO
6877,05-06-2017,31.56999969482422,32.049999237060554,15976000,32.049999237060554,31.76000022888184,27.84199333190918,CSCO
6878,06-06-2017,31.5,31.75,16186600,31.76000022888184,31.559999465942386,27.66666412353516,CSCO
6879,07-06-2017,31.440000534057614,31.61000061035156,14948400,31.71999931335449,31.61000061035156,27.71050071716309,CSCO
6880,08-06-2017,31.520000457763672,31.53000068664551,21828600,31.809999465942386,31.61000061035156,27.71050071716309,CSCO
6881,09-06-2017,31.09000015258789,31.63999938964844,25376600,31.82999992370605,31.3700008392334,27.50010681152344,CSCO
6882,12-06-2017,31.149999618530273,31.34000015258789,25784400,31.63999938964844,31.25,27.394908905029297,CSCO
6883,13-06-2017,31.28000068664551,31.29999923706055,27781000,31.79999923706055,31.70000076293945,27.78939437866211,CSCO
6884,14-06-2017,31.32999992370605,31.8700008392334,24940400,31.96999931335449,31.60000038146973,27.70173263549805,CSCO
6885,15-06-2017,31.21999931335449,31.25,19328000,31.63999938964844,31.57999992370605,27.684200286865234,CSCO
6886,16-06-2017,31.20000076293945,31.61000061035156,36367400,31.63999938964844,31.6299991607666,27.728031158447266,CSCO
6887,19-06-2017,31.57999992370605,31.770000457763672,18459200,32.02000045776367,31.989999771118164,28.04362487792969,CSCO
6888,20-06-2017,31.84000015258789,31.940000534057614,18190100,32.15999984741211,31.85000038146973,27.92089462280273,CSCO
6889,21-06-2017,31.51000022888184,31.729999542236328,20386100,31.8700008392334,31.84000015258789,27.91212654113769,CSCO
6890,22-06-2017,31.70000076293945,31.90999984741211,19436600,32.0,31.85000038146973,27.92089462280273,CSCO
6891,23-06-2017,31.75,31.85000038146973,25792200,32.299999237060554,32.09000015258789,28.13128471374512,CSCO
6892,26-06-2017,32.18000030517578,32.220001220703125,22175000,32.5,32.240001678466804,28.262779235839844,CSCO
6893,27-06-2017,31.76000022888184,32.09000015258789,23224200,32.259998321533196,31.76000022888184,27.84199333190918,CSCO
6894,28-06-2017,31.76000022888184,31.78000068664551,17732300,32.279998779296875,32.080001831054695,28.122522354125977,CSCO
6895,29-06-2017,31.25,31.790000915527344,27664500,32.029998779296875,31.40999984741211,27.53516960144043,CSCO
6896,30-06-2017,31.29999923706055,31.790000915527344,23604600,31.790000915527344,31.29999923706055,27.43873786926269,CSCO
6897,03-07-2017,31.03000068664551,31.09000015258789,14112100,31.63999938964844,31.32999992370605,27.46504211425781,CSCO
6898,05-07-2017,30.729999542236328,30.85000038146973,24270300,31.270000457763672,31.11000061035156,27.5269775390625,CSCO
6899,06-07-2017,30.670000076293945,30.989999771118164,20789100,31.020000457763672,30.71999931335449,27.1818962097168,CSCO
6900,07-07-2017,30.75,30.76000022888184,15860600,31.06999969482422,30.899999618530273,27.34116554260254,CSCO
6901,10-07-2017,30.81999969482422,30.8799991607666,15528800,31.09000015258789,30.979999542236328,27.41195106506348,CSCO
6902,11-07-2017,30.86000061035156,31.04999923706055,12806000,31.1200008392334,31.09000015258789,27.50928497314453,CSCO
6903,12-07-2017,31.149999618530273,31.25,18586200,31.440000534057614,31.15999984741211,27.57122039794922,CSCO
6904,13-07-2017,31.07999992370605,31.26000022888184,15934200,31.28000068664551,31.270000457763672,27.66855239868164,CSCO
6905,14-07-2017,31.270000457763672,31.3700008392334,13573100,31.45000076293945,31.420000076293945,27.801273345947266,CSCO
6906,17-07-2017,31.45000076293945,31.5,16427500,31.63999938964844,31.5,27.87206077575684,CSCO
6907,18-07-2017,31.170000076293945,31.40999984741211,15530700,31.51000022888184,31.51000022888184,27.88090896606445,CSCO
6908,19-07-2017,31.459999084472656,31.51000022888184,21567900,32.049999237060554,31.899999618530273,28.22599029541016,CSCO
6909,20-07-2017,31.76000022888184,31.90999984741211,16389500,32.049999237060554,31.86000061035156,28.190603256225586,CSCO
6910,21-07-2017,31.709999084472656,31.86000061035156,13973800,32.029998779296875,31.84000015258789,28.17290306091309,CSCO
6911,24-07-2017,31.65999984741211,31.86000061035156,15504100,31.93000030517578,31.86000061035156,28.190603256225586,CSCO
6912,25-07-2017,31.8799991607666,31.899999618530273,14990000,32.25,32.11999893188477,28.420654296875,CSCO
6913,26-07-2017,31.51000022888184,32.11999893188477,21941500,32.22999954223633,31.65999984741211,28.013633728027344,CSCO
6914,27-07-2017,31.209999084472656,31.729999542236328,21437400,31.75,31.56999969482422,27.93400001525879,CSCO
6915,28-07-2017,31.26000022888184,31.45000076293945,15771000,31.60000038146973,31.520000457763672,27.88975715637207,CSCO
6916,31-07-2017,31.3700008392334,31.540000915527344,19256400,31.59000015258789,31.45000076293945,27.827821731567386,CSCO
6917,01-08-2017,31.43000030517578,31.59000015258789,12962800,31.65999984741211,31.649999618530273,28.00478553771973,CSCO
6918,02-08-2017,31.25,31.56999969482422,15845600,31.56999969482422,31.520000457763672,27.88975715637207,CSCO
6919,03-08-2017,31.43000030517578,31.59000015258789,14420800,31.71999931335449,31.559999465942386,27.92514991760254,CSCO
6920,04-08-2017,31.57999992370605,31.670000076293945,16929500,31.90999984741211,31.79999923706055,28.13750648498535,CSCO
6921,07-08-2017,31.690000534057614,31.790000915527344,11877400,31.8799991607666,31.84000015258789,28.17290306091309,CSCO
6922,08-08-2017,31.60000038146973,31.75,15375700,32.0,31.670000076293945,28.02248191833496,CSCO
6923,09-08-2017,31.36000061035156,31.54999923706055,16131300,31.68000030517578,31.6200008392334,27.97823905944824,CSCO
6924,10-08-2017,31.0,31.559999465942386,23517400,31.559999465942386,31.0,27.42964744567871,CSCO
6925,11-08-2017,31.040000915527344,31.229999542236328,20756600,31.54999923706055,31.46999931335449,27.84551429748535,CSCO
6926,14-08-2017,31.559999465942386,31.690000534057614,21761600,31.88999938964844,31.84000015258789,28.17290306091309,CSCO
6927,15-08-2017,31.84000015258789,31.85000038146973,25251500,32.209999084472656,32.09000015258789,28.39410781860352,CSCO
6928,16-08-2017,32.060001373291016,32.09999847412109,29052000,32.470001220703125,32.34000015258789,28.615314483642575,CSCO
6929,17-08-2017,30.85000038146973,31.489999771118164,53288800,31.770000457763672,31.040000915527344,27.465044021606445,CSCO
6930,18-08-2017,30.36000061035156,31.0,34802200,31.059999465942386,30.3700008392334,26.87220764160156,CSCO
6931,21-08-2017,30.36000061035156,30.3700008392334,24198400,30.79999923706055,30.68000030517578,27.146503448486328,CSCO
6932,22-08-2017,30.75,30.85000038146973,24747200,31.32999992370605,31.270000457763672,27.66855239868164,CSCO
6933,23-08-2017,30.90999984741211,31.209999084472656,22436600,31.399999618530273,30.920000076293945,27.35886192321777,CSCO
6934,24-08-2017,30.899999618530273,30.95000076293945,22576100,31.399999618530273,31.239999771118164,27.64200592041016,CSCO
6935,25-08-2017,31.36000061035156,31.38999938964844,19558300,31.79999923706055,31.440000534057614,27.81897354125977,CSCO
6936,28-08-2017,31.40999984741211,31.60000038146973,12958900,31.65999984741211,31.540000915527344,27.907453536987305,CSCO
6937,29-08-2017,31.190000534057614,31.26000022888184,16362700,31.6299991607666,31.479999542236328,27.85436248779297,CSCO
6938,30-08-2017,31.420000076293945,31.46999931335449,22988700,32.200000762939446,31.989999771118164,28.30562400817871,CSCO
6939,31-08-2017,31.989999771118164,32.09999847412109,27800200,32.34000015258789,32.209999084472656,28.50028991699219,CSCO
6940,01-09-2017,32.029998779296875,32.220001220703125,14686600,32.34999847412109,32.299999237060554,28.57992172241211,CSCO
6941,05-09-2017,31.459999084472656,32.150001525878906,32475500,32.240001678466804,31.6200008392334,27.97823905944824,CSCO
6942,06-09-2017,31.6299991607666,31.75,16962300,31.90999984741211,31.8700008392334,28.199445724487305,CSCO
6943,07-09-2017,31.739999771118164,31.959999084472656,14751700,31.96999931335449,31.76000022888184,28.102113723754886,CSCO
6944,08-09-2017,31.459999084472656,31.68000030517578,15339500,31.78000068664551,31.479999542236328,27.85436248779297,CSCO
6945,11-09-2017,31.670000076293945,31.709999084472656,22440800,32.299999237060554,32.189998626708984,28.48259162902832,CSCO
6946,12-09-2017,32.189998626708984,32.299999237060554,18923100,32.470001220703125,32.40999984741211,28.6772518157959,CSCO
6947,13-09-2017,31.959999084472656,32.34000015258789,22705100,32.389999389648445,32.18000030517578,28.473745346069336,CSCO
6948,14-09-2017,31.90999984741211,31.90999984741211,18194800,32.220001220703125,32.189998626708984,28.48259162902832,CSCO
6949,15-09-2017,32.11999893188477,32.200000762939446,29336100,32.5,32.439998626708984,28.70379638671875,CSCO
6950,18-09-2017,32.259998321533196,32.43000030517578,17290900,32.65999984741211,32.52000045776367,28.77458381652832,CSCO
6951,19-09-2017,32.400001525878906,32.459999084472656,12927700,32.650001525878906,32.490001678466804,28.7480411529541,CSCO
6952,20-09-2017,32.389999389648445,32.549999237060554,19865400,32.75,32.59999847412109,28.84537124633789,CSCO
6953,21-09-2017,32.5,32.720001220703125,19870000,32.900001525878906,32.700000762939446,28.93385124206543,CSCO
6954,22-09-2017,32.639999389648445,32.65999984741211,28234900,33.529998779296875,33.36999893188477,29.526689529418945,CSCO
6955,25-09-2017,33.200000762939446,33.310001373291016,32396900,33.84000015258789,33.720001220703125,29.836374282836914,CSCO
6956,26-09-2017,33.669998168945305,33.759998321533196,26138300,34.09999847412109,33.759998321533196,29.87176322937012,CSCO
6957,27-09-2017,33.299999237060554,33.779998779296875,22594600,33.919998168945305,33.47999954223633,29.62401962280273,CSCO
6958,28-09-2017,33.220001220703125,33.220001220703125,15496900,33.459999084472656,33.34999847412109,29.50899314880371,CSCO
6959,29-09-2017,33.240001678466804,33.310001373291016,14802700,33.669998168945305,33.630001068115234,29.756744384765625,CSCO
6960,02-10-2017,33.52000045776367,33.610000610351555,16555200,33.77000045776367,33.75,29.86292266845703,CSCO
6961,03-10-2017,33.610000610351555,33.720001220703125,13346900,33.900001525878906,33.84999847412109,29.95140647888184,CSCO
6962,04-10-2017,33.290000915527344,33.529998779296875,14652200,33.560001373291016,33.439998626708984,29.84430313110352,CSCO
6963,05-10-2017,33.40999984741211,33.580001831054695,14524800,33.669998168945305,33.59000015258789,29.97818374633789,CSCO
6964,06-10-2017,33.52000045776367,33.650001525878906,15464700,33.779998779296875,33.75,30.12097549438477,CSCO
6965,09-10-2017,33.610000610351555,33.77000045776367,8728400,33.889999389648445,33.759998321533196,30.129898071289066,CSCO
6966,10-10-2017,33.470001220703125,33.880001068115234,18011000,33.90999984741211,33.549999237060554,29.94247627258301,CSCO
6967,11-10-2017,33.25,33.380001068115234,12561400,33.630001068115234,33.59000015258789,29.97818374633789,CSCO
6968,12-10-2017,33.169998168945305,33.259998321533196,17905600,33.459999084472656,33.259998321533196,29.68366050720215,CSCO
6969,13-10-2017,33.31999969482422,33.400001525878906,13578800,33.56999969482422,33.470001220703125,29.87108039855957,CSCO
6970,16-10-2017,33.470001220703125,33.59999847412109,10509100,33.639999389648445,33.540000915527344,29.933555603027344,CSCO
6971,17-10-2017,33.459999084472656,33.59000015258789,9303100,33.669998168945305,33.59999847412109,29.987104415893555,CSCO
6972,18-10-2017,33.439998626708984,33.720001220703125,9971200,33.75,33.549999237060554,29.94247627258301,CSCO
6973,19-10-2017,33.450000762939446,33.509998321533196,13203100,33.889999389648445,33.75,30.12097549438477,CSCO
6974,20-10-2017,34.009998321533196,34.02000045776367,24361400,34.389999389648445,34.25,30.56721496582031,CSCO
6975,23-10-2017,34.27000045776367,34.450000762939446,22632000,34.68000030517578,34.34999847412109,30.656455993652344,CSCO
6976,24-10-2017,34.25,34.400001525878906,16280200,34.669998168945305,34.580001831054695,30.86172866821289,CSCO
6977,25-10-2017,34.15999984741211,34.72999954223633,17400900,34.72999954223633,34.299999237060554,30.61183357238769,CSCO
6978,26-10-2017,34.06999969482422,34.40999984741211,14616100,34.509998321533196,34.27000045776367,30.585058212280273,CSCO
6979,27-10-2017,34.09000015258789,34.150001525878906,20356600,34.61999893188477,34.43000030517578,30.72785758972168,CSCO
6980,30-10-2017,33.81999969482422,34.130001068115234,18345100,34.380001068115234,34.040000915527344,30.37979888916016,CSCO
6981,31-10-2017,33.959999084472656,33.97999954223633,13935100,34.240001678466804,34.150001525878906,30.477970123291016,CSCO
6982,01-11-2017,34.279998779296875,34.290000915527344,22051300,34.75,34.61999893188477,30.897422790527344,CSCO
6983,02-11-2017,34.15999984741211,34.549999237060554,19827600,34.639999389648445,34.209999084472656,30.531509399414066,CSCO
6984,03-11-2017,34.029998779296875,34.279998779296875,13414400,34.490001678466804,34.470001220703125,30.763561248779297,CSCO
6985,06-11-2017,34.259998321533196,34.36999893188477,12786900,34.560001373291016,34.40999984741211,30.71000862121582,CSCO
6986,07-11-2017,34.209999084472656,34.31999969482422,11332900,34.47999954223633,34.400001525878906,30.70108413696289,CSCO
6987,08-11-2017,34.11999893188477,34.310001373291016,13061300,34.5,34.5,30.79033088684082,CSCO
6988,09-11-2017,33.86999893188477,34.290000915527344,16785000,34.31999969482422,34.049999237060554,30.38871765136719,CSCO
6989,10-11-2017,33.669998168945305,34.060001373291016,19319400,34.09000015258789,33.990001678466804,30.335166931152344,CSCO
6990,13-11-2017,33.830001831054695,33.860000610351555,16441500,34.209999084472656,33.950000762939446,30.299468994140625,CSCO
6991,14-11-2017,33.799999237060554,33.860000610351555,17468500,34.15999984741211,34.040000915527344,30.37979888916016,CSCO
6992,15-11-2017,33.75,33.970001220703125,30829600,34.310001373291016,34.110000610351555,30.44226837158203,CSCO
6993,16-11-2017,35.83000183105469,36.040000915527344,61177100,36.66999816894531,35.880001068115234,32.02193832397461,CSCO
6994,17-11-2017,35.810001373291016,35.900001525878906,27988000,36.31999969482422,35.900001525878906,32.039794921875,CSCO
6995,20-11-2017,35.93000030517578,35.93000030517578,26897800,36.540000915527344,36.5,32.575279235839844,CSCO
6996,21-11-2017,36.58000183105469,36.75,24146400,36.97000122070313,36.650001525878906,32.70914840698242,CSCO
6997,22-11-2017,36.36000061035156,36.70000076293945,17226400,36.72000122070313,36.45000076293945,32.530654907226555,CSCO
6998,24-11-2017,36.31999969482422,36.40999984741211,6155800,36.56999969482422,36.4900016784668,32.56635284423828,CSCO
6999,27-11-2017,36.5,36.5099983215332,20942200,37.09000015258789,36.86999893188477,32.905487060546875,CSCO
7000,28-11-2017,36.97999954223633,37.0,30966600,37.79999923706055,37.72999954223633,33.67301559448242,CSCO
7001,29-11-2017,37.22999954223633,37.75,36788600,38.02999877929688,37.47999954223633,33.449905395507805,CSCO
7002,30-11-2017,37.29999923706055,37.61999893188477,30749500,37.79999923706055,37.29999923706055,33.289257049560554,CSCO
7003,01-12-2017,36.72999954223633,37.09000015258789,26920900,37.65999984741211,37.599998474121094,33.55699920654297,CSCO
7004,04-12-2017,37.540000915527344,37.810001373291016,29414400,37.9900016784668,37.72000122070313,33.664093017578125,CSCO
7005,05-12-2017,37.16999816894531,37.7400016784668,23288200,37.81999969482422,37.310001373291016,33.298179626464844,CSCO
7006,06-12-2017,37.25,37.36999893188477,16581800,37.72000122070313,37.40999984741211,33.38742828369141,CSCO
7007,07-12-2017,37.2599983215332,37.2599983215332,17092000,37.77999877929688,37.400001525878906,33.37850570678711,CSCO
7008,08-12-2017,37.41999816894531,37.59000015258789,14044400,37.68999862670898,37.61000061035156,33.565921783447266,CSCO
7009,11-12-2017,37.56999969482422,37.59000015258789,16749500,38.040000915527344,37.959999084472656,33.87828826904297,CSCO
7010,12-12-2017,37.560001373291016,37.790000915527344,16658600,38.099998474121094,37.90999984741211,33.83366012573242,CSCO
7011,13-12-2017,38.0,38.09000015258789,20199500,38.36999893188477,38.150001525878906,34.047863006591804,CSCO
7012,14-12-2017,37.849998474121094,38.20000076293945,16738300,38.27000045776367,37.900001525878906,33.824737548828125,CSCO
7013,15-12-2017,37.70000076293945,38.0099983215332,47167700,38.27999877929688,38.18999862670898,34.08355712890625,CSCO
7014,18-12-2017,38.29999923706055,38.47999954223633,21591400,38.88999938964844,38.47999954223633,34.34237289428711,CSCO
7015,19-12-2017,38.27999877929688,38.65999984741211,19695200,38.86000061035156,38.29999923706055,34.181724548339844,CSCO
7016,20-12-2017,38.209999084472656,38.4900016784668,18939500,38.79999923706055,38.7400016784668,34.574417114257805,CSCO
7017,21-12-2017,38.4900016784668,38.88000106811523,16387500,38.9900016784668,38.52999877929688,34.38699722290039,CSCO
7018,22-12-2017,38.47000122070313,38.52000045776367,11441600,38.7400016784668,38.54999923706055,34.40485000610352,CSCO
7019,26-12-2017,38.36000061035156,38.54999923706055,8186100,38.68000030517578,38.47999954223633,34.34237289428711,CSCO
7020,27-12-2017,38.45000076293945,38.540000915527344,10543000,38.650001525878906,38.560001373291016,34.413772583007805,CSCO
7021,28-12-2017,38.45000076293945,38.72999954223633,8807700,38.72999954223633,38.59000015258789,34.44054412841797,CSCO
7022,29-12-2017,38.29999923706055,38.40999984741211,12583600,38.61999893188477,38.29999923706055,34.181724548339844,CSCO
7023,02-01-2018,38.43000030517578,38.66999816894531,20135700,38.95000076293945,38.86000061035156,34.68151092529297,CSCO
7024,03-01-2018,38.52999877929688,38.72000122070313,29536000,39.27999877929688,39.16999816894531,34.95818328857422,CSCO
7025,04-01-2018,38.93000030517578,39.04999923706055,20731400,39.540000915527344,38.9900016784668,35.057083129882805,CSCO
7026,05-01-2018,39.36999893188477,39.54999923706055,24588200,39.88000106811523,39.52999877929688,35.54261016845703,CSCO
7027,08-01-2018,39.349998474121094,39.52000045776367,16582000,39.959999084472656,39.93999862670898,35.91125869750977,CSCO
7028,09-01-2018,39.540000915527344,39.790000915527344,21449800,39.959999084472656,39.68999862670898,35.68647003173828,CSCO
7029,10-01-2018,39.63000106811523,39.650001525878906,19473000,40.2400016784668,39.90999984741211,35.884281158447266,CSCO
7030,11-01-2018,39.75,40.13999938964844,21685600,40.209999084472656,40.099998474121094,36.05511474609375,CSCO
7031,12-01-2018,40.04999923706055,40.22000122070313,23770500,40.93000030517578,40.86999893188477,36.74744033813477,CSCO
7032,16-01-2018,40.31999969482422,40.900001525878906,32845000,41.15999984741211,40.540000915527344,36.45073699951172,CSCO
7033,17-01-2018,40.709999084472656,40.84000015258789,24427100,41.31999969482422,41.20000076293945,37.04416275024414,CSCO
7034,18-01-2018,41.02999877929688,41.2400016784668,19610200,41.47999954223633,41.29999923706055,37.13407516479492,CSCO
7035,19-01-2018,41.099998474121094,41.27999877929688,24582000,41.52000045776367,41.290000915527344,37.125083923339844,CSCO
7036,22-01-2018,41.02000045776367,41.20000076293945,22995100,41.65999984741211,41.65999984741211,37.457763671875,CSCO
7037,23-01-2018,41.540000915527344,41.540000915527344,23984500,42.13000106811523,42.099998474121094,37.85337829589844,CSCO
7038,24-01-2018,42.0099983215332,42.20000076293945,26696200,42.68999862670898,42.16999816894531,37.916316986083984,CSCO
7039,25-01-2018,41.81999969482422,42.27000045776367,19207500,42.47000122070313,41.900001525878906,37.67355346679688,CSCO
7040,26-01-2018,41.95000076293945,42.150001525878906,23380400,42.560001373291016,42.560001373291016,38.2669792175293,CSCO
7041,29-01-2018,42.29999923706055,42.29999923706055,23625900,42.97999954223633,42.849998474121094,38.52772903442383,CSCO
7042,30-01-2018,41.97000122070313,42.68999862670898,28993900,42.86000061035156,42.25,37.98825073242188,CSCO
7043,31-01-2018,41.349998474121094,41.97999954223633,36512100,42.0099983215332,41.540000915527344,37.34986114501953,CSCO
7044,01-02-2018,40.66999816894531,41.09000015258789,26148500,42.11000061035156,41.70000076293945,37.49372863769531,CSCO
7045,02-02-2018,40.86999893188477,41.5,27224200,41.95000076293945,40.93000030517578,36.8014030456543,CSCO
7046,05-02-2018,38.72000122070313,40.86999893188477,52399600,41.40999984741211,38.77999877929688,34.86826705932617,CSCO
7047,06-02-2018,37.349998474121094,38.33000183105469,55171600,40.310001373291016,40.16999816894531,36.11806106567383,CSCO
7048,07-02-2018,40.02999877929688,40.310001373291016,32690800,41.209999084472656,40.34000015258789,36.270904541015625,CSCO
7049,08-02-2018,38.72000122070313,40.43999862670898,42982100,40.7599983215332,38.77000045776367,34.859268188476555,CSCO
7050,09-02-2018,38.22999954223633,39.0,51304200,39.91999816894531,39.52999877929688,35.54261016845703,CSCO
7051,12-02-2018,40.22999954223633,40.52000045776367,38210700,40.90999984741211,40.599998474121094,36.50468063354492,CSCO
7052,13-02-2018,40.22000122070313,40.5,30999100,41.310001373291016,41.22999954223633,37.07114028930664,CSCO
7053,14-02-2018,40.9900016784668,41.040000915527344,43835900,42.2599983215332,42.09000015258789,37.84439086914063,CSCO
7054,15-02-2018,43.2599983215332,45.06999969482422,72267500,45.13000106811523,44.08000183105469,39.6336555480957,CSCO
7055,16-02-2018,43.790000915527344,43.88999938964844,39267500,45.09000015258789,44.33000183105469,39.85844802856445,CSCO
7056,20-02-2018,43.810001373291016,44.0,29006900,44.68999862670898,44.060001373291016,39.61567306518555,CSCO
7057,21-02-2018,43.27999877929688,44.11000061035156,28499200,44.41999816894531,43.310001373291016,38.94132614135742,CSCO
7058,22-02-2018,42.75,43.4900016784668,25887600,43.560001373291016,42.93999862670898,38.60865020751953,CSCO
7059,23-02-2018,42.91999816894531,43.36999893188477,25781400,44.040000915527344,44.0,39.56172561645508,CSCO
7060,26-02-2018,44.13000106811523,44.29999923706055,27771100,45.45000076293945,45.36000061035156,40.7845458984375,CSCO
7061,27-02-2018,44.61999893188477,45.40999984741211,27419300,45.61000061035156,45.040000915527344,40.496826171875,CSCO
7062,28-02-2018,44.77999877929688,45.27000045776367,26885200,45.88999938964844,44.77999877929688,40.2630500793457,CSCO
7063,01-03-2018,43.349998474121094,44.68000030517578,32154300,45.0,43.79999923706055,39.38189697265625,CSCO
7064,02-03-2018,43.099998474121094,43.290000915527344,28848100,44.22000122070313,44.060001373291016,39.61567306518555,CSCO
7065,05-03-2018,43.70000076293945,43.91999816894531,22101700,44.77000045776367,44.52000045776367,40.02927017211914,CSCO
7066,06-03-2018,44.13999938964844,44.650001525878906,21930000,44.790000915527344,44.290000915527344,39.82247543334961,CSCO
7067,07-03-2018,43.79999923706055,44.02999877929688,22034400,44.38999938964844,44.20000076293945,39.74155044555664,CSCO
7068,08-03-2018,43.93999862670898,44.25,20285600,44.40999984741211,44.34000015258789,39.86742782592773,CSCO
7069,09-03-2018,44.61000061035156,44.61999893188477,22230900,45.540000915527344,45.36999893188477,40.79353332519531,CSCO
7070,12-03-2018,45.4000015258789,45.52999877929688,18299800,45.86999893188477,45.54999923706055,40.955379486083984,CSCO
7071,13-03-2018,44.91999816894531,45.77999877929688,23411200,46.15999984741211,45.15999984741211,40.604713439941406,CSCO
7072,14-03-2018,45.09000015258789,45.34000015258789,21141100,45.7599983215332,45.27999877929688,40.71261215209961,CSCO
7073,15-03-2018,45.11999893188477,45.29999923706055,23520400,45.7400016784668,45.33000183105469,40.75757598876953,CSCO
7074,16-03-2018,44.97000122070313,45.33000183105469,56129000,45.599998474121094,45.0099983215332,40.4698486328125,CSCO
7075,19-03-2018,43.900001525878906,44.59000015258789,26734100,44.81999969482422,44.27000045776367,39.80449295043945,CSCO
7076,20-03-2018,44.18000030517578,44.4900016784668,22809700,44.63999938964844,44.36999893188477,39.8944091796875,CSCO
7077,21-03-2018,44.13000106811523,44.2400016784668,22528200,44.900001525878906,44.310001373291016,39.84045791625977,CSCO
7078,22-03-2018,43.02000045776367,43.7599983215332,29520800,44.02000045776367,43.06999969482422,38.72553634643555,CSCO
7079,23-03-2018,42.41999816894531,43.709999084472656,31759200,43.84000015258789,42.41999816894531,38.14109802246094,CSCO
7080,26-03-2018,42.83000183105469,43.25,29731900,44.15999984741211,44.060001373291016,39.61567306518555,CSCO
7081,27-03-2018,42.2400016784668,44.4900016784668,30942000,44.52000045776367,42.68000030517578,38.37487030029297,CSCO
7082,28-03-2018,41.61999893188477,42.5099983215332,36696800,42.84000015258789,41.65999984741211,37.457763671875,CSCO
7083,29-03-2018,41.58000183105469,41.93999862670898,55021200,42.93000030517578,42.88999938964844,38.56368637084961,CSCO
7084,02-04-2018,40.52999877929688,42.52000045776367,36791800,42.63000106811523,41.0099983215332,36.87332153320313,CSCO
7085,03-04-2018,40.72000122070313,41.34000015258789,28003900,41.5,41.38000106811523,37.20600891113281,CSCO
7086,04-04-2018,40.18999862670898,40.38999938964844,30117600,41.54999923706055,41.20000076293945,37.34196090698242,CSCO
7087,05-04-2018,41.38000106811523,41.5,29331600,42.02000045776367,41.81999969482422,37.90389633178711,CSCO
7088,06-04-2018,40.45000076293945,41.400001525878906,32208700,41.68000030517578,40.72999954223633,36.91596984863281,CSCO
7089,09-04-2018,40.900001525878906,40.95000076293945,25725800,42.060001373291016,41.16999816894531,37.31477355957031,CSCO
7090,10-04-2018,41.75,42.099998474121094,22724400,42.709999084472656,42.5099983215332,38.52928924560547,CSCO
7091,11-04-2018,42.2599983215332,42.41999816894531,21693000,42.900001525878906,42.43000030517578,38.45677947998047,CSCO
7092,12-04-2018,42.72999954223633,42.77999877929688,22297000,43.63999938964844,43.34000015258789,39.28156280517578,CSCO
7093,13-04-2018,42.63999938964844,43.54999923706055,18272300,43.7400016784668,43.0,38.97340393066406,CSCO
7094,16-04-2018,43.02999877929688,43.11999893188477,15807900,43.63999938964844,43.29999923706055,39.24530792236328,CSCO
7095,17-04-2018,43.709999084472656,43.849998474121094,21474600,44.75,44.59000015258789,40.41450881958008,CSCO
7096,18-04-2018,44.29999923706055,44.61000061035156,17605300,44.91999816894531,44.63000106811523,40.45076370239258,CSCO
7097,19-04-2018,44.38000106811523,44.41999816894531,21472300,44.95000076293945,44.560001373291016,40.38733291625977,CSCO
7098,20-04-2018,43.61999893188477,44.5,23539200,44.75,44.09000015258789,39.96133804321289,CSCO
7099,23-04-2018,43.86999893188477,44.2599983215332,20716800,44.47999954223633,44.25,40.106346130371094,CSCO
7100,24-04-2018,43.33000183105469,44.43000030517578,21421500,44.90999984741211,43.7400016784668,39.64410781860352,CSCO
7101,25-04-2018,42.75,43.79999923706055,21706000,43.9900016784668,43.709999084472656,39.61691284179688,CSCO
7102,26-04-2018,43.43999862670898,43.97999954223633,20549300,44.4900016784668,44.209999084472656,40.07009887695313,CSCO
7103,27-04-2018,44.36000061035156,44.68999862670898,20077400,45.34000015258789,44.709999084472656,40.52327728271485,CSCO
7104,30-04-2018,44.27999877929688,44.91999816894531,19958500,45.18000030517578,44.290000915527344,40.1426010131836,CSCO
7105,01-05-2018,43.83000183105469,43.90999984741211,16865500,44.95000076293945,44.83000183105469,40.63203811645508,CSCO
7106,02-05-2018,43.79999923706055,44.90999984741211,23601600,45.04999923706055,43.86000061035156,39.752872467041016,CSCO
7107,03-05-2018,43.43999862670898,44.0099983215332,23750200,44.810001373291016,44.43999862670898,40.27855682373047,CSCO
7108,04-05-2018,43.900001525878906,44.0099983215332,19504100,45.5,45.29999923706055,41.05802536010742,CSCO
7109,07-05-2018,45.29999923706055,45.36000061035156,17822400,46.0,45.72999954223633,41.44775772094727,CSCO
7110,08-05-2018,45.38000106811523,45.81999969482422,20285300,45.86999893188477,45.709999084472656,41.42963409423828,CSCO
7111,09-05-2018,45.18999862670898,45.9000015258789,20438300,46.099998474121094,46.040000915527344,41.72873306274414,CSCO
7112,10-05-2018,45.66999816894531,46.0,18469400,46.36999893188477,46.29999923706055,41.96438980102539,CSCO
7113,11-05-2018,45.77999877929688,46.09000015258789,17551500,46.27000045776367,45.93000030517578,41.62904357910156,CSCO
7114,14-05-2018,45.66999816894531,45.75,22037700,46.22999954223633,45.70000076293945,41.420570373535156,CSCO
7115,15-05-2018,44.93000030517578,45.209999084472656,24753600,45.54999923706055,45.47999954223633,41.22117614746094,CSCO
7116,16-05-2018,45.0099983215332,45.36000061035156,31253700,45.54999923706055,45.15999984741211,40.93113708496094,CSCO
7117,17-05-2018,43.02000045776367,43.13000106811523,48210400,44.15999984741211,43.459999084472656,39.39032745361328,CSCO
7118,18-05-2018,43.11000061035156,43.459999084472656,24456000,43.56999969482422,43.209999084472656,39.16373825073242,CSCO
7119,21-05-2018,43.41999816894531,43.4900016784668,21785900,43.93999862670898,43.75,39.65317153930664,CSCO
7120,22-05-2018,43.47999954223633,43.790000915527344,16381800,43.90999984741211,43.650001525878906,39.56253433227539,CSCO
7121,23-05-2018,42.88999938964844,43.400001525878906,20638800,43.70000076293945,43.68000030517578,39.58972549438477,CSCO
7122,24-05-2018,43.0099983215332,43.599998474121094,18377500,43.97000122070313,43.56999969482422,39.490028381347656,CSCO
7123,25-05-2018,43.209999084472656,43.459999084472656,15362000,43.61999893188477,43.2599983215332,39.20904922485352,CSCO
7124,29-05-2018,42.52000045776367,42.7599983215332,25197400,43.15999984741211,42.97000122070313,38.94620895385742,CSCO
7125,30-05-2018,42.83000183105469,43.08000183105469,22498800,43.34000015258789,42.849998474121094,38.83745574951172,CSCO
7126,31-05-2018,42.61000061035156,42.86000061035156,31439600,43.13000106811523,42.709999084472656,38.71055603027344,CSCO
7127,01-06-2018,42.88000106811523,42.90999984741211,18352700,43.68999862670898,43.65999984741211,39.57160186767578,CSCO
7128,04-06-2018,43.209999084472656,43.5,18087700,43.83000183105469,43.58000183105469,39.49909210205078,CSCO
7129,05-06-2018,43.38999938964844,43.7400016784668,16728800,43.75,43.66999816894531,39.580657958984375,CSCO
7130,06-06-2018,43.65999984741211,43.7599983215332,17730200,44.310001373291016,44.2599983215332,40.11541366577149,CSCO
7131,07-06-2018,43.349998474121094,44.2400016784668,19722000,44.38999938964844,43.650001525878906,39.56253433227539,CSCO
7132,08-06-2018,43.310001373291016,43.52000045776367,18812400,43.72999954223633,43.47999954223633,39.408451080322266,CSCO
7133,11-06-2018,43.43999862670898,43.61999893188477,15069000,43.91999816894531,43.68999862670898,39.598793029785156,CSCO
7134,12-06-2018,43.47000122070313,43.68000030517578,17564900,43.95000076293945,43.93999862670898,39.82537460327149,CSCO
7135,13-06-2018,43.84000015258789,44.02000045776367,24383200,44.52999877929688,44.0099983215332,39.88882827758789,CSCO
7136,14-06-2018,44.04999923706055,44.22999954223633,24020500,44.810001373291016,44.68999862670898,40.505149841308594,CSCO
7137,15-06-2018,43.59000015258789,44.36000061035156,49379800,44.52999877929688,44.25,40.106346130371094,CSCO
7138,18-06-2018,43.38999938964844,43.86999893188477,17625400,44.41999816894531,44.209999084472656,40.07009887695313,CSCO
7139,19-06-2018,43.43999862670898,43.61999893188477,22199200,44.02000045776367,43.81999969482422,39.71662139892578,CSCO
7140,20-06-2018,43.70000076293945,43.95000076293945,21276500,43.9900016784668,43.7400016784668,39.64410781860352,CSCO
7141,21-06-2018,43.060001373291016,43.68999862670898,20924400,43.77999877929688,43.15999984741211,39.1184196472168,CSCO
7142,22-06-2018,42.88999938964844,43.34000015258789,27460000,43.45000076293945,43.20000076293945,39.15467834472656,CSCO
7143,25-06-2018,41.810001373291016,42.68999862670898,28626700,42.81999969482422,42.290000915527344,38.32988739013672,CSCO
7144,26-06-2018,42.38999938964844,42.47999954223633,22171200,43.13999938964844,42.54999923706055,38.56553649902344,CSCO
7145,27-06-2018,42.27999877929688,42.72999954223633,20794800,43.150001525878906,42.33000183105469,38.366153717041016,CSCO
7146,28-06-2018,42.27999877929688,42.33000183105469,22197700,43.18999862670898,42.93999862670898,38.91901397705078,CSCO
7147,29-06-2018,42.97000122070313,43.04999923706055,20522900,43.5,43.02999877929688,39.000587463378906,CSCO
7148,02-07-2018,42.20000076293945,42.560001373291016,21810900,42.83000183105469,42.810001373291016,38.80120086669922,CSCO
7149,03-07-2018,42.61999893188477,42.93999862670898,13474700,43.22999954223633,42.66999816894531,38.674312591552734,CSCO
7150,05-07-2018,41.959999084472656,42.560001373291016,18118700,42.63999938964844,42.560001373291016,38.87525939941406,CSCO
7151,06-07-2018,42.310001373291016,42.38999938964844,20258300,42.88000106811523,42.709999084472656,39.01226425170898,CSCO
7152,09-07-2018,42.36000061035156,42.75,23210000,42.77999877929688,42.66999816894531,38.97573471069336,CSCO
7153,10-07-2018,42.709999084472656,42.86999893188477,20224600,43.040000915527344,42.86000061035156,39.14928817749024,CSCO
7154,11-07-2018,42.43999862670898,42.560001373291016,17721600,42.7599983215332,42.56999969482422,38.88439178466797,CSCO
7155,12-07-2018,42.75,42.7599983215332,17999500,43.63000106811523,43.58000183105469,39.80694961547852,CSCO
7156,13-07-2018,40.93999862670898,43.52000045776367,50831300,43.77999877929688,41.77999877929688,38.162784576416016,CSCO
7157,16-07-2018,42.0,42.04999923706055,24468000,42.93999862670898,42.5,38.820457458496094,CSCO
7158,17-07-2018,42.13999938964844,42.209999084472656,21188400,42.5099983215332,42.34000015258789,38.674312591552734,CSCO
7159,18-07-2018,42.150001525878906,42.2400016784668,20364000,42.47000122070313,42.209999084472656,38.55556106567383,CSCO
7160,19-07-2018,42.22000122070313,42.79999923706055,24498800,43.0099983215332,42.400001525878906,38.7291145324707,CSCO
7161,20-07-2018,41.86000061035156,42.2599983215332,20732100,42.36999893188477,42.0099983215332,38.37287521362305,CSCO
7162,23-07-2018,41.43999862670898,41.91999816894531,15656500,42.11999893188477,42.060001373291016,38.418540954589844,CSCO
7163,24-07-2018,42.06999969482422,42.22000122070313,17493900,42.88000106811523,42.38999938964844,38.71997833251953,CSCO
7164,25-07-2018,42.290000915527344,42.36000061035156,20658300,43.22000122070313,43.15999984741211,39.42331314086914,CSCO
7165,26-07-2018,43.22000122070313,43.58000183105469,23518700,43.83000183105469,43.52999877929688,39.76127243041992,CSCO
7166,27-07-2018,42.41999816894531,43.2599983215332,22050900,43.61999893188477,42.56999969482422,38.88439178466797,CSCO
7167,30-07-2018,42.08000183105469,42.459999084472656,15300400,42.61000061035156,42.16999816894531,38.51902389526367,CSCO
7168,31-07-2018,41.91999816894531,42.2400016784668,20900300,42.61999893188477,42.290000915527344,38.62864303588867,CSCO
7169,01-08-2018,41.33000183105469,41.9900016784668,21650000,42.34000015258789,41.86000061035156,38.23586654663086,CSCO
7170,02-08-2018,41.20000076293945,41.38999938964844,18033200,42.599998474121094,42.52999877929688,38.84785842895508,CSCO
7171,03-08-2018,42.459999084472656,42.709999084472656,13394300,42.88000106811523,42.83000183105469,39.121883392333984,CSCO
7172,06-08-2018,42.65999984741211,42.72999954223633,14345800,43.40999984741211,43.29999923706055,39.55119323730469,CSCO
7173,07-08-2018,43.2400016784668,43.29999923706055,18040500,43.63999938964844,43.58000183105469,39.80694961547852,CSCO
7174,08-08-2018,43.43999862670898,43.63999938964844,13917100,43.959999084472656,43.84000015258789,40.0444450378418,CSCO
7175,09-08-2018,43.70000076293945,43.88999938964844,14098900,44.11000061035156,43.77999877929688,39.9896354675293,CSCO
7176,10-08-2018,43.58000183105469,43.68999862670898,14322100,43.95000076293945,43.77999877929688,39.9896354675293,CSCO
7177,13-08-2018,43.70000076293945,44.08000183105469,18113200,44.38999938964844,43.75,39.96223831176758,CSCO
7178,14-08-2018,43.58000183105469,43.84000015258789,15981300,44.27999877929688,44.0,40.190589904785156,CSCO
7179,15-08-2018,43.0099983215332,43.65999984741211,27902200,44.5,43.86000061035156,40.06270980834961,CSCO
7180,16-08-2018,45.08000183105469,45.77000045776367,48648500,46.09000015258789,45.15999984741211,41.250160217285156,CSCO
7181,17-08-2018,44.91999816894531,45.099998474121094,23153900,46.08000183105469,45.86999893188477,41.898681640625,CSCO
7182,20-08-2018,45.77999877929688,45.9900016784668,19288500,46.33000183105469,46.22000122070313,42.21837997436523,CSCO
7183,21-08-2018,45.72000122070313,46.25,18617300,46.43000030517578,45.77999877929688,41.81647109985352,CSCO
7184,22-08-2018,45.72000122070313,45.95000076293945,13202900,46.15999984741211,45.9900016784668,42.008296966552734,CSCO
7185,23-08-2018,45.849998474121094,45.88000106811523,15379000,46.25,46.02000045776367,42.03570175170898,CSCO
7186,24-08-2018,46.06999969482422,46.20000076293945,15575200,46.43999862670898,46.31999969482422,42.30972290039063,CSCO
7187,27-08-2018,46.34000015258789,46.5,17209900,46.86000061035156,46.59000015258789,42.55635452270508,CSCO
7188,28-08-2018,46.61999893188477,46.77999877929688,19147300,47.27000045776367,46.95000076293945,42.88518524169922,CSCO
7189,29-08-2018,46.9000015258789,47.06999969482422,20220600,47.61999893188477,47.47999954223633,43.36929702758789,CSCO
7190,30-08-2018,46.97000122070313,47.31000137329102,16238500,47.540000915527344,47.1500015258789,43.067867279052734,CSCO
7191,31-08-2018,46.79999923706055,46.90999984741211,24904200,47.83000183105469,47.77000045776367,43.634193420410156,CSCO
7192,04-09-2018,47.5099983215332,47.84000015258789,19122200,48.06000137329102,47.72999954223633,43.5976448059082,CSCO
7193,05-09-2018,46.7599983215332,47.56000137329102,20818100,47.6500015258789,47.27000045776367,43.1774787902832,CSCO
7194,06-09-2018,47.06999969482422,47.43999862670898,16537600,47.9000015258789,47.27999877929688,43.186607360839844,CSCO
7195,07-09-2018,46.88000106811523,47.0099983215332,17229700,47.4900016784668,47.04999923706055,42.97652816772461,CSCO
7196,10-09-2018,46.77999877929688,47.29999923706055,16597200,47.459999084472656,47.06999969482422,42.99479675292969,CSCO
7197,11-09-2018,46.43999862670898,46.90999984741211,17291500,47.16999816894531,47.02999877929688,42.958251953125,CSCO
7198,12-09-2018,46.43999862670898,46.86000061035156,16649400,47.0099983215332,46.88999938964844,42.83038330078125,CSCO
7199,13-09-2018,46.79999923706055,46.84000015258789,17972100,47.4000015258789,47.2400016784668,43.15008163452149,CSCO
7200,14-09-2018,47.099998474121094,47.27000045776367,13937000,47.4900016784668,47.4000015258789,43.29622268676758,CSCO
7201,17-09-2018,47.06999969482422,47.22999954223633,14430200,47.58000183105469,47.11000061035156,43.031333923339844,CSCO
7202,18-09-2018,47.06999969482422,47.06999969482422,16469600,47.6500015258789,47.459999084472656,43.35103225708008,CSCO
7203,19-09-2018,47.11999893188477,47.41999816894531,12721900,47.61999893188477,47.27999877929688,43.186607360839844,CSCO
7204,20-09-2018,47.15999984741211,47.40999984741211,17007800,47.81000137329102,47.72999954223633,43.5976448059082,CSCO
7205,21-09-2018,47.81999969482422,47.93000030517578,59664600,48.63999938964844,48.56000137329102,44.35579681396485,CSCO
7206,24-09-2018,48.18999862670898,48.209999084472656,21819300,48.61999893188477,48.43999862670898,44.24618148803711,CSCO
7207,25-09-2018,48.43000030517578,48.56999969482422,15810800,48.88000106811523,48.47000122070313,44.27357864379883,CSCO
7208,26-09-2018,48.27000045776367,48.7400016784668,20080100,49.06000137329102,48.40999984741211,44.21878051757813,CSCO
7209,27-09-2018,48.209999084472656,48.33000183105469,15910100,48.7599983215332,48.33000183105469,44.14570617675781,CSCO
7210,28-09-2018,48.06000137329102,48.27000045776367,15474300,48.79999923706055,48.6500015258789,44.43800735473633,CSCO
7211,01-10-2018,48.66999816894531,49.0,13669500,49.13999938964844,48.86999893188477,44.638954162597656,CSCO
7212,02-10-2018,48.66999816894531,48.75,15671600,49.13999938964844,49.0099983215332,44.76682662963867,CSCO
7213,03-10-2018,49.06999969482422,49.2599983215332,16737500,49.47000122070313,49.13999938964844,44.88558197021485,CSCO
7214,04-10-2018,48.040000915527344,48.63000106811523,22110900,48.77000045776367,48.38000106811523,44.490150451660156,CSCO
7215,05-10-2018,47.61000061035156,48.4000015258789,19103300,48.849998474121094,48.13000106811523,44.26025772094727,CSCO
7216,08-10-2018,47.1500015258789,47.91999816894531,23791400,48.5,47.52000045776367,43.69929885864258,CSCO
7217,09-10-2018,47.27999877929688,47.52999877929688,17008400,48.02999877929688,47.4900016784668,43.67170715332031,CSCO
7218,10-10-2018,45.540000915527344,47.43999862670898,33055800,47.5099983215332,45.63000106811523,41.96125411987305,CSCO
7219,11-10-2018,43.91999816894531,45.459999084472656,36496300,45.599998474121094,44.11999893188477,40.57266616821289,CSCO
7220,12-10-2018,44.459999084472656,44.93000030517578,35424000,45.849998474121094,45.709999084472656,42.034828186035156,CSCO
7221,15-10-2018,44.66999816894531,45.52000045776367,26160500,45.72000122070313,44.66999816894531,41.07844161987305,CSCO
7222,16-10-2018,44.849998474121094,45.290000915527344,22669400,45.93999862670898,45.81999969482422,42.135986328125,CSCO
7223,17-10-2018,45.22000122070313,45.88999938964844,17803400,46.22999954223633,45.93999862670898,42.24633026123047,CSCO
7224,18-10-2018,45.1500015258789,46.29999923706055,19044600,46.4900016784668,45.459999084472656,41.8049201965332,CSCO
7225,19-10-2018,45.13000106811523,45.4000015258789,21356300,46.20000076293945,45.34000015258789,41.69457626342773,CSCO
7226,22-10-2018,45.40999984741211,45.77000045776367,19195400,46.27999877929688,45.7599983215332,42.0807991027832,CSCO
7227,23-10-2018,44.43999862670898,45.1500015258789,21836200,45.77000045776367,45.41999816894531,41.76813507080078,CSCO
7228,24-10-2018,43.959999084472656,45.4900016784668,29588800,45.68000030517578,44.06999969482422,40.52667999267578,CSCO
7229,25-10-2018,44.209999084472656,44.61999893188477,27054500,45.81000137329102,45.47000122070313,41.814125061035156,CSCO
7230,26-10-2018,43.77999877929688,44.56999969482422,31806600,45.11000061035156,44.25,40.69221115112305,CSCO
7231,29-10-2018,42.93999862670898,44.88999938964844,28214200,45.04999923706055,43.84000015258789,40.315185546875,CSCO
7232,30-10-2018,43.75,43.91999816894531,25924600,44.70000076293945,44.58000183105469,40.99568557739258,CSCO
7233,31-10-2018,44.88999938964844,45.04999923706055,26023700,46.29999923706055,45.75,42.07161331176758,CSCO
7234,01-11-2018,45.099998474121094,45.66999816894531,24662100,45.88000106811523,45.6500015258789,41.979652404785156,CSCO
7235,02-11-2018,44.97999954223633,45.72000122070313,25581300,46.09000015258789,45.47999954223633,41.82331848144531,CSCO
7236,05-11-2018,45.349998474121094,45.7400016784668,17525200,46.43999862670898,46.13999938964844,42.43025588989258,CSCO
7237,06-11-2018,46.0,46.040000915527344,15446700,46.61999893188477,46.5,42.76131057739258,CSCO
7238,07-11-2018,46.75,46.97999954223633,19990400,47.93000030517578,47.9000015258789,44.048744201660156,CSCO
7239,08-11-2018,47.86999893188477,47.86999893188477,21002000,48.43999862670898,48.43999862670898,44.545326232910156,CSCO
7240,09-11-2018,46.70000076293945,48.08000183105469,22015400,48.25,47.11000061035156,43.322261810302734,CSCO
7241,12-11-2018,45.540000915527344,47.13999938964844,25913500,47.25,45.61999893188477,41.952064514160156,CSCO
7242,13-11-2018,45.02999877929688,45.70000076293945,26196700,46.06000137329102,45.11999893188477,41.49225997924805,CSCO
7243,14-11-2018,44.08000183105469,45.459999084472656,36613500,45.63999938964844,44.33000183105469,40.76578140258789,CSCO
7244,15-11-2018,45.1500015258789,46.79999923706055,45983300,47.099998474121094,46.77000045776367,43.00960159301758,CSCO
7245,16-11-2018,46.13000106811523,46.459999084472656,31327400,47.040000915527344,46.349998474121094,42.62336730957031,CSCO
7246,19-11-2018,45.25,46.349998474121094,28370400,46.58000183105469,45.75,42.07161331176758,CSCO
7247,20-11-2018,44.13999938964844,44.91999816894531,28430600,45.290000915527344,44.4900016784668,40.91291427612305,CSCO
7248,21-11-2018,44.400001525878906,44.95000076293945,20117400,45.18000030517578,44.88999938964844,41.280757904052734,CSCO
7249,23-11-2018,44.38999938964844,44.45000076293945,9372900,45.11999893188477,44.540000915527344,40.95888900756836,CSCO
7250,26-11-2018,45.09000015258789,45.13999938964844,18275900,45.63999938964844,45.56999969482422,41.90608596801758,CSCO
7251,27-11-2018,45.209999084472656,45.45000076293945,21472700,46.38999938964844,46.11999893188477,42.41185760498047,CSCO
7252,28-11-2018,46.11999893188477,46.29999923706055,24293800,47.47999954223633,47.290000915527344,43.48779296875,CSCO
7253,29-11-2018,46.9000015258789,46.9000015258789,22650800,47.7599983215332,47.34000015258789,43.53376770019531,CSCO
7254,30-11-2018,46.91999816894531,47.27000045776367,41619100,47.90999984741211,47.86999893188477,44.02114868164063,CSCO
7255,03-12-2018,48.08000183105469,48.31999969482422,24690100,48.790000915527344,48.7400016784668,44.82120895385742,CSCO
7256,04-12-2018,47.25,48.70000076293945,30802700,49.13999938964844,47.349998474121094,43.54296112060547,CSCO
7257,06-12-2018,46.47000122070313,46.9900016784668,40133000,48.459999084472656,48.38999938964844,44.49935531616211,CSCO
7258,07-12-2018,46.36000061035156,48.15999984741211,38298000,48.4900016784668,46.43999862670898,42.70612716674805,CSCO
7259,10-12-2018,45.81999969482422,46.29999923706055,28682000,47.13000106811523,46.86000061035156,43.09236526489258,CSCO
7260,11-12-2018,46.709999084472656,47.86000061035156,26048500,47.9000015258789,47.09000015258789,43.303871154785156,CSCO
7261,12-12-2018,47.36000061035156,47.91999816894531,23157200,48.20000076293945,47.41999816894531,43.607330322265625,CSCO
7262,13-12-2018,47.13000106811523,47.68000030517578,20051700,47.97000122070313,47.47000122070313,43.6533203125,CSCO
7263,14-12-2018,45.63999938964844,46.36999893188477,27364500,46.61999893188477,45.81999969482422,42.135986328125,CSCO
7264,17-12-2018,43.90999984741211,45.81999969482422,36610300,45.9900016784668,44.20000076293945,40.64623641967773,CSCO
7265,18-12-2018,43.72999954223633,44.54999923706055,30513800,44.61000061035156,44.060001373291016,40.517494201660156,CSCO
7266,19-12-2018,42.56999969482422,43.88999938964844,34820100,44.91999816894531,43.13999938964844,39.67145538330078,CSCO
7267,20-12-2018,41.86999893188477,42.9900016784668,38810900,43.22999954223633,42.4900016784668,39.073726654052734,CSCO
7268,21-12-2018,41.7400016784668,42.90999984741211,77915100,43.459999084472656,41.849998474121094,38.48517227172852,CSCO
7269,24-12-2018,40.25,41.70000076293945,24069400,41.810001373291016,40.27999877929688,37.04140853881836,CSCO
7270,26-12-2018,40.400001525878906,40.68000030517578,33335900,42.5,42.47000122070313,39.05533218383789,CSCO
7271,27-12-2018,41.150001525878906,41.88999938964844,28404100,42.93000030517578,42.90999984741211,39.459957122802734,CSCO
7272,28-12-2018,42.459999084472656,43.16999816894531,22447300,43.52999877929688,42.77000045776367,39.33121109008789,CSCO
7273,31-12-2018,42.88999938964844,43.18999862670898,20581200,43.54999923706055,43.33000183105469,39.8461799621582,CSCO
7274,02-01-2019,42.209999084472656,42.27999877929688,23833500,43.20000076293945,42.95000076293945,39.49673843383789,CSCO
7275,03-01-2019,40.959999084472656,42.29999923706055,29606700,42.40999984741211,41.06999969482422,38.06032180786133,CSCO
7276,04-01-2019,41.52999877929688,41.849998474121094,27515000,43.0,42.91999816894531,39.774749755859375,CSCO
7277,07-01-2019,42.7599983215332,42.86000061035156,19488100,43.650001525878906,43.209999084472656,40.043495178222656,CSCO
7278,08-01-2019,43.099998474121094,43.56999969482422,22071400,43.93999862670898,43.560001373291016,40.36785125732422,CSCO
7279,09-01-2019,43.16999816894531,43.86999893188477,22640000,43.86999893188477,43.31999969482422,40.14543533325195,CSCO
7280,10-01-2019,42.58000183105469,43.11000061035156,23277600,43.290000915527344,43.2400016784668,40.07130432128906,CSCO
7281,11-01-2019,42.88999938964844,43.11000061035156,17378400,43.540000915527344,43.4900016784668,40.30297470092773,CSCO
7282,14-01-2019,43.0,43.08000183105469,16243600,43.38999938964844,43.209999084472656,40.043495178222656,CSCO
7283,15-01-2019,43.150001525878906,43.33000183105469,17744100,44.040000915527344,44.02000045776367,40.79413986206055,CSCO
7284,16-01-2019,43.7599983215332,44.11999893188477,17262500,44.2400016784668,43.959999084472656,40.73853302001953,CSCO
7285,17-01-2019,43.79999923706055,43.86999893188477,18826200,44.52999877929688,44.209999084472656,40.970211029052734,CSCO
7286,18-01-2019,44.310001373291016,44.47999954223633,24416500,45.349998474121094,45.02999877929688,41.730125427246094,CSCO
7287,22-01-2019,44.38000106811523,44.88000106811523,21338400,45.2400016784668,44.77999877929688,41.498443603515625,CSCO
7288,23-01-2019,45.02000045776367,45.13999938964844,24770400,45.88000106811523,45.459999084472656,42.128604888916016,CSCO
7289,24-01-2019,45.22999954223633,45.63000106811523,17360600,45.75,45.61000061035156,42.26762008666992,CSCO
7290,25-01-2019,45.95000076293945,46.11999893188477,24196600,46.65999984741211,46.13000106811523,42.74951553344727,CSCO
7291,28-01-2019,45.22999954223633,45.72999954223633,18296700,45.77000045776367,45.75,42.397361755371094,CSCO
7292,29-01-2019,45.6500015258789,45.81000137329102,14470100,46.04999923706055,45.959999084472656,42.59197616577149,CSCO
7293,30-01-2019,45.91999816894531,45.93999862670898,18329300,46.93000030517578,46.709999084472656,43.287010192871094,CSCO
7294,31-01-2019,46.52000045776367,46.72000122070313,23693600,47.38000106811523,47.290000915527344,43.82451248168945,CSCO
7295,01-02-2019,47.04999923706055,47.36999893188477,16266500,47.56000137329102,47.34000015258789,43.87084579467773,CSCO
7296,04-02-2019,47.11999893188477,47.22000122070313,15743100,47.47000122070313,47.349998474121094,43.880104064941406,CSCO
7297,05-02-2019,47.08000183105469,47.41999816894531,16946300,47.459999084472656,47.2599983215332,43.79670333862305,CSCO
7298,06-02-2019,46.95000076293945,47.11999893188477,18160500,47.59000015258789,47.47999954223633,44.000587463378906,CSCO
7299,07-02-2019,46.4900016784668,47.18999862670898,20331200,47.31999969482422,46.70000076293945,43.27775192260742,CSCO
7300,08-02-2019,46.29999923706055,46.4000015258789,18407100,47.20000076293945,47.18999862670898,43.73183059692383,CSCO
7301,11-02-2019,47.13000106811523,47.34000015258789,19363600,47.709999084472656,47.58000183105469,44.093257904052734,CSCO
7302,12-02-2019,47.15999984741211,47.27000045776367,23909200,48.1500015258789,47.88999938964844,44.38053894042969,CSCO
7303,13-02-2019,47.11999893188477,47.86000061035156,28325600,47.95000076293945,47.5,44.01911544799805,CSCO
7304,14-02-2019,48.34000015258789,48.849998474121094,47598600,49.68000030517578,48.4000015258789,44.85316467285156,CSCO
7305,15-02-2019,48.43999862670898,48.83000183105469,30189600,49.59000015258789,49.43000030517578,45.80768585205078,CSCO
7306,19-02-2019,49.20000076293945,49.20000076293945,20204500,49.93000030517578,49.6500015258789,46.01156616210938,CSCO
7307,20-02-2019,49.349998474121094,49.70000076293945,17550900,49.79999923706055,49.63000106811523,45.9930305480957,CSCO
7308,21-02-2019,49.20000076293945,49.540000915527344,17120600,49.72000122070313,49.40999984741211,45.789146423339844,CSCO
7309,22-02-2019,49.58000183105469,49.70000076293945,22008100,50.22000122070313,50.11000061035156,46.4378547668457,CSCO
7310,25-02-2019,50.34000015258789,50.34000015258789,24264300,51.0,50.790000915527344,47.06802368164063,CSCO
7311,26-02-2019,50.47999954223633,50.5099983215332,19382500,51.40999984741211,51.18000030517578,47.42943572998047,CSCO
7312,27-02-2019,50.88999938964844,51.209999084472656,19940900,51.6500015258789,51.59000015258789,47.80939483642578,CSCO
7313,28-02-2019,51.349998474121094,51.54999923706055,30708500,51.959999084472656,51.77000045776367,47.9762077331543,CSCO
7314,01-03-2019,51.27000045776367,52.0,23683700,52.09000015258789,51.40999984741211,47.64259338378906,CSCO
7315,04-03-2019,50.63000106811523,51.6500015258789,18725900,51.91999816894531,51.15999984741211,47.41090774536133,CSCO
7316,05-03-2019,50.97000122070313,51.11999893188477,14994200,51.5099983215332,51.29999923706055,47.54064559936523,CSCO
7317,06-03-2019,50.91999816894531,51.36999893188477,19686900,51.790000915527344,51.66999816894531,47.8835334777832,CSCO
7318,07-03-2019,51.209999084472656,51.54999923706055,22209200,51.97000122070313,51.290000915527344,47.53137969970703,CSCO
7319,08-03-2019,50.5099983215332,50.72000122070313,18182200,51.13000106811523,51.06999969482422,47.32750701904297,CSCO
7320,11-03-2019,51.099998474121094,51.13999938964844,17859300,52.09000015258789,51.91999816894531,48.115211486816406,CSCO
7321,12-03-2019,51.68000030517578,52.0099983215332,19485300,52.27999877929688,52.1500015258789,48.3283576965332,CSCO
7322,13-03-2019,52.13999938964844,52.40999984741211,20568000,52.86000061035156,52.59000015258789,48.73611831665039,CSCO
7323,14-03-2019,52.5099983215332,52.63000106811523,19215900,52.959999084472656,52.7400016784668,48.8751220703125,CSCO
7324,15-03-2019,52.93000030517578,52.93999862670898,43670700,53.61999893188477,53.20000076293945,49.30141830444336,CSCO
7325,18-03-2019,53.09000015258789,53.27000045776367,19073800,53.93999862670898,53.5099983215332,49.58869552612305,CSCO
7326,19-03-2019,53.13999938964844,53.790000915527344,20596400,54.0,53.31000137329102,49.403358459472656,CSCO
7327,20-03-2019,52.86000061035156,53.15999984741211,21140800,53.86999893188477,53.2599983215332,49.35700988769531,CSCO
7328,21-03-2019,53.040000915527344,53.08000183105469,20082700,54.22999954223633,53.93999862670898,49.98718643188477,CSCO
7329,22-03-2019,52.70000076293945,53.90999984741211,23938500,54.13999938964844,52.7400016784668,48.8751220703125,CSCO
7330,25-03-2019,52.25,52.70000076293945,18774900,52.93000030517578,52.72999954223633,48.8658561706543,CSCO
7331,26-03-2019,53.0,53.18999862670898,17742700,53.4900016784668,53.22999954223633,49.32921981811523,CSCO
7332,27-03-2019,52.7400016784668,53.29999923706055,20447500,53.65999984741211,53.13999938964844,49.245811462402344,CSCO
7333,28-03-2019,53.02000045776367,53.18999862670898,13095000,53.68999862670898,53.36000061035156,49.44968795776367,CSCO
7334,29-03-2019,53.36000061035156,53.70000076293945,19582300,54.0,53.9900016784668,50.03352355957031,CSCO
7335,01-04-2019,54.38999938964844,54.47999954223633,19741700,55.02000045776367,54.97999954223633,50.95097351074219,CSCO
7336,02-04-2019,54.97000122070313,55.0,17264000,55.40999984741211,55.290000915527344,51.238258361816406,CSCO
7337,03-04-2019,55.06999969482422,55.459999084472656,21110400,55.79999923706055,55.63000106811523,51.55333709716797,CSCO
7338,04-04-2019,54.86000061035156,55.36999893188477,16412100,55.68000030517578,55.13999938964844,51.42277908325195,CSCO
7339,05-04-2019,55.13000106811523,55.25,13817500,55.61000061035156,55.209999084472656,51.48805618286133,CSCO
7340,08-04-2019,54.790000915527344,55.20000076293945,13862800,55.56000137329102,55.4900016784668,51.749183654785156,CSCO
7341,09-04-2019,54.86000061035156,55.08000183105469,15508400,55.41999816894531,55.18000030517578,51.4600830078125,CSCO
7342,10-04-2019,55.11000061035156,55.11000061035156,13460200,55.84000015258789,55.81999969482422,52.05693435668945,CSCO
7343,11-04-2019,55.31000137329102,55.93000030517578,13186000,55.95000076293945,55.599998474121094,51.85176086425781,CSCO
7344,12-04-2019,55.790000915527344,55.93000030517578,14331700,56.36000061035156,56.290000915527344,52.49525451660156,CSCO
7345,15-04-2019,56.2400016784668,56.4000015258789,12198400,56.61000061035156,56.56000137329102,52.747047424316406,CSCO
7346,16-04-2019,56.61000061035156,56.61999893188477,19718300,57.52999877929688,56.95000076293945,53.110755920410156,CSCO
7347,17-04-2019,56.290000915527344,57.18000030517578,26093600,57.31999969482422,56.31000137329102,52.5139045715332,CSCO
7348,18-04-2019,56.11000061035156,56.63000106811523,18332000,56.70000076293945,56.4000015258789,52.59783554077149,CSCO
7349,22-04-2019,56.099998474121094,56.15999984741211,11951500,56.599998474121094,56.34000015258789,52.5418815612793,CSCO
7350,23-04-2019,56.20000076293945,56.43000030517578,18796600,56.70000076293945,56.68999862670898,52.8682861328125,CSCO
7351,24-04-2019,56.58000183105469,56.63999938964844,13212000,57.1500015258789,56.88000106811523,53.04547882080078,CSCO
7352,25-04-2019,56.0099983215332,56.459999084472656,15526900,56.77999877929688,56.33000183105469,52.53255462646485,CSCO
7353,26-04-2019,55.68000030517578,56.02000045776367,18010900,56.36999893188477,55.88000106811523,52.11289596557617,CSCO
7354,29-04-2019,55.54999923706055,55.66999816894531,16259500,56.22000122070313,56.13000106811523,52.34603881835938,CSCO
7355,30-04-2019,55.52999877929688,56.0,20846000,56.11999893188477,55.95000076293945,52.17817306518555,CSCO
7356,01-05-2019,55.5099983215332,56.0,17648500,56.349998474121094,55.58000183105469,51.83311462402344,CSCO
7357,02-05-2019,54.81999969482422,55.47999954223633,24220600,55.88999938964844,54.93999862670898,51.23626327514648,CSCO
7358,03-05-2019,54.18000030517578,54.63999938964844,26887100,54.9900016784668,54.93999862670898,51.23626327514648,CSCO
7359,06-05-2019,53.56000137329102,53.86000061035156,17025900,54.7599983215332,54.59000015258789,50.90985488891602,CSCO
7360,07-05-2019,52.93999862670898,53.86000061035156,25289700,54.2400016784668,53.45000076293945,49.8467025756836,CSCO
7361,08-05-2019,53.13000106811523,53.16999816894531,21525100,53.93999862670898,53.47000122070313,49.86536026000977,CSCO
7362,09-05-2019,52.22999954223633,52.81999969482422,24322800,53.209999084472656,52.91999816894531,49.35243606567383,CSCO
7363,10-05-2019,51.95000076293945,52.61000061035156,21795900,53.54999923706055,53.36000061035156,49.76277542114258,CSCO
7364,13-05-2019,51.06000137329102,51.83000183105469,28869900,52.2599983215332,51.29999923706055,47.841651916503906,CSCO
7365,14-05-2019,51.38000106811523,51.45000076293945,25478300,52.43999862670898,52.02000045776367,48.51310348510742,CSCO
7366,15-05-2019,51.68999862670898,51.7599983215332,30577200,52.709999084472656,52.43999862670898,48.9047966003418,CSCO
7367,16-05-2019,54.11999893188477,54.27000045776367,46057800,56.4000015258789,55.93000030517578,52.15951919555664,CSCO
7368,17-05-2019,55.52000045776367,55.77999877929688,27299300,56.83000183105469,56.349998474121094,52.55120468139648,CSCO
7369,20-05-2019,55.54999923706055,55.79999923706055,21004100,56.38999938964844,56.0099983215332,52.23412322998047,CSCO
7370,21-05-2019,56.13000106811523,56.68000030517578,18562300,56.75,56.52000045776367,52.70974349975586,CSCO
7371,22-05-2019,55.66999816894531,56.22000122070313,19479200,56.29999923706055,55.68999862670898,51.93570327758789,CSCO
7372,23-05-2019,53.93999862670898,54.90999984741211,22734200,55.0099983215332,54.18999862670898,50.53681564331055,CSCO
7373,24-05-2019,54.06000137329102,54.56999969482422,13057600,54.66999816894531,54.36999893188477,50.70468521118164,CSCO
7374,28-05-2019,53.81999969482422,54.7400016784668,29769200,55.02999877929688,53.93000030517578,50.29434585571289,CSCO
7375,29-05-2019,52.86000061035156,53.54999923706055,19762100,53.54999923706055,53.18000030517578,49.59491348266602,CSCO
7376,30-05-2019,53.34000015258789,53.43999862670898,12954300,53.77999877929688,53.56999969482422,49.95861434936523,CSCO
7377,31-05-2019,52.0099983215332,52.790000915527344,20480400,52.88000106811523,52.02999877929688,48.52243041992188,CSCO
7378,03-06-2019,51.4900016784668,52.04999923706055,22380500,52.56999969482422,51.77999877929688,48.289283752441406,CSCO
7379,04-06-2019,52.40999984741211,52.47999954223633,21689300,53.63999938964844,53.22999954223633,49.64153671264648,CSCO
7380,05-06-2019,53.75,53.849998474121094,22521900,54.790000915527344,54.75,51.05906677246094,CSCO
7381,06-06-2019,54.209999084472656,54.88999938964844,15927300,55.29999923706055,55.099998474121094,51.38547134399414,CSCO
7382,07-06-2019,55.02999877929688,55.40999984741211,17394900,56.29999923706055,55.93000030517578,52.15951919555664,CSCO
7383,10-06-2019,55.959999084472656,56.13999938964844,16871000,56.6500015258789,56.41999816894531,52.61648178100586,CSCO
7384,11-06-2019,56.72999954223633,56.7400016784668,26723700,57.56000137329102,57.11000061035156,53.25996780395508,CSCO
7385,12-06-2019,55.6500015258789,56.04999923706055,23183000,56.59000015258789,55.86000061035156,52.09423828125,CSCO
7386,13-06-2019,55.77999877929688,55.91999816894531,15785300,56.27000045776367,56.16999816894531,52.383338928222656,CSCO
7387,14-06-2019,54.65999984741211,55.9900016784668,22530500,56.02000045776367,54.75,51.05906677246094,CSCO
7388,17-06-2019,54.86000061035156,54.9900016784668,20392600,55.47000122070313,55.4000015258789,51.66525268554688,CSCO
7389,18-06-2019,55.75,56.06999969482422,21173200,56.6500015258789,56.04999923706055,52.27142715454102,CSCO
7390,19-06-2019,55.77000045776367,56.040000915527344,21096300,56.36999893188477,56.13000106811523,52.34603881835938,CSCO
7391,20-06-2019,56.68000030517578,57.0,20969800,57.540000915527344,57.40999984741211,53.53974914550781,CSCO
7392,21-06-2019,56.97999954223633,57.40999984741211,57588800,58.1500015258789,57.02999877929688,53.18536376953125,CSCO
7393,24-06-2019,56.68999862670898,57.25,17794100,57.290000915527344,57.18000030517578,53.32525253295898,CSCO
7394,25-06-2019,56.0099983215332,57.06000137329102,25520600,57.20000076293945,56.08000183105469,52.29940795898438,CSCO
7395,26-06-2019,56.36000061035156,56.540000915527344,19286100,57.04999923706055,56.599998474121094,52.78434753417969,CSCO
7396,27-06-2019,55.47000122070313,56.93999862670898,23959900,57.25,55.72999954223633,51.972999572753906,CSCO
7397,28-06-2019,54.02999877929688,55.90999984741211,103123400,55.97999954223633,54.72999954223633,51.04042053222656,CSCO
7398,01-07-2019,54.22999954223633,55.2599983215332,28410000,55.349998474121094,54.7400016784668,51.04974365234375,CSCO
7399,02-07-2019,54.77999877929688,54.83000183105469,20307100,55.91999816894531,55.81000137329102,52.04761123657226,CSCO
7400,03-07-2019,55.540000915527344,55.77000045776367,13866800,56.540000915527344,56.47999954223633,53.00484848022461,CSCO
7401,05-07-2019,55.709999084472656,56.0,14273900,56.72999954223633,56.599998474121094,53.11746597290039,CSCO
7402,08-07-2019,55.959999084472656,56.25,15835100,56.47999954223633,56.18999862670898,52.73269271850586,CSCO
7403,09-07-2019,56.040000915527344,56.36999893188477,19564000,56.68999862670898,56.34000015258789,52.87346649169922,CSCO
7404,10-07-2019,56.599998474121094,56.68999862670898,19362600,57.6500015258789,57.13000106811523,53.61486434936523,CSCO
7405,11-07-2019,56.91999816894531,57.36999893188477,15994600,57.61999893188477,57.29999923706055,53.77439498901367,CSCO
7406,12-07-2019,57.56999969482422,57.58000183105469,13660400,57.9900016784668,57.95000076293945,54.38440322875977,CSCO
7407,15-07-2019,57.86999893188477,58.0,8809700,58.22999954223633,58.04999923706055,54.47825241088867,CSCO
7408,16-07-2019,57.459999084472656,58.13000106811523,11501100,58.2599983215332,57.61999893188477,54.07470321655274,CSCO
7409,17-07-2019,57.18999862670898,57.56999969482422,9266900,57.790000915527344,57.209999084472656,53.6899299621582,CSCO
7410,18-07-2019,56.9000015258789,57.04999923706055,10287400,57.790000915527344,57.7400016784668,54.18732452392578,CSCO
7411,19-07-2019,57.31999969482422,57.81000137329102,13882400,58.06999969482422,57.36000061035156,53.83070755004883,CSCO
7412,22-07-2019,57.36999893188477,57.459999084472656,10485600,58.0099983215332,57.72999954223633,54.17793655395508,CSCO
7413,23-07-2019,57.47999954223633,58.06000137329102,12692200,58.099998474121094,57.709999084472656,54.15917205810547,CSCO
7414,24-07-2019,57.11000061035156,57.58000183105469,18177000,57.68000030517578,57.22999954223633,53.708702087402344,CSCO
7415,25-07-2019,56.36999893188477,57.36000061035156,15127200,57.5,56.61999893188477,53.13623428344727,CSCO
7416,26-07-2019,56.36999893188477,56.68000030517578,15243000,56.84000015258789,56.52999877929688,53.05177688598633,CSCO
7417,29-07-2019,56.540000915527344,56.68999862670898,12051100,57.1500015258789,56.93000030517578,53.427162170410156,CSCO
7418,30-07-2019,56.349998474121094,56.849998474121094,9623400,56.9000015258789,56.47000122070313,52.99546813964844,CSCO
7419,31-07-2019,54.9000015258789,56.33000183105469,17441200,56.83000183105469,55.4000015258789,51.99130630493164,CSCO
7420,01-08-2019,55.15999984741211,55.84000015258789,19020600,56.88999938964844,55.38999938964844,51.98191833496094,CSCO
7421,02-08-2019,52.58000183105469,54.22000122070313,29021900,54.31999969482422,53.25,49.973594665527344,CSCO
7422,05-08-2019,50.93999862670898,52.38999938964844,29931800,52.540000915527344,51.36999893188477,48.209266662597656,CSCO
7423,06-08-2019,51.599998474121094,51.95000076293945,20708400,52.72999954223633,52.599998474121094,49.36357879638672,CSCO
7424,07-08-2019,51.209999084472656,51.83000183105469,24128600,52.4900016784668,52.34000015258789,49.11957931518555,CSCO
7425,08-08-2019,52.59000015258789,52.790000915527344,26093500,53.36000061035156,53.15999984741211,49.88912582397461,CSCO
7426,09-08-2019,52.040000915527344,52.77999877929688,17425000,52.86999893188477,52.43000030517578,49.20404434204102,CSCO
7427,12-08-2019,51.34000015258789,52.27000045776367,16388300,52.36000061035156,51.540000915527344,48.36880111694336,CSCO
7428,13-08-2019,51.20000076293945,51.47000122070313,21499500,53.06999969482422,52.72000122070313,49.47620391845703,CSCO
7429,14-08-2019,50.13000106811523,52.11999893188477,28688100,52.11999893188477,50.61000061035156,47.49602890014648,CSCO
7430,15-08-2019,46.0,47.36000061035156,61129100,47.93999862670898,46.25,43.40428924560547,CSCO
7431,16-08-2019,46.4000015258789,46.41999816894531,24471800,47.36000061035156,46.959999084472656,44.07060623168945,CSCO
7432,19-08-2019,47.4900016784668,47.9000015258789,26384800,48.599998474121094,48.5,45.51585388183594,CSCO
7433,20-08-2019,47.91999816894531,48.540000915527344,18201600,48.59000015258789,47.93000030517578,44.980918884277344,CSCO
7434,21-08-2019,48.36000061035156,48.5,18365400,48.93000030517578,48.77000045776367,45.76923751831055,CSCO
7435,22-08-2019,47.93999862670898,49.2400016784668,21515100,49.33000183105469,48.18000030517578,45.21554565429688,CSCO
7436,23-08-2019,46.43000030517578,47.9000015258789,25871100,48.52000045776367,46.61000061035156,43.74214172363281,CSCO
7437,26-08-2019,46.66999816894531,47.04999923706055,14820100,47.27000045776367,47.099998474121094,44.20199203491211,CSCO
7438,27-08-2019,46.68999862670898,47.540000915527344,20859000,47.6500015258789,46.790000915527344,43.91106796264648,CSCO
7439,28-08-2019,46.2400016784668,46.52999877929688,11187600,46.959999084472656,46.86999893188477,43.98614883422852,CSCO
7440,29-08-2019,47.11000061035156,47.59000015258789,14733400,47.90999984741211,47.27000045776367,44.36152648925781,CSCO
7441,30-08-2019,46.54999923706055,47.52000045776367,19248400,47.56999969482422,46.81000137329102,43.929832458496094,CSCO
7442,03-09-2019,46.20000076293945,46.63000106811523,17009400,46.97000122070313,46.5,43.6389045715332,CSCO
7443,04-09-2019,46.88999938964844,47.02000045776367,13691300,47.40999984741211,47.31999969482422,44.40845489501953,CSCO
7444,05-09-2019,47.77999877929688,48.02000045776367,18434200,48.709999084472656,48.41999816894531,45.440773010253906,CSCO
7445,06-09-2019,48.27000045776367,48.6500015258789,17939100,48.9900016784668,48.84000015258789,45.83493041992188,CSCO
7446,09-09-2019,48.459999084472656,48.97000122070313,21175100,49.0099983215332,48.58000183105469,45.59093475341797,CSCO
7447,10-09-2019,47.95000076293945,48.56999969482422,16119200,49.349998474121094,49.209999084472656,46.18216323852539,CSCO
7448,11-09-2019,49.33000183105469,49.95000076293945,18656000,50.06999969482422,50.02999877929688,46.95171356201172,CSCO
7449,12-09-2019,49.40999984741211,50.27999877929688,16546700,50.29999923706055,49.93000030517578,46.85786819458008,CSCO
7450,13-09-2019,49.7599983215332,50.0099983215332,15867800,50.22000122070313,50.02999877929688,46.95171356201172,CSCO
7451,16-09-2019,49.790000915527344,49.79999923706055,13025600,50.18000030517578,49.959999084472656,46.88602066040039,CSCO
7452,17-09-2019,49.18000030517578,49.97999954223633,16070600,50.02000045776367,49.40999984741211,46.3698616027832,CSCO
7453,18-09-2019,48.77999877929688,49.47000122070313,12563800,49.7400016784668,49.34000015258789,46.30417251586914,CSCO
7454,19-09-2019,49.040000915527344,49.349998474121094,15349400,49.91999816894531,49.18999862670898,46.16339492797852,CSCO
7455,20-09-2019,48.86999893188477,49.290000915527344,48301300,49.86999893188477,49.599998474121094,46.54816818237305,CSCO
7456,23-09-2019,49.27999877929688,49.65999984741211,16450000,49.75,49.41999816894531,46.37924575805664,CSCO
7457,24-09-2019,48.93000030517578,49.75,26717200,50.20000076293945,49.11999893188477,46.09769821166992,CSCO
7458,25-09-2019,48.58000183105469,49.04999923706055,14013500,49.77000045776367,49.61000061035156,46.55755996704102,CSCO
7459,26-09-2019,48.2599983215332,49.43000030517578,20172900,49.4900016784668,48.83000183105469,45.82554626464844,CSCO
7460,27-09-2019,48.599998474121094,49.0,16065300,49.47000122070313,48.84000015258789,45.83493041992188,CSCO
7461,30-09-2019,48.95000076293945,48.95000076293945,14903600,49.65999984741211,49.40999984741211,46.3698616027832,CSCO
7462,01-10-2019,47.36000061035156,49.6500015258789,24185600,49.86999893188477,47.7400016784668,44.80261611938477,CSCO
7463,02-10-2019,46.0099983215332,47.349998474121094,30722400,47.38000106811523,46.56000137329102,43.69521713256836,CSCO
7464,03-10-2019,45.70000076293945,46.31999969482422,15915500,47.08000183105469,47.06000137329102,44.49895858764648,CSCO
7465,04-10-2019,46.95000076293945,47.25,16718800,47.63000106811523,47.52000045776367,44.93391799926758,CSCO
7466,07-10-2019,47.31999969482422,47.47000122070313,14625200,48.13000106811523,47.77000045776367,45.17031860351562,CSCO
7467,08-10-2019,46.349998474121094,47.5,23022400,47.540000915527344,46.38999938964844,43.865421295166016,CSCO
7468,09-10-2019,46.65999984741211,46.91999816894531,16768600,47.16999816894531,46.84000015258789,44.290931701660156,CSCO
7469,10-10-2019,45.54999923706055,46.04999923706055,24698500,46.22999954223633,46.1500015258789,43.63848114013672,CSCO
7470,11-10-2019,46.459999084472656,46.66999816894531,25153600,47.29999923706055,46.56000137329102,44.02617263793945,CSCO
7471,14-10-2019,46.0,46.54999923706055,15076900,46.54999923706055,46.04999923706055,43.54391860961914,CSCO
7472,15-10-2019,46.040000915527344,46.25,18794400,46.58000183105469,46.36000061035156,43.83705520629883,CSCO
7473,16-10-2019,46.31999969482422,46.36000061035156,16454200,46.88000106811523,46.790000915527344,44.24365615844727,CSCO
7474,17-10-2019,46.599998474121094,47.1500015258789,14352400,47.29999923706055,47.02999877929688,44.47059631347656,CSCO
7475,18-10-2019,46.65999984741211,47.099998474121094,17226200,47.27000045776367,46.709999084472656,44.16801071166992,CSCO
7476,21-10-2019,46.97000122070313,47.13999938964844,13277700,47.47999954223633,47.38999938964844,44.81100082397461,CSCO
7477,22-10-2019,47.4000015258789,47.5,15067100,47.88999938964844,47.54999923706055,44.9622917175293,CSCO
7478,23-10-2019,46.84000015258789,47.47000122070313,15647100,47.70000076293945,47.04999923706055,44.489501953125,CSCO
7479,24-10-2019,46.099998474121094,47.22999954223633,18338800,47.22999954223633,46.40999984741211,43.88433837890625,CSCO
7480,25-10-2019,46.459999084472656,46.540000915527344,15701200,46.9900016784668,46.9000015258789,44.34766387939453,CSCO
7481,28-10-2019,47.06000137329102,47.1500015258789,13859700,47.599998474121094,47.16999816894531,44.602970123291016,CSCO
7482,29-10-2019,46.90999984741211,47.0,13713900,47.43000030517578,47.2400016784668,44.669166564941406,CSCO
7483,30-10-2019,47.15999984741211,47.29999923706055,12062000,47.58000183105469,47.56000137329102,44.97175216674805,CSCO
7484,31-10-2019,47.099998474121094,47.599998474121094,12488300,47.6500015258789,47.5099983215332,44.92447280883789,CSCO
7485,01-11-2019,46.63999938964844,46.849998474121094,24404100,47.4900016784668,47.02999877929688,44.47059631347656,CSCO
7486,04-11-2019,47.31999969482422,47.5,15018900,47.88000106811523,47.47999954223633,44.89610290527344,CSCO
7487,05-11-2019,47.2599983215332,47.59000015258789,18988900,47.91999816894531,47.7599983215332,45.16086196899414,CSCO
7488,06-11-2019,47.790000915527344,47.81000137329102,15904500,48.5,48.27000045776367,45.64311218261719,CSCO
7489,07-11-2019,48.20000076293945,48.61000061035156,16717800,48.97999954223633,48.41999816894531,45.78494644165039,CSCO
7490,08-11-2019,48.04999923706055,48.41999816894531,14407000,48.849998474121094,48.83000183105469,46.17263412475586,CSCO
7491,11-11-2019,47.56000137329102,48.0099983215332,19590400,48.47000122070313,48.099998474121094,45.48236083984375,CSCO
7492,12-11-2019,48.11999893188477,48.290000915527344,15632900,48.7400016784668,48.36999893188477,45.73766326904297,CSCO
7493,13-11-2019,48.1500015258789,48.2400016784668,25187000,48.849998474121094,48.459999084472656,45.82276916503906,CSCO
7494,14-11-2019,44.599998474121094,45.56000137329102,65568900,46.0,44.90999984741211,42.46596145629883,CSCO
7495,15-11-2019,44.810001373291016,45.06999969482422,32385000,45.6500015258789,45.09000015258789,42.636173248291016,CSCO
7496,18-11-2019,44.43999862670898,44.97999954223633,22742800,45.18999862670898,45.1500015258789,42.69290161132813,CSCO
7497,19-11-2019,45.08000183105469,45.38999938964844,19612600,45.599998474121094,45.47000122070313,42.99549102783203,CSCO
7498,20-11-2019,44.93000030517578,45.68999862670898,18660800,45.7400016784668,45.08000183105469,42.626712799072266,CSCO
7499,21-11-2019,44.68999862670898,45.13000106811523,19868800,45.1500015258789,44.84000015258789,42.39977264404297,CSCO
7500,22-11-2019,44.68999862670898,45.1500015258789,18725700,45.16999816894531,44.849998474121094,42.40923309326172,CSCO
7501,25-11-2019,44.93000030517578,45.0,19653300,45.54999923706055,45.45000076293945,42.97657775878906,CSCO
7502,26-11-2019,45.25,45.52999877929688,29422000,45.77000045776367,45.31000137329102,42.84419631958008,CSCO
7503,27-11-2019,44.93000030517578,45.36000061035156,14889900,45.41999816894531,45.2400016784668,42.77801132202149,CSCO
7504,29-11-2019,45.1500015258789,45.2400016784668,9808900,45.540000915527344,45.31000137329102,42.84419631958008,CSCO
7505,02-12-2019,44.66999816894531,45.25,17630100,45.33000183105469,44.70000076293945,42.26739501953125,CSCO
7506,03-12-2019,43.7400016784668,44.400001525878906,19625500,44.4900016784668,44.27999877929688,41.8702507019043,CSCO
7507,04-12-2019,43.86000061035156,44.52000045776367,17202200,44.54999923706055,43.88999938964844,41.50147247314453,CSCO
7508,05-12-2019,43.400001525878906,44.04999923706055,22632800,44.099998474121094,43.52000045776367,41.15160751342773,CSCO
7509,06-12-2019,43.650001525878906,43.88999938964844,16541000,44.060001373291016,43.84000015258789,41.45418930053711,CSCO
7510,09-12-2019,43.75,43.88999938964844,17508500,44.36999893188477,43.900001525878906,41.51093292236328,CSCO
7511,10-12-2019,43.79999923706055,43.849998474121094,21862400,44.18000030517578,44.099998474121094,41.70004653930664,CSCO
7512,11-12-2019,44.150001525878906,44.36000061035156,16440500,44.45000076293945,44.27999877929688,41.8702507019043,CSCO
7513,12-12-2019,44.40999984741211,44.54999923706055,27061600,45.77000045776367,45.66999816894531,43.18459701538086,CSCO
7514,13-12-2019,45.20000076293945,45.90999984741211,21796900,46.04999923706055,45.29999923706055,42.834739685058594,CSCO
7515,16-12-2019,45.79999923706055,45.79999923706055,21871300,46.59000015258789,45.97999954223633,43.47772979736328,CSCO
7516,17-12-2019,45.93000030517578,46.22000122070313,22510000,46.52000045776367,46.43999862670898,43.912696838378906,CSCO
7517,18-12-2019,46.25,46.52000045776367,21921200,46.7599983215332,46.63999938964844,44.10181427001953,CSCO
7518,19-12-2019,47.11000061035156,47.1500015258789,30764700,47.9900016784668,47.88000106811523,45.27433776855469,CSCO
7519,20-12-2019,47.41999816894531,48.25,52575300,48.36999893188477,47.45000076293945,44.86773681640625,CSCO
7520,23-12-2019,47.41999816894531,47.54999923706055,20253500,48.29999923706055,48.099998474121094,45.48236083984375,CSCO
7521,24-12-2019,47.6500015258789,48.15999984741211,7044700,48.25,47.77999877929688,45.17977523803711,CSCO
7522,26-12-2019,47.6500015258789,47.77999877929688,11091700,48.0,47.849998474121094,45.24596405029297,CSCO
7523,27-12-2019,47.68000030517578,47.9900016784668,11056800,48.02000045776367,47.77000045776367,45.17031860351562,CSCO
7524,30-12-2019,47.290000915527344,47.75,12128600,47.88000106811523,47.59000015258789,45.0001106262207,CSCO
7525,31-12-2019,47.40999984741211,47.540000915527344,14892600,47.97999954223633,47.959999084472656,45.34997940063477,CSCO
7526,02-01-2020,47.88000106811523,48.06000137329102,16708100,48.41999816894531,48.41999816894531,46.12153244018555,CSCO
7527,03-01-2020,47.47999954223633,47.90999984741211,15577400,48.13999938964844,47.63000106811523,45.3690299987793,CSCO
7528,06-01-2020,47.0099983215332,47.13999938964844,22183600,47.81999969482422,47.79999923706055,45.53096008300781,CSCO
7529,07-01-2020,47.099998474121094,47.72000122070313,16501900,47.72000122070313,47.4900016784668,45.23567581176758,CSCO
7530,08-01-2020,46.81000137329102,46.97000122070313,25175900,47.790000915527344,47.52000045776367,45.26425552368164,CSCO
7531,09-01-2020,47.06999969482422,47.790000915527344,18203600,47.88000106811523,47.31999969482422,45.07374572753906,CSCO
7532,10-01-2020,47.06000137329102,47.47999954223633,13502600,47.56000137329102,47.13000106811523,44.89276885986328,CSCO
7533,13-01-2020,47.29999923706055,47.31000137329102,18237400,47.97999954223633,47.97000122070313,45.69289016723633,CSCO
7534,14-01-2020,47.61999893188477,47.959999084472656,17948700,47.9900016784668,47.790000915527344,45.52144241333008,CSCO
7535,15-01-2020,47.7599983215332,47.91999816894531,16289400,48.4000015258789,48.0099983215332,45.73099136352539,CSCO
7536,16-01-2020,48.22999954223633,48.38000106811523,20094900,49.08000183105469,49.04999923706055,46.72162628173828,CSCO
7537,17-01-2020,48.86999893188477,49.31000137329102,27176200,49.540000915527344,49.02000045776367,46.69304656982422,CSCO
7538,21-01-2020,48.66999816894531,48.959999084472656,21771800,49.20000076293945,48.79999923706055,46.48348999023438,CSCO
7539,22-01-2020,49.040000915527344,49.27999877929688,15186000,49.52999877929688,49.06999969482422,46.74067687988281,CSCO
7540,23-01-2020,48.40999984741211,49.0,16767700,49.18000030517578,49.0,46.67399597167969,CSCO
7541,24-01-2020,48.540000915527344,49.22000122070313,14066700,49.47999954223633,48.849998474121094,46.53112030029297,CSCO
7542,27-01-2020,47.27000045776367,47.88999938964844,20666000,48.06999969482422,47.47000122070313,45.21662521362305,CSCO
7543,28-01-2020,47.5,47.52000045776367,14035100,47.97000122070313,47.77000045776367,45.50238418579102,CSCO
7544,29-01-2020,46.93000030517578,47.97000122070313,14273600,47.97999954223633,47.04999923706055,44.81656265258789,CSCO
7545,30-01-2020,46.2599983215332,46.540000915527344,14822600,47.27000045776367,47.2400016784668,44.9975471496582,CSCO
7546,31-01-2020,45.84000015258789,46.9900016784668,20069900,47.0,45.97000122070313,43.7878303527832,CSCO
7547,03-02-2020,46.209999084472656,46.4000015258789,15374900,46.83000183105469,46.52999877929688,44.32123947143555,CSCO
7548,04-02-2020,47.11000061035156,47.22000122070313,13947300,47.709999084472656,47.61999893188477,45.3595085144043,CSCO
7549,05-02-2020,48.1500015258789,48.33000183105469,17042300,48.599998474121094,48.45000076293945,46.15010452270508,CSCO
7550,06-02-2020,48.22000122070313,48.68999862670898,9814800,48.81999969482422,48.68999862670898,46.37871551513672,CSCO
7551,07-02-2020,47.86999893188477,48.599998474121094,16807500,48.77000045776367,47.97000122070313,45.69289016723633,CSCO
7552,10-02-2020,47.88000106811523,47.9900016784668,19012700,48.88999938964844,48.86999893188477,46.5501708984375,CSCO
7553,11-02-2020,48.86000061035156,49.38999938964844,23168300,49.709999084472656,49.13000106811523,46.797828674316406,CSCO
7554,12-02-2020,49.4000015258789,49.43000030517578,31686200,50.27999877929688,49.93000030517578,47.559852600097656,CSCO
7555,13-02-2020,46.58000183105469,47.1500015258789,47044700,47.66999816894531,47.31999969482422,45.07374572753906,CSCO
7556,14-02-2020,46.47999954223633,47.15999984741211,26747200,47.22000122070313,46.97000122070313,44.74036026000977,CSCO
7557,18-02-2020,46.290000915527344,46.81999969482422,18546300,46.849998474121094,46.59000015258789,44.37839889526367,CSCO
7558,19-02-2020,45.9000015258789,46.68999862670898,27626400,46.81000137329102,46.290000915527344,44.09264373779297,CSCO
7559,20-02-2020,45.9000015258789,46.09000015258789,20416700,46.959999084472656,46.849998474121094,44.62605285644531,CSCO
7560,21-02-2020,46.04999923706055,46.72999954223633,20028700,46.849998474121094,46.29999923706055,44.10216522216797,CSCO
7561,24-02-2020,44.0,45.0,35295900,45.68000030517578,44.0,41.91134643554688,CSCO
7562,25-02-2020,42.06999969482422,44.04999923706055,48024700,44.209999084472656,42.7400016784668,40.711158752441406,CSCO
7563,26-02-2020,41.93999862670898,42.97000122070313,38513200,43.38000106811523,42.15999984741211,40.158687591552734,CSCO
7564,27-02-2020,40.0099983215332,41.27999877929688,51442900,42.099998474121094,40.040000915527344,38.13932418823242,CSCO
7565,28-02-2020,38.349998474121094,38.70000076293945,80188000,40.54999923706055,39.93000030517578,38.0345458984375,CSCO
7566,02-03-2020,38.91999816894531,40.150001525878906,48864300,41.18999862670898,41.16999816894531,39.21567916870117,CSCO
7567,03-03-2020,39.709999084472656,41.2599983215332,49294700,41.900001525878906,40.040000915527344,38.13932418823242,CSCO
7568,04-03-2020,39.79999923706055,40.72000122070313,30022100,41.45000076293945,41.38999938964844,39.42523956298828,CSCO
7569,05-03-2020,39.290000915527344,40.16999816894531,30255900,40.5099983215332,39.56999969482422,37.69163513183594,CSCO
7570,06-03-2020,37.79999923706055,38.0,48605600,39.95000076293945,39.68000030517578,37.7964096069336,CSCO
7571,09-03-2020,36.290000915527344,36.900001525878906,61535300,39.560001373291016,37.959999084472656,36.15806198120117,CSCO
7572,10-03-2020,37.86999893188477,39.25,50536500,40.150001525878906,40.08000183105469,38.17742919921875,CSCO
7573,11-03-2020,36.36999893188477,39.02000045776367,63594300,39.15999984741211,37.04999923706055,35.29125595092773,CSCO
7574,12-03-2020,33.0,34.5,51855300,35.81999969482422,33.200000762939446,31.62401390075684,CSCO
7575,13-03-2020,33.330001831054695,35.18000030517578,53859600,37.68000030517578,37.63999938964844,35.85325622558594,CSCO
7576,16-03-2020,32.400001525878906,33.22999954223633,44211300,36.9900016784668,33.709999084472656,32.109806060791016,CSCO
7577,17-03-2020,33.59999847412109,34.700000762939446,41572400,36.25,35.5,33.814834594726555,CSCO
7578,18-03-2020,33.310001373291016,33.759998321533196,56904300,37.709999084472656,37.11999893188477,35.357933044433594,CSCO
7579,19-03-2020,36.150001525878906,37.04999923706055,58319700,39.31999969482422,37.709999084472656,35.919925689697266,CSCO
7580,20-03-2020,35.400001525878906,38.27000045776367,48582500,38.47000122070313,35.599998474121094,33.910083770751946,CSCO
7581,23-03-2020,33.740001678466804,35.5099983215332,39823400,35.81999969482422,34.59999847412109,32.957557678222656,CSCO
7582,24-03-2020,35.540000915527344,36.40999984741211,48235600,38.68000030517578,38.599998474121094,36.767677307128906,CSCO
7583,25-03-2020,37.5,38.650001525878906,42873900,39.95000076293945,37.66999816894531,35.8818244934082,CSCO
7584,26-03-2020,37.36999893188477,37.97000122070313,38473300,40.91999816894531,40.58000183105469,38.65369033813477,CSCO
7585,27-03-2020,38.40999984741211,39.209999084472656,31278600,40.150001525878906,38.81999969482422,36.977237701416016,CSCO
7586,30-03-2020,38.959999084472656,39.45000076293945,27120300,40.4900016784668,40.31999969482422,38.40603256225586,CSCO
7587,31-03-2020,39.11000061035156,40.13000106811523,26014200,40.41999816894531,39.310001373291016,37.44397735595703,CSCO
7588,01-04-2020,37.86999893188477,38.16999816894531,26790700,38.86000061035156,38.33000183105469,36.510498046875,CSCO
7589,02-04-2020,37.47000122070313,37.84000015258789,28180500,39.95000076293945,39.79999923706055,38.27014923095703,CSCO
7590,03-04-2020,38.540000915527344,39.81999969482422,21235200,40.290000915527344,39.060001373291016,37.55860137939453,CSCO
7591,06-04-2020,39.77999877929688,40.459999084472656,31641400,41.68000030517578,41.43000030517578,39.837501525878906,CSCO
7592,07-04-2020,40.59000015258789,42.65999984741211,30366100,42.7400016784668,40.63999938964844,39.07786560058594,CSCO
7593,08-04-2020,40.86999893188477,41.16999816894531,22683500,42.20000076293945,41.7400016784668,40.13558578491211,CSCO
7594,09-04-2020,40.849998474121094,42.09000015258789,27643900,42.20000076293945,41.20000076293945,39.61634063720703,CSCO
7595,13-04-2020,40.52999877929688,41.040000915527344,19592000,41.459999084472656,41.22000122070313,39.63557434082031,CSCO
7596,14-04-2020,41.52999877929688,41.90999984741211,22882400,42.81999969482422,42.77999877929688,41.1356086730957,CSCO
7597,15-04-2020,41.22999954223633,42.20000076293945,18428800,42.36999893188477,41.52000045776367,39.92404556274414,CSCO
7598,16-04-2020,40.68000030517578,41.7599983215332,26178000,41.790000915527344,41.5,39.90481185913086,CSCO
7599,17-04-2020,41.7400016784668,42.25,30701500,42.63999938964844,42.47999954223633,40.84714126586914,CSCO
7600,20-04-2020,41.790000915527344,41.91999816894531,23438800,43.290000915527344,42.540000915527344,40.90483474731445,CSCO
7601,21-04-2020,40.40999984741211,41.83000183105469,31661000,41.9900016784668,40.54999923706055,38.99131774902344,CSCO
7602,22-04-2020,41.11000061035156,41.27000045776367,18330700,42.09000015258789,41.7599983215332,40.15481567382813,CSCO
7603,23-04-2020,41.52999877929688,41.88999938964844,16100200,42.54999923706055,41.61999893188477,40.02019882202149,CSCO
7604,24-04-2020,41.650001525878906,41.84000015258789,14639200,42.65999984741211,42.52000045776367,40.88560485839844,CSCO
7605,27-04-2020,42.58000183105469,42.70000076293945,17937900,43.22000122070313,43.060001373291016,41.40484619140625,CSCO
7606,28-04-2020,42.40999984741211,43.5,16427700,43.63000106811523,42.4900016784668,40.85676193237305,CSCO
7607,29-04-2020,42.93000030517578,43.349998474121094,17430100,43.47999954223633,43.34000015258789,41.67407989501953,CSCO
7608,30-04-2020,42.16999816894531,43.16999816894531,26679900,43.16999816894531,42.38000106811523,40.75098037719727,CSCO
7609,01-05-2020,40.77000045776367,41.72000122070313,22095300,41.810001373291016,40.91999816894531,39.34710311889648,CSCO
7610,04-05-2020,40.4900016784668,40.95000076293945,15997700,41.40999984741211,41.349998474121094,39.76057434082031,CSCO
7611,05-05-2020,41.38999938964844,41.61000061035156,15060200,41.93000030517578,41.459999084472656,39.8663444519043,CSCO
7612,06-05-2020,40.97000122070313,41.560001373291016,16040300,41.68999862670898,41.150001525878906,39.56826400756836,CSCO
7613,07-05-2020,41.22000122070313,41.59000015258789,20173600,41.77000045776367,41.36999893188477,39.77980041503906,CSCO
7614,08-05-2020,41.70000076293945,42.02000045776367,21959100,43.02000045776367,42.9900016784668,41.3375358581543,CSCO
7615,11-05-2020,42.61000061035156,42.77999877929688,26182700,43.650001525878906,43.31999969482422,41.65485000610352,CSCO
7616,12-05-2020,43.18999862670898,43.93999862670898,25817100,44.29999923706055,43.22000122070313,41.55869674682617,CSCO
7617,13-05-2020,41.310001373291016,43.40999984741211,36986700,43.56999969482422,41.95000076293945,40.3375129699707,CSCO
7618,14-05-2020,43.2599983215332,43.43000030517578,50417700,44.58000183105469,43.849998474121094,42.16447830200195,CSCO
7619,15-05-2020,42.849998474121094,42.93000030517578,30573000,44.38000106811523,44.27000045776367,42.56834030151367,CSCO
7620,18-05-2020,44.33000183105469,45.209999084472656,26966500,45.29999923706055,45.06000137329102,43.32796859741211,CSCO
7621,19-05-2020,44.40999984741211,44.83000183105469,24345400,44.97999954223633,44.61000061035156,42.895267486572266,CSCO
7622,20-05-2020,45.02999877929688,45.04999923706055,20184500,45.81999969482422,45.43999862670898,43.693359375,CSCO
7623,21-05-2020,44.560001373291016,45.45000076293945,18674900,45.65999984741211,44.63999938964844,42.92411804199219,CSCO
7624,22-05-2020,44.11999893188477,44.66999816894531,12592800,44.95000076293945,44.900001525878906,43.17412567138672,CSCO
7625,26-05-2020,44.68000030517578,45.77999877929688,21776900,45.79999923706055,44.84000015258789,43.11642837524414,CSCO
7626,27-05-2020,44.79999923706055,45.040000915527344,22157200,45.97999954223633,45.959999084472656,44.19337463378906,CSCO
7627,28-05-2020,45.36999893188477,45.9000015258789,20013000,46.459999084472656,45.599998474121094,43.84720993041992,CSCO
7628,29-05-2020,45.40999984741211,46.040000915527344,43553600,47.81999969482422,47.81999969482422,45.98188018798828,CSCO
7629,01-06-2020,46.22999954223633,47.1500015258789,18712400,47.290000915527344,46.29999923706055,44.520301818847656,CSCO
7630,02-06-2020,45.88000106811523,46.4000015258789,17285900,46.9000015258789,46.88999938964844,45.08762741088867,CSCO
7631,03-06-2020,46.540000915527344,46.97999954223633,17492000,47.20000076293945,46.93999862670898,45.135704040527344,CSCO
7632,04-06-2020,46.52999877929688,46.77000045776367,14100700,47.25,46.86000061035156,45.05878067016602,CSCO
7633,05-06-2020,47.20000076293945,47.27000045776367,22591100,48.290000915527344,47.83000183105469,45.99149703979492,CSCO
7634,08-06-2020,47.11999893188477,47.459999084472656,17820900,48.15999984741211,48.13000106811523,46.27996444702149,CSCO
7635,09-06-2020,47.4900016784668,48.02000045776367,18597300,48.2400016784668,48.04999923706055,46.203041076660156,CSCO
7636,10-06-2020,47.11999893188477,47.65999984741211,18462400,47.83000183105469,47.41999816894531,45.59725570678711,CSCO
7637,11-06-2020,43.63999938964844,46.9900016784668,35582000,47.0,43.66999816894531,41.991397857666016,CSCO
7638,12-06-2020,44.11000061035156,44.959999084472656,26125600,45.86000061035156,45.06999969482422,43.337589263916016,CSCO
7639,15-06-2020,43.93000030517578,44.11999893188477,21300100,45.7599983215332,45.349998474121094,43.6068229675293,CSCO
7640,16-06-2020,45.90999984741211,47.40999984741211,28074600,47.4900016784668,46.47999954223633,44.69338607788086,CSCO
7641,17-06-2020,45.9000015258789,46.75,20399100,46.81999969482422,46.16999816894531,44.39530563354492,CSCO
7642,18-06-2020,45.349998474121094,45.790000915527344,22423500,46.04999923706055,45.83000183105469,44.0683708190918,CSCO
7643,19-06-2020,45.04999923706055,46.2599983215332,36103200,46.5099983215332,45.31999969482422,43.57797622680664,CSCO
7644,22-06-2020,44.810001373291016,45.11000061035156,18398600,45.459999084472656,45.15999984741211,43.424129486083984,CSCO
7645,23-06-2020,45.31999969482422,45.91999816894531,23222400,46.1500015258789,45.47000122070313,43.72220993041992,CSCO
7646,24-06-2020,44.38999938964844,45.290000915527344,22840100,45.47000122070313,44.75,43.02988815307617,CSCO
7647,25-06-2020,44.20000076293945,44.77000045776367,19114900,45.31999969482422,45.22000122070313,43.48181915283203,CSCO
7648,26-06-2020,44.63000106811523,45.11999893188477,106928300,46.5099983215332,46.31000137329102,44.52992248535156,CSCO
7649,29-06-2020,45.66999816894531,46.34000015258789,23875400,46.45000076293945,46.1500015258789,44.376075744628906,CSCO
7650,30-06-2020,46.099998474121094,46.1500015258789,21888800,47.0099983215332,46.63999938964844,44.84724044799805,CSCO
7651,01-07-2020,46.0,46.540000915527344,17129500,46.72000122070313,46.06000137329102,44.28953552246094,CSCO
7652,02-07-2020,45.47999954223633,46.06999969482422,19632000,46.22000122070313,45.63000106811523,44.2216911315918,CSCO
7653,06-07-2020,45.86999893188477,46.06999969482422,16152900,46.4900016784668,46.41999816894531,44.98730850219727,CSCO
7654,07-07-2020,45.56000137329102,46.11999893188477,17102800,46.290000915527344,45.63000106811523,44.2216911315918,CSCO
7655,08-07-2020,45.31999969482422,45.59000015258789,15020800,46.06999969482422,45.81000137329102,44.39613723754883,CSCO
7656,09-07-2020,46.22000122070313,46.599998474121094,26027700,47.20000076293945,46.70000076293945,45.25867080688477,CSCO
7657,10-07-2020,46.2400016784668,46.72999954223633,13775700,46.91999816894531,46.65999984741211,45.21990585327149,CSCO
7658,13-07-2020,45.77999877929688,46.86999893188477,17965500,46.9900016784668,45.93000030517578,44.51243591308594,CSCO
7659,14-07-2020,45.40999984741211,45.4900016784668,19303500,46.5,46.2599983215332,44.83224487304688,CSCO
7660,15-07-2020,45.9900016784668,46.5,15705000,46.83000183105469,46.4000015258789,44.96792984008789,CSCO
7661,16-07-2020,45.20000076293945,45.70000076293945,17709400,45.83000183105469,45.77999877929688,44.36706161499024,CSCO
7662,17-07-2020,45.88000106811523,46.040000915527344,20389700,46.93000030517578,46.75,45.30712509155274,CSCO
7663,20-07-2020,46.2599983215332,46.66999816894531,15966500,47.099998474121094,46.97000122070313,45.52033615112305,CSCO
7664,21-07-2020,46.849998474121094,47.27999877929688,16044700,47.33000183105469,47.02000045776367,45.56879043579102,CSCO
7665,22-07-2020,46.52999877929688,47.02000045776367,27218300,47.11000061035156,46.9000015258789,45.45249938964844,CSCO
7666,23-07-2020,46.68000030517578,46.97999954223633,23750200,47.70000076293945,47.40999984741211,45.946754455566406,CSCO
7667,24-07-2020,46.11000061035156,47.4900016784668,16983600,47.63999938964844,46.4000015258789,44.96792984008789,CSCO
7668,27-07-2020,46.1500015258789,46.65999984741211,15576000,47.2599983215332,47.18999862670898,45.73354721069336,CSCO
7669,28-07-2020,46.209999084472656,46.97999954223633,13975300,47.08000183105469,46.27999877929688,44.85163116455078,CSCO
7670,29-07-2020,46.36999893188477,46.4000015258789,11618200,46.88000106811523,46.709999084472656,45.26835632324219,CSCO
7671,30-07-2020,45.38000106811523,46.13000106811523,15385100,46.459999084472656,46.43999862670898,45.006690979003906,CSCO
7672,31-07-2020,45.86000061035156,46.38999938964844,17701100,47.11000061035156,47.099998474121094,45.64631652832031,CSCO
7673,03-08-2020,46.68000030517578,47.13999938964844,14141100,47.36000061035156,47.15999984741211,45.70447158813477,CSCO
7674,04-08-2020,46.90999984741211,47.0099983215332,12839500,47.66999816894531,47.66999816894531,46.19873046875,CSCO
7675,05-08-2020,47.04999923706055,47.66999816894531,13075600,47.72999954223633,47.33000183105469,45.869224548339844,CSCO
7676,06-08-2020,47.099998474121094,47.22999954223633,14190900,47.83000183105469,47.77000045776367,46.2956428527832,CSCO
7677,07-08-2020,47.02999877929688,47.33000183105469,17054300,47.599998474121094,47.43000030517578,45.96614074707031,CSCO
7678,10-08-2020,47.15999984741211,47.15999984741211,14999200,48.0,47.72999954223633,46.256874084472656,CSCO
7679,11-08-2020,47.09000015258789,47.9000015258789,18859600,48.45000076293945,47.18999862670898,45.73354721069336,CSCO
7680,12-08-2020,47.27000045776367,47.27999877929688,26823700,48.13000106811523,48.099998474121094,46.61545944213867,CSCO
7681,13-08-2020,42.38000106811523,43.790000915527344,91849500,43.84000015258789,42.72000122070313,41.40150451660156,CSCO
7682,14-08-2020,42.27000045776367,42.4900016784668,32539500,42.88000106811523,42.5,41.18829345703125,CSCO
7683,17-08-2020,41.86000061035156,42.54999923706055,30511700,42.7599983215332,42.09000015258789,40.79095077514648,CSCO
7684,18-08-2020,41.810001373291016,42.13000106811523,23344600,42.290000915527344,41.97999954223633,40.68434524536133,CSCO
7685,19-08-2020,41.77999877929688,42.099998474121094,20097400,42.349998474121094,41.86999893188477,40.57773971557617,CSCO
7686,20-08-2020,41.72999954223633,41.86999893188477,18443900,42.41999816894531,42.310001373291016,41.0041618347168,CSCO
7687,21-08-2020,41.810001373291016,42.04999923706055,17389600,42.29999923706055,42.25,40.94601058959961,CSCO
7688,24-08-2020,42.0,42.06999969482422,17742900,42.47000122070313,42.18000030517578,40.878173828125,CSCO
7689,25-08-2020,41.77999877929688,42.22999954223633,15417400,42.29999923706055,41.959999084472656,40.66496276855469,CSCO
7690,26-08-2020,41.45000076293945,41.650001525878906,21625800,42.27999877929688,42.25,40.94601058959961,CSCO
7691,27-08-2020,42.02000045776367,42.400001525878906,22456800,42.47000122070313,42.290000915527344,40.98477554321289,CSCO
7692,28-08-2020,42.0,42.13999938964844,16573600,42.29999923706055,42.20000076293945,40.89755630493164,CSCO
7693,31-08-2020,41.93999862670898,42.099998474121094,21298000,42.349998474121094,42.22000122070313,40.91693878173828,CSCO
7694,01-09-2020,41.5,42.0,23325100,42.06999969482422,42.02999877929688,40.7327995300293,CSCO
7695,02-09-2020,42.02999877929688,42.040000915527344,30045700,42.68999862670898,42.41999816894531,41.11076354980469,CSCO
7696,03-09-2020,40.66999816894531,41.75,39288100,41.83000183105469,40.95000076293945,39.686134338378906,CSCO
7697,04-09-2020,40.43999862670898,41.20000076293945,34867400,41.43000030517578,40.81999969482422,39.56014633178711,CSCO
7698,08-09-2020,39.97000122070313,40.04999923706055,29101800,40.61000061035156,40.0,38.76545333862305,CSCO
7699,09-09-2020,39.72000122070313,40.099998474121094,23351600,40.47999954223633,40.13000106811523,38.89144134521485,CSCO
7700,10-09-2020,39.41999816894531,40.02999877929688,25108800,40.63999938964844,39.56999969482422,38.348724365234375,CSCO
7701,11-09-2020,39.52000045776367,39.77000045776367,21853000,40.04999923706055,39.88000106811523,38.6491584777832,CSCO
7702,14-09-2020,40.04999923706055,40.22000122070313,19866700,40.63999938964844,40.36999893188477,39.12403106689453,CSCO
7703,15-09-2020,40.38000106811523,40.5099983215332,19024100,40.84000015258789,40.599998474121094,39.34693145751953,CSCO
7704,16-09-2020,40.38999938964844,40.72000122070313,24310200,41.16999816894531,40.41999816894531,39.17249298095703,CSCO
7705,17-09-2020,39.5099983215332,39.65999984741211,22225900,40.400001525878906,40.36999893188477,39.12403106689453,CSCO
7706,18-09-2020,39.58000183105469,40.18000030517578,44450800,40.31999969482422,39.810001373291016,38.581321716308594,CSCO
7707,21-09-2020,38.68999862670898,39.310001373291016,28495000,39.47000122070313,39.040000915527344,37.83508682250977,CSCO
7708,22-09-2020,38.88000106811523,39.18000030517578,17656800,39.459999084472656,39.31999969482422,38.1064453125,CSCO
7709,23-09-2020,38.18000030517578,39.22999954223633,24843200,39.38999938964844,38.27999877929688,37.098541259765625,CSCO
7710,24-09-2020,37.599998474121094,38.0,30910400,38.15999984741211,37.849998474121094,36.68181228637695,CSCO
7711,25-09-2020,37.61999893188477,37.7599983215332,22966600,38.540000915527344,38.45000076293945,37.2632942199707,CSCO
7712,28-09-2020,38.790000915527344,39.20000076293945,24275700,39.290000915527344,39.13000106811523,37.922306060791016,CSCO
7713,29-09-2020,38.83000183105469,39.06999969482422,16353700,39.38000106811523,39.060001373291016,37.85446548461914,CSCO
7714,30-09-2020,39.02000045776367,39.09000015258789,27113200,39.70000076293945,39.38999938964844,38.17428207397461,CSCO
7715,01-10-2020,38.56999969482422,39.099998474121094,20763500,39.310001373291016,38.79999923706055,37.94932174682617,CSCO
7716,02-10-2020,37.97000122070313,38.04999923706055,24493000,38.54999923706055,38.27000045776367,37.43094253540039,CSCO
7717,05-10-2020,38.27999877929688,38.47999954223633,26929100,38.790000915527344,38.56999969482422,37.724369049072266,CSCO
7718,06-10-2020,38.400001525878906,38.5,28430800,39.349998474121094,38.56999969482422,37.724369049072266,CSCO
7719,07-10-2020,38.77999877929688,38.97999954223633,20593700,39.58000183105469,39.400001525878906,38.536170959472656,CSCO
7720,08-10-2020,39.65999984741211,39.79999923706055,19031300,40.18000030517578,39.790000915527344,38.91761779785156,CSCO
7721,09-10-2020,39.72000122070313,40.150001525878906,16167500,40.22999954223633,39.849998474121094,38.97630310058594,CSCO
7722,12-10-2020,39.63000106811523,39.93000030517578,22757200,40.52999877929688,40.36000061035156,39.47512435913086,CSCO
7723,13-10-2020,39.709999084472656,40.540000915527344,23438300,40.61000061035156,39.810001373291016,38.93717956542969,CSCO
7724,14-10-2020,39.7599983215332,39.849998474121094,16439100,40.41999816894531,39.88999938964844,39.01542663574219,CSCO
7725,15-10-2020,39.349998474121094,39.47000122070313,15451400,40.0,39.97000122070313,39.09366989135742,CSCO
7726,16-10-2020,39.54999923706055,39.88000106811523,21292500,40.29999923706055,40.15999984741211,39.27950668334961,CSCO
7727,19-10-2020,39.15999984741211,40.150001525878906,19600500,40.38000106811523,39.29999923706055,38.43835830688477,CSCO
7728,20-10-2020,39.02999877929688,39.43999862670898,16564900,39.5099983215332,39.20000076293945,38.34055709838867,CSCO
7729,21-10-2020,38.97999954223633,39.310001373291016,17016300,39.56999969482422,39.060001373291016,38.2036247253418,CSCO
7730,22-10-2020,38.38000106811523,38.849998474121094,20399000,38.959999084472656,38.81999969482422,37.9688835144043,CSCO
7731,23-10-2020,38.650001525878906,38.93000030517578,15556100,38.97000122070313,38.81999969482422,37.9688835144043,CSCO
7732,26-10-2020,37.150001525878906,38.400001525878906,29146500,38.43000030517578,37.66999816894531,36.84409713745117,CSCO
7733,27-10-2020,36.59000015258789,37.38000106811523,37911500,37.5,36.86999893188477,36.06163787841797,CSCO
7734,28-10-2020,35.68000030517578,36.31999969482422,34561500,36.5099983215332,35.709999084472656,34.92706680297852,CSCO
7735,29-10-2020,35.279998779296875,35.5099983215332,35332000,36.06999969482422,35.689998626708984,34.907508850097656,CSCO
7736,30-10-2020,35.4900016784668,35.599998474121094,29151200,35.93000030517578,35.900001525878906,35.11290740966797,CSCO
7737,02-11-2020,35.66999816894531,36.18999862670898,23483100,36.349998474121094,35.900001525878906,35.11290740966797,CSCO
7738,03-11-2020,36.29999923706055,36.36000061035156,27342900,37.33000183105469,36.68000030517578,35.87580108642578,CSCO
7739,04-11-2020,36.5,37.02999877929688,30121900,37.29999923706055,36.56999969482422,35.76821517944336,CSCO
7740,05-11-2020,36.90999984741211,37.02000045776367,23149700,37.29999923706055,37.22999954223633,36.41374206542969,CSCO
7741,06-11-2020,37.08000183105469,37.560001373291016,19475300,37.599998474121094,37.52999877929688,36.7071647644043,CSCO
7742,09-11-2020,38.11999893188477,39.91999816894531,42649500,40.22999954223633,38.20000076293945,37.36247634887695,CSCO
7743,10-11-2020,38.16999816894531,38.209999084472656,31514500,39.02999877929688,38.72000122070313,37.8710823059082,CSCO
7744,11-11-2020,38.43999862670898,39.0099983215332,27332800,39.45000076293945,39.33000183105469,38.46770095825195,CSCO
7745,12-11-2020,38.400001525878906,38.97999954223633,29368300,39.38999938964844,38.66999816894531,37.82217025756836,CSCO
7746,13-11-2020,40.560001373291016,41.20000076293945,49106400,41.52000045776367,41.400001525878906,40.4923210144043,CSCO
7747,16-11-2020,41.349998474121094,41.7400016784668,34572600,42.59000015258789,42.540000915527344,41.60732650756836,CSCO
7748,17-11-2020,41.61999893188477,41.91999816894531,23140900,42.349998474121094,41.88000106811523,40.96179580688477,CSCO
7749,18-11-2020,41.2599983215332,41.900001525878906,21327700,42.2400016784668,41.31999969482422,40.4140739440918,CSCO
7750,19-11-2020,40.77000045776367,41.0,22177700,41.36999893188477,41.16999816894531,40.26736068725586,CSCO
7751,20-11-2020,40.91999816894531,41.04999923706055,19776300,41.38999938964844,40.97000122070313,40.07174682617188,CSCO
7752,23-11-2020,41.02000045776367,41.02999877929688,19651400,41.79999923706055,41.63999938964844,40.72705841064453,CSCO
7753,24-11-2020,41.900001525878906,42.13999938964844,22849700,42.709999084472656,42.61000061035156,41.67578887939453,CSCO
7754,25-11-2020,42.209999084472656,42.77999877929688,22617700,42.79999923706055,42.5,41.56820297241211,CSCO
7755,27-11-2020,42.63999938964844,42.86000061035156,10769500,42.97999954223633,42.70000076293945,41.763816833496094,CSCO
7756,30-11-2020,42.40999984741211,42.43999862670898,34741600,43.04999923706055,43.02000045776367,42.07680130004883,CSCO
7757,01-12-2020,43.0099983215332,43.0099983215332,23942500,44.06999969482422,43.540000915527344,42.58540344238281,CSCO
7758,02-12-2020,43.349998474121094,43.38999938964844,17422200,43.959999084472656,43.88999938964844,42.92772674560547,CSCO
7759,03-12-2020,43.599998474121094,43.77999877929688,27710700,44.13999938964844,44.11000061035156,43.14290618896485,CSCO
7760,04-12-2020,43.88999938964844,43.88999938964844,17319800,44.5099983215332,44.38000106811523,43.406982421875,CSCO
7761,07-12-2020,43.90999984741211,44.290000915527344,14086800,44.4900016784668,44.349998474121094,43.37763977050781,CSCO
7762,08-12-2020,43.93000030517578,44.209999084472656,13348500,44.52999877929688,44.36999893188477,43.39720153808594,CSCO
7763,09-12-2020,44.36000061035156,44.47000122070313,22679800,44.83000183105469,44.68999862670898,43.71018600463867,CSCO
7764,10-12-2020,44.11000061035156,44.540000915527344,17741500,44.61000061035156,44.31999969482422,43.34829711914063,CSCO
7765,11-12-2020,43.72000122070313,43.93999862670898,14577700,44.33000183105469,44.31999969482422,43.34829711914063,CSCO
7766,14-12-2020,44.150001525878906,44.27000045776367,16112300,44.90999984741211,44.2400016784668,43.27005386352539,CSCO
7767,15-12-2020,44.13999938964844,44.38999938964844,18159400,44.79999923706055,44.72000122070313,43.73952865600586,CSCO
7768,16-12-2020,44.52999877929688,44.70000076293945,16192000,45.13999938964844,44.72000122070313,43.73952865600586,CSCO
7769,17-12-2020,44.599998474121094,44.90999984741211,16141600,44.93000030517578,44.81999969482422,43.83733749389648,CSCO
7770,18-12-2020,44.77000045776367,44.900001525878906,41027000,45.56999969482422,45.43999862670898,44.44374084472656,CSCO
7771,21-12-2020,44.06999969482422,44.47000122070313,19865300,44.959999084472656,44.88000106811523,43.8960189819336,CSCO
7772,22-12-2020,44.43999862670898,44.43999862670898,16024000,45.06999969482422,44.68999862670898,43.71018600463867,CSCO
7773,23-12-2020,44.349998474121094,44.650001525878906,12032600,44.79999923706055,44.38000106811523,43.406982421875,CSCO
7774,24-12-2020,44.22999954223633,44.45000076293945,5720500,44.59000015258789,44.540000915527344,43.5634765625,CSCO
7775,28-12-2020,44.72000122070313,44.93000030517578,13458400,45.34000015258789,44.91999816894531,43.93514633178711,CSCO
7776,29-12-2020,44.52999877929688,44.97000122070313,11829000,45.25,44.63999938964844,43.66128158569336,CSCO
7777,30-12-2020,44.43999862670898,44.7400016784668,11043100,45.06000137329102,44.47999954223633,43.504791259765625,CSCO
7778,31-12-2020,44.15999984741211,44.38000106811523,15105500,44.84000015258789,44.75,43.76887512207031,CSCO
7779,04-01-2021,43.349998474121094,44.310001373291016,24392500,44.36999893188477,43.959999084472656,43.34489059448242,CSCO
7780,05-01-2021,43.38000106811523,43.68000030517578,17763700,44.06999969482422,43.97999954223633,43.36460876464844,CSCO
7781,06-01-2021,43.88999938964844,44.13000106811523,21823100,44.86999893188477,44.400001525878906,43.77873611450195,CSCO
7782,07-01-2021,44.16999816894531,44.20000076293945,18218800,45.11000061035156,44.959999084472656,44.33089447021485,CSCO
7783,08-01-2021,44.25,44.47999954223633,20936300,45.40999984741211,45.06000137329102,44.42949676513672,CSCO
7784,11-01-2021,45.02000045776367,45.1500015258789,25058200,45.95000076293945,45.36000061035156,44.72530364990234,CSCO
7785,12-01-2021,44.959999084472656,45.29999923706055,20145000,45.93000030517578,45.790000915527344,45.14928436279297,CSCO
7786,13-01-2021,45.18000030517578,45.290000915527344,19367300,45.97000122070313,45.36000061035156,44.72530364990234,CSCO
7787,14-01-2021,44.849998474121094,44.86999893188477,22333500,45.599998474121094,45.1500015258789,44.51824188232422,CSCO
7788,15-01-2021,44.88000106811523,44.959999084472656,30271700,45.6500015258789,45.43000030517578,44.79431915283203,CSCO
7789,19-01-2021,44.77000045776367,45.33000183105469,28868800,45.63000106811523,45.18999862670898,44.55767822265625,CSCO
7790,20-01-2021,45.13999938964844,45.33000183105469,16499400,45.5,45.34000015258789,44.70558166503906,CSCO
7791,21-01-2021,44.72000122070313,45.20000076293945,17488400,45.2400016784668,45.11000061035156,44.478797912597656,CSCO
7792,22-01-2021,44.22999954223633,44.75,14643400,44.88999938964844,44.77000045776367,44.14355850219727,CSCO
7793,25-01-2021,44.709999084472656,45.040000915527344,16581300,45.16999816894531,45.02999877929688,44.3999137878418,CSCO
7794,26-01-2021,44.77000045776367,44.88999938964844,13087800,45.349998474121094,45.2599983215332,44.6266975402832,CSCO
7795,27-01-2021,45.08000183105469,45.2400016784668,29634500,46.459999084472656,45.70000076293945,45.06054306030274,CSCO
7796,28-01-2021,45.29999923706055,45.90999984741211,21166000,46.27000045776367,45.34000015258789,44.70558166503906,CSCO
7797,29-01-2021,44.47999954223633,44.849998474121094,22608100,45.36999893188477,44.58000183105469,43.956214904785156,CSCO
7798,01-02-2021,44.65999984741211,44.91999816894531,16776900,45.63000106811523,45.4000015258789,44.76474380493164,CSCO
7799,02-02-2021,45.43000030517578,45.52000045776367,16520900,45.93999862670898,45.83000183105469,45.18872833251953,CSCO
7800,03-02-2021,45.540000915527344,45.75,13173600,46.15999984741211,45.77000045776367,45.12956619262695,CSCO
7801,04-02-2021,45.77000045776367,45.86999893188477,22285700,47.31999969482422,47.25,46.5888557434082,CSCO
7802,05-02-2021,47.5,47.56999969482422,25488600,48.34000015258789,48.08000183105469,47.40724182128906,CSCO
7803,08-02-2021,48.56000137329102,48.56000137329102,25215400,49.34000015258789,48.93999862670898,48.25520324707031,CSCO
7804,09-02-2021,48.40999984741211,48.77000045776367,24795000,48.83000183105469,48.5,47.82136535644531,CSCO
7805,10-02-2021,45.83000183105469,46.1500015258789,44540900,47.40999984741211,47.2400016784668,46.57899856567383,CSCO
7806,11-02-2021,47.20000076293945,47.349998474121094,18589900,47.90999984741211,47.58000183105469,46.91423797607422,CSCO
7807,12-02-2021,46.90999984741211,47.43000030517578,15239800,47.68999862670898,47.290000915527344,46.6282958984375,CSCO
7808,16-02-2021,46.4000015258789,47.2599983215332,18539000,47.2599983215332,46.5099983215332,45.85920715332031,CSCO
7809,17-02-2021,45.86999893188477,46.31999969482422,13296300,46.4000015258789,46.25,45.60284805297852,CSCO
7810,18-02-2021,45.68999862670898,46.38999938964844,16867500,46.4000015258789,46.34000015258789,45.69158935546875,CSCO
7811,19-02-2021,45.58000183105469,46.540000915527344,25117700,46.61000061035156,45.68000030517578,45.04082489013672,CSCO
7812,22-02-2021,44.81999969482422,45.290000915527344,21435800,45.68000030517578,45.43000030517578,44.79431915283203,CSCO
7813,23-02-2021,45.099998474121094,45.2599983215332,19714900,45.77999877929688,45.5099983215332,44.87319946289063,CSCO
7814,24-02-2021,45.040000915527344,45.2400016784668,17823600,45.79999923706055,45.7400016784668,45.0999870300293,CSCO
7815,25-02-2021,45.2400016784668,45.59000015258789,21916700,46.2400016784668,45.52000045776367,44.883060455322266,CSCO
7816,26-02-2021,44.7599983215332,45.58000183105469,22144900,45.77999877929688,44.86999893188477,44.24215698242188,CSCO
7817,01-03-2021,45.22000122070313,45.22000122070313,17394100,46.22000122070313,45.91999816894531,45.27746200561523,CSCO
7818,02-03-2021,45.41999816894531,45.93000030517578,14833000,46.08000183105469,45.52000045776367,44.883060455322266,CSCO
7819,03-03-2021,45.0,45.43000030517578,16851100,45.52999877929688,45.13000106811523,44.49851989746094,CSCO
7820,04-03-2021,44.150001525878906,45.13999938964844,24653500,45.47000122070313,44.560001373291016,43.93649291992188,CSCO
7821,05-03-2021,45.27000045776367,45.45000076293945,33197600,46.7400016784668,46.25,45.60284805297852,CSCO
7822,08-03-2021,46.20000076293945,46.2400016784668,34824500,48.4000015258789,47.5099983215332,46.84521484375,CSCO
7823,09-03-2021,47.72000122070313,47.81999969482422,26512700,48.36999893188477,47.88999938964844,47.21989822387695,CSCO
7824,10-03-2021,48.18999862670898,48.47000122070313,19841500,48.790000915527344,48.290000915527344,47.61430358886719,CSCO
7825,11-03-2021,48.22999954223633,48.5099983215332,21976600,49.08000183105469,48.79999923706055,48.117164611816406,CSCO
7826,12-03-2021,48.47000122070313,48.81000137329102,15196500,48.9900016784668,48.81999969482422,48.13688278198242,CSCO
7827,15-03-2021,48.9000015258789,48.9000015258789,15523600,49.43999862670898,49.40999984741211,48.7186279296875,CSCO
7828,16-03-2021,49.18999862670898,49.18999862670898,17282300,49.7400016784668,49.66999816894531,48.97499084472656,CSCO
7829,17-03-2021,48.88999938964844,49.61000061035156,18326900,49.61000061035156,49.41999816894531,48.72848892211914,CSCO
7830,18-03-2021,48.52000045776367,48.52000045776367,18416900,49.56999969482422,48.79999923706055,48.117164611816406,CSCO
7831,19-03-2021,48.31999969482422,48.709999084472656,65366800,49.22000122070313,48.97999954223633,48.29464721679688,CSCO
7832,22-03-2021,48.93999862670898,48.93999862670898,28813900,50.38000106811523,50.29999923706055,49.59617614746094,CSCO
7833,23-03-2021,49.9000015258789,50.02000045776367,28328200,50.68000030517578,50.0099983215332,49.31023406982422,CSCO
7834,24-03-2021,49.61999893188477,49.93999862670898,26444700,50.45000076293945,49.6500015258789,48.95527648925781,CSCO
7835,25-03-2021,50.290000915527344,50.58000183105469,34537700,51.4000015258789,50.5099983215332,49.80323791503906,CSCO
7836,26-03-2021,50.56000137329102,50.599998474121094,31997000,52.63999938964844,52.56999969482422,51.83441543579102,CSCO
7837,29-03-2021,52.27999877929688,52.4000015258789,25032800,52.93999862670898,52.52000045776367,51.78511428833008,CSCO
7838,30-03-2021,51.18000030517578,52.11000061035156,22465100,52.290000915527344,51.77000045776367,51.04560852050781,CSCO
7839,31-03-2021,51.54999923706055,51.83000183105469,22212400,52.04999923706055,51.709999084472656,50.98644638061523,CSCO
7840,01-04-2021,51.349998474121094,51.75,17896200,52.06999969482422,51.97999954223633,51.25267028808594,CSCO
7841,05-04-2021,51.63000106811523,51.63000106811523,19860900,52.91999816894531,52.40999984741211,52.0471305847168,CSCO
7842,06-04-2021,51.77999877929688,51.97999954223633,15126100,52.22000122070313,52.02999877929688,51.66976165771485,CSCO
7843,07-04-2021,51.58000183105469,52.0099983215332,15783600,52.13999938964844,51.77000045776367,51.41156005859375,CSCO
7844,08-04-2021,51.45000076293945,51.93999862670898,15111300,52.0,51.90999984741211,51.55059051513672,CSCO
7845,09-04-2021,51.68000030517578,51.83000183105469,13135800,52.1500015258789,52.09000015258789,51.729347229003906,CSCO
7846,12-04-2021,51.47000122070313,52.06999969482422,16441700,52.15999984741211,51.56999969482422,51.21294403076172,CSCO
7847,13-04-2021,51.34000015258789,51.63999938964844,13353200,51.88000106811523,51.65999984741211,51.30232238769531,CSCO
7848,14-04-2021,51.13999938964844,51.5099983215332,15376600,51.68000030517578,51.36999893188477,51.01432800292969,CSCO
7849,15-04-2021,51.36999893188477,51.7599983215332,17869800,51.93999862670898,51.63999938964844,51.2824592590332,CSCO
7850,16-04-2021,52.2599983215332,52.45000076293945,28327900,53.18000030517578,52.79999923706055,52.43442916870117,CSCO
7851,19-04-2021,52.4900016784668,52.52999877929688,20245600,52.959999084472656,52.849998474121094,52.48408126831055,CSCO
7852,20-04-2021,51.599998474121094,52.59000015258789,21257500,52.790000915527344,51.790000915527344,51.43142318725586,CSCO
7853,21-04-2021,51.47999954223633,51.84000015258789,14015500,52.06999969482422,51.93000030517578,51.57045364379883,CSCO
7854,22-04-2021,51.38000106811523,51.81000137329102,15564800,52.09000015258789,51.5,51.1434326171875,CSCO
7855,23-04-2021,51.18000030517578,51.5,14016800,52.13000106811523,51.90999984741211,51.55059051513672,CSCO
7856,26-04-2021,51.5,51.6500015258789,13778200,51.77000045776367,51.63999938964844,51.2824592590332,CSCO
7857,27-04-2021,51.349998474121094,51.58000183105469,13601000,51.66999816894531,51.36999893188477,51.01432800292969,CSCO
7858,28-04-2021,50.91999816894531,51.56000137329102,14984000,51.77000045776367,51.11000061035156,50.75613021850586,CSCO
7859,29-04-2021,50.97999954223633,51.18000030517578,13916600,51.599998474121094,51.459999084472656,51.10370635986328,CSCO
7860,30-04-2021,50.40999984741211,51.22000122070313,19930200,51.22999954223633,50.90999984741211,50.55751419067383,CSCO
7861,03-05-2021,50.81000137329102,51.209999084472656,13465900,51.4000015258789,51.16999816894531,50.815711975097656,CSCO
7862,04-05-2021,50.29999923706055,51.11000061035156,18164800,51.22999954223633,50.709999084472656,50.3588981628418,CSCO
7863,05-05-2021,50.68000030517578,50.9900016784668,16205300,51.25,51.13000106811523,50.77599334716797,CSCO
7864,06-05-2021,50.95000076293945,51.06999969482422,27106800,52.709999084472656,52.43999862670898,52.07691955566406,CSCO
7865,07-05-2021,52.22000122070313,52.47999954223633,24146000,53.68000030517578,53.43000030517578,53.0600700378418,CSCO
7866,10-05-2021,53.15999984741211,53.97000122070313,23845600,54.13999938964844,53.15999984741211,52.79193878173828,CSCO
7867,11-05-2021,52.11000061035156,53.099998474121094,20220900,53.11000061035156,52.83000183105469,52.46422576904297,CSCO
7868,12-05-2021,51.47000122070313,52.18000030517578,22123300,52.43000030517578,51.599998474121094,51.24273681640625,CSCO
7869,13-05-2021,51.88000106811523,52.11000061035156,15864000,52.81000137329102,52.4900016784668,52.12657928466797,CSCO
7870,14-05-2021,52.599998474121094,52.93000030517578,14789400,53.22000122070313,52.9000015258789,52.53373718261719,CSCO
7871,17-05-2021,52.68000030517578,52.7599983215332,15731000,53.1500015258789,52.93999862670898,52.57345962524414,CSCO
7872,18-05-2021,52.7400016784668,52.79999923706055,20177200,53.34000015258789,52.93000030517578,52.56352996826172,CSCO
7873,19-05-2021,51.86000061035156,51.88000106811523,29187900,52.65999984741211,52.47000122070313,52.10671615600586,CSCO
7874,20-05-2021,50.099998474121094,50.40999984741211,48830800,52.97000122070313,52.849998474121094,52.48408126831055,CSCO
7875,21-05-2021,52.2400016784668,52.77000045776367,24468400,52.93000030517578,52.43000030517578,52.0669937133789,CSCO
7876,24-05-2021,52.790000915527344,52.959999084472656,21128900,53.77000045776367,53.38999938964844,53.02034378051758,CSCO
7877,25-05-2021,53.13999938964844,53.36999893188477,20657200,53.58000183105469,53.31000137329102,52.94089889526367,CSCO
7878,26-05-2021,52.81999969482422,53.349998474121094,18671200,53.61000061035156,52.90999984741211,52.54366683959961,CSCO
7879,27-05-2021,52.58000183105469,52.93000030517578,56216100,53.349998474121094,52.91999816894531,52.55359649658203,CSCO
7880,28-05-2021,52.84000015258789,53.18000030517578,14863500,53.22000122070313,52.9000015258789,52.53373718261719,CSCO
7881,01-06-2021,52.43000030517578,52.959999084472656,15741700,53.31999969482422,52.61999893188477,52.25567626953125,CSCO
7882,02-06-2021,52.4000015258789,52.6500015258789,14529300,52.9900016784668,52.959999084472656,52.59332275390625,CSCO
7883,03-06-2021,52.61999893188477,52.79999923706055,17593100,53.56000137329102,53.33000183105469,52.96076202392578,CSCO
7884,04-06-2021,53.43999862670898,53.43999862670898,11676700,54.16999816894531,54.06999969482422,53.69563674926758,CSCO
7885,07-06-2021,53.790000915527344,54.31999969482422,14899800,54.43999862670898,53.91999816894531,53.54667282104492,CSCO
7886,08-06-2021,53.88999938964844,53.97000122070313,15329700,54.38999938964844,54.13000106811523,53.75522232055664,CSCO
7887,09-06-2021,53.93999862670898,54.18000030517578,14860900,54.41999816894531,54.02000045776367,53.6459846496582,CSCO
7888,10-06-2021,54.27000045776367,54.43000030517578,22183500,55.08000183105469,55.02999877929688,54.64899063110352,CSCO
7889,11-06-2021,54.540000915527344,55.18999862670898,17134000,55.349998474121094,54.77000045776367,54.39078903198242,CSCO
7890,14-06-2021,53.52999877929688,54.38999938964844,15131400,54.52999877929688,54.16999816894531,53.79494094848633,CSCO
7891,15-06-2021,53.72999954223633,54.22999954223633,12542600,54.31999969482422,53.790000915527344,53.41757583618164,CSCO
7892,16-06-2021,53.13000106811523,53.849998474121094,15477900,53.91999816894531,53.47000122070313,53.09979248046875,CSCO
7893,17-06-2021,53.0099983215332,53.40999984741211,18288400,53.54999923706055,53.13000106811523,52.76214599609375,CSCO
7894,18-06-2021,51.88000106811523,52.81000137329102,35758300,52.84000015258789,52.06999969482422,51.7094841003418,CSCO
7895,21-06-2021,52.290000915527344,52.36999893188477,17682200,53.40999984741211,53.18000030517578,52.81179809570313,CSCO
7896,22-06-2021,52.81000137329102,53.29999923706055,16451200,53.36000061035156,53.2599983215332,52.89124298095703,CSCO
7897,23-06-2021,52.59000015258789,53.27000045776367,14749800,53.290000915527344,52.7599983215332,52.39470672607422,CSCO
7898,24-06-2021,52.61000061035156,52.93999862670898,13974300,53.04999923706055,52.77999877929688,52.41456604003906,CSCO
7899,25-06-2021,52.6500015258789,52.77000045776367,16682700,53.20000076293945,53.06000137329102,52.69263076782226,CSCO
7900,28-06-2021,52.91999816894531,53.15999984741211,14008700,53.290000915527344,52.959999084472656,52.59332275390625,CSCO
7901,29-06-2021,52.77000045776367,52.88999938964844,10926100,53.18999862670898,52.90999984741211,52.54366683959961,CSCO
7902,30-06-2021,52.61999893188477,52.95000076293945,15826400,53.06999969482422,53.0,52.6330451965332,CSCO
7903,01-07-2021,53.0,53.04999923706055,15074800,53.599998474121094,53.43999862670898,53.06999588012695,CSCO
7904,02-07-2021,52.84000015258789,53.18999862670898,15066000,53.61999893188477,53.540000915527344,53.540000915527344,CSCO
7905,06-07-2021,52.34000015258789,53.22000122070313,19394500,53.36000061035156,52.97999954223633,52.97999954223633,CSCO
7906,07-07-2021,52.66999816894531,53.06999969482422,14411600,53.29999923706055,53.2599983215332,53.2599983215332,CSCO
7907,08-07-2021,52.90999984741211,53.15999984741211,15691800,53.72000122070313,53.2599983215332,53.2599983215332,CSCO
7908,09-07-2021,53.290000915527344,53.36000061035156,14673400,53.93000030517578,53.7400016784668,53.7400016784668,CSCO
7909,12-07-2021,53.13000106811523,54.040000915527344,14000600,54.040000915527344,53.22999954223633,53.22999954223633,CSCO
7910,13-07-2021,53.20000076293945,53.34000015258789,9927400,53.58000183105469,53.31999969482422,53.31999969482422,CSCO
7911,14-07-2021,53.34000015258789,53.5,17113700,54.20000076293945,54.09000015258789,54.09000015258789,CSCO
7912,15-07-2021,53.2400016784668,53.84000015258789,14952400,53.86999893188477,53.6500015258789,53.6500015258789,CSCO
7913,16-07-2021,53.6500015258789,53.88000106811523,14144900,54.40999984741211,53.70000076293945,53.70000076293945,CSCO
7914,19-07-2021,52.72999954223633,53.66999816894531,19925300,53.70000076293945,53.06000137329102,53.06000137329102,CSCO
7915,20-07-2021,53.18999862670898,53.27999877929688,17250200,53.93000030517578,53.58000183105469,53.58000183105469,CSCO
7916,21-07-2021,53.41999816894531,53.81999969482422,14068600,53.9000015258789,53.88000106811523,53.88000106811523,CSCO
7917,22-07-2021,53.77999877929688,53.90999984741211,15729800,54.54999923706055,54.540000915527344,54.540000915527344,CSCO
7918,23-07-2021,54.5099983215332,54.88999938964844,13042500,55.34000015258789,55.22999954223633,55.22999954223633,CSCO
7919,26-07-2021,55.13000106811523,55.13000106811523,10097400,55.6500015258789,55.47000122070313,55.47000122070313,CSCO
7920,27-07-2021,54.790000915527344,55.38000106811523,14738700,55.40999984741211,55.27999877929688,55.27999877929688,CSCO
7921,28-07-2021,54.40999984741211,55.459999084472656,18835700,55.52000045776367,54.77000045776367,54.77000045776367,CSCO
7922,29-07-2021,54.9000015258789,55.0,10680200,55.349998474121094,55.06999969482422,55.06999969482422,CSCO
7923,30-07-2021,55.0099983215332,55.08000183105469,13437200,55.4900016784668,55.36999893188477,55.36999893188477,CSCO
7924,02-08-2021,55.2599983215332,55.599998474121094,12468800,55.93999862670898,55.45000076293945,55.45000076293945,CSCO
7925,03-08-2021,55.27000045776367,55.540000915527344,17357400,56.41999816894531,56.25,56.25,CSCO
7926,04-08-2021,55.47000122070313,56.36999893188477,11662400,56.36999893188477,55.68999862670898,55.68999862670898,CSCO
7927,05-08-2021,55.5,55.52000045776367,10785200,55.97999954223633,55.7599983215332,55.7599983215332,CSCO
7928,06-08-2021,55.1500015258789,55.47000122070313,18385000,55.95000076293945,55.59000015258789,55.59000015258789,CSCO
7929,09-08-2021,55.4000015258789,55.81999969482422,8707200,56.06999969482422,55.47000122070313,55.47000122070313,CSCO
7930,10-08-2021,55.25,55.5,10441900,55.66999816894531,55.61000061035156,55.61000061035156,CSCO
7931,11-08-2021,55.599998474121094,55.88999938964844,12604500,56.0099983215332,55.86000061035156,55.86000061035156,CSCO
7932,12-08-2021,55.65999984741211,55.849998474121094,11209700,56.45000076293945,56.38999938964844,56.38999938964844,CSCO
7933,13-08-2021,56.2599983215332,56.38999938964844,10840900,56.61999893188477,56.47000122070313,56.47000122070313,CSCO
7934,16-08-2021,55.93000030517578,56.29999923706055,14407400,56.43000030517578,56.27999877929688,56.27999877929688,CSCO
7935,17-08-2021,55.63000106811523,55.86999893188477,11987500,56.02000045776367,56.0099983215332,56.0099983215332,CSCO
7936,18-08-2021,55.02999877929688,55.790000915527344,17111700,56.13999938964844,55.1500015258789,55.1500015258789,CSCO
7937,19-08-2021,54.59000015258789,54.7599983215332,39881600,57.4900016784668,57.27000045776367,57.27000045776367,CSCO
7938,20-08-2021,56.849998474121094,57.25,21874900,58.34000015258789,58.22000122070313,58.22000122070313,CSCO
7939,23-08-2021,57.7400016784668,57.849998474121094,16225400,58.70000076293945,58.540000915527344,58.540000915527344,CSCO
7940,24-08-2021,58.43000030517578,58.4900016784668,17658300,59.43000030517578,59.31999969482422,59.31999969482422,CSCO
7941,25-08-2021,59.16999816894531,59.540000915527344,18069600,60.27000045776367,59.349998474121094,59.349998474121094,CSCO
7942,26-08-2021,58.9900016784668,59.41999816894531,13729400,59.63000106811523,59.20000076293945,59.20000076293945,CSCO
7943,27-08-2021,58.86000061035156,59.27000045776367,14794200,59.349998474121094,59.02000045776367,59.02000045776367,CSCO
7944,30-08-2021,58.79999923706055,58.97999954223633,11798600,59.22000122070313,59.13000106811523,59.13000106811523,CSCO
7945,31-08-2021,58.58000183105469,59.11000061035156,19873900,59.18000030517578,59.02000045776367,59.02000045776367,CSCO
7946,01-09-2021,58.65999984741211,59.02000045776367,11629700,59.13999938964844,59.040000915527344,59.040000915527344,CSCO
7947,02-09-2021,59.06000137329102,59.349998474121094,12855700,59.72000122070313,59.52999877929688,59.52999877929688,CSCO
7948,03-09-2021,59.27999877929688,59.33000183105469,9732200,59.65999984741211,59.41999816894531,59.41999816894531,CSCO
7949,07-09-2021,58.75,59.2400016784668,15503600,59.36999893188477,58.88000106811523,58.88000106811523,CSCO
7950,08-09-2021,58.4900016784668,58.54999923706055,13124500,58.93000030517578,58.68000030517578,58.68000030517578,CSCO
7951,09-09-2021,58.25,58.45000076293945,14958800,58.93999862670898,58.599998474121094,58.599998474121094,CSCO
7952,10-09-2021,57.81999969482422,58.75,13620000,58.95000076293945,57.88999938964844,57.88999938964844,CSCO
7953,13-09-2021,57.72999954223633,58.15999984741211,13553200,58.52999877929688,58.099998474121094,58.099998474121094,CSCO
7954,14-09-2021,57.65999984741211,58.2400016784668,12810300,58.47000122070313,57.86999893188477,57.86999893188477,CSCO
7955,15-09-2021,57.06000137329102,57.77999877929688,37524600,59.599998474121094,57.56000137329102,57.56000137329102,CSCO
7956,16-09-2021,57.13000106811523,58.31000137329102,24029600,58.81999969482422,57.33000183105469,57.33000183105469,CSCO
7957,17-09-2021,56.47000122070313,57.38999938964844,40262700,57.45000076293945,56.849998474121094,56.849998474121094,CSCO
7958,20-09-2021,55.290000915527344,56.38000106811523,21897000,56.4000015258789,55.88999938964844,55.88999938964844,CSCO
7959,21-09-2021,55.22999954223633,55.959999084472656,18700600,56.36999893188477,55.2599983215332,55.2599983215332,CSCO
7960,22-09-2021,55.36999893188477,55.7599983215332,17940600,56.13000106811523,55.52000045776367,55.52000045776367,CSCO
7961,23-09-2021,55.599998474121094,55.70000076293945,16262500,56.9000015258789,56.68999862670898,56.68999862670898,CSCO
7962,24-09-2021,56.22000122070313,56.45000076293945,13156400,56.81000137329102,56.72999954223633,56.72999954223633,CSCO
7963,27-09-2021,56.04999923706055,56.459999084472656,13859500,56.66999816894531,56.22000122070313,56.22000122070313,CSCO
7964,28-09-2021,55.40999984741211,55.77999877929688,17803200,55.9900016784668,55.52000045776367,55.52000045776367,CSCO
7965,29-09-2021,55.34000015258789,55.61999893188477,14051700,55.97999954223633,55.47999954223633,55.47999954223633,CSCO
7966,30-09-2021,54.40999984741211,55.79999923706055,18538000,55.9000015258789,54.43000030517578,54.43000030517578,CSCO
7967,01-10-2021,54.040000915527344,54.599998474121094,18338000,55.40999984741211,55.13999938964844,55.13999938964844,CSCO
7968,04-10-2021,53.95000076293945,54.5,17084100,54.68000030517578,54.22999954223633,54.22999954223633,CSCO
7969,05-10-2021,54.13000106811523,54.13000106811523,14135000,55.02999877929688,54.68999862670898,54.68999862670898,CSCO
7970,06-10-2021,52.97999954223633,54.349998474121094,26339200,54.38000106811523,53.93999862670898,53.93999862670898,CSCO
7971,07-10-2021,54.349998474121094,54.4900016784668,14725500,55.40999984741211,55.02000045776367,55.02000045776367,CSCO
7972,08-10-2021,54.75,55.20000076293945,9255500,55.29999923706055,55.08000183105469,55.08000183105469,CSCO
7973,11-10-2021,54.9000015258789,55.25,8117600,55.38000106811523,54.93000030517578,54.93000030517578,CSCO
7974,12-10-2021,54.06999969482422,54.9900016784668,14241900,55.06000137329102,54.27999877929688,54.27999877929688,CSCO
7975,13-10-2021,54.08000183105469,54.31999969482422,13737100,54.75,54.61999893188477,54.61999893188477,CSCO
7976,14-10-2021,54.97999954223633,55.09000015258789,14455900,55.849998474121094,55.6500015258789,55.6500015258789,CSCO
7977,15-10-2021,54.959999084472656,55.88999938964844,15201800,55.88999938964844,55.25,55.25,CSCO
7978,18-10-2021,54.56999969482422,55.040000915527344,2482093,55.29999923706055,55.24499893188477,55.24499893188477,CSCO
